"i","j","rho","gini","o_bar","raw","gini","over","cw","oracle","seed"
1,2,0.365893966458029,0.180953499999319,0.118486579611822,0.365893966458029,0.299684172598815,0.0433535245862147,0.0355085525750326,0.365893966458141,900000001
1,3,0.365912004618296,0.0998120830754416,0.122202175580297,0.365912004618296,0.329389565215033,0.0447152430353033,0.0402521214827251,0.36591200461831,900000001
1,4,0.142097557542483,0.0689116528118985,0.14851916164715,0.142097557542483,0.132305379991697,0.0211042101183172,0.0196498841177743,0.142097557543263,900000001
1,5,0.299158364130424,0.141804753815667,0.133073068348535,0.299158364130424,0.256736285953012,0.0398099214369639,0.0341646853281742,0.299158364130465,900000001
2,3,0.324803460324324,0.187965647527235,0.132549881833567,0.324803460324324,0.263751567585376,0.043052660285123,0.0349602391168598,0.324803460324364,900000001
2,4,0.272977180893478,0.203168868776454,0.11092562430337,0.272977180893478,0.217516715849564,0.0302801642111829,0.0241281775020316,0.272977180893499,900000001
2,5,0.276537776655974,0.255115281129349,0.137858762625693,0.276537776655974,0.2059887640215,0.0381231557090527,0.0283973561227998,0.276537776656052,900000001
3,4,0.254929702960392,0.0828168659246027,0.133144075076595,0.254929702960392,0.233817223930123,0.0339423795102125,0.0311313780171533,0.254929702960252,900000001
3,5,0.27510668030592,0.148880358293144,0.156250712909362,0.27510668030592,0.234148699173137,0.042985614923928,0.0365859011726025,0.275106680305937,900000001
4,5,0.301722081472936,0.162207790784733,0.122276135289766,0.301722081472936,0.25278040920624,0.0368934100540946,0.0309090115147047,0.301722081473048,900000001
6,7,0.255773721137723,0.221551035853079,0.0767389234811651,0.255773721137723,0.199106788275664,0.0196278000148806,0.0152792405900667,0.255773721137725,900000001
6,8,0.202005614982503,0.281107707567536,0.0738485567069262,0.202005614982503,0.145220279639001,0.0149178231131529,0.0107243080559165,0.202005614982512,900000001
6,9,0.229387886888557,0.23131249644796,0.0844710858453902,0.229387886888557,0.176327602117443,0.019376643885256,0.0148945840153743,0.229387886888594,900000001
6,10,0.254989406953338,0.233910382037696,0.071285888411571,0.254989406953338,0.195344737357317,0.0181771464102083,0.0139253231490413,0.254989406953119,900000001
7,8,0.252310556211391,0.143427970335346,0.0998952880600628,0.252310556211391,0.216122165239809,0.0252046356933316,0.0215895859527952,0.252310556211333,900000001
7,9,0.314529195501997,0.120381004733911,0.110668650834491,0.314529195501997,0.276665854929318,0.0348085217142637,0.0306182368969985,0.314529195502048,900000001
7,10,0.165524045452924,0.0748074651547366,0.114728201399125,0.165524045452924,0.153141611190434,0.018990276023121,0.0175696616112426,0.165524045453924,900000001
8,9,0.293263938487721,0.149075851291869,0.110777950657949,0.293263938487721,0.249545367204458,0.0324871781075487,0.0276441243750953,0.293263938487648,900000001
8,10,0.230073248534,0.154766721471632,0.116325527875088,0.230073248534,0.194465566160064,0.0267633920856539,0.0226213096370974,0.230073248534006,900000001
9,10,0.25436686410883,0.0967597298350136,0.118220782779177,0.25436686410883,0.22975439505868,0.0300714497880305,0.0271617444307935,0.254366864108944,900000001
11,12,0.154541203056264,0.17832875941287,0.0921620950053666,0.154541203056264,0.126982062037068,0.0142428410383151,0.0117029328654376,0.644609393515697,900000001
11,13,0.167739053448757,0.150445671943458,0.0685073265316147,0.167739053448757,0.142503438841499,0.011491354106718,0.00976252961659256,0.579459665390384,900000001
11,14,0.130947308112932,0.14213948513683,0.0965167234206582,0.130947308112932,0.112334525157706,0.0126386051198156,0.0108421602952373,0.444592095145281,900000001
11,15,0.192459538369961,0.121125419068904,0.0893729636279138,0.192459538369961,0.169147796131092,0.0172006793225836,0.0151172398313658,0.563987799566951,900000001
12,13,0.14840202375959,0.208575472255267,0.110567388042805,0.14840202375959,0.117449001570296,0.0164084241473642,0.012986029331863,0.663588952753211,900000001
12,14,0.181199964001142,0.185848619603483,0.102789297619208,0.181199964001142,0.147524200819329,0.0186254170283031,0.0151639089840538,0.508243422674515,900000001
12,15,0.177870298732,0.179104451937116,0.105497770273748,0.177870298732,0.146012936361714,0.0187649199141516,0.0154040392172836,0.689550168576318,900000001
13,14,0.159473561108239,0.161296106234078,0.100771735248275,0.159473561108239,0.133751096654198,0.016070427479099,0.0134783301012032,0.569965914320139,900000001
13,15,0.126243843299878,0.154307808223511,0.109627633473297,0.126243843299878,0.106763432538561,0.0138398137815393,0.0117042224506884,0.677587427779207,900000001
14,15,0.207216368297653,0.178041877072423,0.126176138465814,0.207216368297653,0.170323177125808,0.0261457611787079,0.0214907207809634,0.624415949900682,900000001
1,6,0.0571523601830987,0.224905175332389,-0.0226655240508082,0.0571523601830987,0.0442984985954591,0,0,0.913838907606179,900000001
2,7,0.0557798063396952,0.196268946056015,-0.0527263236904267,0.0557798063396952,0.0448319625381946,0,0,0.860027138198276,900000001
3,8,0.17323688600196,0.150561274955086,-0.00941904149704716,0.17323688600196,0.147154119576256,0,0,0.958859423501087,900000001
4,9,0.192876134342895,0.100123148744056,-0.02094829407013,0.192876134342895,0.173564768454903,0,0,0.921469212695003,900000001
5,10,0.218935151279742,0.157809878667533,0.00422716455899138,0.218935151279742,0.184385021620228,0.000925474912207144,0.000779425828601888,0.841566751003486,900000001
6,11,0.121126334627047,0.23884670827557,-0.00408164810385824,0.121126334627047,0.0921957083158916,0,0,0.979191683203003,900000001
1,2,0.157482601067393,0.162155937926118,0.111070613430805,0.157482601067393,0.131945862184265,0.017491689105234,0.0146553078524628,0.157482601067084,900000002
1,3,0.226335260898791,0.0785991821890235,0.1275209570121,0.226335260898791,0.208545494491607,0.0288624890753971,0.0265939210381312,0.226335260898769,900000002
1,4,0.313419910695259,0.0490461937973179,0.119053137749223,0.313419910695259,0.298047857015361,0.0373136238013518,0.0354835325771105,0.313419910695186,900000002
1,5,0.283369623669825,0.14299806282545,0.102573619696022,0.283369623669825,0.242848316421463,0.0290662480117133,0.0249098308524342,0.283369623669703,900000002
2,3,0.325690978690554,0.168222908407661,0.0912790383404428,0.325690978690554,0.270902295013091,0.0297287593310314,0.0247277009730139,0.32569097869046,900000002
2,4,0.270617307291486,0.179231246285786,0.0903680548363593,0.270617307291486,0.22211423003913,0.0244551596649849,0.0200720309201118,0.270617307291321,900000002
2,5,0.208287707040464,0.236018897191172,0.0866435995286231,0.208287707040464,0.159127872126296,0.0180467966755491,0.0137874116263527,0.208287707040865,900000002
3,4,0.26958444594369,0.0746506863347673,0.116116066915297,0.26958444594369,0.249459782028816,0.0313030855645208,0.0289662887427334,0.269584445943697,900000002
3,5,0.191164748902586,0.157841573807759,0.114407390385754,0.191164748902586,0.160991004079237,0.0218706600556929,0.0184185606522878,0.191164748902337,900000002
4,5,0.270848297521751,0.162542712440299,0.103941041621604,0.270848297521751,0.226823880582728,0.0281522541658489,0.0235763104124231,0.270848297521881,900000002
6,7,0.279353851668952,0.187877607923466,0.101625312217432,0.279353851668952,0.226869518253183,0.0283894223949995,0.0230556856250981,0.279353851669047,900000002
6,8,0.279024696279718,0.287399249409007,0.114838800649642,0.279024696279718,0.198833208002351,0.0320428614723936,0.0228337671363109,0.279024696279417,900000002
6,9,0.266722238711684,0.176856271242217,0.0979703402651483,0.266722238711684,0.219550738115759,0.0261308684828657,0.0215094605186654,0.266722238711721,900000002
6,10,0.123892145844385,0.212997296051532,0.0933666741147179,0.123892145844385,0.0975034537775091,0.0115673976064258,0.00910357319390415,0.123892145844767,900000002
7,8,0.320821105054865,0.187818808874436,0.1171000335411,0.320821105054865,0.26056486724168,0.0375681621626176,0.0305121546936331,0.320821105054893,900000002
7,9,0.265962891600774,0.0642821138674574,0.11258138164824,0.265962891600774,0.248866234718375,0.0299424698035762,0.0280177045501898,0.265962891600848,900000002
7,10,0.222171271786809,0.0902095887069163,0.103409665629163,0.222171271786809,0.202129292736429,0.0229746569278799,0.0209021225757334,0.222171271787382,900000002
8,9,0.193378450145424,0.179442052840382,0.134118942004445,0.193378450145424,0.158678224076238,0.0259357131399636,0.0212817555322493,0.193378450145484,900000002
8,10,0.277042583181259,0.220989680028767,0.128557632163061,0.277042583181259,0.21581903136969,0.0356159385021206,0.0277451836486127,0.277042583181207,900000002
9,10,0.245145067704265,0.0771634379516555,0.108025500030857,0.245145067704265,0.226228831483313,0.0264819185188515,0.0244384826423813,0.245145067704337,900000002
11,12,0.0258459007394251,0.134795034148194,0.0912516444120571,0.0258459007394251,0.0223620016666634,0.00235848094378334,0.0020405694244282,0.282850545333462,900000002
11,13,0.0966617606277455,0.13813584560654,0.0888712664902818,0.0966617606277455,0.0833093065856149,0.0085904530881682,0.00740380358669078,0.441669712871385,900000002
11,14,0.125253046265043,0.139304103879529,0.0928864875410178,0.125253046265043,0.10780478289691,0.0116343155213725,0.010013607623416,0.462470201449035,900000002
11,15,0.288719045902303,0.134698661483556,0.0989217120282611,0.288719045902303,0.249828976874454,0.0285605823158219,0.0247135101066898,0.513089511219284,900000002
12,13,0.21852014407694,0.189174807683232,0.0892592561370551,0.21852014407694,0.177181637846273,0.0195049455112698,0.0158151011953034,0.610895319213336,900000002
12,14,0.1268903164358,0.171219365721235,0.103223277955775,0.1268903164358,0.105164236939495,0.0130980344033488,0.0108553972606125,0.527316016365357,900000002
12,15,0.207590969404822,0.164694763561726,0.119553700905953,0.207590969404822,0.173401823781145,0.0248182686670009,0.0207308297768778,0.51986867379058,900000002
13,14,0.180470200760234,0.167559387738991,0.108751894787077,0.180470200760234,0.150230724415716,0.0196264762852796,0.0163378759354443,0.570429195906786,900000002
13,15,0.238110488350382,0.162702972030326,0.12934590160135,0.238110488350382,0.199369204224182,0.0307986157964179,0.0257875894719206,0.609887328097373,900000002
14,15,0.225529496289961,0.201583708971246,0.144492418371196,0.225529496289961,0.180066423945414,0.0325873023329741,0.0260182330633258,0.631089134046065,900000002
1,6,0.141805334862074,0.182442110065797,0.00114434467447787,0.141805334862074,0.11593407035125,0.000162274179761966,0.000132668535996996,0.889247144450967,900000002
2,7,0.0953536133569114,0.174979307193665,-0.0309148131778487,0.0953536133569114,0.0786687041533064,0,0,0.967683693010241,900000002
3,8,0.198664410126896,0.195814216419302,-0.0130910657821883,0.198664410126896,0.159763094327495,0,0,0.819660112501051,900000002
4,9,0.177408646962999,0.0480002707825617,-0.0198944869854472,0.177408646962999,0.168892983869607,0,0,0.85293089187448,900000002
5,10,0.192051595581425,0.179146351670063,-0.0141793163982542,0.192051595581425,0.157646252900598,0,0,0.865312396464224,900000002
6,11,0.196158430179452,0.195438943807707,-0.0109987034401621,0.196158430179452,0.157821433766202,0,0,0.942277182697972,900000002
1,2,0.276484133518693,0.145358617223271,0.121818525741389,0.276484133518693,0.236294782186241,0.0336808895361325,0.0287850820063106,0.276484133518718,900000003
1,3,0.245774362085299,0.115785240057534,0.10491864550058,0.245774362085299,0.217317318571265,0.0257863131687587,0.0228006387083152,0.245774362085446,900000003
1,4,0.157917719467361,0.0880872873208702,0.119427885033386,0.157917719467361,0.144007175939583,0.0188597792452825,0.0171984724520951,0.157917719466263,900000003
1,5,0.197016126540314,0.179586789653572,0.100477793319181,0.197016126540314,0.161634632864957,0.0197957456430634,0.016240691234227,0.197016126540281,900000003
2,3,0.218163035101896,0.147317310153658,0.106927868662315,0.218163035101896,0.186023843595727,0.0233277083643476,0.0198911331160629,0.218163035102607,900000003
2,4,0.318592669391733,0.151945407167669,0.100153848331629,0.318592669391733,0.270183976520372,0.0319082818898283,0.0270599650060576,0.31859266939182,900000003
2,5,0.160216481446741,0.226997604900742,0.105112823809293,0.160216481446741,0.123847723892707,0.0168408067856562,0.0130179839807161,0.16021648144626,900000003
3,4,0.261757010449771,0.0815691109075989,0.106956574852716,0.261757010449771,0.240405723833552,0.0279966332813942,0.0257129727962247,0.261757010449662,900000003
3,5,0.193135628567221,0.178549960950339,0.0909283160364282,0.193135628567221,0.158651269628425,0.0175614974722545,0.014425892784354,0.19313562856704,900000003
4,5,0.187988294815048,0.178945895369261,0.10244943807001,0.187988294815048,0.154348561080429,0.019259295167541,0.0158129233496045,0.187988294815013,900000003
6,7,0.206449382997965,0.181262895227903,0.118528194384207,0.206449382997965,0.169027770117739,0.0244700725984823,0.0200345563928444,0.206449382998888,900000003
6,8,0.242775145582231,0.281915195964885,0.0750207537982146,0.242775145582231,0.174333142840013,0.0182131744250503,0.0130786037878696,0.242775145582367,900000003
6,9,0.180022411476502,0.184751263005497,0.0838906725798939,0.180022411476502,0.146763043586923,0.0151022011782182,0.0123120504363793,0.180022411476456,900000003
6,10,0.179806427024212,0.189774945818233,0.0854008561347224,0.179806427024212,0.145683672077922,0.0153556228063932,0.0124415103203047,0.179806427024268,900000003
7,8,0.226282444812588,0.193853828250429,0.0934695538841857,0.226282444812588,0.182416726619801,0.0211505191684554,0.0170504100581663,0.226282444812576,900000003
7,9,0.245440873418709,0.08893849634186,0.102726087690075,0.245440873418709,0.223611731196016,0.0252131806855389,0.0229707583073715,0.245440873418882,900000003
7,10,0.266005512427086,0.0636210218590127,0.105063998123543,0.266005512427086,0.249081969906345,0.0279476026584915,0.0261695476188486,0.26600551242708,900000003
8,9,0.0589201963285265,0.202814571488995,0.103818784147795,0.0589201963285265,0.046970321958109,0.00611702314457702,0.00487640171672137,0.0589201963268921,900000003
8,10,0.167238212699153,0.202806349104896,0.0624479979021028,0.167238212699153,0.133321241350809,0.0104436915557881,0.0083256446001811,0.167238212699198,900000003
9,10,0.288991992466678,0.0695142088267606,0.088766286672279,0.288991992466678,0.268902942753088,0.0256527460492902,0.02386951570344,0.288991992466671,900000003
11,12,0.279090779942483,0.14883530059915,0.102194166691626,0.279090779942483,0.237552219815292,0.028521449687538,0.0242764511497698,0.552091470083242,900000003
11,13,0.119731052322582,0.167015386759405,0.097564770294226,0.119731052322582,0.099734124311815,0.0116815326169386,0.009730536928978,0.556469494767014,900000003
11,14,0.192051807866463,0.152480573043506,0.106479871030454,0.192051807866463,0.162767638148943,0.0204496517327864,0.017331477118031,0.432015711907694,900000003
11,15,0.230006834609676,0.14974449765713,0.0849235862688489,0.230006834609676,0.195564576703344,0.0195330052613997,0.0166080452007974,0.493622560206137,900000003
12,13,0.171702062854887,0.219480037829004,0.103201482116743,0.171702062854887,0.134016887604179,0.0177199073691266,0.0138307414294242,0.590705305102229,900000003
12,14,0.138207763155716,0.188748026067638,0.119124153230604,0.138207763155716,0.112121320672851,0.0164638827558205,0.0133563573842503,0.539241614522469,900000003
12,15,0.213118611618539,0.180571398282625,0.114673773288352,0.213118611618539,0.174635485918527,0.0244391153522727,0.0200261101203225,0.54781560336196,900000003
13,14,0.132719244173766,0.202090329946913,0.0931190898367612,0.132719244173766,0.105897968328385,0.012358695221284,0.00986112242630135,0.560261059360363,900000003
13,15,0.124716916732408,0.2021464941917,0.106181097644445,0.124716916732408,0.0995058292485535,0.013242579113478,0.0105656381716322,0.57419562258367,900000003
14,15,0.153967455816634,0.219450642880043,0.109168236528494,0.153967455816634,0.120179198655069,0.0168083556342807,0.0131197511845814,0.596347899187737,900000003
1,6,0.250765183700367,0.186749973786248,0.0337709305281515,0.250765183700367,0.20393479221782,0.00846857359762423,0.006887067700261,0.88224169430199,900000003
2,7,0.173914185932267,0.142463217905945,0.0218130556936206,0.173914185932267,0.149137811364864,0.00379359982365124,0.00325315138532646,0.85293089187448,900000003
3,8,0.162761878823677,0.203346659642917,-0.00320866770807189,0.162761878823677,0.129664794447677,0,0,0.958914300707381,900000003
4,9,0.168725496157561,0.0727670263977163,0.00267929261978569,0.168725496157561,0.156447843524696,0.000452064976624633,0.000419169552537105,0.835011611322099,900000003
5,10,0.158450079997189,0.179220558958979,0.0119248632824121,0.158450079997189,0.130052568092997,0.00188949554105374,0.00155085909403559,0.928025406218719,900000003
6,11,0.301659562943522,0.189379049902935,0.0142174121213899,0.301659562943522,0.244531561519143,0.0042888183267264,0.00347660598680466,0.948030447777397,900000003
1,2,0.239759599884696,0.181135062225897,0.102437914281671,0.239759599884696,0.196330729840326,0.0245604733411964,0.0201117104742413,0.239759599884501,900000004
1,3,0.383634941935929,0.0819013853007244,0.109614261698774,0.383634941935929,0.352214708741613,0.0420518609221589,0.0386077552581607,0.383634941935817,900000004
1,4,0.223930284053174,0.0734021733036454,0.107774495034792,0.223930284053174,0.207493314535168,0.0241339732868284,0.0223624871971231,0.223930284053407,900000004
1,5,0.194956943401684,0.174405399781512,0.111699873366687,0.194956943401684,0.160955399747532,0.0217766658899244,0.0179786977694837,0.194956943401582,900000004
2,3,0.311518149442489,0.178000165402519,0.0987701194444049,0.311518149442489,0.25606786731584,0.0307686848295347,0.0252918538406595,0.311518149442492,900000004
2,4,0.227199985918614,0.201105438968412,0.112828662069697,0.227199985918614,0.181508833016834,0.0256346704334511,0.0204793987831214,0.227199985918614,900000004
2,5,0.206548560195362,0.262739966630008,0.078908999611634,0.206548560195362,0.152279998382157,0.0162985402562394,0.0120162623331972,0.206548560195655,900000004
3,4,0.207537121089971,0.0733898772758725,0.116763520269529,0.207537121089971,0.192305997242991,0.0242327648450685,0.0224543252070338,0.2075371210903,900000004
3,5,0.255339458200278,0.17170120230242,0.106099090755536,0.255339458200278,0.211497366232042,0.0270912843490607,0.0224396782544102,0.255339458200396,900000004
4,5,0.233816609763161,0.19296872127815,0.0992211439509399,0.233816609763161,0.188697317563571,0.0231995514954313,0.0187227637091313,0.233816609763231,900000004
6,7,0.161601170918784,0.209164187258252,0.0390514661530366,0.161601170918784,0.127799993343574,0.00631076265642596,0.0049907771144149,0.161601170919337,900000004
6,8,0.233617068244368,0.285316012190405,0.0462024424004805,0.233617068244368,0.166962377953271,0.0107936791393295,0.00771406965043327,0.233617068244363,900000004
6,9,0.216159151630091,0.215931585745251,0.0510367906568495,0.216159151630091,0.169483563245257,0.0110320693703071,0.00864989713712511,0.216159151628592,900000004
6,10,0.206317479834854,0.218607465206897,0.0563029671620549,0.206317479834854,0.161214938540282,0.0116162862920997,0.00907687939066619,0.206317479835137,900000004
7,8,0.00401237371749076,0.178195468251567,0.0582006754923924,0.00401237371749076,0.00329738690410222,0.000233522860685884,0.000191910145178517,0.00401237371852912,900000004
7,9,0.139314856294259,0.109536279429374,0.0848247041693884,0.139314856294259,0.124054825266548,0.0118173414715614,0.0105229138540201,0.13931485629432,900000004
7,10,0.170237974937463,0.071959154003109,0.0560627945138306,0.170237974937463,0.15798779428176,0.00954401660736962,0.00885723724651168,0.170237974937438,900000004
8,9,0.140129975018425,0.183531444257363,0.0583011904440275,0.140129975018425,0.114411718319546,0.00816974436046603,0.00667033937877625,0.140129975019017,900000004
8,10,0.164915788143409,0.180717200298379,0.059106986857614,0.164915788143409,0.135112668625132,0.00974767532240554,0.00798610272872281,0.164915788143706,900000004
9,10,0.0997048899791032,0.0993331961938446,0.0825740778761777,0.0997048899791032,0.0898008845813232,0.0082330393497702,0.00741522523676783,0.0997048899789714,900000004
11,12,0.236229738066807,0.151993055163656,0.0911141412217248,0.236229738066807,0.200324458457523,0.0215238697149901,0.0182523909980643,0.594430695879887,900000004
11,13,0.209031239754133,0.163182189487342,0.102555101932512,0.209031239754133,0.1749210643798,0.0214372201000645,0.0179390475876139,0.512367238328156,900000004
11,14,0.146096341169978,0.149389764792236,0.116658807566516,0.146096341169978,0.124271043125588,0.0170434249507205,0.0144973117060782,0.685822924322689,900000004
11,15,0.145099351421848,0.112757652756512,0.124400430831255,0.145099351421848,0.128738289139028,0.0180504218302136,0.0160150986333738,0.591850905020389,900000004
12,13,0.21140361339479,0.225830352248368,0.157866384778135,0.21140361339479,0.163662260915267,0.03337352417567,0.025836769455309,0.771122399079518,900000004
12,14,0.181369714884197,0.186537575722714,0.12446048351165,0.181369714884197,0.147537447960179,0.0225733624088573,0.0183625821091988,0.661945166367941,900000004
12,15,0.199725722021943,0.168179612015207,0.137714163225031,0.199725722021943,0.166135927582836,0.027505060682767,0.0228792702486845,0.667207858241274,900000004
13,14,0.225233529307777,0.190837602125401,0.137498994575898,0.225233529307777,0.18225050265644,0.0309693838246003,0.0250592608762124,0.616565230023698,900000004
13,15,0.388222067824053,0.16538493038493,0.122870706259963,0.388222067824053,0.324015988163078,0.0477011196592445,0.0398120733051171,0.747001629698017,900000004
14,15,0.168176298466092,0.196860822110379,0.154208880508506,0.168176298466092,0.135068974090577,0.0259342787145205,0.0208288352859403,0.73466290116717,900000004
1,6,0.0650961641030856,0.210426582886067,-0.0276988273812467,0.0650961641030856,0.0513982007318826,0,0,0.880577587776092,900000004
2,7,0.159641721248966,0.185926415874258,-0.0245447219408843,0.159641721248966,0.129960108193148,0,0,0.804461845498696,900000004
3,8,0.13371794597876,0.170827999676598,-0.0303216983983533,0.13371794597876,0.110875176746345,0,0,0.898299141112371,900000004
4,9,0.279829704654092,0.0955624363650422,-0.0124139463841901,0.279829704654092,0.253088496310036,0,0,0.979191683203003,900000004
5,10,0.124732759854574,0.184571659315426,-0.0159226813913027,0.124732759854574,0.101710627397222,0,0,0.82423592149349,900000004
6,11,0.181349367898881,0.207724448771628,-0.00219781127883445,0.181349367898881,0.143678670417002,0,0,0.886058584056642,900000004
1,2,0.224382321484174,0.152658076330017,0.157724964354584,0.224382321484174,0.190128547923936,0.03539069365789,0.0299880184440916,0.224382321484848,900000005
1,3,0.277121365831055,0.0659693523687881,0.1317784297283,0.277121365831055,0.258839848799626,0.0365186184333782,0.0341095088259254,0.277121365831005,900000005
1,4,0.259816965436371,0.0816986035435092,0.146504314415078,0.259816965436371,0.238590282183307,0.0380643063946616,0.0349545057173655,0.259816965436531,900000005
1,5,0.273838111148414,0.181264701503647,0.143036192460494,0.273838111148414,0.224200927670774,0.0391687607692426,0.0320688470401381,0.273838111148235,900000005
2,3,0.322685425022656,0.151235897936442,0.139609614053045,0.322685425022656,0.273883805018352,0.0450499876479559,0.0382368123139916,0.322685425022697,900000005
2,4,0.374248866310886,0.190123671469347,0.151580608935311,0.374248866310886,0.303095297804619,0.0567288710487538,0.0459433698066535,0.374248866311016,900000005
2,5,0.382813479633694,0.270812840048154,0.151309878873892,0.382813479633694,0.279142674005377,0.0579234612346673,0.0422370441922879,0.382813479633732,900000005
3,4,0.246775930207145,0.0837111896227438,0.140269276514467,0.246775930207145,0.226118023519246,0.0346150811913409,0.0317174115659259,0.246775930207218,900000005
3,5,0.228727927273902,0.184235989793433,0.143812116975871,0.228727927273902,0.186588011199194,0.032893847432763,0.0268336168928737,0.228727927273887,900000005
4,5,0.350494860042798,0.219343434036247,0.142632838068523,0.350494860042798,0.273616113828957,0.0499920766163339,0.0390266428567041,0.350494860042856,900000005
6,7,0.223662136044136,0.192911758251487,0.114121655933283,0.223662136044136,0.180515080125578,0.025524693334932,0.0206006798648603,0.223662136043928,900000005
6,8,0.259795033731132,0.303866327714595,0.0986997237445215,0.259795033731132,0.180852070872764,0.0256416980594614,0.0178500494337664,0.259795033731234,900000005
6,9,0.195809988268337,0.191972744916668,0.102408301398349,0.195809988268337,0.158219807338364,0.020052568295391,0.0162030217170958,0.195809988268624,900000005
6,10,0.284565546754631,0.23411815156888,0.104339192998913,0.284565546754631,0.217943586948249,0.0296913395036727,0.0227400579814688,0.284565546754802,900000005
7,8,0.31558187075329,0.180299544630242,0.112437578153753,0.31558187075329,0.258682603162912,0.0354832612567305,0.0290856454101461,0.31558187075331,900000005
7,9,0.288426473815337,0.0200226510609547,0.119365550821981,0.288426473815337,0.282651411173391,0.0344281849186093,0.033738841385322,0.288426473815407,900000005
7,10,0.324672066759869,0.0718972686678694,0.127053775879612,0.324672066759869,0.301329031947083,0.0412508120044789,0.0382849912910251,0.324672066759921,900000005
8,9,0.186207220853702,0.180380468589773,0.110925980081265,0.186207220853702,0.152619075101312,0.0206552184714054,0.0169294204847092,0.186207220853612,900000005
8,10,0.189579899155099,0.218733047076444,0.125041217359683,0.189579899155099,0.148112510148459,0.0237053013772794,0.0185201685751617,0.189579899155022,900000005
9,10,0.251702958429969,0.0715802748410497,0.124086119703944,0.251702958429969,0.233685991487246,0.0312328434295779,0.0289971879128213,0.251702958429898,900000005
11,12,0.150881169770765,0.163027318683046,0.102370053225705,0.150881169770765,0.126283417223276,0.0154457133801899,0.0129276401426707,0.500276212868489,900000005
11,13,0.195850508860542,0.154107881256557,0.0928813743861179,0.195850508860542,0.165668401897025,0.0181908644371877,0.0153875088605474,0.494352429107853,900000005
11,14,0.105306685140973,0.182915699582135,0.114387968079906,0.105306685140973,0.0860444391577361,0.0120458177385064,0.00984244855982857,0.586614854559424,900000005
11,15,0.208330787576143,0.079905817006128,0.101710962010542,0.208330787576143,0.191683945787341,0.0211895248207835,0.0194963585280072,0.53587011952244,900000005
12,13,0.211890237955914,0.218775032824975,0.115652619981344,0.211890237955914,0.165533944191817,0.0245056611680718,0.0191444343416292,0.536760224548315,900000005
12,14,0.2806391262256,0.207521843577327,0.114094287291088,0.2806391262256,0.222400377371334,0.0320193210927036,0.0253746125494514,0.51073138720756,900000005
12,15,0.174085150893834,0.163209067902767,0.133960386315172,0.174085150893834,0.145672875680739,0.023320514065473,0.0195143947018338,0.610870356016669,900000005
13,14,0.179491184299174,0.213798475073019,0.138149867201696,0.179491184299174,0.141116242806961,0.0247966832748062,0.019495190203784,0.640990558182478,900000005
13,15,0.256952058612255,0.149262207094065,0.123502923129239,0.256952058612255,0.218598827226426,0.0317343303426892,0.0269975941550872,0.59522767291778,900000005
14,15,0.224047730946806,0.206282980983334,0.148905427643432,0.224047730946806,0.177830497124547,0.0333619231891747,0.0264799262223748,0.62826821596498,900000005
1,6,0.232711827657107,0.20072496733129,0.023445331436263,0.232711827657107,0.186000753653029,0.00545600592855938,0.00436084931678997,0.88971455452506,900000005
2,7,0.234408350909283,0.144489795918367,0.00802679757244408,0.234408350909283,0.20053873612484,0.00188154838203925,0.00160968384030787,0.916720342329629,900000005
3,8,0.255765671447059,0.190049406218838,0.0069685837756239,0.255765671447059,0.207157557457383,0.00178232450840753,0.00144359479389539,0.819660112501051,900000005
4,9,0.246829363778375,0.0732839057836674,0.0125262232118697,0.246829363778375,0.228740743938598,0.00309183970593171,0.00286525761622401,0.869492549880049,900000005
5,10,0.156955326373056,0.210751533957287,0.00926922478162427,0.156955326373056,0.123876750577168,0.00145485420082506,0.00114824144631697,0.968998041494753,900000005
6,11,0.14508330795924,0.212934935446759,0.0136560067736938,0.14508330795924,0.114190003144537,0.00198125863624129,0.00155937945642991,0.90305277951359,900000005
1,2,0.400765900627447,0.160215513082409,0.123014605170589,0.400765900627447,0.336556986232487,0.0493000590315207,0.0414014247787926,0.40076590062725,900000006
1,3,0.262683139845699,0.0872907741940359,0.130704091886121,0.262683139845699,0.239753325200848,0.0343337612473269,0.0313367406470545,0.262683139845923,900000006
1,4,0.288254387316795,0.0823793116594704,0.147415381355957,0.288254387316795,0.264508189306815,0.0424931304338331,0.0389925755984378,0.288254387316775,900000006
1,5,0.316864879185636,0.14143303861121,0.148629811401043,0.316864879185636,0.272049716493237,0.0470955672329752,0.040434698054097,0.316864879185578,900000006
2,3,0.261982843841237,0.170737540521001,0.110369425274571,0.261982843841237,0.217252537425087,0.028914895906555,0.0239780376950491,0.261982843841124,900000006
2,4,0.249549039299355,0.197092410315929,0.134083740404151,0.249549039299355,0.200364817651821,0.0334604686035199,0.0268656641961517,0.249549039299379,900000006
2,5,0.252339198516646,0.236111240898649,0.113605757366691,0.252339198516646,0.19275907722751,0.0286671857607874,0.0218985409577358,0.252339198516321,900000006
3,4,0.155934571542196,0.0937383689107829,0.117344762199144,0.155934571542196,0.141317519149028,0.0182981052162444,0.0165828706791157,0.155934571542186,900000006
3,5,0.208842794296849,0.151453616118522,0.126742399924455,0.208842794296849,0.177212797900295,0.026469236956112,0.0224603753032108,0.208842794297832,900000006
4,5,0.406125743313538,0.18125551803851,0.119395655490851,0.406125743313538,0.332513211320468,0.0484896493346289,0.039700632824975,0.406125743313406,900000006
6,7,0.217674351195341,0.217619876884713,0.101642728911988,0.217674351195341,0.170304085687251,0.0221250150696408,0.0173101720141131,0.217674351195557,900000006
6,8,0.274269516039835,0.29646124723355,0.091269203519982,0.274269516039835,0.192959233236523,0.0250323602787666,0.0176112355293239,0.27426951603986,900000006
6,9,0.275454587072555,0.203653901447062,0.0977596216885509,0.275454587072555,0.21935718574374,0.026928336224589,0.0214442754929732,0.275454587072481,900000006
6,10,0.231910333884483,0.206523585018711,0.0988428921233152,0.231910333884483,0.184015380327773,0.0229226881144259,0.0181886123867689,0.231910333884446,900000006
7,8,0.433101571931472,0.178515171730649,0.111300920319833,0.433101571931472,0.355786370441311,0.0482046035479392,0.039599350467371,0.433101571931563,900000006
7,9,0.250211737884876,0.115746411850488,0.128359431885121,0.250211737884876,0.221250627021827,0.0321170365258913,0.0283996047887484,0.250211737884964,900000006
7,10,0.244080532424389,0.0927060228820396,0.119607442937302,0.244080532424389,0.221452797000393,0.0291938483540564,0.0264874027805304,0.244080532424346,900000006
8,9,0.274922057241337,0.178697649416019,0.112724159718651,0.274922057241337,0.225794131839694,0.0309903578906527,0.0254524537810319,0.274922057241241,900000006
8,10,0.268378882927713,0.182072960957499,0.132753958247237,0.268378882927713,0.219514345054598,0.0356283590186257,0.0291413981980477,0.268378882927766,900000006
9,10,0.203541863569368,0.0602315373512221,0.118961376980017,0.203541863569368,0.191282224211252,0.0242136203632908,0.0227551967839709,0.203541863569207,900000006
11,12,0.165690580068054,0.138698771555194,0.114474742416176,0.165690580068054,0.142709500154348,0.0189673864740774,0.0163366332705102,0.541130961562049,900000006
11,13,0.205899462796916,0.150126467627104,0.127183937910156,0.205899462796916,0.174988503760896,0.0261871044920974,0.0222557269973169,0.671656240355503,900000006
11,14,0.168671908024984,0.138841082956374,0.097166263111364,0.168671908024984,0.145253317650477,0.0163892189946514,0.0141137220806248,0.50980096686473,900000006
11,15,0.217479084377753,0.171652773501946,0.0916500713788742,0.217479084377753,0.180148196365648,0.0199319736066333,0.0165105950556871,0.335207893765034,900000006
12,13,0.320008978647461,0.181429721821652,0.131907802062408,0.320008978647461,0.261949838671022,0.0422116810136226,0.0345532274696968,0.673330630922588,900000006
12,14,0.170035252995719,0.154266121088126,0.118887789386841,0.170035252995719,0.143804574067831,0.0202151153464933,0.0170966079146407,0.466080859630897,900000006
12,15,0.14817025579366,0.190831493721832,0.119170064706163,0.14817025579366,0.11989470455541,0.0176574589704592,0.0142878596997945,0.517189314016074,900000006
13,14,0.258777085601988,0.150938670140839,0.119875103071928,0.258777085601988,0.219717616438302,0.0310209298091913,0.0263386719172597,0.604127418811454,900000006
13,15,0.195482601556089,0.191149218121825,0.126973764287416,0.195482601556089,0.158116255112222,0.0248211617722737,0.0200766161066283,0.495132759429652,900000006
14,15,0.0720529136807502,0.212652916073969,0.131423417466822,0.0720529136807502,0.0567306514749127,0.00946944015436612,0.00745573609195223,0.472877727527873,900000006
1,6,0.210350958197002,0.203117880598123,0.00980616517498693,0.210350958197002,0.167624917386243,0.00206273624079657,0.00164375762733303,0.827762200064867,900000006
2,7,0.197925655865815,0.182168934826905,-0.0204351511225582,0.197925655865815,0.161869749961823,0,0,0.896440958183503,900000006
3,8,0.0565706999694459,0.191120408529179,-0.0223408632719256,0.0565706999694459,0.0457588846805038,0,0,0.695845187793739,900000006
4,9,0.277224105748931,0.0852949925632127,-0.0152193988412056,0.277224105748931,0.253578277710733,0,0,0.992145079392168,900000006
5,10,0.201170554162283,0.147623166717219,0.0114913146687919,0.201170554162283,0.171473119906589,0.00231171413997403,0.00197045157808609,0.784293829435817,900000006
6,11,0.0123492156769676,0.219654985810604,-0.0117676427177522,0.0123492156769676,0.00963664888267122,0,0,0.829250454140694,900000006
1,2,0.27101632520267,0.168564132664716,0.135109685066102,0.27101632520267,0.225332693406903,0.036616930345905,0.0304446292413032,0.271016325202738,900000007
1,3,0.221130979441793,0.0997550650584891,0.121229401143615,0.221130979441793,0.19907204420113,0.0268075762120296,0.0241333847029382,0.221130979443349,900000007
1,4,0.248994044972073,0.0813750567718361,0.113951933298106,0.248994044972073,0.228732140426621,0.0283733528042833,0.0260644696090274,0.24899404497221,900000007
1,5,0.265299001156958,0.183839308892695,0.119716832602846,0.265299001156958,0.216526616134341,0.0317607561112098,0.0259218806578156,0.265299001156996,900000007
2,3,0.214640875470908,0.167747770740198,0.105302172004166,0.214640875470908,0.178635347100938,0.0226021503879622,0.0188106900464468,0.214640875467168,900000007
2,4,0.289946593497609,0.181924023221845,0.12338334597159,0.289946593497609,0.237198342689055,0.0357745808587995,0.0292663251798915,0.289946593497743,900000007
2,5,0.374451155832051,0.269474464128771,0.107847993925372,0.374451155832051,0.27354613127181,0.0403838059795236,0.0295014015037112,0.374451155832138,900000007
3,4,0.244820749570495,0.0715297584702699,0.0922160165527018,0.244820749570495,0.227308780485207,0.0225763942948376,0.0209615102637983,0.244820749570448,900000007
3,5,0.137600322820526,0.185769707593977,0.107277611289547,0.137600322820526,0.11203835108532,0.0147614339448565,0.0120192066772527,0.137600322820812,900000007
4,5,0.195204434222636,0.194280995706093,0.119428579498492,0.195204434222636,0.157279922375618,0.0233129882910163,0.0187837177129531,0.195204434222544,900000007
6,7,0.25139364000833,0.163542341841826,0.110792348825632,0.25139364000833,0.210280135397227,0.0278524918563484,0.0232974301120307,0.251393640008395,900000007
6,8,0.311045901450973,0.222737896887506,0.104557444761574,0.311045901450973,0.241764191526304,0.0325221646592739,0.0252782461008381,0.311045901450891,900000007
6,9,0.214201093400089,0.163518745330559,0.101524365938221,0.214201093400089,0.179175199358873,0.0217466301907178,0.018190648506764,0.214201093406773,900000007
6,10,0.297859031720842,0.193921733557638,0.111899188794535,0.297859031720842,0.240097691933737,0.0333301840246879,0.0268667369588253,0.297859031720851,900000007
7,8,0.186985958796439,0.122214675526909,0.123404106250787,0.186985958796439,0.164133530514045,0.0230748351267211,0.020254751638872,0.186985958796349,900000007
7,9,0.210228673739869,0.0656540701215798,0.113209881517399,0.210228673739869,0.196426305652585,0.0237999632456505,0.0222373987898296,0.210228673739999,900000007
7,10,0.332312394640133,0.0759120759610155,0.120417033815914,0.332312394640133,0.307085870895425,0.0400160728628284,0.0369783697000038,0.332312394640186,900000007
8,9,0.162872842967267,0.121631020851824,0.107777051856257,0.162872842967267,0.143062452808119,0.017553954842459,0.0154188493949839,0.162872842967704,900000007
8,10,0.284514246021671,0.15003739640186,0.112376622349323,0.284514246021671,0.241826469309341,0.0319727499781797,0.027175641815646,0.284514246021565,900000007
9,10,0.248495531784732,0.0775619805286147,0.113827346688299,0.248495531784732,0.229221726186996,0.0282855870469538,0.0260917008951776,0.248495531784673,900000007
11,12,0.0895002454850756,0.16723275190859,0.105642927121114,0.0895002454850756,0.0745328731361121,0.00945506791110163,0.0078738708848455,0.380862571777785,900000007
11,13,0.217337842780915,0.137989381510854,0.0938596684540462,0.217337842780915,0.187347528276673,0.0203992578659343,0.0175843768897336,0.518925865500833,900000007
11,14,0.212021620349401,0.172850152801449,0.0998023938686568,0.212021620349401,0.175373650874796,0.0211602652627818,0.0175027101787907,0.670210676895434,900000007
11,15,0.136457140070938,0.139170281946095,0.102389511337795,0.136457140070938,0.117466361413708,0.0139717798904164,0.0120273233437783,0.471279639332289,900000007
12,13,0.142963546387465,0.197345733051041,0.117181647568636,0.142963546387465,0.114750300526054,0.0167527039079382,0.0134466292746391,0.552292862279865,900000007
12,14,0.189048144239681,0.204391497654111,0.104913512102583,0.189048144239681,0.150408310909802,0.0198337047686608,0.0157798641469647,0.559627406431284,900000007
12,15,0.193726694205187,0.179806632742187,0.100415984763439,0.193726694205187,0.158893349647877,0.0194532567735795,0.015955432177253,0.46064167620518,900000007
13,14,0.135422150360926,0.19574714085101,0.120326796159841,0.135422150360926,0.10891365161988,0.0162949134820065,0.0131052307574891,0.574840310554284,900000007
13,15,0.184296233437238,0.155534358244975,0.108785006067604,0.184296233437238,0.155631837042611,0.0200486668727065,0.0169304103369928,0.577339188087186,900000007
14,15,0.223406051456252,0.227243382441011,0.123228322351439,0.223406051456252,0.172638504665543,0.0275299529241132,0.0212739533031959,0.535528870534141,900000007
1,6,0.221263637028074,0.172650153441473,0.0132568988125205,0.221263637028074,0.183062436144159,0.00293326964697144,0.00242684019233661,0.921182690505137,900000007
2,7,0.188920742119149,0.163803600325699,0.00672452436728398,0.188920742119149,0.157974844383829,0.00127040213386559,0.00106230569047696,0.69890435012638,900000007
3,8,0.208038624603753,0.126363896205954,-0.0164892345188133,0.208038624603753,0.181750053437495,0,0,0.954176089060899,900000007
4,9,0.207161801160465,0.063744104992999,-0.0215456745571798,0.207161801160465,0.193956457556754,0,0,0.957427527495584,900000007
5,10,0.116815277436656,0.200541564275297,-0.00209339535210324,0.116815277436656,0.0933889589682563,0,0,0.9699633879325,900000007
6,11,0.230772297334467,0.185130823123153,0.0160616686456737,0.230772297334467,0.188049231974916,0.00370658817238709,0.00302038445305453,0.849437419699414,900000007
1,2,0.296074876999883,0.133188911205304,0.121319626458796,0.296074876999883,0.256640986497024,0.0359196934814596,0.0311355886158358,0.296074876999849,900000008
1,3,0.221021959643363,0.0991376769482688,0.133878933153574,0.221021959643363,0.199110356009766,0.0295901841605658,0.0266566820424158,0.221021959643157,900000008
1,4,0.309723161248592,0.0720814272644099,0.109495659835976,0.309723161248592,0.287397873728948,0.0339133419073989,0.0314688198194076,0.309723161248677,900000008
1,5,0.226722035608572,0.166169344857972,0.116027990326268,0.226722035608572,0.18904778348663,0.0263061021543431,0.0219348343935891,0.226722035608581,900000008
2,3,0.334369398095668,0.133227920931082,0.116235837026789,0.334369398095668,0.289822058364405,0.0388657068637935,0.0336877095428134,0.334369398095656,900000008
2,4,0.214623615700789,0.151250158522464,0.116368532644775,0.214623615700789,0.18216175980338,0.0249754352300169,0.0211978966923093,0.21462361570149,900000008
2,5,0.282784323615771,0.22440956651719,0.137189830346417,0.282784323615771,0.219324816135299,0.0387951333814738,0.0300891343163607,0.282784323615819,900000008
3,4,0.219306122358352,0.0825713780358346,0.114306256602536,0.219306122358352,0.201197713623527,0.025068061896801,0.0229981574812946,0.219306122357624,900000008
3,5,0.345924702198462,0.16265072851423,0.0992279536505561,0.345924702198462,0.289659797374814,0.0343254003163314,0.0287423489483375,0.345924702198446,900000008
4,5,0.220273423072774,0.181464396541686,0.118178116073641,0.220273423072774,0.180301639280702,0.0260314981598326,0.0213077080551826,0.22027342307283,900000008
6,7,0.302663441090935,0.177403941228592,0.107607349209902,0.302663441090935,0.248969753775595,0.0325688105985427,0.0267909752372337,0.302663441091076,900000008
6,8,0.361769447588214,0.281281783019466,0.103857939475423,0.361769447588214,0.260010292328634,0.037572629391674,0.0270041332036544,0.361769447588101,900000008
6,9,0.233141672104813,0.173503879879922,0.104736526714426,0.233141672104813,0.192690687432935,0.0244184489686517,0.0201817533319407,0.233141672104938,900000008
6,10,0.202776918732564,0.168953052238286,0.0928222115698149,0.202776918732564,0.168517139389222,0.0188222020520692,0.0156421335655264,0.202776918732421,900000008
7,8,0.277883542510469,0.18345587485988,0.124871294800458,0.277883542510469,0.226904174110048,0.0346996777570205,0.0283338180167504,0.277883542510536,900000008
7,9,0.239788568573742,0.0774826260475172,0.11433194799126,0.239788568573742,0.221209120584473,0.0274154941510716,0.0252912696698563,0.239788568573848,900000008
7,10,0.245009369236552,0.0588491868087231,0.106227233718472,0.245009369236552,0.230590767096463,0.0260266675291065,0.0244950193096776,0.245009369236437,900000008
8,9,0.286720779343289,0.177068014164711,0.098229173170167,0.286720779343289,0.235951700325215,0.0281643450855972,0.0231773404310409,0.286720779343479,900000008
8,10,0.242851106806925,0.174225458845475,0.104858876859632,0.242851106806925,0.200540261292357,0.0254650943038926,0.0210284265642536,0.242851106806806,900000008
9,10,0.201080811069912,0.0392326545863968,0.117012357645214,0.201080811069912,0.193191877065254,0.0235289397805023,0.0226058370133097,0.201080811069915,900000008
11,12,0.19960127703045,0.141805006533923,0.0974235687443328,0.19960127703045,0.171296816636967,0.0194458687342326,0.016688347191317,0.606654761218549,900000008
11,13,0.120284678741587,0.115850917890778,0.0879074957758859,0.120284678741587,0.106349588301177,0.0105739248883799,0.00934892598435293,0.471439347640132,900000008
11,14,0.163685994734192,0.135437902060096,0.0907353929589799,0.163685994734192,0.141516707010773,0.0148521130540884,0.0128405740208833,0.491231172782183,900000008
11,15,0.219364758675711,0.144820405719532,0.101417797846996,0.219364758675711,0.187596265323727,0.0222474907501282,0.0190256001134531,0.618329981617484,900000008
12,13,0.150615866160467,0.155970377205403,0.1046022796957,0.150615866160467,0.127124252702301,0.0157547629587273,0.0132974866372729,0.670933088723947,900000008
12,14,0.0936782226719922,0.16014398840531,0.119548649265053,0.0936782226719922,0.0786762184665786,0.0111991049859875,0.00940563564696168,0.552355783321823,900000008
12,15,0.291753620022307,0.156667231149412,0.117865606271194,0.291753620022307,0.246045388195594,0.0343877173057449,0.0290002888499051,0.64570571123632,900000008
13,14,0.174983807275423,0.145206279811358,0.10419852786628,0.174983807275423,0.149575059593731,0.0182330551185359,0.0155855010151779,0.546786369759953,900000008
13,15,0.267252479707591,0.151234331030954,0.119826204969968,0.267252479707591,0.22683472972265,0.0320238504121739,0.0271807448180534,0.63620367704296,900000008
14,15,0.159037669797525,0.192603623296405,0.151586682216932,0.159037669797525,0.128406438353904,0.0241079927121187,0.0194647059653613,0.609324676173632,900000008
1,6,0.196277740878705,0.182422042548364,-0.0158653825256589,0.196277740878705,0.160472354480833,0,0,0.864823468418381,900000008
2,7,0.235088611013867,0.135262494302904,-0.0291378030763886,0.235088611013867,0.203289939105926,0,0,0.81195432051177,900000008
3,8,0.167137044720148,0.191196545562835,-0.0413079586875037,0.167137044720148,0.135181019134075,0,0,0.869152047873369,900000008
4,9,0.223000679351264,0.0671380983416612,-0.0273347507353852,0.223000679351264,0.208028837810722,0,0,0.968243503183976,900000008
5,10,0.161997958275293,0.153667838192822,-0.0234038156181831,0.161997958275293,0.137104082235478,0,0,0.88971455452506,900000008
6,11,0.160262056562073,0.195574068615703,-0.0144103194587448,0.160262056562073,0.128918954115508,0,0,0.73814569177479,900000008
1,2,0.181318055331902,0.155349060035729,0.110125871767219,0.181318055331902,0.153150465868584,0.0199678089105625,0.0168658285653336,0.181318055331949,900000009
1,3,0.267667838104931,0.0758749846720264,0.0986184807801446,0.267667838104931,0.247358544991525,0.026396995547614,0.0243941239150512,0.267667838104744,900000009
1,4,0.235835300140062,0.0712613998719365,0.0940666980153342,0.235835300140062,0.219029346512863,0.0221842479596309,0.0206033673949215,0.235835300140053,900000009
1,5,0.093355615928026,0.150591397849462,0.112491798498721,0.093355615928026,0.079297063228327,0.0105017411356995,0.00892026925822133,0.0933556159279953,900000009
2,3,0.145866465706555,0.144049995515523,0.120695337200593,0.145866465706555,0.124854401975661,0.0176054022647114,0.0150693441474308,0.145866465705694,900000009
2,4,0.414168569869681,0.161613232873442,0.122205601373665,0.414168569869681,0.347233448338472,0.0506137191509952,0.0424338723712544,0.414168569869409,900000009
2,5,0.267693978953436,0.215573451848116,0.109726029583791,0.267693978953436,0.209986263871487,0.0293729974540475,0.0230409590017525,0.267693978953422,900000009
3,4,0.18995768631074,0.0482270344749214,0.115373862896651,0.18995768631074,0.180796590424256,0.0219161520565803,0.02085920103579,0.18995768631045,900000009
3,5,0.31112035845893,0.132418689739831,0.0917001716144707,0.31112035845893,0.269922208240412,0.0285297902634395,0.0247519128182027,0.311120358458923,900000009
4,5,0.209597022489233,0.149013543561755,0.125608510231029,0.209597022489233,0.178364227448119,0.0263271697437319,0.0224040648882666,0.209597022489053,900000009
6,7,0.219454739283895,0.164130781499203,0.0930609953904141,0.219454739283895,0.183435461421526,0.0204226764809031,0.0170706866297871,0.219454739283618,900000009
6,8,0.209037611284363,0.22898953052728,0.0984755125873093,0.209037611284363,0.161170186813812,0.0205850859212543,0.0158713167602826,0.209037611284053,900000009
6,9,0.107089537157453,0.165972866528454,0.0845055082928839,0.107089537157453,0.0893155797002247,0.0090496557703402,0.00754765846104107,0.107089537157858,900000009
6,10,0.169920071192505,0.183888666298682,0.107850517913327,0.169920071192505,0.138673695923538,0.0183259676819811,0.0149560299263088,0.169920071192492,900000009
7,8,0.249806605857783,0.148006607587159,0.126211681756525,0.249806605857783,0.21283357757191,0.0315285118392,0.0268620837596085,0.249806605857731,900000009
7,9,0.243086536269938,0.078985681889828,0.124668972864971,0.243086536269938,0.223886180444421,0.0303053487940767,0.0279116601546675,0.243086536269978,900000009
7,10,0.226698312955239,0.0788785835444574,0.129051978805124,0.226698312955239,0.208816671137412,0.029255865878657,0.0269482046177819,0.226698312955235,900000009
8,9,0.283170040277585,0.145213459133913,0.0991882673825879,0.283170040277585,0.242049939205787,0.0280871456697913,0.0240085140898828,0.283170040277596,900000009
8,10,0.329427160690229,0.174353500168462,0.116124937817415,0.329427160690229,0.271990382173329,0.0382547085505203,0.0315848662168127,0.329427160690352,900000009
9,10,0.281438984658342,0.0752768643631518,0.113544787249301,0.281438984658342,0.260253140383713,0.0319559296366908,0.0295503874558312,0.281438984658322,900000009
11,12,0.143076830402494,0.181709823697109,0.0807911125908402,0.143076830402494,0.117078364774916,0.0115593363141884,0.00945889135048165,0.553635807102824,900000009
11,13,0.122728492528793,0.162443352299966,0.0726896360541576,0.122728492528793,0.102792064779695,0.00892108945539337,0.00747191777809139,0.459460029350508,900000009
11,14,0.0459088180341783,0.157729656650673,0.0783282456716394,0.0459088180341783,0.0386676359284092,0.00359595717747571,0.00302876808654194,0.383427269039853,900000009
11,15,0.0936154752526552,0.178628267072339,0.0701518096256218,0.0936154752526552,0.07689310513712,0.00656729499793637,0.00539419047310216,0.311790127172316,900000009
12,13,0.237350318735039,0.212535247108976,0.0910542556831258,0.237350318735039,0.186905010091293,0.0216117566085717,0.0170184965773098,0.520821731528535,900000009
12,14,0.205301343770634,0.180658656556043,0.0951358610135293,0.205301343770634,0.168211878815881,0.0195315201068539,0.0160029819238523,0.581894259858129,900000009
12,15,0.197121749237831,0.195263577708373,0.0988818202640586,0.197121749237831,0.158631051237519,0.019491757378272,0.015685727096767,0.537458393197567,900000009
13,14,0.111201886628372,0.172207177345237,0.0909545373358875,0.111201886628372,0.0920521236166353,0.0101143161491614,0.00837255831433699,0.456537982404061,900000009
13,15,0.0978184037449767,0.196615345137285,0.095865038941009,0.0978184037449767,0.0785858045318798,0.00937736508415953,0.00753363121165918,0.471141822357248,900000009
14,15,0.16744129164599,0.218174653437478,0.074510584077859,0.16744129164599,0.130909845870002,0.0124761484392938,0.00975416907731637,0.426182871588441,900000009
1,6,0.109606369824726,0.17160513854535,-0.000245525176641146,0.109606369824726,0.090797353545501,0,0,0.848509477875511,900000009
2,7,0.321734644677853,0.146881328473066,0.0278955294951382,0.321734644677853,0.27447783265176,0.00897495827021886,0.00765670447649879,0.950219910932633,900000009
3,8,0.106642313113055,0.143111820338336,0.00529043650272017,0.106642313113055,0.0913805375583547,0.000564184386027819,0.000483442931536911,0.784293829436585,900000009
4,9,0.313327737246583,0.0556181873999448,-0.00778423538484391,0.313327737246583,0.295901016438802,0,0,0.948340812210873,900000009
5,10,0.224224917971615,0.164112529477188,0.0311066819321741,0.224224917971615,0.187426799511478,0.00697489320461085,0.00583022583796891,0.980551417253887,900000009
6,11,0.105406305451527,0.190001152871157,0.0363110871307502,0.105406305451527,0.0853789858958475,0.00382741754138087,0.00310020379599921,0.942277182697972,900000009
1,2,0.224457857864223,0.176487835765135,0.133992932132738,0.224457857864223,0.184843776309288,0.0300757665154606,0.0247677595741694,0.224457857863975,900000010
1,3,0.327822212127365,0.0900804963070259,0.144635734724831,0.327822212127365,0.298291824558464,0.0474148065101607,0.0431436572074238,0.327822212127378,900000010
1,4,0.287395708163576,0.0860665157583143,0.11459589806391,0.287395708163576,0.262660560918044,0.0329343692767183,0.0300998228643735,0.28739570816357,900000010
1,5,0.248585372982569,0.161875653838761,0.144527191599995,0.248585372982569,0.208345453196264,0.0359273458300081,0.0301115832330843,0.248585372982984,900000010
2,3,0.367438508972169,0.157849461491248,0.148987109052756,0.367438508972169,0.309438538199765,0.0547436012064187,0.0461023532358938,0.367438508972264,900000010
2,4,0.231401531458491,0.182568153357094,0.134210725390094,0.231401531458491,0.189154981176111,0.0310565673934227,0.0253866272347953,0.231401531458467,900000010
2,5,0.318106793284082,0.246493230452639,0.132759300624181,0.318106793284082,0.239695622178559,0.0422316354001956,0.0318218231631034,0.31810679328403,900000010
3,4,0.284777284483606,0.0563197385543992,0.136656175880206,0.284777284483606,0.268738702275258,0.0389165746750791,0.0367248033639459,0.28477728448364,900000010
3,5,0.338756464702174,0.145152379236767,0.153638356642414,0.338756464702174,0.289585157868817,0.0520459865388361,0.0444913877629993,0.33875646470216,900000010
4,5,0.30780563123505,0.171258804358528,0.105240156160856,0.30780563123505,0.255091206854913,0.0323935126983673,0.0268458384446721,0.307805631235047,900000010
6,7,0.114951948595817,0.198251859305426,0.113979214187461,0.114951948595817,0.0921625110559143,0.0131021327702686,0.0105046105876963,0.114951948596353,900000010
6,8,0.161876932097762,0.252760884973469,0.113544601999942,0.161876932097762,0.120960775483941,0.018380251828012,0.0137344431099284,0.161876932098295,900000010
6,9,0.266044685573899,0.180958631045429,0.0865969760942945,0.266044685573899,0.217901603475535,0.0230386652766571,0.0188696199470794,0.26604468557402,900000010
6,10,0.27686210891007,0.207698912556318,0.101991061624422,0.27686210891007,0.219358149961399,0.0282374604113143,0.0223725705905323,0.276862108910209,900000010
7,8,0.326568993146648,0.156204374485024,0.131037601350138,0.326568993146648,0.275557487845971,0.0427928175372663,0.0361083922414058,0.326568993146617,900000010
7,9,0.334966602954761,0.0909601845108035,0.109124162392684,0.334966602954761,0.304497978945039,0.036552949976961,0.0332280869026425,0.33496660295473,900000010
7,10,0.247921638712505,0.085276779669843,0.125907097247981,0.247921638712505,0.226779679752632,0.0312150938752542,0.0285531711924807,0.247921638712275,900000010
8,9,0.320271792052216,0.147825210506814,0.1171714771219,0.320271792052216,0.272927546972703,0.0375267189552361,0.0319793238260483,0.320271792052157,900000010
8,10,0.284940430412456,0.176213832325699,0.137889579732712,0.284940430412456,0.234729985184943,0.0392903161984315,0.0323668190078174,0.284940430412351,900000010
9,10,0.249413267592307,0.0681097404673754,0.118938030836119,0.249413267592307,0.232425794667475,0.029664722911831,0.0276442663332696,0.249413267592553,900000010
11,12,0.109916817140705,0.112983703652994,0.0750915050197005,0.109916817140705,0.0974980080463989,0.00825381922607073,0.00732127216062697,0.454939642017003,900000010
11,13,0.231103204510612,0.173592841249739,0.0711704446191579,0.231103204510612,0.190985342617695,0.0164477178179324,0.0135925117498436,0.515187432768987,900000010
11,14,0.148192397644075,0.122686039842295,0.0938308145435975,0.148192397644075,0.130011259242389,0.0139050133801122,0.0121990623545521,0.609578746861961,900000010
11,15,0.114610709728717,0.138422248167298,0.100350722907343,0.114610709728717,0.0987460376240183,0.0115012675742004,0.00990923625980589,0.658756848612273,900000010
12,13,0.237292266165757,0.214284957119616,0.081435294515006,0.237292266165757,0.186444103085611,0.0193239655813416,0.0151831304453629,0.520997997953758,900000010
12,14,0.199368252180371,0.144690826240723,0.0960152419895758,0.199368252180371,0.170521495046224,0.019142390978137,0.0163726626112874,0.573598067201659,900000010
12,15,0.0695991446723672,0.168212360374348,0.111635360289407,0.0695991446723672,0.0578917082669927,0.0077697255913343,0.00646276171015498,0.441734372087855,900000010
13,14,0.107816794846321,0.200564492735606,0.12749014605212,0.107816794846321,0.0861925740795901,0.0137455789218289,0.0109887038580151,0.537896571300897,900000010
13,15,0.143840156325792,0.203953984819734,0.103718883857673,0.143840156325792,0.114503383266053,0.0149189404680243,0.0118761631102824,0.565277125297939,900000010
14,15,0.238882567955089,0.19561363706516,0.0972164760085198,0.238882567955089,0.192153880005929,0.0232233214364595,0.0186805230655403,0.532478298713914,900000010
1,6,0.372038837811938,0.186626216518401,0.00948517328307395,0.372038837811938,0.302606637113193,0.00352885284467968,0.00287027638962692,0.916297513542492,900000010
2,7,0.190088980610849,0.176412172162245,-0.00299565363282218,0.190088980610849,0.156554970637182,0,0,0.955677772707043,900000010
3,8,0.230276690673422,0.147411674210932,0.0229506740090269,0.230276690673422,0.1963312181695,0.00528500525952325,0.00450593378600335,0.972415031392265,900000010
4,9,0.137510030719723,0.0626276278172853,-0.0509014912536965,0.137510030719723,0.128898103694665,0,0,0.853329469605968,900000010
5,10,0.198288058434605,0.173460994379992,-0.00550361291930045,0.198288058434605,0.16389281464486,0,0,0.968998041494753,900000010
6,11,0.26544930609626,0.190898531299556,0.032139777974987,0.26544930609626,0.214775423427998,0.00853148176154816,0.00690283442345966,0.885836186882817,900000010
1,2,0.294585081955955,0.152268625135097,0.142573195423988,0.294585081955955,0.249729016541212,0.0419999364586978,0.0356046638783704,0.294585081955963,900000011
1,3,0.255429177761319,0.0761177745761461,0.142350612745703,0.255429177761319,0.235986477188313,0.0363604999674547,0.033592819627456,0.255429177761493,900000011
1,4,0.270038350542291,0.0688995599149553,0.134406612011191,0.270038350542291,0.251432827029766,0.0362949398094796,0.0337942344294667,0.270038350542275,900000011
1,5,0.346477427134085,0.203382465772411,0.151543347667337,0.346477427134085,0.276009993669074,0.0525063491990651,0.041827478430252,0.346477427134153,900000011
2,3,0.24869239214961,0.148110521575339,0.140253929483291,0.24869239214961,0.211858432236513,0.0348800852315825,0.0297139776153405,0.248692392149663,900000011
2,4,0.165885720067219,0.166730182840797,0.134182101462877,0.165885720067219,0.138227563629734,0.0222588945213021,0.0185476649679314,0.165885720067263,900000011
2,5,0.41995149552368,0.291150381150381,0.153754565666694,0.41995149552368,0.297682457537288,0.0645694597953218,0.0457700369652396,0.419951495524106,900000011
3,4,0.308657393792613,0.0598254165099565,0.122017574002061,0.308657393792613,0.290191836650092,0.0376616263883735,0.0354085039032467,0.30865739379262,900000011
3,5,0.324836618679902,0.199329270485591,0.145088994991091,0.324836618679902,0.260087172451431,0.0471302185405711,0.0377357864610526,0.324836618679895,900000011
4,5,0.284427413863276,0.223544303797468,0.150465389643683,0.284427413863276,0.220845285650296,0.0427964816522831,0.0332295719563423,0.28442741386337,900000011
6,7,0.243146855832877,0.191674452392697,0.0887742293356377,0.243146855832877,0.196541815390104,0.0215851747419471,0.0174478481934837,0.243146855832772,900000011
6,8,0.210102724166034,0.23929123423725,0.0928891315930825,0.210102724166034,0.159826983983735,0.0195162595931239,0.0148461897473907,0.210102724166798,900000011
6,9,0.0820262595093374,0.183789575656372,0.094363170601507,0.0820262595093374,0.0669506880814368,0.00774025791988308,0.0063176792013169,0.0820262595104549,900000011
6,10,0.226681833328711,0.200311617819766,0.0918068367124411,0.226681833328711,0.181274828564286,0.0208109420580857,0.0166422685860772,0.226681833328722,900000011
7,8,0.156236402686412,0.164276691413137,0.104762872385558,0.156236402686412,0.130570403374798,0.0163677743166153,0.0136789305060848,0.156236402686699,900000011
7,9,0.241080295100795,0.129310217563559,0.0887314691966578,0.241080295100795,0.209906149691024,0.0213914087786574,0.0186252810554982,0.241080295100692,900000011
7,10,0.229630907593532,0.116685115665326,0.114673938182535,0.229630907593532,0.202836398580647,0.0263326805021801,0.0232600486320052,0.22963090759359,900000011
8,9,0.211698491970671,0.145616160057604,0.0974352397642942,0.211698491970671,0.180871770479916,0.0206268933229018,0.017623284323303,0.211698491967777,900000011
8,10,0.297368679018063,0.169399757750482,0.0916674703801298,0.297368679018063,0.246994496829822,0.0272590345758666,0.0226413607222028,0.297368679018117,900000011
9,10,0.234232411209823,0.0813947040983363,0.0982828615339766,0.234232411209823,0.21516713340916,0.0230210316377045,0.0211472415795151,0.234232411209813,900000011
11,12,0.0932627096823239,0.158091751849464,0.0843225419309502,0.0932627096823239,0.0785186445264173,0.00786414874778179,0.0066208916954402,0.405470912401409,900000011
11,13,0.0923475087676335,0.161397079212496,0.0947196645632269,0.0923475087676335,0.077442890579987,0.00874712505371989,0.00733536461854305,0.374355741187437,900000011
11,14,0.189146131324083,0.134828715736204,0.093084874621949,0.189146131324083,0.163643801351185,0.0176066439195289,0.0152327627314342,0.498383105085649,900000011
11,15,0.124048028828848,0.113950953160078,0.0872043311579934,0.124048028828848,0.109912637706172,0.0108175253854872,0.00958485805697761,0.434849693280086,900000011
12,13,0.326315834454601,0.220180450592554,0.0969505134282351,0.326315834454601,0.254467466988902,0.0316364876901366,0.0246707515753565,0.731290774600422,900000011
12,14,0.229911691697228,0.167837624873744,0.122764029763125,0.229911691697228,0.191323859432061,0.0282248857624089,0.0234876879737135,0.554294163390759,900000011
12,15,0.137218567988217,0.165832655238974,0.117449368137155,0.137218567988217,0.114463248510641,0.0161162341069014,0.013443636212501,0.549174100512133,900000011
13,14,0.198503578317775,0.173789418208836,0.127757359845635,0.198503578317775,0.164005756929557,0.0253602930857902,0.0209529425048051,0.561464071720076,900000011
13,15,0.151150268161013,0.168278852336514,0.115033590499987,0.151150268161013,0.125714874504521,0.0173873580515972,0.0144614333935104,0.621697279097498,900000011
14,15,0.217709999051431,0.172759475076765,0.117967839479017,0.217709999051431,0.180098533896343,0.0256827782210762,0.0212458349370901,0.595351522237044,900000011
1,6,0.105074107381759,0.18295509128734,0.00219397621041841,0.105074107381759,0.0858502644737936,0.000230530091926529,0.000188353437913632,0.896440958183503,900000011
2,7,0.210184614112414,0.170628134835603,0.00362780318551126,0.210184614112414,0.174321205435271,0.000762508412622469,0.000632403024380241,0.952206056461469,900000011
3,8,0.265796478429757,0.137659267401231,-0.00205859781260666,0.265796478429757,0.22920712993129,0,0,0.927410021636504,900000011
4,9,0.259702910214021,0.069296703696627,-0.00827735550801756,0.259702910214021,0.241706354595768,0,0,0.857386596520746,900000011
5,10,0.175342877633551,0.228497175331061,0.0181801174376912,0.175342877633551,0.135277525379865,0.00318775410724068,0.0024593612980862,0.957427527495584,900000011
6,11,0.225664923648571,0.193931300245831,-0.00899164663444862,0.225664923648571,0.181901431585528,0,0,0.948747549553694,900000011
1,2,0.258986895067782,0.131056306994465,0.115075633952654,0.258986895067782,0.225045029040235,0.0298030811353545,0.0258971993846985,0.258986895067781,900000012
1,3,0.278561840210568,0.0815286886085962,0.100587871113385,0.278561840210568,0.255851058681803,0.0280199424802081,0.0257355133149084,0.278561840210567,900000012
1,4,0.315800009769578,0.0573794635494191,0.109935264134254,0.315800009769578,0.297679574620099,0.0347175574876185,0.0327254826632328,0.315800009769536,900000012
1,5,0.255085815452711,0.164507105734667,0.107882309705545,0.255085815452711,0.213122386238618,0.0275192469441609,0.0229921352773794,0.255085815452763,900000012
2,3,0.188579655415092,0.135894448699942,0.113127384525298,0.188579655415092,0.162952727106433,0.0213335231917914,0.0184344158188155,0.188579655415054,900000012
2,4,0.347429684549226,0.148245977970949,0.0917759220703357,0.347429684549226,0.295924631187088,0.0318856796541111,0.027158755890519,0.347429684549176,900000012
2,5,0.258895162970459,0.226215990950765,0.102136115463216,0.258895162970459,0.200328937126737,0.0264425462580191,0.0204608194529998,0.258895162970242,900000012
3,4,0.14205196594683,0.0699042160529979,0.113827314354214,0.14205196594683,0.13212193462853,0.016169393782464,0.0150390849860486,0.142051965946954,900000012
3,5,0.183679128501711,0.169393680941037,0.099936939478168,0.183679128501711,0.152565044812764,0.0183563299484781,0.0152468836499372,0.183679128501524,900000012
4,5,0.218224428173608,0.178435047951177,0.111250061407788,0.218224428173608,0.179285541868332,0.0242774810349933,0.0199455275423805,0.218224428172977,900000012
6,7,0.236715584702996,0.205747195080816,0.0906195279700148,0.236715584702996,0.18801201711844,0.0214510545489316,0.0170375602439633,0.236715584703041,900000012
6,8,0.230721663545866,0.258403619920184,0.0935012832423904,0.230721663545866,0.171102350491607,0.0215727716133575,0.0159982893367545,0.2307216635458,900000012
6,9,0.170413596437512,0.20356834539633,0.104441808264451,0.170413596437512,0.13572278257769,0.0177983041647823,0.014175132835097,0.170413596437569,900000012
6,10,0.231516725979776,0.203178767138513,0.0827128411245292,0.231516725979776,0.18447744302326,0.0191494061736363,0.0152586534358423,0.231516725979722,900000012
7,8,0.310260594308832,0.132305305087502,0.11818786132207,0.310260594308832,0.269211471722172,0.0366690360938753,0.0318175280862105,0.310260594308804,900000012
7,9,0.275657919289544,0.0936659255748209,0.131298925655258,0.275657919289544,0.24983816513726,0.0361935886510808,0.032803482670203,0.27565791928962,900000012
7,10,0.294237800412453,0.0699425614483919,0.121309419915973,0.294237800412453,0.273658054976665,0.0356938168853865,0.0331972999045527,0.294237800412482,900000012
8,9,0.372526543976302,0.12608560917103,0.111462713549909,0.372526543976302,0.325556307746671,0.0415228194609679,0.0362873894747331,0.37252654397629,900000012
8,10,0.217528908307634,0.13287634710509,0.12540684450157,0.217528908307634,0.188624461581957,0.0272796139787316,0.0236547985228008,0.217528908309679,900000012
9,10,0.350807679957953,0.0553097816914847,0.12272564784486,0.350807679957953,0.331404583763782,0.0430530997917921,0.0406718422411664,0.350807679957952,900000012
11,12,0.126096960760232,0.172870283897505,0.0826685437536596,0.126096960760232,0.104298543354998,0.0104242521178107,0.00862220869478564,0.477382310698514,900000012
11,13,0.183584031727212,0.15075985855793,0.0923742923241143,0.183584031727212,0.155906929070523,0.016958445012809,0.0144017922413155,0.475423713842208,900000012
11,14,0.124415013954482,0.140296100718995,0.0957332252025944,0.124415013954482,0.106960072625769,0.0119106505494883,0.0102396327203686,0.399450105654297,900000012
11,15,0.175433944330906,0.11398527615371,0.0854722049795907,0.175433944330906,0.155437057739613,0.0149947260502293,0.0132855480605447,0.521614230079369,900000012
12,13,0.156724302917158,0.228051552040403,0.115316502289672,0.156724302917158,0.12098308239445,0.0180728984361938,0.0139513458979512,0.447501776196608,900000012
12,14,0.244178643242375,0.193370218913164,0.0832101419376259,0.244178643242375,0.196961765544677,0.0203181395623349,0.016389216467258,0.673986481130844,900000012
12,15,0.0655119934431815,0.197422637548394,0.117763705033196,0.0655119934431815,0.0525784429065755,0.0077149350719795,0.0061918322415547,0.46194198950022,900000012
13,14,0.100654847879943,0.182618733635304,0.123298334591813,0.100654847879943,0.0822733870258541,0.0124105751121894,0.0101441716015155,0.454237154586551,900000012
13,15,0.242388372307425,0.161729290123148,0.0979281286217753,0.242388372307425,0.20318707292004,0.0237366396997443,0.0198977298111957,0.517443066555303,900000012
14,15,0.234743638424192,0.188969128996692,0.130276874275153,0.234743638424192,0.190384337533658,0.0305816674698804,0.0248026764048306,0.533815192044528,900000012
1,6,0.0473316331198402,0.206103280785574,-0.0274614814038226,0.0473316331198402,0.037576428248902,0,0,0.775885693144075,900000012
2,7,0.0977365267328801,0.143541878602916,-0.036774168890984,0.0977365267328801,0.0837072420775184,0,0,0.910053267355901,900000012
3,8,0.365026232970185,0.127183198926975,-0.013128584463794,0.365026232970185,0.318601028968774,0,0,0.921121818756775,900000012
4,9,0.245407766002266,0.0631859611267949,-0.038197358117049,0.245407766002266,0.229901440439433,0,0,0.928025406218719,900000012
5,10,0.223272765977664,0.167999900212405,-0.0292368395149475,0.223272765977664,0.185762963573269,0,0,0.925788640495305,900000012
6,11,0.00506616062573438,0.203453927481565,-0.00800738793206219,0.00506616062573438,0.00403543034917626,0,0,0.94757209541881,900000012
1,2,0.266911546229134,0.181487630276193,0.10134774357128,0.266911546229134,0.218470402210654,0.0270508829434442,0.0221414823011598,0.266911546229045,900000013
1,3,0.220631783930208,0.0936022926987263,0.118729190505554,0.220631783930208,0.199980143112131,0.0261954331058299,0.0237434805088881,0.220631783930435,900000013
1,4,0.157173480664706,0.0893849078148676,0.119361996545305,0.157173480664706,0.143124543584549,0.0187605404561142,0.0170836312768874,0.15717348066404,900000013
1,5,0.260024461226701,0.201829314282856,0.095606613697397,0.260024461226701,0.207543902520547,0.024860058216375,0.0198425697135322,0.260024461226771,900000013
2,3,0.238168084189656,0.173389330515462,0.103520861022686,0.238168084189656,0.196872279521861,0.0246553651434367,0.020380387887602,0.23816808417977,900000013
2,4,0.214530253468399,0.193592731120025,0.101157386878885,0.214530253468399,0.17299875579158,0.0217013198473282,0.0175001020691747,0.214530253460217,900000013
2,5,0.231383601216792,0.282084942084942,0.0745080084754272,0.231383601216792,0.166113771468148,0.0172399313205356,0.0123768062924339,0.2313836012168,900000013
3,4,0.377067990368122,0.0623120775750541,0.0890909441435973,0.377067990368122,0.353572100501234,0.0335933432682248,0.0315000722564898,0.377067990368149,900000013
3,5,0.191579954411612,0.194747474747475,0.110568187132625,0.191579954411612,0.154270242077714,0.0211826482502429,0.017057380995044,0.191579954411865,900000013
4,5,0.154830089042348,0.211770823043913,0.0892141264715175,0.154830089042348,0.122041593653888,0.0138130311454203,0.0108878341710235,0.154830089042555,900000013
6,7,0.2158754943157,0.205689781691433,0.080112597028002,0.2158754943157,0.171472111017373,0.0172943464843344,0.0137370761314756,0.215875494314783,900000013
6,8,0.263629184479359,0.299933628529258,0.111708615561615,0.263629184479359,0.184557926592256,0.0294496512198267,0.020616710470543,0.263629184479581,900000013
6,9,0.219483047766527,0.214952306520781,0.107082196739311,0.219483047766527,0.172304660406902,0.0235027269018789,0.018450761544792,0.219483047766002,900000013
6,10,0.240718162910191,0.246487362912038,0.101624719844716,0.240718162910191,0.181384177729428,0.0244629158672828,0.0184331162460172,0.24071816291059,900000013
7,8,0.166619722229053,0.18047946881244,0.0983211062054282,0.166619722229053,0.136548283267477,0.0163822354052017,0.0134255782613105,0.166619722229087,900000013
7,9,0.297919603614294,0.0936363085499605,0.115726914720436,0.297919603614294,0.270023511687184,0.0344773165610176,0.0312489879095355,0.297919603614355,900000013
7,10,0.156264687089763,0.100808397043392,0.110757696675927,0.156264687089763,0.140511894469757,0.0173075168138466,0.0155627737870411,0.156264687089678,900000013
8,9,0.245647633203577,0.187021184017292,0.126016182170501,0.245647633203577,0.199706321990799,0.0309555768955344,0.0251662282525932,0.245647633203533,900000013
8,10,0.368646544236918,0.22566602674211,0.116640648933531,0.368646544236918,0.285455543326763,0.0429991721468977,0.0332957198153073,0.368646544236956,900000013
9,10,0.268915464353543,0.10585032032615,0.104722863454536,0.268915464353543,0.240450676311065,0.0281615974543092,0.0251806833428744,0.268915464353581,900000013
11,12,0.144945484533601,0.144242258402089,0.109764988852809,0.144945484533601,0.124038220499289,0.0159099394940957,0.0136150538904267,0.41934154518989,900000013
11,13,0.204342352677882,0.147230510725191,0.10058620178074,0.204342352677882,0.174256923730331,0.0205540211188085,0.01752784209203,0.544942678744882,900000013
11,14,0.178454479511048,0.119537654546883,0.119332861992974,0.178454479511048,0.157122449586913,0.02129548377552,0.0187498715925531,0.575482335214508,900000013
11,15,0.204588198581497,0.167120794792149,0.124632155858362,0.204588198581497,0.170397256229463,0.0254982682523906,0.0212369773962276,0.54008688639524,900000013
12,13,0.23212405154763,0.200976641487401,0.141888196015186,0.23212405154763,0.185472539259139,0.0329356629258292,0.026316364005835,0.637503316878169,900000013
12,14,0.213036206270148,0.158998184195374,0.129453569681034,0.213036206270148,0.179163836305323,0.0275782973729756,0.0231933981674725,0.589060941309331,900000013
12,15,0.223704486655582,0.195731098668972,0.126376700518348,0.223704486655582,0.179918561705307,0.0282710349146833,0.0227375141903235,0.468209119433696,900000013
13,14,0.288285703199497,0.154775289511913,0.128103728831375,0.288285703199497,0.243666200024649,0.0369304735486307,0.0312145488133293,0.682188317399869,900000013
13,15,0.21989664445991,0.196657118500534,0.142383527397921,0.21989664445991,0.176652403992488,0.0313096599011685,0.0251523924037729,0.687571829215751,900000013
14,15,0.183135950221848,0.217457392304475,0.158294740753717,0.183135950221848,0.143311684049403,0.0289894577630531,0.0226854858735789,0.589807610864486,900000013
1,6,0.264218431841513,0.213268503825206,0.00494214849414279,0.264218431841513,0.207868962199631,0.0013058067250503,0.00102731927851393,0.885836186882815,900000013
2,7,0.215494699129251,0.174063737846597,-0.00467436630416497,0.215494699129251,0.177984886312686,0,0,0.944741069604088,900000013
3,8,0.178095112548561,0.180150313113507,-0.00403870807414673,0.178095112548561,0.146011222258953,0,0,0.849437419699365,900000013
4,9,0.182999405538363,0.0867351305091999,-0.00295435683735073,0.182999405538363,0.167126928215887,0,0,0.90067871327447,900000013
5,10,0.0988496727664991,0.227731481481481,-0.0166097115458185,0.0988496727664991,0.0763384903434246,0,0,0.800769938611731,900000013
6,11,0.242283703110302,0.21649455251988,0.0294486846878703,0.242283703110302,0.189830601222578,0.00713493637790488,0.00559026151951255,0.951198703077433,900000013
1,2,0.18014313377979,0.137302928498219,0.0981858416262094,0.18014313377979,0.155408953962978,0.0176875052033515,0.0152589589411039,0.180143133779687,900000014
1,3,0.319866995550944,0.113441535411325,0.114653935728533,0.319866995550944,0.283580792448238,0.0366740099495768,0.0325136539512066,0.31986699555084,900000014
1,4,0.263902262148712,0.0791397008728731,0.107836394637503,0.263902262148712,0.243017116062588,0.0284582684867982,0.0262060896313931,0.26390226214867,900000014
1,5,0.231832195012588,0.164907340053344,0.104214121766089,0.231832195012588,0.193601364394334,0.0241601886003415,0.0201759961630721,0.231832195012604,900000014
2,3,0.16367829764379,0.140654458797242,0.0944856329383904,0.16367829764379,0.140656215271849,0.0154652475511517,0.0132899915266791,0.163678297643432,900000014
2,4,0.202596142054537,0.14443275863696,0.104773021306566,0.202596142054537,0.173334622368395,0.0212266099081081,0.0181607920825695,0.202596142054611,900000014
2,5,0.175717163924778,0.21204224083581,0.0928442249961192,0.175717163924778,0.138457702732855,0.0163143239031121,0.012854998104975,0.175717163924599,900000014
3,4,0.25638470755899,0.0860957049357896,0.100420024621017,0.25638470755899,0.234311085426943,0.0257461586455261,0.0235295249675509,0.256384707558786,900000014
3,5,0.227871945176908,0.167401063580997,0.10815488235491,0.227871945176908,0.189725939194023,0.0246454634225929,0.0205197866332043,0.227871945176914,900000014
4,5,0.241574676233221,0.175570963459247,0.100506449566334,0.241574676233221,0.199161177579599,0.0242798130133376,0.0200169828499755,0.241574676233201,900000014
6,7,0.196459014951899,0.156131661438693,0.0574925066539048,0.196459014951899,0.16578554254285,0.0112949212243416,0.00953142640776602,0.196459014952213,900000014
6,8,0.277075932718775,0.260075746960001,0.0623423272922209,0.277075932718775,0.2050152025523,0.0172735584823512,0.0127811248573965,0.277075932718721,900000014
6,9,0.0518957342849482,0.168200866225382,0.0934862191658983,0.0518957342849482,0.0431668268248177,0.00485153598913789,0.00403550343324128,0.0518957342853386,900000014
6,10,0.213072907768144,0.187305730867775,0.0926240009772316,0.213072907768144,0.17316313105051,0.0197356652173382,0.0160390620196429,0.213072907768438,900000014
7,8,0.20071386101069,0.177675193642951,0.0835468791221227,0.20071386101069,0.165051986888792,0.0167690166839947,0.013789578397464,0.200713861011267,900000014
7,9,0.0887303995230952,0.0727571535424247,0.0940164036613773,0.0887303995230952,0.0822746282211127,0.0083421130585986,0.00773516465792587,0.0887303995221626,900000014
7,10,0.169937501526326,0.0834915563539465,0.103538896793241,0.169937501526326,0.155749155040992,0.0175951414318355,0.0161260956894237,0.169937501526413,900000014
8,9,0.308697711715256,0.180000447996119,0.0888240888795175,0.308697711715256,0.253131985311133,0.0274197929822995,0.0224842179615248,0.308697711715221,900000014
8,10,0.312948722441361,0.212907917916488,0.114980235292697,0.312948722441361,0.246319461531746,0.0359829177408565,0.0283218696440905,0.31294872244143,900000014
9,10,0.310084596230967,0.0849397463280857,0.0908828088184545,0.310084596230967,0.283746089286862,0.0281813590768066,0.025787641585642,0.310084596230842,900000014
11,12,0.171558427421345,0.145897250369773,0.0884961981078915,0.171558427421345,0.146528524582808,0.0151822685801577,0.0129672173399373,0.655059153061489,900000014
11,13,0.197344732230165,0.151740414659121,0.0970072694140541,0.197344732230165,0.167399560730767,0.019143873606896,0.0162389742876038,0.599362366473132,900000014
11,14,-0.0126591722851299,0.142121449856697,0.0930593187752625,0.0126591722851299,0.0108600323659815,0.00117805394911287,0.00101062721385554,0.534482344606129,900000014
11,15,0.167850943893416,0.110273496096517,0.0971567703521343,0.167850943893416,0.149341433487189,0.0163078556092416,0.0145095313573734,0.53845430944749,900000014
12,13,0.165455709499112,0.183691110851488,0.143177190579274,0.165455709499112,0.135062966424499,0.0236894836513834,0.0193379360839626,0.610464566418404,900000014
12,14,0.126437264033719,0.159858444724086,0.109685343644975,0.126437264033719,0.10622519965012,0.0138683147550689,0.0116513475273795,0.460751587002327,900000014
12,15,0.343458041257007,0.134213262263504,0.108397674856708,0.343458041257007,0.297361417089271,0.0372300530830987,0.0322332862045726,0.718468500797455,900000014
13,14,0.182338743935374,0.159467345670189,0.0914629983490933,0.182338743935374,0.153261668427164,0.0166772482355369,0.014017771726333,0.541089816308015,900000014
13,15,0.198589629989615,0.148966682342918,0.133621752173529,0.198589629989615,0.169006391662354,0.0265358943227052,0.0225829301824495,0.726256979175333,900000014
14,15,0.193457463825178,0.167779122543868,0.115844958738322,0.193457463825178,0.160999340295028,0.0224110719144482,0.0186509619333746,0.598733463169108,900000014
1,6,0.186722566367774,0.166993496704963,0.00378063167171038,0.186722566367774,0.155541112096295,0.000705929248233049,0.000588043654644307,0.909368075441064,900000014
2,7,0.119144794166325,0.128064419923394,-0.0198669849644537,0.119144794166325,0.103886585214522,0,0,0.910168672086905,900000014
3,8,0.121805093618924,0.194342837280206,-0.0197796904965849,0.121805093618924,0.0981331461298409,0,0,0.904237559130257,900000014
4,9,0.218103335424969,0.0708619618044501,-0.0269687618340688,0.218103335424969,0.202648105200661,0,0,0.975158125357433,900000014
5,10,0.0791505393841995,0.181789228516065,0.000220326228611217,0.0791505393841995,0.0647618238929154,1.74389398350643e-05,1.42687284163099e-05,0.848509477875511,900000014
6,11,0.158640036552195,0.177165275672392,0.00783434676005033,0.158640036552195,0.130534530743747,0.00124284105637695,0.00102265277800696,0.750447620084041,900000014
1,2,0.32336493765295,0.168021807273731,0.104435130310926,0.32336493765295,0.269032576419544,0.0337706594017703,0.0280964521762592,0.323364937653023,900000015
1,3,0.27375348273265,0.0791787299545583,0.113712138349276,0.27375348273265,0.252078029649241,0.0311290939020911,0.0286643317822873,0.273753482732723,900000015
1,4,0.18583778275318,0.0847526736693791,0.109187425391234,0.18583778275318,0.170087533796059,0.0202911490392352,0.0185714199063362,0.185837782753203,900000015
1,5,0.261369897250952,0.160361927500805,0.118142281634448,0.261369897250952,0.219456116737102,0.0308788360117886,0.0259270463499569,0.261369897250887,900000015
2,3,0.237432837395572,0.170665055982004,0.109285906458456,0.237432837395572,0.19691134890949,0.0259480628577782,0.0215196352575309,0.237432837396021,900000015
2,4,0.0722232421165985,0.191349783290241,0.113449731669639,0.0722232421165985,0.0584033403890688,0.00819370743843949,0.00662584329575046,0.0722232421165293,900000015
2,5,0.149963928004278,0.240726698237029,0.104665074231363,0.149963928004278,0.113863606761153,0.0156959856565945,0.0119175428539067,0.149963928004153,900000015
3,4,0.22186353519328,0.0828976693046528,0.0815641504787784,0.22186353519328,0.203471565222067,0.0180961107702585,0.0165959853639252,0.221863535192732,900000015
3,5,0.231712535264099,0.160870202777849,0.115816064304363,0.231712535264099,0.194436892729994,0.0268360338842738,0.0225189156715575,0.231712535264093,900000015
4,5,0.199047998225882,0.186352139814835,0.0974458867490376,0.199047998225882,0.161954977830629,0.0193964086927419,0.0157818464281264,0.199047998225812,900000015
6,7,0.100120980776311,0.178284643167756,0.108348125159359,0.100120980776311,0.0822709474450004,0.0108479205562295,0.00891390291074999,0.100120980776996,900000015
6,8,0.300627988677562,0.255204938497034,0.0926782469575823,0.300627988677562,0.223906241316618,0.0278616749770203,0.0207512379280855,0.300627988677669,900000015
6,9,0.12702017632016,0.183120800827874,0.108062469482981,0.12702017632016,0.103760139911114,0.0137261139273201,0.0112125769526947,0.127020176320273,900000015
6,10,0.167651918314994,0.194817721105117,0.0833414924676568,0.167651918314994,0.134990353649966,0.0139723610874373,0.0112502975419249,0.167651918314894,900000015
7,8,0.398554282921425,0.146257360761091,0.142707235812061,0.398554282921425,0.340262785381308,0.0568765800367748,0.0485579615514792,0.3985542829217,900000015
7,9,0.229092300667513,0.0760602642057235,0.136799949555569,0.229092300667513,0.211667479751245,0.031339815174885,0.0289561005525247,0.229092300667546,900000015
7,10,0.357057204876432,0.0642501530162702,0.123734626503104,0.357057204876432,0.33411622482756,0.0441803398856275,0.0413417462876651,0.357057204876454,900000015
8,9,0.304881762925861,0.153026206359598,0.134559799381525,0.304881762925861,0.25822686335709,0.0410248288543894,0.0347469549282504,0.304881762925804,900000015
8,10,0.312924532557626,0.175940930249409,0.162737382550026,0.312924532557626,0.257868299201576,0.0509245193641185,0.0419648120546915,0.312924532557585,900000015
9,10,0.383184482978493,0.0663471183302495,0.123128221612409,0.383184482978493,0.357761296744003,0.0471808239386124,0.0440505122298386,0.383184482978714,900000015
11,12,0.147143475160534,0.145661577608143,0.0755105883543469,0.147143475160534,0.125710324433906,0.0111108903818751,0.00949246056022006,0.46314900211471,900000015
11,13,0.0790177114500742,0.125892386647421,0.107730511038684,0.0790177114500742,0.0690699831682071,0.00851261843562377,0.00744094458414426,0.460154471514685,900000015
11,14,0.195700375347114,0.141158807195866,0.101763715023785,0.195700375347114,0.168075543795332,0.0199151972268714,0.0171039917412558,0.468265434317318,900000015
11,15,0.0671133518043108,0.175954906897574,0.096418801416376,0.0671133518043108,0.0553044282359992,0.00647098894000723,0.00533238668353303,0.538004385767023,900000015
12,13,0.273673942940835,0.195526527215862,0.145408604008123,0.273673942940835,0.220163427288142,0.0397945459964256,0.0320136566156126,0.544756115413367,900000015
12,14,0.147477104396423,0.178624248111102,0.136818436646304,0.147477104396423,0.12113411751001,0.0201775868646423,0.0165733805822492,0.478210227922245,900000015
12,15,0.114643123052737,0.213114082280583,0.12267715861386,0.114643123052737,0.0902110590935732,0.0140640925907289,0.0110668364051466,0.469472286682034,900000015
13,14,0.272359244025453,0.161581724995902,0.132432194582142,0.272359244025453,0.228350967557241,0.0360691324010238,0.0302410197685608,0.650526787903451,900000015
13,15,0.26472839607283,0.193906000207184,0.112919095543364,0.26472839607283,0.213395971649084,0.0298928910491893,0.0240964801112119,0.676999166664045,900000015
14,15,0.304626050573084,0.247060552902576,0.116166936250354,0.304626050573084,0.22936497008997,0.0353874749971205,0.0266446258585058,0.714747458111768,900000015
1,6,0.214901476216274,0.178696946553745,0.012143139709641,0.214901476216274,0.176499238606533,0.00260957864950231,0.0021432549130444,0.968556742119666,900000015
2,7,0.131764063745875,0.170783006178328,0.0188308462620277,0.131764063745875,0.109261000833081,0.00248122882725858,0.00205747710912303,0.779006345917928,900000015
3,8,0.116509470134026,0.158057766437078,0.00379581109687689,0.116509470134026,0.0980942435158746,0.000442247939625983,0.000372347218077301,0.903052779513639,900000015
4,9,0.198037640787532,0.0855446191369633,0.00283573505875525,0.198037640787532,0.18109658623158,0.000561582280934385,0.000513541938597785,0.712432228539785,900000015
5,10,0.193019382100711,0.178938538029634,0.0300190228948981,0.193019382100711,0.158480776056227,0.00579425325044032,0.00475743804483308,0.938234248184174,900000015
6,11,0.211199730393835,0.183667087804295,-0.00985906917933833,0.211199730393835,0.172409290967347,0,0,0.923088399630629,900000015
1,2,0.284765897904313,0.159463281354125,0.12712475219749,0.284765897904313,0.239356193406738,0.0362007942053817,0.0304280967737661,0.284765897904334,900000016
1,3,0.262207818685532,0.0403958764969914,0.110122590070851,0.262207818685532,0.251615704025366,0.0288750041304788,0.0277085730297738,0.262207818685439,900000016
1,4,0.312686416658089,0.0754541120842462,0.139587894032039,0.312686416658089,0.289092940728349,0.0436472383937274,0.0403538747757993,0.312686416658044,900000016
1,5,0.322259770768841,0.156859288076849,0.137232591050992,0.322259770768841,0.271710332550233,0.0442245433341067,0.037287512951195,0.322259770768866,900000016
2,3,0.193309587115781,0.154893916117901,0.12121446670239,0.193309587115781,0.163367108144284,0.0234319185106986,0.0198024568904209,0.19330958711584,900000016
2,4,0.312515280970838,0.195575883097457,0.118364900326528,0.312515280970838,0.251394828913517,0.0369908400826302,0.029756323866953,0.312515280970835,900000016
2,5,0.283794438154131,0.248918497704485,0.120031482620031,0.283794438154131,0.213152752951916,0.034064267170959,0.0255850409613597,0.283794438154166,900000016
3,4,0.206246923254494,0.0714514297449773,0.119592550957363,0.206246923254494,0.191510285707458,0.0246655956791123,0.0229032036023282,0.206246923254029,900000016
3,5,0.242630323651864,0.152737378781445,0.119928818565364,0.242630323651864,0.205571604004385,0.0290983680636998,0.0246539595988326,0.24263032365188,900000016
4,5,0.296619517904026,0.193328704292495,0.109067555070201,0.296619517904026,0.239274450839776,0.0323515656038938,0.0260970793438594,0.296619517904112,900000016
6,7,0.249626744818184,0.16092545745847,0.121033299743873,0.249626744818184,0.209455446714449,0.0302131486296665,0.0253510838651767,0.249626744817925,900000016
6,8,0.204309719493386,0.235308619877073,0.0981912425182415,0.204309719493386,0.156233881371925,0.020061425215609,0.0153407989353569,0.204309719492811,900000016
6,9,0.46888152680883,0.162980671124481,0.117571539372664,0.46888152680883,0.392462900891655,0.055127122890319,0.0461424674044931,0.468881526808859,900000016
6,10,0.24980254116225,0.176091158352763,0.125886819609705,0.24980254116225,0.205814522329526,0.0314468474373382,0.0259093356455547,0.249802541162364,900000016
7,8,0.246385625426372,0.139326926542888,0.107862395831379,0.246385625426372,0.212057473491368,0.0265757438569011,0.022873027144728,0.246385625426384,900000016
7,9,0.298975907416666,0.0807497026260098,0.151712734893303,0.298975907416666,0.274833691800429,0.0453584525813894,0.0416957710238663,0.298975907416737,900000016
7,10,0.229680334691258,0.0429729796600704,0.122918597553885,0.229680334691258,0.219810286340253,0.0282319846259564,0.0270187721248617,0.229680334691221,900000016
8,9,0.225892881561922,0.154102840761838,0.141640112798981,0.225892881561922,0.191082146805352,0.0319954932249174,0.0270648968273815,0.225892881561938,900000016
8,10,0.26567722721251,0.154705408246989,0.116071437284041,0.26567722721251,0.22457552331467,0.0308375376161946,0.0260668037699494,0.265677227212375,900000016
9,10,0.288171290419397,0.0753953647968668,0.131321236474828,0.288171290419397,0.266444510854242,0.037843010174422,0.0349898226173099,0.288171290419328,900000016
11,12,0.157454392393728,0.1547641131259,0.101501793200984,0.157454392393728,0.133086102997135,0.0159819031753348,0.0135084781043401,0.343367500919731,900000016
11,13,0.208852592289844,0.14481163528618,0.0993802256322291,0.208852592289844,0.178608306866594,0.0207558177456407,0.0177501338361925,0.55047960804389,900000016
11,14,0.169482083255916,0.184158023032007,0.096595784200884,0.169482083255916,0.13827059786416,0.0163712547401047,0.0133563568326137,0.398632627586363,900000016
11,15,0.175782698236962,0.165574990482738,0.090619059813927,0.175782698236962,0.146677479649347,0.0159292628457888,0.0132917753017003,0.514496419722437,900000016
12,13,0.231742541889376,0.189111125565884,0.116373440329849,0.231742541889376,0.187917448951177,0.0269686768704508,0.0218686000324573,0.588486985751718,900000016
12,14,0.122098573765332,0.212042130186337,0.124092082164478,0.122098573765332,0.0962085320914175,0.0151514662478532,0.011938717069212,0.368867542537322,900000016
12,15,0.216411795463648,0.185766611112379,0.115838672131172,0.216411795463648,0.176209709615621,0.0250688550200319,0.020411898778493,0.427279202387549,900000016
13,14,0.244984511460223,0.197695677172716,0.121531142502239,0.244984511460223,0.196552132570268,0.0297732475731137,0.0238872052325161,0.503411074640448,900000016
13,15,0.231675684560266,0.1804054293177,0.134417337494669,0.231675684560266,0.189880133224699,0.0311412286808458,0.0255231819511971,0.536616568028821,900000016
14,15,0.187063259614869,0.249494326630136,0.0895480463334193,0.187063259614869,0.140392037620019,0.0167511494392728,0.0125718326896406,0.423224462353106,900000016
1,6,0.15217576936197,0.165912322329456,0.00375434369660861,0.15217576936197,0.126927934064854,0.000571320140480678,0.000476531089179938,0.98022203028758,900000016
2,7,0.136562222725934,0.159522012578616,0.0103586569011783,0.136562222725934,0.114777542114483,0.00141460121088024,0.00118894117872448,0.924438053869078,900000016
3,8,0.138896444594481,0.137086702603064,-0.00559870867041383,0.138896444594481,0.119855589001734,0,0,0.829250454141007,900000016
4,9,0.236554135187698,0.0885764065952745,0.0141334734014594,0.236554135187698,0.215601019927519,0.00334333157768056,0.0030471912804731,0.988484150536618,900000016
5,10,0.189259541240962,0.169874819670636,0.000760808607552012,0.189259541240962,0.157109110801706,0.000143990288037469,0.000119529963822781,0.798159298826334,900000016
6,11,0.193885376832523,0.189365505689366,0.00730280333401004,0.193885376832523,0.157170174402859,0.00141590677634834,0.00114778287363614,0.929656035826482,900000016
1,2,0.197973281073838,0.178409957740631,0.116782057811302,0.197973281073838,0.162652876363681,0.0231197271554581,0.0189949376106779,0.197973281074171,900000017
1,3,0.182354073108836,0.0773656106154474,0.101712661258856,0.182354073108836,0.168246138894557,0.0185477180672917,0.0171127625334925,0.182354073108698,900000017
1,4,0.310999309343621,0.0652268487926666,0.101012824826549,0.310999309343621,0.290713804418441,0.031414918755905,0.0293658226003797,0.31099930934366,900000017
1,5,0.248190799528165,0.17470466637018,0.107334172478819,0.248190799528165,0.204830708700448,0.0266393540842121,0.0219853346166127,0.248190799528188,900000017
2,3,0.261511392575,0.169953824495269,0.128215674153313,0.261511392575,0.217066531257795,0.0335298594977754,0.0278313316413395,0.261511392575044,900000017
2,4,0.346040929246079,0.184124760049911,0.111598788165796,0.346040929246079,0.282326226181196,0.0386177483596282,0.0315072647092438,0.346040929245914,900000017
2,5,0.304688980767179,0.264606148527411,0.128076346248828,0.304688980767179,0.224066403067633,0.0390234513989398,0.0286976062220197,0.304688980767013,900000017
3,4,0.238844974583015,0.0489463209551768,0.104748801039747,0.238844974583015,0.227154391798543,0.0250187247219396,0.0237941501918103,0.238844974582761,900000017
3,5,0.19867690887354,0.170008651778187,0.124264475371099,0.19867690887354,0.164900115456492,0.0246884818495221,0.0204912263358346,0.19867690887357,900000017
4,5,0.253727610017225,0.180592056928584,0.105421973810543,0.253727610017225,0.207906419024641,0.0267484654582476,0.0219179050614595,0.253727610016925,900000017
6,7,0.173712294000207,0.206269630994893,0.0966513660780448,0.173712294000207,0.137880723217508,0.0167895305196709,0.0133263602548009,0.173712294000147,900000017
6,8,0.272238392904091,0.262693691858491,0.088033102682993,0.272238392904091,0.200723084406493,0.0239659903967789,0.0176702759004039,0.27223839290414,900000017
6,9,0.327159558122981,0.199353614833828,0.0851978105185153,0.327159558122981,0.261939117583727,0.027873278042283,0.0223166393072855,0.327159558123003,900000017
6,10,0.186068465324839,0.208940932164283,0.107001008653746,0.186068465324839,0.14719114673349,0.0199095134684124,0.015749601165385,0.186068465324798,900000017
7,8,0.268726591140203,0.138771929824562,0.121645756577481,0.268726591140203,0.231434883492501,0.0326894494917375,0.0281530715008666,0.268726591140303,900000017
7,9,0.272623341571865,0.0996225712470704,0.100268742014255,0.272623341571865,0.245463903302508,0.0273355995031334,0.0246123567940511,0.272623341571904,900000017
7,10,0.294635179406593,0.0721682590233546,0.107187502516694,0.294635179406593,0.273371871461785,0.0315812090341507,0.0293020481603034,0.294635179406456,900000017
8,9,0.21403043049121,0.141228813559322,0.112934367645559,0.21403043049121,0.183803166727345,0.0241713913244315,0.0207576944056039,0.214030430487809,900000017
8,10,0.31864437363848,0.148608178353689,0.121830112286279,0.31864437363848,0.271291213729413,0.0388204798197671,0.0330514390309353,0.318644373638376,900000017
9,10,0.232661641737077,0.0741529097882274,0.110061915509192,0.232661641737077,0.215409104006167,0.0256071859550962,0.0237083386050376,0.23266164173708,900000017
11,12,0.0543139681874617,0.212736175687535,0.0827779224114836,0.0543139681874617,0.0427594223088467,0.00449599744448149,0.00353953614224157,0.474596063959627,900000017
11,13,0.079106749275847,0.194322463538492,0.0646043799919779,0.079106749275847,0.0637345308740426,0.00511064249014694,0.00411752985119709,0.525436230720907,900000017
11,14,0.14259561128046,0.142154165504849,0.0936326682233253,0.14259561128046,0.122325051154233,0.0133516075611256,0.0114536209301256,0.611868575848769,900000017
11,15,0.161743126503411,0.156171425314868,0.0834575687062131,0.161743126503411,0.13648347190249,0.0134986880929161,0.0113905787335646,0.567412974291486,900000017
12,13,0.0976631912571485,0.233233321574722,0.0487690696842579,0.0976631912571485,0.0748848807646564,0.00476294298000688,0.00365206596830887,0.46458577508433,900000017
12,14,0.293914852311936,0.183711951180628,0.103688473668142,0.293914852311936,0.239919181312744,0.030475582424622,0.0248768537140287,0.686074032538729,900000017
12,15,0.278339926600889,0.192081891580161,0.118602587597467,0.278339926600889,0.224875866997107,0.0330118355265544,0.0266708597140807,0.59384374389974,900000017
13,14,0.114871037868407,0.17557138303659,0.114072401663446,0.114871037868407,0.0947029708790026,0.0131036151712218,0.0108029953328312,0.39018657849442,900000017
13,15,0.162635991428591,0.181714253463877,0.114196680036552,0.162635991428591,0.133082713659787,0.0185724902755982,0.0151976040702027,0.566725176212482,900000017
14,15,0.365595254022696,0.180120274914089,0.13258776792735,0.365595254022696,0.299744136360842,0.0484734586957019,0.0397424059893953,0.759828985549918,900000017
1,6,0.0896192819025542,0.207571897599947,-0.0549868577377844,0.0896192819025542,0.0710168374964965,0,0,0.862657487819362,900000017
2,7,0.117621918760885,0.183649683406973,-0.0428860542812516,0.117621918760885,0.0960206906187279,0,0,0.972987704429803,900000017
3,8,0.226403605010321,0.132612940929642,-0.0393159825441315,0.226403605010321,0.196379557112829,0,0,0.951469336484597,900000017
4,9,0.0884430656602725,0.0762092181595615,-0.0775774915032935,0.0884430656602725,0.0817028887746684,0,0,0.890278392832548,900000017
5,10,0.187719399322412,0.182276807767593,-0.0209409311067849,0.187719399322412,0.153502506457872,0,0,0.86080701140851,900000017
6,11,0.107914482652796,0.242849006140202,0.0109633639993446,0.107914482652796,0.0817075577924305,0.00118310575412357,0.000895789697575905,0.96212186037758,900000017
1,2,0.266543347664776,0.150176298255166,0.106432075707734,0.266543347664776,0.226514854387941,0.0283687617580504,0.0241084461311436,0.266543347664751,900000018
1,3,0.254096347440865,0.076508759955572,0.113106937515244,0.254096347440865,0.234655750988924,0.0287400596928456,0.0265411933646968,0.254096347440813,900000018
1,4,0.194469848734233,0.0605928300648191,0.103863014856095,0.194469848734233,0.182686370237149,0.0201982247881461,0.018974357185947,0.194469848734033,900000018
1,5,0.221842536890156,0.140139087584678,0.12340581384739,0.221842536890156,0.190753726182899,0.0273766588108992,0.0235401188240228,0.221842536889804,900000018
2,3,0.267034872232363,0.148580382203066,0.109314696529466,0.267034872232363,0.227358728854531,0.0291908360208655,0.0248536504480583,0.26703487223233,900000018
2,4,0.218573118134615,0.156064976025232,0.113521490190557,0.218573118134615,0.184461509693176,0.024812746086238,0.0209403454631691,0.218573118136321,900000018
2,5,0.322230005030395,0.219798191966118,0.0925176458340896,0.322230005030395,0.251404432527481,0.029811961482519,0.0232593462496978,0.32223000503057,900000018
3,4,0.177509604576016,0.0560016843857243,0.119234308772483,0.177509604576016,0.167568767725116,0.0211652350020982,0.019979946191561,0.177509604575877,900000018
3,5,0.266314887688048,0.136942564910524,0.119772777701917,0.266314887688048,0.229845043894189,0.0318972738417715,0.0275291793482259,0.266314887688066,900000018
4,5,0.350628309910076,0.14680431030854,0.111529124600156,0.350628309910076,0.299154562699078,0.0391052684643029,0.0333644464979706,0.35062830991,900000018
6,7,0.253593706185491,0.171694206779439,0.093046422116013,0.253593706185491,0.210053135957715,0.0235959870316993,0.0195446927551138,0.253593706185542,900000018
6,8,0.279326602446841,0.239714892775966,0.113561253546685,0.279326602446841,0.212367855891822,0.0317206791227997,0.024116759928097,0.279326602446921,900000018
6,9,0.256968341315055,0.166159420289855,0.0861237217455377,0.256968341315055,0.2142706306893,0.0221310699248301,0.0184537841757261,0.256968341315008,900000018
6,10,0.258733180833372,0.184980072734519,0.105613773304839,0.258733180833372,0.210872698223981,0.0273257875069757,0.0222710613464073,0.258733180833258,900000018
7,8,0.249835554863822,0.148532271347272,0.105112436847736,0.249835554863822,0.212726912436593,0.0262608239829426,0.0223602441493053,0.249835554863872,900000018
7,9,0.227755298917589,0.0820917766752283,0.111363783324292,0.227755298917589,0.209058461782247,0.0253636917596177,0.0232815412400278,0.227755298917577,900000018
7,10,0.150377501501273,0.0759738874934834,0.109482008688708,0.150377501501273,0.138952738120664,0.0164636309259485,0.0152128248822463,0.150377501501725,900000018
8,9,0.288291331844647,0.141873368510887,0.110355083772103,0.288291331844647,0.247390469483357,0.0318144140764872,0.0273007959842557,0.28829133184458,900000018
8,10,0.260436108560562,0.161653671051639,0.112739796086602,0.260436108560562,0.218335655537344,0.029361513772706,0.0246151172837148,0.260436108560359,900000018
9,10,0.269274773725624,0.0608037897582272,0.1169201884587,0.269274773725624,0.252901846996817,0.0314836572911739,0.0295693316124213,0.269274773725756,900000018
11,12,0.292180300716466,0.190954733249506,0.111100279581521,0.292180300716466,0.236387089332393,0.0324613130978121,0.0262626717142907,0.538040391346435,900000018
11,13,0.160459728221531,0.155480880336066,0.125929829021647,0.160459728221531,0.135511308419161,0.0202066661397972,0.0170649158997246,0.450203668265148,900000018
11,14,0.219380392022242,0.190668432033382,0.118223019937291,0.219380392022242,0.177551476656493,0.0259358124598962,0.020990671764656,0.557561686770702,900000018
11,15,0.213022706661336,0.126022011084719,0.120052848955326,0.213022706661336,0.186177156761165,0.0255739828268681,0.0223510980795801,0.574129356653907,900000018
12,13,0.289112780856704,0.21646214726876,0.138856051702,0.289112780856704,0.226530807509619,0.0401450592463475,0.0314551735196515,0.675521400265371,900000018
12,14,0.173518256927789,0.219497035473822,0.151201122819355,0.173518256927789,0.135431513931555,0.026236155277139,0.0204773969715762,0.544964185534638,900000018
12,15,0.208706714172168,0.177536397301274,0.15537005301072,0.208706714172168,0.171653676045455,0.0324267732446229,0.0266698407466673,0.541108483261551,900000018
13,14,0.120708364541944,0.2119699408605,0.137786196389951,0.120708364541944,0.0951218196486205,0.0166319464226861,0.0131064737230743,0.512530843104804,900000018
13,15,0.205183637071887,0.147771800314042,0.135768681143982,0.205183637071887,0.174863281626791,0.0278575117975756,0.0237409571269782,0.492066278335569,900000018
14,15,0.294760395404384,0.232360982913872,0.119297328632764,0.294760395404384,0.22626958020414,0.0351641277584801,0.0269933564692107,0.636986692183083,900000018
1,6,0.102118882447897,0.174233296979452,-0.0233215121657296,0.102118882447897,0.0843263728751425,0,0,0.904459981714736,900000018
2,7,0.169433636793191,0.156864632189641,-0.0342972499672199,0.169433636793191,0.142855491677074,0,0,0.94757209541881,900000018
3,8,0.182026639372953,0.146317375563781,-0.00563111953560287,0.182026639372953,0.155392979217207,0,0,0.937041197325027,900000018
4,9,0.0506863956515345,0.0555737704918033,-0.0264427866964568,0.0506863956515345,0.0478695615325394,0,0,0.880484425628968,900000018
5,10,0.0544870437635747,0.149155414103064,0.00102524223430207,0.0544870437635747,0.0463600061877669,5.58624184886822e-05,4.75302363262041e-05,0.867984834657986,900000018
6,11,0.0717609885597111,0.193292319234445,-0.00445623701669447,0.0717609885597111,0.057890140650448,0,0,0.891152194849145,900000018
1,2,0.285829789802142,0.139447543502088,0.116817053216475,0.285829789802142,0.245971527754515,0.0333897937661706,0.0287336690474367,0.285829789802042,900000019
1,3,0.279387726523503,0.106044654551858,0.114340383457201,0.279387726523503,0.249760151578289,0.031945299783933,0.0285576715037903,0.279387726523511,900000019
1,4,0.28080137968216,0.0397354773407415,0.0934519747798608,0.28080137968216,0.269643602822551,0.0262414434522073,0.0251987271705238,0.280801379682081,900000019
1,5,0.186376666866425,0.191783627234247,0.119044163827531,0.186376666866425,0.150632673662953,0.0221870544640758,0.0179319406813115,0.186376666866507,900000019
2,3,0.216867223265204,0.159950761574889,0.121325053630389,0.216867223265204,0.182179145743303,0.0263114274933244,0.0221028946276447,0.216867223262529,900000019
2,4,0.218775993891361,0.146855953696335,0.107934428314498,0.218775993891361,0.186647436662581,0.0236134618296001,0.0201456843725422,0.218775993892573,900000019
2,5,0.228449479924841,0.262761260736077,0.121402860864295,0.228449479924841,0.168421806565288,0.0277344204258361,0.020446889148959,0.22844947992479,900000019
3,4,0.23312625968488,0.0940399412565045,0.117572493334776,0.23312625968488,0.211203079918765,0.0274092356129617,0.0248316727060331,0.233126259684808,900000019
3,5,0.248523772755311,0.207959170774871,0.103336771870646,0.248523772755311,0.196840975055274,0.0256816444096478,0.0203409109340824,0.24852377275548,900000019
4,5,0.187308802092213,0.196418755074572,0.0907217142840876,0.187308802092213,0.150517840370751,0.0169929756263045,0.0136552365087732,0.187308802092474,900000019
6,7,0.283395778643872,0.225459752022471,0.11691928295239,0.283395778643872,0.21950143666661,0.0331344312307757,0.0256639505820794,0.283395778643842,900000019
6,8,0.311833429621816,0.303532773475677,0.109138666456856,0.311833429621816,0.217181763866274,0.034033084665593,0.023702928087113,0.311833429621771,900000019
6,9,0.242948001582289,0.206612993563708,0.0941202697627452,0.242948001582289,0.192751787695051,0.0228663314472449,0.0181418502551096,0.242948001582192,900000019
6,10,0.402848486711637,0.269384745911997,0.102732969287039,0.402848486711637,0.29432724947779,0.0413858212126769,0.0302371122809406,0.40284848671153,900000019
7,8,0.256758223297847,0.170310227357674,0.143864530627743,0.256758223297847,0.213029671912038,0.036938401279558,0.0306474137594075,0.256758223297786,900000019
7,9,0.299585948512329,0.0800907911802853,0.112603640026216,0.299585948512329,0.27559187286948,0.0337344683031948,0.0310326480467457,0.299585948512353,900000019
7,10,0.260664834408022,0.113410663372281,0.147118725094137,0.260664834408022,0.231102662619982,0.0383486781149824,0.0339995290905122,0.260664834407945,900000019
8,9,0.266106274358537,0.149788573131607,0.140717412871602,0.266106274358537,0.226246595221003,0.0374457864766341,0.0318368355505083,0.266106274358573,900000019
8,10,0.325647352134973,0.208765291271944,0.154353224886991,0.325647352134973,0.257663487814579,0.0502647189779426,0.03977119027981,0.325647352134924,900000019
9,10,0.198166107244891,0.0936448041308773,0.122279549593619,0.198166107244891,0.179608880946565,0.0242316623386262,0.02196249306516,0.198166107245267,900000019
11,12,0.204428030736829,0.121989815355858,0.0990661604053467,0.204428030736829,0.179489893013682,0.0202519000843238,0.0177813745324319,0.486614424572079,900000019
11,13,0.110568082380345,0.109619357736357,0.132609821003875,0.110568082380345,0.098447680203671,0.0146624136131993,0.0130551292500555,0.404221853360099,900000019
11,14,0.0675791295055071,0.139755771207599,0.0955097825958487,0.0675791295055071,0.0581345561439268,0.00645446796708769,0.00555241881861261,0.564026680497462,900000019
11,15,0.196324632008135,0.164191980498572,0.0986889389279103,0.196324632008135,0.164089701858066,0.0193750696182953,0.0161938385653697,0.638901913626274,900000019
12,13,0.198028593529485,0.147605933821254,0.131918154279995,0.198028593529485,0.168798398058256,0.0261235665530729,0.0222675731172649,0.540553994146101,900000019
12,14,0.0490876864028663,0.164494949494949,0.123947700895177,0.0490876864028663,0.0410130099072029,0.00608430587189874,0.00508346828478893,0.458671135368049,900000019
12,15,0.203099144314056,0.182783031406395,0.122583119266201,0.203099144314056,0.165976067040288,0.0248965266303134,0.0203458640213346,0.64661902803838,900000019
13,14,0.286995113746829,0.145475403987685,0.101489431033172,0.286995113746829,0.245244383632018,0.0291269708034663,0.0248897129588946,0.609351252171286,900000019
13,15,0.294737985678905,0.173324328264245,0.13202347346764,0.294737985678905,0.243652722297153,0.0389123326321847,0.0321678787175164,0.663447736646441,900000019
14,15,0.240278806094,0.225480945036095,0.120660017787474,0.240278806094,0.18610051382378,0.0289920450172551,0.0224548913082354,0.576868535709612,900000019
1,6,0.125656848130731,0.21647199416191,-0.0105882072535219,0.125656848130731,0.0984556596357714,0,0,0.799967175693779,900000019
2,7,0.210745120254845,0.156145781914768,0.00583835905962963,0.210745120254845,0.17783815866793,0.00123040568211261,0.00103828302480676,0.902273298801171,900000019
3,8,0.195860971271725,0.177910598311015,0.0208252401339111,0.195860971271725,0.161015228686996,0.00407885175959474,0.0033531808026233,0.945557214393048,900000019
4,9,0.189534171943759,0.0303790174746359,-0.0367594003483104,0.189534171943759,0.183776310022239,0,0,0.938238813087351,900000019
5,10,0.226845877706982,0.237286203393656,-0.0100548749421807,0.226845877706982,0.17301848063039,0,0,0.927410021635123,900000019
6,11,0.0571433269340591,0.226586864706982,-0.00526692814501505,0.0571433269340591,0.0441953996451446,0,0,0.983442929452518,900000019
1,2,0.236916487858682,0.154764889859031,0.1090889338029,0.236916487858682,0.200250133709445,0.0258449670608312,0.0218450735802514,0.236916487859122,900000020
1,3,0.227253247479396,0.12280727884449,0.123905580581436,0.227253247479396,0.199344894547878,0.0281579455679513,0.0246999448948999,0.227253247479384,900000020
1,4,0.262912638577058,0.101077718262766,0.132237699279715,0.262912638577058,0.236338028967246,0.0347669624369895,0.0312527972029313,0.262912638576999,900000020
1,5,0.250926055339942,0.178946115604988,0.104358519342898,0.250926055339942,0.206023812432777,0.0261862715998304,0.0215003400148635,0.250926055339858,900000020
2,3,0.2119250752642,0.153224541066854,0.0936471941557046,0.2119250752642,0.179452952866284,0.0198461886697288,0.0168052655188834,0.211925075261389,900000020
2,4,0.269776726105037,0.175597560612678,0.114822444802875,0.269776726105037,0.222404591090918,0.0309764232422959,0.0255370388844429,0.269776726105001,900000020
2,5,0.172834127166174,0.230920082640748,0.106021147383007,0.172834127166174,0.13292325623782,0.0183240724690984,0.0140926761402192,0.172834127166014,900000020
3,4,0.263222754297693,0.0938579017264276,0.116339252611181,0.263222754297693,0.238517218892661,0.03062313850525,0.0277489149808695,0.263222754297576,900000020
3,5,0.200811200090841,0.178780551954761,0.106260171514548,0.200811200090841,0.164910062899902,0.021338232563695,0.0175233715682185,0.200811200090932,900000020
4,5,0.280506273241342,0.201071283321013,0.101976049582584,0.280506273241342,0.224104516901111,0.0286049216282851,0.0228532933271888,0.280506273241378,900000020
6,7,0.0361192894253183,0.199159809977087,0.0909149323235647,0.0361192894253183,0.0289257786068645,0.00328378275367806,0.0026297852044495,0.0361192894255804,900000020
6,8,0.301472715674715,0.256356686626272,0.0944121137813206,0.301472715674715,0.224188169176121,0.0284626763342449,0.0211660789366819,0.301472715674785,900000020
6,9,0.242977656333866,0.178795529688226,0.0884431320293789,0.242977656333866,0.199534337567248,0.0214897049393251,0.0176474417618548,0.24297765633343,900000020
6,10,0.218378504503188,0.179776403214929,0.0865956102853561,0.218378504503188,0.17911920242415,0.018910619870657,0.0155109366477455,0.218378504502586,900000020
7,8,0.144894649038605,0.163913521720232,0.100707217554493,0.144894649038605,0.12114445683627,0.0145919369432127,0.0122001211701312,0.144894649037744,900000020
7,9,0.130147094293642,0.0958205232572149,0.103411279518124,0.130147094293642,0.117676331618019,0.0134586775464714,0.0121690600216184,0.130147094292536,900000020
7,10,0.279419220354146,0.0787508240122343,0.0856841230509281,0.279419220354146,0.257414726506401,0.023941790859619,0.0220563551010955,0.279419220353921,900000020
8,9,0.237960980640403,0.148973328004586,0.12200772359419,0.237960980640403,0.202511141419168,0.0290330775521767,0.0247079233670137,0.237960980630948,900000020
8,10,0.323350358604525,0.151110943541659,0.110819266079994,0.323350358604525,0.274488580821262,0.0358334494272564,0.0304186230739514,0.323350358604516,900000020
9,10,0.302306823687202,0.0483301351288166,0.106970975618263,0.302306823687202,0.287696294048036,0.0323380558658781,0.030775153256077,0.302306823687189,900000020
11,12,0.146441707135757,0.152317896393587,0.0872756435663193,0.146441707135757,0.124136014360553,0.0127807942352236,0.0108340505430751,0.445500755233546,900000020
11,13,0.213815519412778,0.123660348102997,0.0957653337030196,0.213815519412778,0.187375017852371,0.0204761145674492,0.0179440311122415,0.538853905439949,900000020
11,14,0.0933293397473886,0.133681400712335,0.0827386159478842,0.0933293397473886,0.0808529428824003,0.00772194039802879,0.00668966058940313,0.505850237331445,900000020
11,15,0.207049232302725,0.11421169319281,0.0827773484597524,0.207049232302725,0.18340178890716,0.0171389864506469,0.0151815137885099,0.510083487089303,900000020
12,13,0.224868444365204,0.196144865714844,0.117956610755862,0.224868444365204,0.180761653541686,0.0265247195632627,0.0213220320064027,0.702057350970117,900000020
12,14,0.190496311214456,0.175693488438609,0.0847474239409634,0.190496311214456,0.157027349762501,0.0161440716456812,0.0133076633806486,0.615329839918322,900000020
12,15,0.184269454738644,0.16991542457178,0.106242864730443,0.184269454738644,0.152959232101117,0.0195773147537502,0.0162508270053913,0.591158228060176,900000020
13,14,0.0933188983026075,0.162972912157903,0.104134048058669,0.0933188983026075,0.0781104456868644,0.00971767464062581,0.00813395690504002,0.602732834916758,900000020
13,15,0.181541326492417,0.140092687611351,0.10518360376037,0.181541326492417,0.156108714151564,0.0190951709519102,0.0164200771328589,0.598610896289298,900000020
14,15,0.0765279529831443,0.173997212553569,0.115725365879851,0.0765279529831443,0.0632123024816466,0.00885622535901042,0.00731526683279638,0.536180468728037,900000020
1,6,0.243375379514064,0.19104901258471,0.0116133149634966,0.243375379514064,0.196878753570473,0.00282639493665735,0.00228641497483454,0.693884090404089,900000020
2,7,0.0958118707540784,0.159663621151589,-0.0103010894857246,0.0958118707540784,0.0805142005201742,0,0,0.939284790369912,900000020
3,8,0.148888821078137,0.1630437495169,-0.0108895456398353,0.148888821078137,0.124613429428407,0,0,0.792333076139774,900000020
4,9,0.189655344471732,0.0871401242147598,0.00952967860762528,0.189655344471732,0.173128754196472,0.00180735447903407,0.00164986138523094,0.886058584056642,900000020
5,10,0.0888522635800072,0.166305258170759,-0.0103885011258254,0.0888522635800072,0.0740756649462778,0,0,0.941482266322069,900000020
6,11,0.199985207021397,0.18677810832507,-0.00224874347413016,0.199985207021397,0.162632348360943,0,0,0.970868897872989,900000020
