"i","j","rho","gini","o_bar","raw","gini","over","cw","oracle","seed"
1,2,0.205465788475863,0.166738352917881,0.110367283108872,0.205465788475863,0.171206761324424,0.0226767008459032,0.0188956250972458,0.20546578847584,202608260001
1,3,0.19561071271338,0.0979338060721096,0.078257687237245,0.19561071271338,0.176453811108881,0.0153080419757783,0.0138088671615787,0.195610712713604,202608260001
1,4,0.262125066300117,0.0792839953719973,0.0905579614828553,0.262125066300117,0.241342743756694,0.0237375116576969,0.0218555068932853,0.262125066300189,202608260001
1,5,0.1786941769072,0.161329440914641,0.116087362242867,0.1786941769072,0.14986554525206,0.0207441356453171,0.0173974958394006,0.178694176907109,202608260001
2,3,0.131088513052649,0.165341714155006,0.0834807191795504,0.131088513052649,0.109414113598493,0.010943363345813,0.00913396889159523,0.131088513052661,202608260001
2,4,0.26230038532679,0.17287489859341,0.0703822654199971,0.26230038532679,0.216955232812409,0.0184612953398377,0.0152698007800602,0.262300385326704,202608260001
2,5,0.324586113831708,0.237481773101693,0.105486860569939,0.324586113831708,0.247502827994766,0.0342395701327039,0.0261082963073496,0.324586113831615,202608260001
3,4,0.116189165380574,0.0723780002815062,0.0762342021493386,0.116189165380574,0.107779625935951,0.00885758832118565,0.00821649379118141,0.116189165379751,202608260001
3,5,0.217249204161712,0.15539398492817,0.0793926791915613,0.217249204161712,0.18348998460455,0.0172479963706328,0.0145677614825735,0.217249204162472,202608260001
4,5,0.241061108137582,0.165664424596939,0.0875308955325298,0.241061108137582,0.201125858365269,0.0211002946733466,0.0176047264974607,0.241061108137559,202608260001
6,7,0.139415887209023,0.201210710946743,0.101186867257945,0.139415887209023,0.111363917426424,0.014107056872668,0.0112685659299524,0.139415887209234,202608260001
6,8,0.278353155417603,0.274033013673546,0.0739304084097342,0.278353155417603,0.202075201372976,0.0205787624621616,0.0149395021669834,0.278353155417627,202608260001
6,9,0.267157982847151,0.172587862472666,0.089850122825092,0.267157982847151,0.221049757645052,0.0240041775725203,0.0198613478748647,0.267157982846935,202608260001
6,10,0.16032757788242,0.184986082351743,0.100222014089505,0.16032757788242,0.130669207357007,0.0160683527694681,0.0130959311407984,0.160327577882066,202608260001
7,8,0.222788714667489,0.183324998102549,0.106444650585815,0.222788714667489,0.181945973973802,0.0237146668872437,0.0193671756251372,0.222788714667505,202608260001
7,9,0.202566299343362,0.0818501900315816,0.0948939161500481,0.202566299343362,0.185986209248114,0.0192223094247145,0.0176489597454558,0.202566299343483,202608260001
7,10,0.229819319065022,0.0852045535091954,0.107490905805952,0.229819319065022,0.210237666596299,0.0247034867780064,0.0225986372169661,0.229819319065026,202608260001
8,9,0.240090131319491,0.159431066303819,0.0952863114829161,0.240090131319491,0.2018123056742,0.0228773030368833,0.0192299502195574,0.240090131319668,202608260001
8,10,0.32533981189485,0.173984027019519,0.0985517711538345,0.32533981189485,0.268735881271611,0.0320628146890928,0.0264843970719038,0.325339811894792,202608260001
9,10,0.240354032762322,0.0277794183470119,0.0998356279813168,0.240354032762322,0.233677137534826,0.0239958957986684,0.0233293037706659,0.240354032762365,202608260001
11,12,0.0308940696110839,0.186368767638758,0.0443926302037974,0.0308940696110839,0.0251363799303202,0.00137146900773522,0.00111587001890886,0.0911414054637496,202608260001
11,13,-0.0100038535323978,0.197884106056637,0.00638703167067558,0.0100038535323978,0.00802424991901769,6.38949293402242e-05,5.12511383661819e-05,0.065747851364065,202608260001
11,14,0.0709135968673968,0.158436087637783,-0.0193453338621464,0.0709135968673968,0.0596783240194035,0,0,0.0371475211195639,202608260001
11,15,0.0212210250181035,0.16238102018318,0.00253562334212507,0.0212210250181035,0.0177751333263311,5.38085263797235e-05,4.50710429716305e-05,0.00978338579833919,202608260001
12,13,0.0527630737220812,0.243271001218673,0.00495607867769241,0.0527630737220812,0.0399273479503359,0.000261497944643519,0.000197883077833465,0.0980563570809016,202608260001
12,14,-0.147931637290208,0.224742427538859,0.0225733239379166,0.147931637290208,0.114685122015809,0.00333930876921824,0.00258882441012234,0.0796782040349639,202608260001
12,15,0.168398228820576,0.199785831833772,-0.0230776675506442,0.168398228820576,0.134754648596323,0,0,0.172522131251276,202608260001
13,14,0.00499921418181055,0.226265729842721,-0.0272421280666081,0.00499921418181055,0.00386806333632311,0,0,0.044118759404371,202608260001
13,15,-0.0949476835726334,0.235028736781635,0.0123805459338292,0.0949476835726334,0.0726322494422149,0.00117550415778167,0.000899226900496681,0.298055875332384,202608260001
14,15,-0.119893334271268,0.181694808864826,-0.00988890421020456,0.119893334271268,0.0981093378166836,0,0,0.0302567596205392,202608260001
1,6,0.189000740084502,0.194160690931454,0.00444582995072741,0.189000740084502,0.152304225803139,0.000840265150977327,0.000677118688697947,0.964823206226808,202608260001
2,7,0.166921277505686,0.173081463253242,-0.0125035578172916,0.166921277505686,0.138030298546901,0,0,0.889247144450968,202608260001
3,8,0.0804933173729264,0.180512819659185,-0.0448977988312274,0.0804933173729264,0.0659632416902178,0,0,0.954345504221809,202608260001
4,9,0.0971055957096581,0.0486342835648679,-0.0491146573938508,0.0971055957096581,0.0923829346321792,0,0,0.821966289630075,202608260001
5,10,0.182203591495652,0.151949433932633,-0.0078596330244131,0.182203591495652,0.154517858907395,0,0,0.903932225500253,202608260001
6,11,0.16082818265107,0.211902453801878,0.0107319325455326,0.16082818265107,0.126748296106812,0.00172599720763187,0.00136025416407949,0.978881959850636,202608260001
1,2,0.317737517053423,0.190121449164896,0.152045856117558,0.317737517053423,0.25732879985717,0.0483106728010549,0.0391257776779873,0.317737517053466,202608260002
1,3,0.253096851457783,0.071244641961957,0.129624541418157,0.253096851457783,0.235065056893975,0.0328075633045946,0.0304702002033145,0.253096851457784,202608260002
1,4,0.305752550752108,0.0604052531887806,0.13244167497492,0.305752550752108,0.287283490510811,0.0404943799494632,0.0380483066758932,0.305752550752137,202608260002
1,5,0.326643655390198,0.166624962953554,0.120291412865517,0.326643655390198,0.272216668411793,0.0392924268104441,0.0327453276487986,0.326643655390058,202608260002
2,3,0.243633977545919,0.201535317113109,0.114290643159741,0.243633977545919,0.194533126621674,0.0278450839892888,0.0222333161574664,0.243633977546206,202608260002
2,4,0.336024568343829,0.22059884795131,0.132915754043228,0.336024568343829,0.261897935683844,0.0446629588784701,0.0348103616037829,0.336024568343916,202608260002
2,5,0.334081649163668,0.294450629998701,0.107748822356029,0.334081649163668,0.235711097096421,0.0359969042681453,0.025397593128387,0.33408164916362,202608260002
3,4,0.162352200023764,0.0758541252904403,0.119285654721569,0.162352200023764,0.150037115901983,0.0193662884753218,0.0178972756029039,0.16235220002344,202608260002
3,5,0.238994515552623,0.178413552425145,0.123313049458598,0.238994515552623,0.196354655022753,0.0294711425166742,0.0242130912862466,0.2389945155525,202608260002
4,5,0.225664923648571,0.193931300245831,0.114229322229762,0.225664923648571,0.181901431585528,0.0257775512794072,0.0207784772426382,0.225664923648584,202608260002
6,7,0.239305904530227,0.189477209814198,0.1106833471617,0.239305904530227,0.193962889447777,0.0264871785089637,0.0214684618292347,0.239305904530203,202608260002
6,8,0.185169965588661,0.24677067683001,0.113360754522604,0.185169965588661,0.139475447851757,0.0209910070140551,0.0158110420058533,0.185169965588778,202608260002
6,9,0.287337507393368,0.190722737663036,0.0995671178838458,0.287337507393368,0.232535711350032,0.0286093674710859,0.0231529105841926,0.287337507393212,202608260002
6,10,0.276823001786076,0.197763736045235,0.109185996033368,0.276823001786076,0.222077450729605,0.0302251951749596,0.0242477476544631,0.276823001786017,202608260002
7,8,0.274438294625205,0.134888745106306,0.115081707084883,0.274438294625205,0.237419657454096,0.0315828274349326,0.0273226594753255,0.274438294625242,202608260002
7,9,0.296650341999314,0.0908829435991694,0.125673935371187,0.296650341999314,0.269689885698716,0.0372812159082623,0.0338929892655633,0.296650341999211,202608260002
7,10,0.308755058194792,0.058624314324395,0.11895809140216,0.308755058194792,0.290654504613934,0.0367289124336152,0.0345757051263138,0.308755058194855,202608260002
8,9,0.207055507859715,0.14093444626547,0.116086545860211,0.207055507859715,0.177874254513291,0.0240363587087662,0.020648807803908,0.207055507859101,202608260002
8,10,0.358302505922901,0.145957381639976,0.115823669798445,0.358302505922901,0.306005610323353,0.0414999111339695,0.0354426927665636,0.358302505922984,202608260002
9,10,0.219520749565979,0.0711450822401554,0.127965921866891,0.219520749565979,0.203902927784687,0.0280911750871214,0.0260926261253255,0.219520749566362,202608260002
11,12,0.0217042907693311,0.134922235713804,0.00407034865982645,0.0217042907693311,0.0187758993341505,8.83440308454305e-05,7.64244566917958e-05,0.00572075145252728,202608260002
11,13,0.0135309909565298,0.157972712224519,0.017687854142046,0.0135309909565298,0.0113934636160413,0.000239334194436443,0.000201525922613248,0.0661994580158288,202608260002
11,14,-0.00892315769710668,0.186146582445335,0.00916463213466485,0.00892315769710668,0.00726214238716949,8.17774577735858e-05,6.65548634879652e-05,0.0216040872545933,202608260002
11,15,-0.053458704468717,0.139344112703095,-0.00255671713827303,0.053458704468717,0.0460095487282667,0,0,0.0224761160825706,202608260002
12,13,0.0307133776151842,0.185393927058994,0.0220881818506004,0.0307133776151842,0.0250193039258594,0.000678402670010347,0.000552630934889822,0.0484881411908202,202608260002
12,14,0.0311363368250028,0.209537700443535,0.0250593616717089,0.0311363368250028,0.0246121004064563,0.000780256725629893,0.000616763525585804,0.0613903860031335,202608260002
12,15,0.0456963846425598,0.160197640285664,-0.00108295917487793,0.0456963846425598,0.0383759316532357,0,0,0.0708427142763537,202608260002
13,14,0.119207027148386,0.213176663622811,0.00195815472508913,0.119207027148386,0.0937948708204989,0.00023342580347444,0.000183664869486285,0.217823776596189,202608260002
13,15,-0.0849470879080168,0.190787126359645,0.0211363421636731,0.0849470879080168,0.0687402771134261,0.00179547071583146,0.00145291801749508,0.189504687633698,202608260002
14,15,0.0477804096345606,0.216627346549244,-0.00715247012898542,0.0477804096345606,0.0374298662783899,0,0,0.00297270793005125,202608260002
1,6,0.163448355321995,0.18304782887744,0.0203334857740399,0.163448355321995,0.133529488746715,0.00332347480773,0.00271511995984616,0.731725091523928,202608260002
2,7,0.139910741635001,0.202948457496451,-0.0045375638214725,0.139910741635001,0.111516072432993,0,0,0.882241694302732,202608260002
3,8,0.226023229373414,0.138965770824976,-0.010876042920118,0.226023229373414,0.194613737079187,0,0,0.975158125357433,202608260002
4,9,0.184803446404741,0.0783309243589656,-0.00644665317306184,0.184803446404741,0.170327621623135,0,0,0.85293089187448,202608260002
5,10,0.18710015800965,0.182532670816498,-0.0150751057949314,0.18710015800965,0.15294826645796,0,0,0.932360051335142,202608260002
6,11,0.0557809679451681,0.202776508588812,0.00271652658002842,0.0557809679451681,0.0444698980195425,0.000151530482082763,0.000120803659981241,0.869492549880057,202608260002
1,2,0.19377135902386,0.152727579231288,0.131748229266109,0.19377135902386,0.164177128435789,0.0255290334338809,0.0216300459574097,0.193771359024051,202608260003
1,3,0.225156958938227,0.0806951248526229,0.118433952047826,0.225156958938227,0.20698789002527,0.0266662284781243,0.0245143938417335,0.225156958938211,202608260003
1,4,0.301998035902139,0.0745498177693866,0.103837263189633,0.301998035902139,0.279484137358922,0.0313586495367227,0.0290208679282659,0.3019980359022,202608260003
1,5,0.325513718615782,0.138227230269832,0.115289180726308,0.325513718615782,0.280518858876689,0.0375282099343876,0.0323407894181724,0.325513718615788,202608260003
2,3,0.268119716229931,0.139360583924799,0.10539488564115,0.268119716229931,0.230754396014376,0.0282584468301911,0.0243203331791278,0.268119716230034,202608260003
2,4,0.263054523940564,0.159540001507662,0.120384716772641,0.263054523940564,0.221086804794489,0.0316677443603467,0.0266154723773527,0.263054523940549,202608260003
2,5,0.293700627967565,0.211776046111708,0.119016206414771,0.293700627967565,0.231501870236069,0.0349551345623356,0.0275524743734215,0.293700627967657,202608260003
3,4,0.17165994048555,0.0565268899503446,0.129633425756906,0.17165994048555,0.16195653792084,0.0222528661503685,0.0209949808344069,0.171659940485575,202608260003
3,5,0.215970859658775,0.132211529287029,0.117031606890591,0.215970859658775,0.187417022021854,0.0252754167474087,0.0219337152458668,0.215970859656313,202608260003
4,5,0.183285214296928,0.149168970573332,0.123828604900182,0.183285214296928,0.155944747558943,0.0226959523852195,0.0193104205317349,0.18328521429685,202608260003
6,7,0.239600709354066,0.180533985195868,0.110865697615747,0.239600709354066,0.19634463843862,0.0265634997917663,0.0217678853136091,0.239600709354578,202608260003
6,8,0.268780337202173,0.265579126711296,0.0818726757804724,0.268780337202173,0.197397889970852,0.0220057654039195,0.0161614934453329,0.268780337202083,202608260003
6,9,0.188056820224833,0.188189062929377,0.0932435694451667,0.188056820224833,0.152666583449243,0.0175350891762714,0.0142351771758058,0.1880568202248,202608260003
6,10,0.284409708290456,0.193459510213261,0.100095006721616,0.284409708290456,0.229387945424688,0.0284679916630261,0.0229605879391419,0.284409708290458,202608260003
7,8,0.193006246536434,0.14796874248951,0.106632456851059,0.193006246536434,0.164447354943817,0.0205807302557812,0.0175354254803174,0.193006246536449,202608260003
7,9,0.229511971526067,0.0537930665078046,0.12398332474566,0.229511971526067,0.217165818777428,0.0284556572987331,0.0269249402331391,0.229511971526048,202608260003
7,10,0.319440104491748,0.0358881159002968,0.118671087795847,0.319440104491748,0.307976000998545,0.0379083046856549,0.0365478470535123,0.319440104491773,202608260003
8,9,0.238779076401897,0.153383363725628,0.116935562730134,0.238779076401897,0.202154338476075,0.0279217656672375,0.0236390313280379,0.238779076402939,202608260003
8,10,0.248603422287578,0.159475818129163,0.103864132552358,0.248603422287578,0.208957188128557,0.0258209788054468,0.0217031570855524,0.248603422287885,202608260003
9,10,0.309003688501253,0.048409391159929,0.114795592673598,0.309003688501253,0.294045008074735,0.035472261559829,0.0337550709746519,0.309003688501181,202608260003
11,12,-0.0137508193275376,0.158885517843121,0.00415529343924016,0.0137508193275376,0.0115660132779146,5.71386893358939e-05,4.80601790918832e-05,0.0219606331931178,202608260003
11,13,-0.0467098124849861,0.133205961502962,0.00371333376301109,0.0467098124849861,0.0404877870013005,0.000173449123764416,0.000150344666461531,0.147547708676605,202608260003
11,14,0.0226419748355279,0.148703343021044,-0.00116242275300098,0.0226419748355279,0.0192750374848866,0,0,0.0105624882263074,202608260003
11,15,0.00541347658705264,0.172388891660959,-0.0133720835114042,0.00541347658705264,0.00448025335817808,0,0,0.101501376424984,202608260003
12,13,0.0853624924986454,0.208755171734885,-0.018109537793928,0.0853624924986454,0.0675426307173728,0,0,0.120238238861541,202608260003
12,14,0.0412559160024718,0.206474670400024,0.00291237019174863,0.0412559160024718,0.0327376143438103,0.000120152499998884,9.53440521638756e-05,0.000804699705880942,202608260003
12,15,-0.0185274524445066,0.230005828474781,0.00802785266451006,0.0185274524445066,0.0142660303954807,0.000148735658473215,0.000114525590122341,0.0664847068236955,202608260003
13,14,-0.0697656604266049,0.197632725988308,0.00909376438387555,0.0697656604266049,0.0559776827761203,0.000634432478005015,0.000509047857921367,0.0531395455793126,202608260003
13,15,-0.0636301159017198,0.220527073563584,-0.000637303379079438,0.0636301159017198,0.0495979526514019,0,0,0.0504980211755679,202608260003
14,15,0.0296310495222222,0.225815809453184,-0.00294056238832773,0.0296310495222222,0.0229398900894142,0,0,0.185203910311396,202608260003
1,6,0.163494834623213,0.197368863363677,0.00829875525301248,0.163494834623213,0.131226044947797,0.00135680361766979,0.00108901282984258,0.865598250881045,202608260003
2,7,0.178832923496263,0.138195611789488,0.00205769368520704,0.178832923496263,0.154118998225594,0.000367983377385374,0.000317129689419241,0.929656035826482,202608260003
3,8,0.195626662634456,0.150984808800419,-0.00035443415244954,0.195626662634456,0.166090008380329,0,0,0.884094517025263,202608260003
4,9,0.206191026709604,0.0593700507859385,0.0142168185749197,0.206191026709604,0.19394945498225,0.00293138041850686,0.00275734421418721,0.933555743113767,202608260003
5,10,0.13504828553966,0.139162940669017,0.00699716086661727,0.13504828553966,0.116254568991652,0.000944954578681865,0.000813451920713845,0.90067871327447,202608260003
6,11,0.164005371847346,0.192381968168406,0.0303206857643911,0.164005371847346,0.132453695621163,0.00497275534345551,0.00401608688326158,0.664226306423551,202608260003
1,2,0.274678618283053,0.167282824547198,0.127092333680541,0.274678618283053,0.228729603173943,0.0349095466097397,0.0290697790492004,0.27467861828314,202608260004
1,3,0.344223006838253,0.0862870215546923,0.135682423032157,0.344223006838253,0.31452102882758,0.0467050116312289,0.0426749752858929,0.344223006838381,202608260004
1,4,0.175458003643662,0.0785966205781246,0.111125189581003,0.175458003643662,0.161667597503886,0.0194978039184063,0.0179653424217246,0.175458003643795,202608260004
1,5,0.2873326105468,0.150232813124471,0.125957008178385,0.2873326105468,0.244165824161956,0.03619155597656,0.0307543967108496,0.287332610546839,202608260004
2,3,0.324251834501035,0.170714570076193,0.154915216771904,0.324251834501035,0.268897321977774,0.0502315432304154,0.0416562869235714,0.324251834501042,202608260004
2,4,0.266140026104399,0.196703106200068,0.127700642248583,0.266140026104399,0.213789456285497,0.0339862522615864,0.0273010508736332,0.266140026104416,202608260004
2,5,0.282581100959255,0.247163060219715,0.121843501110658,0.282581100959255,0.212737491285909,0.03443067068858,0.0259206807557733,0.282581100959335,202608260004
3,4,0.252423022401556,0.0822914976386122,0.142519645167454,0.252423022401556,0.231650753849667,0.0359752395847662,0.0330147832414279,0.252423022401516,202608260004
3,5,0.366559778677271,0.152050240570331,0.125989179904664,0.366559778677271,0.310824276145984,0.0461825659015845,0.0391604956460934,0.3665597786773,202608260004
4,5,0.26877996683043,0.180094602031003,0.103243954900847,0.26877996683043,0.220374145670198,0.0277499067736921,0.0227522983568866,0.268779966830543,202608260004
6,7,0.187149919937982,0.193631353263822,0.082143501292873,0.187149919937982,0.150911827677174,0.0153731496903867,0.0123964259119098,0.187149919937721,202608260004
6,8,0.265532353123974,0.278569707173748,0.0909189122545515,0.265532353123974,0.191563083269073,0.0241419127144232,0.0174167071589522,0.265532353123768,202608260004
6,9,0.20052036335318,0.196914962016165,0.0777413742399717,0.20052036335318,0.161034903620021,0.0155887286101747,0.0125190747080218,0.200520363353656,202608260004
6,10,0.132990900094185,0.199438188828608,0.0878252743930794,0.132990900094185,0.106467435848714,0.0116799622925544,0.0093505317673409,0.132990900094154,202608260004
7,8,0.295769916205521,0.160653134826899,0.128575666845674,0.295769916205521,0.248253551979615,0.0380288142090139,0.0319193659925861,0.295769916205495,202608260004
7,9,0.301592846496301,0.071456256921373,0.114552351896336,0.301592846496301,0.280042150571413,0.0345481698812619,0.0320794869780632,0.301592846496315,202608260004
7,10,0.227595271470167,0.0481107577690341,0.0901320965413807,0.227595271470167,0.216645490495088,0.0205136389805108,0.0195267122645581,0.227595271470198,202608260004
8,9,0.40540034981983,0.15941251418908,0.120975515733588,0.40540034981983,0.340774460801918,0.0490435163980308,0.0412253661443473,0.405400349819847,202608260004
8,10,0.289303122811402,0.172405760271072,0.0988834960576757,0.289303122811402,0.239425597974307,0.0286073042039945,0.023675240173399,0.289303122811407,202608260004
9,10,0.240612258848817,0.0577852574890609,0.110132242404114,0.240612258848817,0.226708417516214,0.0264991676169394,0.0249679063929487,0.240612258848791,202608260004
11,12,-0.000619973621484705,0.180799389169009,-0.00264586846075314,0.000619973621484705,0.000507882769419372,0,0,0.0450583672923758,202608260004
11,13,-0.119712434139963,0.180785202039697,-0.0101614163670345,0.119712434139963,0.098070197547306,0,0,0.191815276223985,202608260004
11,14,0.011277416831084,0.188554300750195,-0.00903913425070885,0.011277416831084,0.00915101138623045,0,0,0.210856500689077,202608260004
11,15,0.0664550650182756,0.190497362040289,-0.00725143525145504,0.0664550650182756,0.0537955504380782,0,0,0.294986044397491,202608260004
12,13,0.0234443466673038,0.216206710510502,-0.0363527140930855,0.0234443466673038,0.0183755215942982,0,0,0.0329181616802542,202608260004
12,14,-0.00390640766683252,0.216175332452935,-0.00604183882056619,0.00390640766683252,0.00306193869075831,0,0,0.197055852696094,202608260004
12,15,-0.0289497919448346,0.223349165335941,0.00227331923290999,0.0289497919448346,0.0224838800773067,6.58121188169353e-05,5.1113037010183e-05,0.0787496006549911,202608260004
13,14,-0.0568445509888333,0.224304579770892,-0.0159956014896479,0.0568445509888333,0.044094057867018,0,0,0.131500652557704,202608260004
13,15,-0.0579092723403321,0.229399059352476,-0.0131596655343039,0.0579092723403321,0.0446249397376736,0,0,0.0363246134661994,202608260004
14,15,-0.0102758161424025,0.224043408491756,0.000895467447508189,0.0102758161424025,0.00797358726882406,9.20165885210063e-06,7.14008783909767e-06,0.206398506787072,202608260004
1,6,0.214921951588229,0.194063341094104,-0.00867163344148854,0.214921951588229,0.173213479588552,0,0,0.897521306381091,202608260004
2,7,0.146968331262528,0.1697041120049,-0.0227039096961333,0.146968331262528,0.122027201112779,0,0,0.716005191852516,202608260004
3,8,0.168302339443096,0.172548529262529,-0.00541337655311749,0.168302339443096,0.139262018300747,0,0,0.933682939782284,202608260004
4,9,0.178495689324189,0.0810414727479574,-0.0425796422378165,0.178495689324189,0.164030135782194,0,0,0.972819939455247,202608260004
5,10,0.030563223850588,0.155648341599695,-0.039088218303047,0.030563223850588,0.0258061087443038,0,0,0.889714554525066,202608260004
6,11,0.203838749451521,0.232998156126447,0.0296025992343063,0.203838749451521,0.156344696682196,0.00603415680843554,0.00462820939829221,0.951469336484597,202608260004
1,2,0.238177825692972,0.189186879339133,0.135296378756377,0.238177825692972,0.193117706122339,0.0322245973163266,0.0261281263120906,0.238177825694959,202608260005
1,3,0.234742877528246,0.117586882965855,0.10439918611925,0.234742877528246,0.207140194261264,0.0245069653612397,0.0216252676934593,0.234742877528117,202608260005
1,4,0.181811131735216,0.0973419609570902,0.116601726550401,0.181811131735216,0.164113279648282,0.0211994918664085,0.0191358917568384,0.181811131735334,202608260005
1,5,0.10419690413348,0.182404367908875,0.111125396405043,0.10419690413348,0.085190933696951,0.0115789222760112,0.00946687627718941,0.104196904133677,202608260005
2,3,0.287603815815749,0.17437714391148,0.138899028714977,0.287603815815749,0.237452283835755,0.0399478906715287,0.0329818915909395,0.287603815815839,202608260005
2,4,0.333309074758369,0.179750129666232,0.122879143587522,0.333309074758369,0.27339672535162,0.0409567336562577,0.0335947554708401,0.333309074758458,202608260005
2,5,0.379068830659014,0.26409615466811,0.109346079603919,0.379068830659014,0.278958210127431,0.041449690532605,0.0305029866507608,0.379068830658891,202608260005
3,4,0.270117318793493,0.0571439843171706,0.126012550348481,0.270117318793493,0.254681738964561,0.0340381722344617,0.0320930954541105,0.270117318793505,202608260005
3,5,0.283515920363881,0.159539116805631,0.115789060567619,0.283515920363881,0.238284040828692,0.0328280420748977,0.0275906852358104,0.283515920364068,202608260005
4,5,0.239454768721915,0.163255194955068,0.120672095191733,0.239454768721915,0.200362533771298,0.0288955086453254,0.024178166748107,0.239454768722111,202608260005
6,7,0.125712425402734,0.18566175352849,0.0886908191511502,0.125712425402734,0.102372436062143,0.0111495379864463,0.0090794952128502,0.125712425402874,202608260005
6,8,0.254638369307448,0.282995023375056,0.0722255151104274,0.254638369307448,0.182576978033101,0.0183913873901097,0.0131867162857459,0.254638369307209,202608260005
6,9,0.145069274454845,0.209595855881111,0.107445285868687,0.145069274454845,0.11466335571343,0.0155870096645638,0.0123200370332924,0.145069274455049,202608260005
6,10,0.262538617692646,0.196429360215742,0.101404728656719,0.262538617692646,0.210968324987354,0.0266226572890327,0.0213931857505051,0.262538617692651,202608260005
7,8,0.155915347087559,0.171871722953868,0.107942020833281,0.155915347087559,0.12911790774867,0.0168298176435536,0.0139372478881566,0.155915347086912,202608260005
7,9,0.190829084141511,0.0949960277867268,0.116290539317191,0.190829084141511,0.172701079161888,0.022191617112222,0.0200835016363969,0.190829084141187,202608260005
7,10,0.299398812286614,0.0362364467481771,0.116823462382729,0.299398812286614,0.288549663168723,0.034976805884599,0.0337093707207404,0.299398812286472,202608260005
8,9,0.252145824847873,0.189970713201678,0.116690291332894,0.252145824847873,0.204245502670698,0.0294229697598711,0.023833467210077,0.252145824847994,202608260005
8,10,0.283078030511197,0.183420058320796,0.126071599818754,0.283078030511197,0.231155841645498,0.0356881001800888,0.0291421867636985,0.283078030511196,202608260005
9,10,0.397940741769458,0.0878611192982772,0.118204608476413,0.397940741769458,0.362977222783207,0.0470384295776723,0.0429055805049448,0.397940741769725,202608260005
11,12,0.0323527643319419,0.172760917533047,-0.00936686547156361,0.0323527643319419,0.0267634710812252,0,0,0.107357304638179,202608260005
11,13,0.0233099481033239,0.165789628985388,-0.00980553585807876,0.0233099481033239,0.0194454004556052,0,0,0.213385377543969,202608260005
11,14,-0.105963967272757,0.173509047703148,0.00951348924089143,0.105963967272757,0.0875782602204135,0.00100808706257155,0.000833174836342894,0.133925193871818,202608260005
11,15,0.0438416932748936,0.14848750499002,0.0186154891630214,0.0438416932748936,0.037331749625967,0.00081613456604729,0.000694948780598815,0.160150037479365,202608260005
12,13,-0.0844461450987075,0.206590092461736,0.0300052693014732,0.0844461450987075,0.0670004081747284,0.002533829325158,0.00201036529059135,0.0526976301279939,202608260005
12,14,0.0357367831427955,0.213391134497329,-0.00652385872563004,0.0357367831427955,0.0281108704446694,0,0,0.0190477906061765,202608260005
12,15,0.0263290237065816,0.204592884894628,0.0196166563169378,0.0263290237065816,0.0209422927899931,0.000516487409212519,0.000410817760149978,0.089710799471934,202608260005
13,14,0.0166763072301414,0.211032224421566,0.00216512042551015,0.0166763072301414,0.0131570690202272,3.61062134060617e-05,2.84866388755407e-05,0.0118310227939919,202608260005
13,15,0.102787365624081,0.191720586782934,0.00738548429997748,0.102787365624081,0.0830809115727602,0.000759134475052695,0.000613592768048438,0.0656142140600209,202608260005
14,15,0.0515387438595906,0.208971628834445,0.0106409106513611,0.0515387438595906,0.0407686086071707,0.000548419168493287,0.000433815121569213,0.0603758953235447,202608260005
1,6,0.169870590589255,0.2101154628354,-0.00200472108803079,0.169870590589255,0.134178152825471,0,0,0.928134113573058,202608260005
2,7,0.233829782698498,0.167303200503896,0.0263066584320851,0.233829782698498,0.194709311679909,0.00615128022469809,0.00512215135590977,0.977230737009268,202608260005
3,8,0.106628512144299,0.184078807438739,0.000531746020058502,0.106628512144299,0.0870004627898091,5.66992869574905e-05,4.62621498317288e-05,0.966462152913049,202608260005
4,9,0.321180127671541,0.0893325113944761,0.0037998570942127,0.321180127671541,0.292488300256644,0.00122043858665285,0.00111141374270442,0.941482266322069,202608260005
5,10,0.232456341168206,0.164208321220745,-0.00268262155725989,0.232456341168206,0.194285075627858,0,0,0.780137535355289,202608260005
6,11,0.269114345705864,0.211941886672821,0.0103116863116333,0.269114345705864,0.212077743546241,0.00277502271487932,0.00218687916512786,0.856247585058594,202608260005
1,2,0.337892144671014,0.162110980622431,0.134470160357552,0.337892144671014,0.28311611775378,0.0454364108774684,0.0380706697541583,0.337892144671113,202608260006
1,3,0.211615057222102,0.141591728054353,0.135456706705542,0.211615057222102,0.181652115587703,0.0286646787406107,0.0246059973436048,0.211615057220744,202608260006
1,4,0.272646558671274,0.0973702442675415,0.122735208760674,0.272646558671274,0.246098896654748,0.0334633322963981,0.0302049994566919,0.272646558671144,202608260006
1,5,0.321291695579172,0.138194182056123,0.125007489555886,0.321291695579172,0.276891052507184,0.0401638682795063,0.0346134553544101,0.321291695579229,202608260006
2,3,0.296765619593772,0.165840872355311,0.126022352688376,0.296765619593772,0.247549750355277,0.0373991015782309,0.0311968019471922,0.29676561959384,202608260006
2,4,0.228924371471585,0.165511284480357,0.137100598958138,0.228924371471585,0.191034804700464,0.0313856684448695,0.0261909861462845,0.228924371471564,202608260006
2,5,0.27108344452166,0.215886007400339,0.136306285672604,0.27108344452166,0.212560322011547,0.0369503774300828,0.0289733079747667,0.271083444521579,202608260006
3,4,0.178788582977464,0.103498678028637,0.121885416701012,0.178788582977464,0.160284200992684,0.0217917209375918,0.019536306628582,0.178788582977558,202608260006
3,5,0.280595603148243,0.141912474785517,0.121610132470694,0.280595603148243,0.240775586691541,0.0341232684695522,0.0292807509932674,0.28059560314831,202608260006
4,5,0.267682777395515,0.141347576577149,0.11923562822997,0.267682777395515,0.229846465519219,0.0319173241290976,0.0274058877126223,0.267682777395561,202608260006
6,7,0.1640082999713,0.199158495159693,0.0809409062171556,0.1640082999713,0.131344653755316,0.0132749804268121,0.0106311553017338,0.164008299971454,202608260006
6,8,0.114138867393179,0.258648811814359,0.0850327338807424,0.114138867393179,0.0846169849600964,0.00970553993649352,0.00719521356390266,0.114138867392864,202608260006
6,9,0.170438041805775,0.195738979133604,0.0733280521667091,0.170438041805775,0.137076673497182,0.0124978896207256,0.0100515654650403,0.170438041805789,202608260006
6,10,0.156259816344013,0.215469042157091,0.0681232964275276,0.156259816344013,0.122590663388726,0.0106449337885142,0.00835128010127741,0.156259816343139,202608260006
7,8,0.350054290549463,0.146149569583931,0.0950177878279605,0.350054290549463,0.298894006654651,0.0332613843076961,0.0284002473073606,0.350054290549446,202608260006
7,9,0.225471707169308,0.0682584875648982,0.11060220856409,0.225471707169308,0.210081349449255,0.0249376687816412,0.023235461227212,0.225471707169333,202608260006
7,10,0.232907835341437,0.0719447247176577,0.107844438325653,0.232907835341437,0.216151345243212,0.0251178146840409,0.0233107204210884,0.232907835341402,202608260006
8,9,0.249529788083184,0.146969082325093,0.0989372010457397,0.249529788083184,0.212856624115823,0.0246877788104868,0.0210594386140646,0.249529788082987,202608260006
8,10,0.198938646754772,0.170144652125876,0.092382126088006,0.198938646754772,0.165090299908289,0.0183783751482767,0.0152513929020343,0.198938646755018,202608260006
9,10,0.255279560467514,0.0684917478016078,0.0949022712565152,0.255279560467514,0.237795017193067,0.024226610093732,0.0225672872251042,0.255279560467686,202608260006
11,12,0.121960453194937,0.12867607812899,0.0153487948898342,0.121960453194937,0.106267060390978,0.00187194598076031,0.00163107131348675,0.0658898470875054,202608260006
11,13,-0.0257556644921796,0.156221078026586,0.00608736947287342,0.0257556644921796,0.0217320868199203,0.000156784245783264,0.000132291241889418,0.14696609956513,202608260006
11,14,-0.074876247673329,0.112914244894409,0.0161492521669579,0.074876247673329,0.0664216527067683,0.00120919540499218,0.0010726600189077,0.0572455700106123,202608260006
11,15,0.0570442399161553,0.120675842800453,0.00593140218049421,0.0570442399161553,0.050160378187362,0.000338352329023318,0.000297521376554933,0.103407597874141,202608260006
12,13,0.0611177438096931,0.204319559565267,0.0093553603493009,0.0611177438096931,0.0486301933128738,0.000571778517075934,0.000454952982298097,0.0073715947587818,202608260006
12,14,-0.0540669283425718,0.16582228610054,0.0245550659472693,0.0540669283425718,0.0451014266823724,0.00132761699101813,0.00110746850650158,0.123402846399603,202608260006
12,15,0.0666398990202299,0.162826981562129,0.0163101137275263,0.0666398990202299,0.0557891254111608,0.00108690433181082,0.000909926980215261,0.0739351520211623,202608260006
13,14,0.0226329910463216,0.191076531749277,-0.018275590937168,0.0226329910463216,0.018308357614078,0,0,0.163401601785429,202608260006
13,15,-0.0716326122559281,0.202327345798967,0.0186555249728991,0.0716326122559281,0.0571393759455396,0.00133634398681447,0.00106596505488789,0.108345227617992,202608260006
14,15,0.0404127820252447,0.159992987386718,0.0105070823904965,0.0404127820252447,0.0339470203004175,0.00042462043036842,0.000356684139208342,0.155214778133348,202608260006
1,6,0.0752972004349955,0.219984156027255,0.00946562174785379,0.0752972004349955,0.058733009346088,0.00071273481799,0.000555944450583231,0.476692316164744,202608260006
2,7,0.182759857701598,0.156917928461707,0.016991774073506,0.182759857701598,0.154081559425106,0.00310541421177166,0.0026181190466449,0.884094517024971,202608260006
3,8,0.195933617985816,0.167472893573202,0.010271025966385,0.195933617985816,0.163120048033465,0.00201243927802007,0.00167541024898968,0.846827061186995,202608260006
4,9,0.290893784311234,0.0508082874556606,-0.00431411770164377,0.290893784311234,0.276113969298884,0,0,0.90393222550027,202608260006
5,10,0.203088532057912,0.150257667939047,0.00880584057062055,0.203088532057912,0.172572922845726,0.00178836523502334,0.00151964964538546,0.991807632302543,202608260006
6,11,0.158586306633776,0.197633164067725,0.00355698823168735,0.158586306633776,0.127244393075929,0.000564089626403104,0.000452606808719277,0.963740741469956,202608260006
1,2,0.157634579006145,0.196559917839197,0.114084059261456,0.157634579006145,0.12664993910808,0.0179835926529917,0.014448739158666,0.157634579005447,202608260007
1,3,0.27300376210596,0.103132635253054,0.119050469035713,0.27300376210596,0.244848164685975,0.0325012259272287,0.0291492888483987,0.273003762105872,202608260007
1,4,0.259204423705815,0.0922494618860539,0.100641970416225,0.259204423705815,0.235292955100469,0.0260868439423554,0.0236803466263677,0.259204423705949,202608260007
1,5,0.283008980119799,0.159217057539054,0.112875436865809,0.283008980119799,0.237949123047996,0.0319447622679693,0.0268586112158786,0.283008980119852,202608260007
2,3,0.280108775422597,0.17558229875216,0.105516821013886,0.280108775422597,0.230926632733245,0.0295561875206848,0.0243666441734531,0.280108775422655,202608260007
2,4,0.24110751119141,0.189751612023394,0.0874877471282315,0.24110751119141,0.195356972271892,0.0210939529698314,0.0170913413898602,0.241107511191503,202608260007
2,5,0.233265924922471,0.25127249636549,0.113825135737503,0.233265924922471,0.174652613650197,0.0265515255672345,0.0198798574556433,0.233265924922577,202608260007
3,4,0.207852696262032,0.0508625396327986,0.116133265740617,0.207852696262032,0.19728078026062,0.0241386124099024,0.022910861279523,0.207852696263168,202608260007
3,5,0.296875480114701,0.145142954124128,0.121014673538977,0.296875480114701,0.253786095923834,0.0359262893078077,0.0307118415469544,0.29687548011451,202608260007
4,5,0.176145463571919,0.158285101296138,0.0942792647125327,0.176145463571919,0.148264261027582,0.0166068647880087,0.0139782455128275,0.176145463571887,202608260007
6,7,0.209095059359416,0.160107407306728,0.0930807832761704,0.209095059359416,0.175617391524733,0.0194627319043517,0.01634660436004,0.209095059358968,202608260007
6,8,0.318599133697054,0.263494884643491,0.100702664803391,0.318599133697054,0.234649891716032,0.0320837817673453,0.0236298693916317,0.318599133697004,202608260007
6,9,0.220099544455383,0.163539592910467,0.079155969689589,0.220099544455383,0.184104554555371,0.0174221928696026,0.0145729745401002,0.22009954445632,202608260007
6,10,0.244082042557406,0.177755342148326,0.11548685180281,0.244082042557406,0.200695155570352,0.0281882666765542,0.0231776516888951,0.244082042557597,202608260007
7,8,0.235527977317767,0.155008969686974,0.113888392989037,0.235527977317767,0.199019028221283,0.0268239028406789,0.0226659572983618,0.235527977317818,202608260007
7,9,0.238266534668892,0.0182071785372133,0.10652264270203,0.238266534668892,0.233928373332733,0.0253807809403852,0.0249186685303897,0.238266534668278,202608260007
7,10,0.315838775938279,0.0313723573720983,0.126342432242129,0.315838775938279,0.305930168987578,0.039903839148419,0.0386519616461361,0.315838775938344,202608260007
8,9,0.145612536886436,0.159354510969529,0.120650775130363,0.145612536886436,0.122408522279865,0.017568265444047,0.014768683095628,0.145612536886885,202608260007
8,10,0.357153385525599,0.174615515336902,0.113031429595226,0.357153385525599,0.294788863057727,0.0403695577507335,0.0333204066201663,0.357153385525519,202608260007
9,10,0.287842611482675,0.0344537281737458,0.101679287693313,0.287842611482675,0.27792536038983,0.0292676317033414,0.0282592526763452,0.287842611482658,202608260007
11,12,0.00998425537764779,0.154411490818994,0.00634567735457151,0.00998425537764779,0.00844257162006764,6.33568632521984e-05,5.35738355438114e-05,0.0214143116177013,202608260007
11,13,0.0663658759289732,0.152431958843128,-0.0280594328008696,0.0663658759289732,0.0562495954607798,0,0,0.358647417218391,202608260007
11,14,-0.0725411109625855,0.179254113673181,0.0100029731637774,0.0725411109625855,0.0595378184121194,0.000725626786229345,0.000595555199806285,0.0580863335939657,202608260007
11,15,0.0850518831620829,0.168682229143358,-0.00861031473921261,0.0850518831620829,0.0707051419174623,0,0,0.0989381789891948,202608260007
12,13,-0.0905317533146702,0.193080704139368,0.0117914294818864,0.0905317533146702,0.0730518186377022,0.00106749878508147,0.000861385367990018,0.0478532241210252,202608260007
12,14,0.00997195686702785,0.224978310782233,-0.0196058379236949,0.00997195686702785,0.00772848285589064,0,0,0.00278980623950201,202608260007
12,15,-0.0205311222949901,0.220912735936539,-0.00585268812143631,0.0205311222949901,0.0159955358969562,0,0,0.00764045262527355,202608260007
13,14,-0.017941965573149,0.225655938001815,-0.0172704559634278,0.017941965573149,0.0138932545021438,0,0,0.0996789355404432,202608260007
13,15,-0.0833802457949346,0.22429856977217,0.00390265265544434,0.0833802457949346,0.0646781759158787,0.000325404137663203,0.0002524164549874,0.038540044776425,202608260007
14,15,0.00725148364513277,0.234862025915881,-0.0165524560828563,0.00725148364513277,0.00554838550534101,0,0,0.0107328959333674,202608260007
1,6,0.187586359641237,0.18819853356901,0.000528276065718802,0.187586359641237,0.152282881839207,9.90973840537847e-05,8.04474016943375e-05,0.879968471128657,202608260007
2,7,0.10874843027924,0.167134043255404,-0.0222164400293941,0.10874843027924,0.0905728654289926,0,0,0.879980606907862,202608260007
3,8,0.144475342512087,0.167429976347566,-0.00242196804337058,0.144475342512087,0.120285839332482,0,0,0.891497349842016,202608260007
4,9,0.171285232474864,0.0440994829762926,-0.0360868701511132,0.171285232474864,0.163731642281248,0,0,0.876775879347496,202608260007
5,10,0.221424671716143,0.154009968356139,0.00164465645768541,0.221424671716143,0.187323065031871,0.000364167516228826,0.000308082088578091,0.849437419699414,202608260007
6,11,0.196617577634736,0.18209796921187,0.00258061382117883,0.196617577634736,0.160813916036093,0.0005073940383309,0.000414998614360634,0.918637383301727,202608260007
1,2,0.289318538462918,0.182971424445521,0.135969197748354,0.289318538462918,0.236381513361861,0.0393384095685293,0.0321406047343542,0.289318538463011,202608260008
1,3,0.210893097026588,0.0727430558295736,0.121837244609441,0.210893097026588,0.195552088695511,0.0256946338488709,0.0238255276642821,0.210893097025814,202608260008
1,4,0.240275055145079,0.081710190041608,0.106185915328888,0.240275055145079,0.220642134726917,0.0255138266612793,0.0234290870360975,0.240275055145078,202608260008
1,5,0.148005765253356,0.162050323925016,0.133955205997026,0.148005765253356,0.124021383051279,0.0198261427732608,0.0166133099146702,0.148005765252986,202608260008
2,3,0.334473904295477,0.17399904294973,0.144092745120212,0.334473904295477,0.276275765056404,0.0481952630410105,0.0398093333971642,0.33447390429543,202608260008
2,4,0.357346284617822,0.211549237914787,0.125759295041181,0.357346284617822,0.281749950435241,0.0449396168391226,0.0354326751446236,0.357346284617751,202608260008
2,5,0.31844479903313,0.262690590111643,0.147801350219583,0.31844479903313,0.234792346857134,0.0470665712675004,0.034702625886709,0.318444799033178,202608260008
3,4,0.320171737735787,0.0710226046056701,0.130320320828801,0.320171737735787,0.297432307000668,0.0417248835820425,0.0387614736731775,0.320171737735847,202608260008
3,5,0.308983850340857,0.147926736772757,0.118863411026329,0.308983850340857,0.263276877644452,0.0367268744035632,0.0312939877211812,0.308983850340792,202608260008
4,5,0.19769166707836,0.179232668662371,0.117509337073584,0.19769166707836,0.162258862015593,0.0232306167433498,0.0190669313097665,0.197691667078557,202608260008
6,7,0.338490503254857,0.190684396704198,0.12390446567332,0.338490503254857,0.273945645851604,0.0419404849412861,0.0339430888727755,0.338490503254759,202608260008
6,8,0.201922857060767,0.269071376904607,0.118529600568162,0.201922857060767,0.147591195882914,0.0239338355929948,0.0174939254953792,0.201922857060677,202608260008
6,9,0.25294035435639,0.197821441355944,0.11148723349741,0.25294035435639,0.202903328880526,0.0281996203470486,0.0226211308043051,0.252940354356341,202608260008
6,10,0.302188400249177,0.236561516377849,0.120358931641434,0.302188400249177,0.230702254054436,0.0363710730084251,0.0277670768252626,0.30218840024923,202608260008
7,8,0.302849838794237,0.155223720177277,0.143449404374374,0.302849838794237,0.255840360161507,0.0434436289899086,0.0367001472800935,0.302849838794262,202608260008
7,9,0.268637785737641,0.0824254297436708,0.136925865970998,0.268637785737641,0.246495200802828,0.036783461444658,0.0337515688276223,0.268637785737873,202608260008
7,10,0.304165369206243,0.0951918545944126,0.143782447480719,0.304165369206243,0.275211303608106,0.0437336412233501,0.0395705548071327,0.304165369206132,202608260008
8,9,0.43662721963113,0.152982387168831,0.122851480353164,0.43662721963113,0.36983094526907,0.0536403002941703,0.0454342791067152,0.436627219631014,202608260008
8,10,0.289007049388426,0.199183631503187,0.139946851029732,0.289007049388426,0.231441575761218,0.0404456264873044,0.0323895197251416,0.289007049388318,202608260008
9,10,0.260340534335467,0.100881418903891,0.126189795365771,0.260340534335467,0.234077011833508,0.0328523187532079,0.0295381302231014,0.26034053433565,202608260008
11,12,0.015420504597845,0.157681771040326,-0.0111096212956118,0.015420504597845,0.0129889721225213,0,0,0.0818607046576726,202608260008
11,13,0.0617456415620098,0.138214819218068,0.0182382121292904,0.0617456415620098,0.053211478876013,0.00112613010886706,0.00097048223945398,0.0984879864562307,202608260008
11,14,-0.0473082749141878,0.113047486917591,0.0335491605603658,0.0473082749141878,0.0419601933247323,0.00158715291093001,0.00140772926299544,0.198837071228165,202608260008
11,15,-0.0219046928851079,0.149423876876567,0.0199407273611532,0.0219046928851079,0.0186316087524245,0.00043679550875173,0.000371527830431774,0.00944778679576681,202608260008
12,13,0.00685712391036893,0.21305738436762,0.0235581472271597,0.00685712391036893,0.00539616302574106,0.000161541134635348,0.000127123603022163,0.027926412514128,202608260008
12,14,-0.00353106146146171,0.200231739444826,0.00636348336202597,0.00353106146146171,0.00282403088294664,2.24698508603027e-05,1.79706735374785e-05,0.00584964728406477,202608260008
12,15,0.0115353173109282,0.217307503449911,0.00993602067792856,0.0115353173109282,0.00902860630458782,0.000114615151327849,8.97084189352607e-05,0.00820541043650842,202608260008
13,14,0.096978111377061,0.173452436430996,0.0111001817720101,0.096978111377061,0.0801570216782333,0.00107647466419162,0.000889757510931346,0.0222521973868394,202608260008
13,15,0.10987935943408,0.194942611766594,0.0153141164310735,0.10987935943408,0.0884591901267602,0.00168270530374527,0.00135467433699967,0.14093376095134,202608260008
14,15,-0.00786955551156909,0.191149699025688,0.0240713213857893,0.00786955551156909,0.00636529234406671,0.000189430599882289,0.000153220997728534,0.0140479362959909,202608260008
1,6,0.17062252267068,0.201139806014768,-0.0146500881817477,0.17062252267068,0.136303541558949,0,0,0.894123471820667,202608260008
2,7,0.169432406880807,0.182708333333333,-0.00608712188968666,0.169432406880807,0.13847569420696,0,0,0.905866632578626,202608260008
3,8,0.178581267117339,0.15405508515789,-0.00740405840450741,0.178581267117339,0.151069914803974,0,0,0.903932225500253,202608260008
4,9,0.134624780374676,0.0859121238054843,-0.0415998923372496,0.134624780374676,0.123058879575841,0,0,0.912168166815244,202608260008
5,10,0.158319775431428,0.189700529831836,-0.00985163183648489,0.158319775431428,0.128286430149229,0,0,0.884756734017615,202608260008
6,11,0.134212473668779,0.190711797327406,0.0421926766564672,0.134212473668779,0.108616571591649,0.00566278350477142,0.00458282388470047,0.9637882092744,202608260008
1,2,0.178556921632775,0.164682434735012,0.0977652600282844,0.178556921632775,0.149151733039501,0.0174566638732783,0.0145818579642761,0.17855692163279,202608260009
1,3,0.266905741471602,0.0747199226897055,0.0998327858962101,0.266905741471602,0.246962565103405,0.0266459437428036,0.0246549608863471,0.266905741471645,202608260009
1,4,0.24089487864993,0.0966632028634107,0.110808728208497,0.24089487864993,0.217609208126235,0.026693255135139,0.0241129995989263,0.240894878649719,202608260009
1,5,0.206631171436668,0.189051116667747,0.123192845593675,0.206631171436668,0.167567317738201,0.0254554819976376,0.0206430947006684,0.206631171436677,202608260009
2,3,0.246003120312697,0.171463929800525,0.122154354460388,0.246003120312697,0.20382245856069,0.0300503523570386,0.0248978008500103,0.24600312031266,202608260009
2,4,0.160915940293785,0.205164934793221,0.0991668383953482,0.160915940293785,0.127901631896221,0.0159575250463493,0.0126836004607539,0.160915940292997,202608260009
2,5,0.349515268051494,0.286073546653004,0.108417473699776,0.349515268051494,0.249528195710628,0.0378935623816429,0.0270532165958095,0.349515268051541,202608260009
3,4,0.272582460998556,0.103699532439166,0.0957337645772057,0.272582460998556,0.244315787241888,0.0260953451491111,0.0233892700583096,0.272582460998661,202608260009
3,5,0.280836508346301,0.194988110672599,0.128862794306243,0.280836508346301,0.226076728175966,0.0361893772087128,0.0291328789203679,0.280836508346354,202608260009
4,5,0.304477486073174,0.237249168262982,0.0873440728556426,0.304477486073174,0.23224045574751,0.0265943037264782,0.0202848272868381,0.304477486073092,202608260009
6,7,0.214009633955601,0.194531696801725,0.106999004338967,0.214009633955601,0.172377976730302,0.022898817752196,0.0184442718801079,0.214009633956498,202608260009
6,8,0.187503817852797,0.279589827789487,0.0682986073075312,0.187503817852797,0.135079657709462,0.0128062496241911,0.0092257524971343,0.187503817852592,202608260009
6,9,0.293376067799579,0.187977346278317,0.0994272089359199,0.293376067799579,0.238228013113047,0.0291695635899073,0.0236863464341799,0.293376067799575,202608260009
6,10,0.269356506753404,0.215196509886617,0.108479809928197,0.269356506753404,0.211391926584821,0.0292197426555323,0.0229317560162766,0.269356506753478,202608260009
7,8,0.237363997989989,0.193497669632589,0.114080143382401,0.237363997989989,0.191434617524252,0.0270785189245179,0.0218388886155217,0.237363997989078,202608260009
7,9,0.234348345469376,0.0919645633848925,0.11835000983845,0.234348345469376,0.212796602198313,0.0277351289919251,0.0251844799637591,0.234348345469195,202608260009
7,10,0.341162997987112,0.0786380706255996,0.116700938024154,0.341162997987112,0.31433459805656,0.0398140418842285,0.036683142446646,0.341162997987194,202608260009
8,9,0.212545461889819,0.191031273179719,0.0963742399003607,0.212545461889819,0.171942631696436,0.0204839073339024,0.0165708404362117,0.212545461889818,202608260009
8,10,0.324640982350467,0.217124523560115,0.112986198408053,0.324640982350467,0.254153463729534,0.0366799504432349,0.0287158336790389,0.324640982350673,202608260009
9,10,0.24306450893092,0.0799319591053651,0.121402831513816,0.24306450893092,0.223635886543088,0.0295087196247291,0.0271500298544335,0.243064508931051,202608260009
11,12,0.0285268341563973,0.160694638415599,-0.0043636864907637,0.0285268341563973,0.0239427248564933,0,0,0.161258959827368,202608260009
11,13,-0.0096830583961837,0.156975806987589,-0.0183745622552625,0.0096830583961837,0.00816305249033481,0,0,0.0720197579497811,202608260009
11,14,0.0261424373456361,0.174409042085894,0.00934533698196467,0.0261424373456361,0.0215829598903932,0.000244309886524867,0.000201700033243952,0.0995007515469248,202608260009
11,15,-0.00236228761037295,0.165960978499033,0.0201186393468132,0.00236228761037295,0.00197024004705931,4.75260124665385e-05,3.96385489334346e-05,0.0207188088838292,202608260009
12,13,-0.15529956900291,0.162289568568942,-0.00908308661125973,0.15529956900291,0.130096068950485,0,0,0.279567642877303,202608260009
12,14,-0.0654629037207843,0.196421061485407,-0.00159042736236962,0.0654629037207843,0.0526046106840309,0,0,0.0473897688422623,202608260009
12,15,0.0533831177130407,0.177654626422563,-0.00790367248628357,0.0533831177130407,0.0438993598784587,0,0,0.179790000920419,202608260009
13,14,-0.0266015728581664,0.1927587971736,-0.00826897666672151,0.0266015728581664,0.0214738856711003,0,0,0.193347126603696,202608260009
13,15,0.057654267817467,0.176556320348954,-0.00838973546140216,0.057654267817467,0.0474750424392019,0,0,0.0314155381123293,202608260009
14,15,0.0596329137429051,0.199584497857276,0.00128900877589417,0.0596329137429051,0.0477311085977612,7.68673491467445e-05,6.15258178656716e-05,0.0330445604764452,202608260009
1,6,0.175436138065639,0.184737277724813,0.0045714998623198,0.175436138065639,0.143026543504838,0.000802006281012984,0.000653845823940444,0.81270203467701,202608260009
2,7,0.324984990933558,0.169468975463184,-0.00059380489678205,0.324984990933558,0.269910117479136,0,0,0.934525595724919,202608260009
3,8,0.236523865570769,0.191837940394459,-0.0294996627559396,0.236523865570769,0.191149614345537,0,0,0.893984004010196,202608260009
4,9,0.253466324115408,0.102875983240811,-0.0328515693228408,0.253466324115408,0.227390726803601,0,0,0.891497349842016,202608260009
5,10,0.148958677324337,0.215822846088525,-0.00912219818029381,0.148958677324337,0.116809991634616,0,0,0.958859423501085,202608260009
6,11,0.0903085245811034,0.220617455809373,0.00132034049154922,0.0903085245811034,0.0703848876501221,0.000119238001736498,9.29320171575985e-05,0.912168166815149,202608260009
1,2,0.272615795272497,0.158389515440073,0.111474573965883,0.272615795272497,0.229436311557976,0.0303897296343719,0.0255763150832289,0.272615795272582,202608260010
1,3,0.216590919664733,0.0632628853115045,0.0980034311573613,0.216590919664733,0.202888753154469,0.0212266532846722,0.0198837939523769,0.216590919665764,202608260010
1,4,0.0282336578809222,0.102547307972587,0.112040322064639,0.0282336578809222,0.0253383722710147,0.00316330812204136,0.0028389193898382,0.0282336578801745,202608260010
1,5,0.248730360641224,0.175832735010925,0.109121858195915,0.248730360641224,0.204995421049424,0.0271419191429104,0.0223694812665671,0.248730360641109,202608260010
2,3,0.254753412083079,0.155198999139886,0.120674139493466,0.254753412083079,0.215215937500314,0.0307421487861499,0.02597099806313,0.254753412083166,202608260010
2,4,0.213422792719525,0.196302883171728,0.0995370710096797,0.213422792719525,0.17152728317412,0.0212434796740075,0.0170733233653998,0.213422792718323,202608260010
2,5,0.306182915020776,0.260145631067961,0.12177907745132,0.306182915020776,0.226530767370468,0.0372866729225861,0.0275867078647153,0.306182915020821,202608260010
3,4,0.166362022840202,0.0939513266332463,0.109285813809995,0.166362022840202,0.150732090092974,0.0181810090531684,0.0164728791330921,0.166362022840205,202608260010
3,5,0.3077643683398,0.170550481440448,0.120315059263827,0.3077643683398,0.255275007149232,0.0370286882160975,0.0307134276137338,0.307764368339727,202608260010
4,5,0.241440594796008,0.21429383276968,0.0876531001763986,0.241440594796008,0.18970136435098,0.0211630166423038,0.016627912693056,0.241440594795959,202608260010
6,7,0.196986354890545,0.197309452992081,0.108526650656871,0.196986354890545,0.158119084960188,0.0213782693213766,0.0171601346956584,0.196986354890454,202608260010
6,8,0.23402844034684,0.265450244199555,0.107650575523265,0.23402844034684,0.171905533707131,0.0251932962921494,0.0185057296392066,0.234028440346875,202608260010
6,9,0.223597115678276,0.201773704672385,0.0902735587208004,0.223597115678276,0.178481097293811,0.0201849073519845,0.0161121238171057,0.223597115678259,202608260010
6,10,0.239278124156489,0.212369308455604,0.109740266359038,0.239278124156489,0.188462794400821,0.026258445078824,0.0206819572563147,0.239278124156287,202608260010
7,8,0.231557701866805,0.141370096953283,0.126493048599394,0.231557701866805,0.198822367103615,0.0292904396358016,0.0251496473446841,0.231557701866854,202608260010
7,9,0.171714804870007,0.0764810444532964,0.106753443907079,0.171714804870007,0.158581877245455,0.0183311467897054,0.016929161537202,0.171714804870004,202608260010
7,10,0.36341397513319,0.0540411925009927,0.0883399033919424,0.36341397513319,0.343774650545467,0.0321039554545478,0.0303690194177853,0.363413975133191,202608260010
8,9,0.316456385401315,0.143018905919073,0.107236774188466,0.316456385401315,0.271197139390115,0.0339357619417789,0.0290823063973356,0.316456385401249,202608260010
8,10,0.225640745460333,0.15692943843758,0.12584500986893,0.225640745460333,0.190231069986606,0.0283957618392884,0.0239396308798416,0.225640745460359,202608260010
9,10,0.168931790620657,0.0707157755872008,0.105035480196318,0.168931790620657,0.156985648025583,0.0177438317482647,0.0164890629242973,0.16893179062063,202608260010
11,12,-0.00502082082434355,0.173192859340663,-5.98878588805498e-05,0.00502082082434355,0.00415125050953834,0,0,0.0178512619736728,202608260010
11,13,0.0562247088899588,0.133195904859719,0.00258937900706965,0.0562247088899588,0.0487358079138864,0.000145587080878262,0.000126195477904797,0.222265336503604,202608260010
11,14,0.0622248858932278,0.15657305145209,-0.00649204193457055,0.0622248858932278,0.0524821456326671,0,0,0.171079505160567,202608260010
11,15,-0.133934046515123,0.156908211328906,0.000816155611615719,0.133934046515123,0.112918694840392,0.000109311023649718,9.21592264503092e-05,0.0793515207285102,202608260010
12,13,-0.0177561397009533,0.205420435809666,0.0093616504721272,0.0177561397009533,0.0141086657452862,0.000166226773614586,0.000132080397335443,0.133988077009376,202608260010
12,14,0.0716082359553893,0.213676717986901,-0.00299561590426663,0.0716082359553893,0.0563072231156101,0,0,0.201538624856565,202608260010
12,15,-0.059737566938682,0.222401945616562,-0.00882368075321474,0.059737566938682,0.0464518158251195,0,0,0.013646434559247,202608260010
13,14,0.0118126520596575,0.190839423578034,0.0158591684445204,0.0118126520596575,0.00955833234966457,0.000187338838790619,0.000151587202782039,0.0981084384338099,202608260010
13,15,0.00217537913158798,0.186513781654836,-0.0189935191387433,0.00217537913158798,0.0017696409432225,0,0,0.0332361598327305,202608260010
14,15,-0.015287049837903,0.20121918795532,-0.021810208229036,0.015287049837903,0.0122110020832876,0,0,0.0918704313815488,202608260010
1,6,0.233137696902133,0.197986170682887,0.00205433265978301,0.233137696902133,0.186979657050652,0.000478942384972644,0.000384118416194181,0.847361861074512,202608260010
2,7,0.25068747507259,0.157476532954539,0.00576549147499316,0.25068747507259,0.211210080643031,0.00144533650041858,0.00121772991938001,0.939248667845926,202608260010
3,8,0.236383977395103,0.138981064520406,0.0178718758034571,0.236383977395103,0.203531080581164,0.0042246250859325,0.00363748219428999,0.916297513542492,202608260010
4,9,0.247917572691232,0.0991837113267409,-0.00425347715262472,0.247917572691232,0.223328187728598,0,0,0.922532071934875,202608260010
5,10,0.110297923659732,0.187262608765704,-0.0140429391754709,0.110297923659732,0.0896432467337705,0,0,0.971885721125569,202608260010
6,11,0.108517146131764,0.207953423655011,0.0103355188231174,0.108517146131764,0.0859506340683929,0.00112158100647583,0.000888344396272752,0.870312859859151,202608260010
1,2,0.337919148682813,0.149058710103009,0.103449547997555,0.337919148682813,0.287549356261046,0.0349575831909556,0.0297468509321932,0.337919148682872,202608260011
1,3,0.287404296839014,0.0928551551807366,0.132532392755261,0.287404296839014,0.260717326256416,0.0380903791482178,0.0345534910815169,0.287404296838901,202608260011
1,4,0.309329234416198,0.0700153432338233,0.136484332662969,0.309329234416198,0.287671441896293,0.0422185941324419,0.0392626447734095,0.309329234416206,202608260011
1,5,0.283565489553449,0.150854205114685,0.130696083684619,0.283565489553449,0.240788443028907,0.0370608989527476,0.0314701065003952,0.283565489553579,202608260011
2,3,0.319219479201374,0.156130506379907,0.108432462727316,0.319219479201374,0.269379580267333,0.0346137542803363,0.0292094912968377,0.31921947920134,202608260011
2,4,0.245912379521663,0.176063916235585,0.1138394942751,0.245912379521663,0.202616082932268,0.0279945409207326,0.0230657124130111,0.245912379521457,202608260011
2,5,0.204152649804289,0.224436178458083,0.119023244406281,0.204152649804289,0.158333409260123,0.0242989107338459,0.0188453560680474,0.204152649804374,202608260011
3,4,0.205895715886588,0.0859822868840507,0.128993737280426,0.205895715886588,0.18819233137503,0.0265592578822397,0.0242756321515814,0.205895715886747,202608260011
3,5,0.241467322837208,0.160015318328789,0.128031427045805,0.241467322837208,0.202828852307411,0.0309154059277778,0.0259684674069807,0.241467322837351,202608260011
4,5,0.403945161426571,0.181024473373849,0.114296857780012,0.403945161426571,0.330821201307411,0.0461696626664968,0.0378118237964459,0.403945161426771,202608260011
6,7,0.237853380715921,0.196133842540428,0.0671404450049999,0.237853380715921,0.191202283194877,0.0159695818272106,0.012837406379676,0.237853380712867,202608260011
6,8,0.187767105987707,0.265778634582927,0.103162095846821,0.187767105987707,0.137862620938706,0.0193704481847839,0.0142221969149727,0.18776710598783,202608260011
6,9,0.231884495153126,0.204823690978704,0.076140207634611,0.231884495153126,0.184389056975129,0.017655733608206,0.0140394210836365,0.231884495153162,202608260011
6,10,0.252769336900312,0.213299440892776,0.0767107519105095,0.252769336900312,0.198853778664638,0.0193901258935438,0.0152542228816104,0.252769336900115,202608260011
7,8,0.341835278903612,0.140124449988041,0.0725658808045097,0.341835278903612,0.293935798460735,0.0248055781036958,0.0213297101152801,0.341835278903607,202608260011
7,9,0.0566041721511722,0.0761804214929214,0.0867106445051212,0.0566041721511722,0.052292042458438,0.00490818424890697,0.00453427670406032,0.0566041721523697,202608260011
7,10,0.135690342061754,0.0569889801955541,0.101249278421957,0.135690342061754,0.127957487845269,0.0137385492225811,0.0129556033130198,0.135690342060961,202608260011
8,9,0.14131812238643,0.155334140369219,0.0870333381076734,0.14131812238643,0.119366593326942,0.0122993879263998,0.0103888730757849,0.141318122386007,202608260011
8,10,0.306726887343464,0.161156469256258,0.0935769006482569,0.306726887343464,0.257295865153229,0.0287025514630884,0.024076949610651,0.306726887343436,202608260011
9,10,0.24320256561295,0.0727096566437684,0.0856848867870108,0.24320256561295,0.225519390572349,0.0208387843008562,0.0193236034494674,0.243202565612934,202608260011
11,12,-0.0572015015972566,0.175734686319727,0.00368241186131557,0.0572015015972566,0.0471492136570454,0.000210639487966799,0.000173622823622406,0.149133944563385,202608260011
11,13,0.0017686734625203,0.210079328180392,-0.0270362469305396,0.0017686734625203,0.00139711172974355,0,0,0.0197138370013289,202608260011
11,14,0.14222887828483,0.161703150863378,-0.00643372193506259,0.14222887828483,0.119230020522409,0,0,0.152791568446811,202608260011
11,15,0.00998864311919322,0.174552951132628,-0.00230537609509913,0.00998864311919322,0.00824509598492742,0,0,0.168659010282733,202608260011
12,13,-0.00683768837184635,0.246045374011356,-0.00564745906788498,0.00683768837184635,0.00515530677902232,0,0,0.0839476346458318,202608260011
12,14,0.0531891273193396,0.205439460940612,-0.0111579742133717,0.0531891273193396,0.0422619816749529,0,0,0.0855643867729881,202608260011
12,15,-0.0589990064590518,0.218479952174629,-0.0109427935877382,0.0589990064590518,0.0461089063495275,0,0,0.0307552983029184,202608260011
13,14,-0.0794094810741485,0.248238112031975,0.00534130008680436,0.0794094810741485,0.059697021414863,0.000424149868154439,0.000318859705665169,0.0149799467707283,202608260011
13,15,-0.0591046767154268,0.250159637366969,-0.0220043355738303,0.0591046767154268,0.0443190722216037,0,0,0.242114901160777,202608260011
14,15,-0.0498396486353243,0.202396952285786,0.012494328788299,0.0498396486353243,0.0397522556485402,0.000622712956743038,0.000496677752149377,0.0956545574187417,202608260011
1,6,0.255295221419294,0.198389182450585,-0.0145938418116161,0.255295221419294,0.204647411158379,0,0,0.829250454141007,202608260011
2,7,0.103677577707231,0.152708724256862,-0.0491909177974652,0.103677577707231,0.0878451070815184,0,0,0.808346804040264,202608260011
3,8,0.102728344119873,0.159772393538913,-0.0349273803464683,0.102728344119873,0.0863151906955517,0,0,0.860027138198276,202608260011
4,9,0.11803459852006,0.0829496112289205,-0.0416560360825253,0.11803459852006,0.10824367446126,0,0,0.793463661250098,202608260011
5,10,0.0995207723966044,0.162685248882532,-0.0269861261634346,0.0995207723966044,0.0833302107702811,0,0,0.800769938611731,202608260011
6,11,0.18558284702198,0.227944487978271,0.0254219184663992,0.18558284702198,0.143280259980005,0.00471787200575501,0.00364245908705617,0.9637882092744,202608260011
1,2,0.329539960542255,0.148872091494676,0.134636230047024,0.329539960542255,0.280480657385257,0.0443680179372542,0.0377628583114619,0.329539960542414,202608260012
1,3,0.348768107483119,0.133593352609541,0.121048211020884,0.348768107483119,0.302175006721164,0.042217755471971,0.0365777439788206,0.348768107483077,202608260012
1,4,0.249901123553228,0.0952236098064134,0.121284213791334,0.249901123553228,0.226104636473811,0.0303090612957242,0.0274229230693015,0.249901123553095,202608260012
1,5,0.195274990015673,0.178995596031524,0.128850246489056,0.195274990015673,0.160321626787768,0.0251612305966674,0.0206574811291303,0.195274990015891,202608260012
2,3,0.256854544648706,0.149764093082452,0.150098145342666,0.256854544648706,0.218386956715286,0.0385533907746058,0.0327794771699936,0.2568545446487,202608260012
2,4,0.31504191036256,0.131700374668651,0.129825203342599,0.31504191036256,0.273550772731483,0.0409003800742603,0.03551378469439,0.315041910362595,202608260012
2,5,0.301520315292199,0.234028301322324,0.149118205592934,0.301520315292199,0.230956028090194,0.0449621683661883,0.0344397484796809,0.301520315292197,202608260012
3,4,0.223953770055225,0.0832875799494901,0.12945757179277,0.223953770055225,0.205301202526761,0.0289925112651859,0.0265777951652502,0.223953770055039,202608260012
3,5,0.290038202216485,0.169615554933389,0.116301437622768,0.290038202216485,0.240843211595654,0.0337318598833002,0.0280104117502589,0.290038202216616,202608260012
4,5,0.19796345340058,0.155004174391844,0.133705404736618,0.19796345340058,0.167278291746465,0.0264687836599831,0.0223660117016111,0.197963453400435,202608260012
6,7,0.228628428899608,0.190618624894605,0.114570577914566,0.228628428899608,0.185047592170951,0.0261940912267273,0.0212010095767247,0.228628428899657,202608260012
6,8,0.26040897625355,0.27626552185169,0.0880949465749305,0.26040897625355,0.188466954533999,0.0229407148506889,0.0166029862908125,0.260408976253584,202608260012
6,9,0.148114771891515,0.177656809051919,0.0839619210693049,0.148114771891515,0.121801174143816,0.0124360007867535,0.0102266605696117,0.148114771891436,202608260012
6,10,0.267461756055159,0.201344278955022,0.0752038517902421,0.267461756055159,0.213609861634189,0.0201141542619301,0.0160642843752717,0.267461756055165,202608260012
7,8,0.442260703831685,0.176192838110974,0.0990465809387785,0.442260703831685,0.364337535238623,0.0438044105981061,0.0360863871730473,0.442260703831659,202608260012
7,9,0.268477689827995,0.0803622504595525,0.124570752034274,0.268477689827995,0.246902218475236,0.0334444677262979,0.0307567950343907,0.268477689827961,202608260012
7,10,0.238562497576184,0.0817692758218742,0.134916699090746,0.238562497576184,0.219055414911122,0.0321860646998228,0.0295542334977623,0.238562497577429,202608260012
8,9,0.215287802704021,0.173187370221082,0.106492267833546,0.215287802704021,0.178002674313036,0.0229264863468523,0.0189559084680314,0.215287802706972,202608260012
8,10,0.166773139522156,0.195121754255187,0.120897553296641,0.166773139522156,0.134232071975948,0.020162464523828,0.0162283290758307,0.166773139522169,202608260012
9,10,0.196594547461729,0.0585434617543164,0.109130663649758,0.196594547461729,0.185085222091296,0.0214544934344224,0.0201984731185861,0.196594547462036,202608260012
11,12,0.0412624573805189,0.166664663311813,0.0147481525091481,0.0412624573805189,0.0343854638137767,0.000608545014350116,0.000507122064423371,0.345882853815487,202608260012
11,13,0.0113318567641095,0.174397139673965,0.0144808957664336,0.0113318567641095,0.00935561335725375,0.000164095436641226,0.000135477661857446,1.11022302462516e-16,202608260012
11,14,0.0360796132260848,0.180087260034904,-0.014921468357513,0.0360796132260848,0.0295821345370801,0,0,0.0390989316514301,202608260012
11,15,-0.00103189136764391,0.14252096336927,0.00432759482324524,0.00103189136764391,0.00088482521583487,4.46560774076726e-06,3.82916502352384e-06,0.0382202469936221,202608260012
12,13,0.0518661377490793,0.238188127427707,0.00186889334838031,0.0518661377490793,0.0395122395217186,9.69322798454313e-05,7.38441616217496e-05,0.0135237745035017,202608260012
12,14,0.0290917208435056,0.237217417269002,0.00605673083160489,0.0290917208435056,0.0221906579610984,0.000176200722577303,0.000134402842246584,0.157824534569568,202608260012
12,15,0.0285673439703475,0.211021588549289,0.0149360678613119,0.0285673439703475,0.0225390176650909,0.00042668378815855,0.000336644297373105,0.044378766798875,202608260012
13,14,-0.0288810817094876,0.24703824389902,0.0147230391108372,0.0288810817094876,0.0217463500020716,0.00042521729557207,0.000320172361598455,0.0573140030993565,202608260012
13,15,0.0907794042159971,0.214188832726032,-0.000121239732177958,0.0907794042159971,0.0713354695914081,0,0,0.0254780322380502,202608260012
14,15,-0.0732965743374137,0.22232530790139,0.0144426607105432,0.0732965743374137,0.057000890879731,0.00105859755440037,0.000823244527174649,0.00283609241019269,202608260012
1,6,0.176305918231871,0.200114278568561,-0.0298214544978764,0.176305918231871,0.141024586597532,0,0,0.952007163231491,202608260012
2,7,0.228231278701519,0.14899215243843,0.0190174003544995,0.228231278701519,0.194226609234005,0.00434036560048614,0.00369368518729999,0.793463661250098,202608260012
3,8,0.106291803627208,0.195804901334181,-0.00715157576474875,0.106291803627208,0.08547934750535,0,0,0.891497349842016,202608260012
4,9,0.272041691132267,0.0354336337995778,-0.0054744005761869,0.272041691132267,0.262402265470468,0,0,0.938238813087349,202608260012
5,10,0.16939893383784,0.178511460338059,0.0182025967158656,0.16939893383784,0.139159282778737,0.0030835004767478,0.00253306030369045,0.847017976944255,202608260012
6,11,0.101333780912693,0.186183745873094,0.0140706630488108,0.101333780912693,0.0824670779988843,0.00142583348668452,0.0011603664671423,0.904459981714736,202608260012
1,2,0.21316046286828,0.177207710927649,0.128193691795998,0.21316046286828,0.175386785183114,0.0273258266800286,0.022483479484855,0.21316046286828,202608260013
1,3,0.286238749389544,0.0644667910011423,0.142322471568263,0.286238749389544,0.26778585575622,0.0407382062717284,0.0381119448422475,0.286238749389499,202608260013
1,4,0.231329565274931,0.0748410340013566,0.122367999190082,0.231329565274931,0.214016621414671,0.0283073360562047,0.0261887857559345,0.231329565274893,202608260013
1,5,0.260927721213509,0.186963968221817,0.11837199733935,0.260927721213509,0.212143639036355,0.0308865355212481,0.0251118662755714,0.260927721213468,202608260013
2,3,0.32719020240497,0.162732468685784,0.126084933651092,0.32719020240497,0.273945733037808,0.041253754961518,0.0345404295740718,0.32719020240496,202608260013
2,4,0.228072064384724,0.194453705305131,0.107179671169909,0.228072064384724,0.183722606388524,0.024444688863797,0.0196913285392006,0.228072064384703,202608260013
2,5,0.316987772048304,0.278472797164804,0.118608588314558,0.316987772048304,0.228715300498974,0.0375974721556263,0.0271275989181232,0.316987772048179,202608260013
3,4,0.338513998485732,0.0609355082531871,0.121573672782867,0.338513998485732,0.317886475937186,0.0411543900843244,0.0386466264076861,0.338513998485676,202608260013
3,5,0.31639636253839,0.174538455590408,0.141024488768578,0.31639636253839,0.261173030066516,0.044619635275214,0.0368317930452709,0.316396362538434,202608260013
4,5,0.220952446341007,0.205914179891502,0.112556196308891,0.220952446341007,0.175455204557678,0.0248695669252882,0.0197485704476106,0.22095244634078,202608260013
6,7,0.19660855043678,0.193841713486475,0.0933656046240211,0.19660855043678,0.158497612134023,0.0183564761857823,0.0147982253883566,0.196608550436605,202608260013
6,8,0.279427328338889,0.23809656744581,0.106280957317168,0.279427328338889,0.212896640610846,0.0296978039564356,0.0226268587737297,0.279427328338907,202608260013
6,9,0.252076364693869,0.180038046482969,0.112569952732146,0.252076364693869,0.206693028429857,0.02837622445848,0.023267424440413,0.252076364693887,202608260013
6,10,0.250495619426213,0.167023122829852,0.0922660885037899,0.250495619426213,0.208657058814449,0.0231122509917907,0.0192519706555144,0.250495619426176,202608260013
7,8,0.237235513536502,0.152636607788451,0.113236191780953,0.237235513536502,0.201024689503339,0.0268636461080721,0.0227632702933066,0.237235513536464,202608260013
7,9,0.238886742865572,0.139464210100304,0.109060367393479,0.238886742865572,0.205570591968391,0.026053075942351,0.0224196042853678,0.238886742865471,202608260013
7,10,0.212146548521937,0.101389062358403,0.106879216993418,0.212146548521937,0.190637208884726,0.0226740569938808,0.0203751556154102,0.212146548521282,202608260013
8,9,0.307508363915317,0.138869280035051,0.120607975569316,0.307508363915317,0.264804898813641,0.0370879612424588,0.0319375827667507,0.30750836391531,202608260013
8,10,0.250187274248847,0.128665323969656,0.132292285169458,0.250187274248847,0.217996847554534,0.0330978462306978,0.0288393011227272,0.250187274248679,202608260013
9,10,0.319245723029694,0.070289408494955,0.101539230511382,0.319245723029694,0.296806129993393,0.032415965060485,0.0301374660505904,0.319245723029697,202608260013
11,12,-0.0217084539209296,0.155601166709988,0.0269584122406324,0.0217084539209296,0.0183305931633629,0.000585225449907192,0.000494163687113255,0.0741375890809561,202608260013
11,13,0.0275581478279777,0.171334273520779,0.00918308100736941,0.0275581478279777,0.0228364925902929,0.000253068703917381,0.000209709361380851,0.0927981089616044,202608260013
11,14,-0.0112265968352586,0.180545455107632,-0.00375273756014886,0.0112265968352586,0.00919968580032697,0,0,0.115117863709043,202608260013
11,15,0.0354643543831661,0.169917081097695,-0.0177738428501995,0.0354643543831661,0.0294383548033643,0,0,0.00560748267766987,202608260013
12,13,0.145200358773728,0.201298363319118,0.00318032098017294,0.145200358773728,0.115971764199228,0.000461783747336725,0.000368827434790473,0.0181885328559442,202608260013
12,14,-0.034357995735116,0.203386558226289,-0.00211820882692906,0.034357995735116,0.0273700412349972,0,0,0.0557923751772508,202608260013
12,15,-0.0120070463554191,0.193396680370397,-0.00291787111872711,0.0120070463554191,0.0096849234492276,0,0,0.117550928431842,202608260013
13,14,-0.033165954217374,0.210241095571639,-0.00230953702358408,0.033165954217374,0.0261931076670344,0,0,0.166573728794951,202608260013
13,15,-0.0464447806358873,0.202991482186723,0.00599321667466147,0.0464447806358873,0.0370168857747714,0.000278353633757994,0.000221850217069399,0.0328539040382223,202608260013
14,15,-0.105245260939744,0.199171442267884,0.0101988158168652,0.105245260939744,0.0842834105265157,0.00107337703192237,0.000859590980377174,0.306121404931621,202608260013
1,6,0.121504180490704,0.180687193673755,-0.00157702769702127,0.121504180490704,0.099549931098209,0,0,0.905866632578601,202608260013
2,7,0.267210769146895,0.188838292803009,-0.0148374211440984,0.267210769146895,0.216751143682616,0,0,0.889897646115296,202608260013
3,8,0.17724959554943,0.126323740213915,0.00571494735337003,0.17724959554943,0.154858763688222,0.00101297210697112,0.000885009681686161,0.78878187795078,202608260013
4,9,0.120777641124517,0.0904732927653817,-0.0424036356032282,0.120777641124517,0.109850490239546,0,0,0.760179528346814,202608260013
5,10,0.1224534383415,0.177693274611059,-0.0265053226471229,0.1224534383415,0.100694285895215,0,0,0.913838907606183,202608260013
6,11,0.185766919653199,0.205310131671967,-0.0132392261080261,0.185766919653199,0.147627088918905,0,0,0.901862431823094,202608260013
1,2,0.30868955320321,0.173097300235778,0.106460494741239,0.30868955320321,0.255256224932746,0.0328632425554656,0.027174703992121,0.308689553203148,202608260014
1,3,0.203707395914469,0.0790719083286864,0.114616687468828,0.203707395914469,0.187599863378845,0.0233482669326176,0.0215020749100879,0.203707395914698,202608260014
1,4,0.190549184349114,0.0645074322354999,0.133966719506386,0.190549184349114,0.178257345752183,0.0255272491318683,0.0238805518383356,0.190549184348933,202608260014
1,5,0.146639900183995,0.165112378877358,0.122562485080661,0.146639900183995,0.122427837426278,0.0179725505785305,0.0150050599980157,0.146639900184207,202608260014
2,3,0.217482060275675,0.168330128130865,0.143684809131157,0.217482060275675,0.180873277203306,0.0312488683201612,0.025988742311884,0.217482060277146,202608260014
2,4,0.317701317195345,0.168149460936346,0.127305734045614,0.317701317195345,0.264280011970181,0.040445199392812,0.0336443609174476,0.31770131719541,202608260014
2,5,0.350901500517637,0.256265879057544,0.141381036018612,0.350901500517637,0.260977419024874,0.0496108176836692,0.0368972578792002,0.350901500517667,202608260014
3,4,0.323852235226355,0.0378021879750796,0.130854249273333,0.323852235226355,0.311609912154179,0.0423774411160356,0.0407754811210644,0.323852235226237,202608260014
3,5,0.325788481979926,0.150553967119371,0.141237540546444,0.325788481979926,0.27673973357605,0.0460135639332041,0.0390860393417594,0.325788481979945,202608260014
4,5,0.382916190724196,0.153717927062156,0.148083708921419,0.382916190724196,0.324055107647535,0.0567036497285005,0.0479872822353768,0.382916190724055,202608260014
6,7,0.171190470413402,0.178183484859242,0.0650907070385342,0.171190470413402,0.140687155820449,0.0111429087574676,0.00915742644359348,0.171190470413393,202608260014
6,8,0.298559736595182,0.250585826178911,0.0412321190237862,0.298559736595182,0.22374489833672,0.0123102505950028,0.00922547627918459,0.298559736595271,202608260014
6,9,0.182454375939763,0.170222494093159,0.0784946595465527,0.182454375939763,0.151396537009086,0.0143216941221705,0.0118838196290553,0.182454375939507,202608260014
6,10,0.109417975950656,0.172547322253001,0.0560112463178418,0.109417975950656,0.0905381971940267,0.00612863720257185,0.00507115726420796,0.109417975950118,202608260014
7,8,0.143031898278409,0.157558792808348,0.0817205453374247,0.143031898278409,0.120495965052577,0.0116886447279587,0.00984699597505584,0.143031898279238,202608260014
7,9,0.158322646205213,0.0705440301910893,0.0789578585707906,0.158322646205213,0.147153928671379,0.0125008171076245,0.011618959088171,0.158322646205327,202608260014
7,10,0.187138406627573,0.0609926060118542,0.0772130840850329,0.187138406627573,0.175724347522451,0.0144495335264739,0.0135682188210386,0.18713840662743,202608260014
8,9,0.13498153891174,0.149636858910295,0.0975500951450041,0.13498153891174,0.11478332541811,0.0131674619636594,0.0111971243155966,0.13498153891162,202608260014
8,10,0.214940241978013,0.152420902356158,0.0837512436859272,0.214940241978013,0.182178856343073,0.0180015125838127,0.0152577057920122,0.214940241985625,202608260014
9,10,0.172618168357444,0.0412544433952835,0.0826841538705515,0.172618168357444,0.165496901901944,0.0142727871933196,0.0136839713019599,0.172618168357415,202608260014
11,12,0.0178018309490727,0.148674402824321,0.0251314750286688,0.0178018309490727,0.0151551543635398,0.000447386269961205,0.000380871383442922,0.0850674437230142,202608260014
11,13,-0.0122654923825211,0.184760988129612,0.0189855940603484,0.0122654923825211,0.00999930789003031,0.000232867659324843,0.000189842800484555,0.00741817422638267,202608260014
11,14,0.0406364951761492,0.204197183098592,0.0137916435655337,0.0406364951761492,0.03233863733018,0.000560444057221977,0.000446002959452904,0.0358754745987266,202608260014
11,15,0.061833822072052,0.153784914740036,0.02116850367651,0.061833822072052,0.052324713016651,0.0013089294898649,0.00110763587986531,0.0886858345719701,202608260014
12,13,0.113764316291569,0.245993366215698,0.0211463770987388,0.113764316291569,0.0857790491717787,0.00240570313268171,0.00181391612095769,0.0091021073987638,202608260014
12,14,0.103697839906804,0.247646577389332,0.026095619425202,0.103697839906804,0.0780174247712173,0.00270605936542349,0.00203591302536402,0.0608651523736958,202608260014
12,15,0.0736535078392647,0.200313324996526,0.0230750153970999,0.0736535078392647,0.0588997287863239,0.00169955582744145,0.00135911214862943,0.0242826969067525,202608260014
13,14,0.0972173402194619,0.264298874104401,0.0169921686096798,0.0972173402194619,0.0715229066560335,0.0016519334367937,0.00121532928935371,0.168209855309704,202608260014
13,15,-0.00883705959130381,0.240782813419659,0.0257014262862718,0.00883705959130381,0.0067092475205525,0.000227125035673286,0.000172437230585832,0.0748700361752226,202608260014
14,15,-0.0629593739689174,0.25431901151362,0.0336950629637345,0.0629593739689174,0.046947608215626,0.00212142007003998,0.00158190261482226,0.15811852501316,202608260014
1,6,0.190446667364696,0.179951065989989,-0.00967741825959892,0.190446667364696,0.156175586558178,0,0,0.831443632240855,202608260014
2,7,0.141698566979837,0.177595599235381,-0.0175585152501272,0.141698566979837,0.116533525066258,0,0,0.686286073421655,202608260014
3,8,0.186483108355851,0.149098903649451,0.0141628089498153,0.186483108355851,0.158678681350852,0.00264112463601162,0.00224733584838073,0.896440958183503,202608260014
4,9,0.16557638674561,0.0381418701080571,0.00330818608004093,0.16557638674561,0.159260993709397,0.000547757497815299,0.000526865002482914,0.924173752299018,202608260014
5,10,0.121446912283228,0.156054584717005,-0.00348936975545485,0.121446912283228,0.102494564821706,0,0,0.829250454140694,202608260014
6,11,0.210827423479767,0.177185700752776,0.0184138184984525,0.210827423479767,0.173471818712602,0.00388213791045282,0.00319427858437032,0.800449417589456,202608260014
1,2,0.273234496632844,0.137229957418368,0.131817745549391,0.273234496632844,0.23573853829469,0.0360171553524643,0.0310745226571149,0.273234496632673,202608260015
1,3,0.295393063735918,0.07415147146584,0.139432244309611,0.295393063735918,0.273489233399097,0.0411873178301911,0.0381332176073512,0.295393063735963,202608260015
1,4,0.221275660479781,0.0690014063325206,0.132027221733306,0.221275660479781,0.206007328719519,0.0292144106903479,0.0271985752675381,0.221275660478571,202608260015
1,5,0.237378752642361,0.163441992118009,0.117304744463275,0.237378752642361,0.198581096424005,0.027845653919723,0.0232945047712548,0.237378752641996,202608260015
2,3,0.255479548478463,0.137300670775539,0.147150399621954,0.255479548478463,0.220402035102938,0.0375939176538423,0.0324322475428894,0.255479548478461,202608260015
2,4,0.304966408735132,0.159546451213269,0.127182258615491,0.304966408735132,0.256310100482186,0.038786316664789,0.0325980974852878,0.304966408735118,202608260015
2,5,0.315034157365564,0.23267555877346,0.120591824670627,0.315034157365564,0.241733408767805,0.0379905438702868,0.0291510728471601,0.31503415736547,202608260015
3,4,0.388487264156876,0.0626424996715866,0.112238263787991,0.388487264156876,0.364151450839514,0.0436031360327144,0.0408717265981049,0.388487264157985,202608260015
3,5,0.218765833644705,0.163478925041348,0.135135513472892,0.218765833644705,0.183002230324695,0.0295630332599025,0.024730100361612,0.218765833645417,202608260015
4,5,0.17735680261006,0.180766638066317,0.118004769454697,0.17735680261006,0.145296609664048,0.0209289486032223,0.0171456929259551,0.177356802610119,202608260015
6,7,0.192045253634308,0.196963384456406,0.101256040075787,0.192045253634308,0.154219370509706,0.0194457418983601,0.0156156427607934,0.192045253634359,202608260015
6,8,0.342896737755179,0.260611336394558,0.12147831393709,0.342896737755179,0.253533960683467,0.0416545175570276,0.03079887806962,0.342896737755242,202608260015
6,9,0.119759002424594,0.206802705019859,0.0944050467477047,0.119759002424594,0.0949925167727083,0.0113058542223523,0.00896777298660965,0.119759002424149,202608260015
6,10,0.220046669236748,0.222034737780755,0.105364314210212,0.220046669236748,0.171188664733238,0.0231850663983712,0.0180371762601795,0.220046669236688,202608260015
7,8,0.366089892719421,0.132934040614117,0.112110308161128,0.366089892719421,0.31742408405224,0.0410424506874484,0.0355865118808602,0.366089892719424,202608260015
7,9,0.113891978905472,0.10301763904746,0.10704152738001,0.113891978905472,0.102159096132187,0.0121911713783736,0.0109352656857505,0.113891978906081,202608260015
7,10,0.301513322015272,0.0874502960512828,0.114974555146026,0.301513322015272,0.27514589274163,0.0346663600693064,0.0316347766182252,0.301513322015241,202608260015
8,9,0.163606391599602,0.147976201464637,0.115635470382865,0.163606391599602,0.139396539235357,0.0189187020502631,0.016119184384224,0.163606391600309,202608260015
8,10,0.298250856315196,0.168366675514341,0.116938566263749,0.298250856315196,0.248035351168101,0.0348770275244345,0.0290048983483233,0.298250856315316,202608260015
9,10,0.279979388435509,0.0934623869871485,0.0818999705321987,0.279979388435509,0.253811846485124,0.0229303036624912,0.0207871827478546,0.279979388435454,202608260015
11,12,0.0601228942737768,0.120361332837918,-0.0386517352963809,0.0601228942737768,0.0528864225849118,0,0,0.0752617500298913,202608260015
11,13,0.00825399696932376,0.134333743220185,-0.0107635244913655,0.00825399696932376,0.00714520665990643,0,0,0.0867436976592486,202608260015
11,14,-0.00857463025132907,0.187675024104319,-0.0361386777755181,0.00857463025132907,0.00696538631222527,0,0,0.194483902341922,202608260015
11,15,-0.0520171262571667,0.170212267091956,-0.0306901101516073,0.0520171262571667,0.0431631732693258,0,0,0.0521413679921803,202608260015
12,13,0.0358157231753411,0.172324428084367,-0.0627406842825127,0.0358157231753411,0.0296437991627225,0,0,0.0890211704085512,202608260015
12,14,-0.198314829986681,0.235707406758886,-0.0144717506958266,0.198314829986681,0.151570555688691,0,0,0.133785533163156,202608260015
12,15,-0.167657264444702,0.215517187450173,-0.0322093387322578,0.167657264444702,0.13152424235599,0,0,0.200969100756893,202608260015
13,14,-0.02190798193249,0.232467633156882,-0.0317583281940242,0.02190798193249,0.0168150852254003,0,0,0.181572113842268,202608260015
13,15,-0.124522549944358,0.221534368666066,-0.0219083370222171,0.124522549944358,0.0969365254577462,0,0,0.00309874854802921,202608260015
14,15,-0.0538788739367016,0.243032188986552,-0.0575797211894143,0.0538788739367016,0.0407845732637346,0,0,0.0373889968879679,202608260015
1,6,0.329162811286723,0.188558122951268,0.0144103382652998,0.329162811286723,0.267096489445136,0.00474334745499873,0.0038489507623785,0.97069645204579,202608260015
2,7,0.150727881580042,0.145285917820861,0.00482795923095611,0.150727881580042,0.128829242963491,0.000727708067236821,0.000621982332782675,0.973787026847356,202608260015
3,8,0.14470992709732,0.137471108402607,0.00139108393292798,0.14470992709732,0.124816493022391,0.000201303654520261,0.000173630218007866,0.865598250881045,202608260015
4,9,0.201038245498307,0.0910386134171208,-0.0288850859195251,0.201038245498307,0.18273600238433,0,0,0.963968244943956,202608260015
5,10,0.132081577339182,0.18998835697713,-0.0179442087540161,0.132081577339182,0.106987615473563,0,0,0.784293829435817,202608260015
6,11,0.175409808851379,0.195932620618687,-0.00302332629160545,0.175409808851379,0.141041305320906,0,0,0.981399293891274,202608260015
1,2,0.264814790046033,0.183551856343045,0.0912054868284984,0.264814790046033,0.21620754374599,0.024152561845535,0.0197193142833469,0.264814790045875,202608260016
1,3,0.233785931391723,0.0958853547495133,0.108860388001855,0.233785931391723,0.211369284424783,0.025450027200678,0.0230097423141562,0.233785931391879,202608260016
1,4,0.20487243982389,0.0603393389420426,0.113842251581009,0.20487243982389,0.192510572237473,0.0233231398364465,0.0219158369966625,0.204872439823863,202608260016
1,5,0.263628664325407,0.13528933887954,0.0975868954749255,0.263628664325407,0.227962516619126,0.0257267029097177,0.0222461542815116,0.263628664325367,202608260016
2,3,0.274973077702125,0.188356217360614,0.114609547694299,0.274973077702125,0.223180188910146,0.0315145400635499,0.0255785805053202,0.274973077702246,202608260016
2,4,0.285556398874572,0.190701897317885,0.108200423218214,0.285556398874572,0.231100251817928,0.0308973232108976,0.0250051450525355,0.285556398874706,202608260016
2,5,0.194102871168009,0.242377641584694,0.103376492210225,0.194102871168009,0.14705667502949,0.020065673949282,0.0152022032206476,0.194102871167678,202608260016
3,4,0.271984191155662,0.0753206763720047,0.11571333006939,0.271984191155662,0.251498157915325,0.0314721964848512,0.0291016893586996,0.271984191155723,202608260016
3,5,0.245987823638099,0.141465792588414,0.117828753758419,0.245987823638099,0.211188961200036,0.0289844386990231,0.0248841321057355,0.245987823638207,202608260016
4,5,0.245754575913426,0.141560984060984,0.105675536679417,0.245754575913426,0.210965316309632,0.0259702467010738,0.0222938730217633,0.24575457591328,202608260016
6,7,0.197516295936464,0.214719406914176,0.0662753966003155,0.197516295936464,0.155105714017102,0.0130904708482145,0.0102796927114585,0.197516295936811,202608260016
6,8,0.214584821066982,0.281170346829138,0.0785968427382903,0.214584821066982,0.15424993250331,0.0168656894354258,0.0121235576873546,0.214584821066986,202608260016
6,9,0.205598695864158,0.204874575158989,0.0983650277970071,0.205598695864158,0.163476750395747,0.0202237214337063,0.016080395096842,0.205598695863717,202608260016
6,10,0.257901019036158,0.238778896118466,0.0650507969641829,0.257901019036158,0.196319698402877,0.016776666826177,0.0127707528408751,0.257901019036306,202608260016
7,8,0.162202785630103,0.1492508123015,0.110731115610319,0.162202785630103,0.137993888117244,0.0179608954079227,0.015280217178628,0.162202785629654,202608260016
7,9,0.22483600844584,0.0566243287818837,0.100036370316395,0.22483600844584,0.212104820381596,0.0224917782013482,0.0212181963575859,0.224836008445855,202608260016
7,10,0.208668642253526,0.0777551981352618,0.0912048025328144,0.208668642253526,0.192443570630487,0.0190315823115233,0.0175517778580633,0.20866864225513,202608260016
8,9,0.322365469003802,0.136590602560359,0.101591385295516,0.322365469003802,0.27833337534792,0.0327495545675352,0.0282762731755722,0.322365469003669,202608260016
8,10,0.222775530568646,0.170737322771518,0.110112013608731,0.222775530568646,0.184739432900351,0.024530262253667,0.0203420309495927,0.222775530568304,202608260016
9,10,0.238588778210971,0.067806147421686,0.0966431612928992,0.238588778210971,0.222410992342438,0.0230579737753187,0.021494501406264,0.23858877821055,202608260016
11,12,-0.052652256790747,0.20371543704131,-0.00917974917520528,0.052652256790747,0.0419261792874087,0,0,0.0493720087342045,202608260016
11,13,0.00806601905566284,0.187818459782056,-0.0150107677602333,0.00806601905566284,0.00655107178005554,0,0,0.00184007541888621,202608260016
11,14,-0.0975239291540422,0.197918022879191,-0.00794186102699335,0.0975239291540422,0.0782221859124638,0,0,0.193092950951015,202608260016
11,15,0.0137850120336873,0.118623667433861,-0.0163186158647382,0.0137850120336873,0.0121497833506314,0,0,0.192920457113584,202608260016
12,13,0.0132216619081952,0.254637048414585,0.0110800830177495,0.0132216619081952,0.00985493694475685,0.00014649711157542,0.000109193519482593,0.0961149704858726,202608260016
12,14,0.12369665656794,0.243472835328263,-0.0207640588002198,0.12369665656794,0.0935798808727176,0,0,0.176790129233084,202608260016
12,15,0.00325491918842005,0.218981859235546,0.00126409436686084,0.00325491918842005,0.00254215093287838,4.11452501066906e-06,3.2135186739616e-06,0.0671680076990024,202608260016
13,14,-0.0450906870000504,0.246081498736643,0.00195902876160867,0.0450906870000504,0.0339947031640132,8.8333952713793e-05,6.65966012406511e-05,0.124195862850299,202608260016
13,15,-0.00228991643591086,0.200962127224251,0.000561004081479105,0.00228991643591086,0.00182972995778443,1.28465246679208e-06,1.02648597432166e-06,0.0407462330643783,202608260016
14,15,-0.0135806754351327,0.206732199309669,-0.00250599174424731,0.0135806754351327,0.0107731125343169,0,0,0.139560091922515,202608260016
1,6,0.00908504710099273,0.222214629714358,-0.0390946839724534,0.00908504710099273,0.00706621672350813,0,0,0.922532071934974,202608260016
2,7,0.18013189543705,0.185316604036194,-0.028575226265403,0.18013189543705,0.146750464296053,0,0,0.903127403485053,202608260016
3,8,0.158871122357335,0.157246724906973,-0.0120941930606913,0.158871122357335,0.133889158684349,0,0,0.798879096548094,202608260016
4,9,0.207571135880568,0.0398981334907387,-0.0305463465256624,0.207571135880568,0.19928943499238,0,0,0.978881959850636,202608260016
5,10,0.0450252526879177,0.152579354009755,-0.0362049889910135,0.0450252526879177,0.0381553287186693,0,0,0.947439722427019,202608260016
6,11,0.280953743428938,0.239580778019408,0.0110244460156999,0.280953743428938,0.213642626990768,0.00309735937734112,0.00235529160791202,0.962124381666561,202608260016
1,2,0.281959068119367,0.153225358287735,0.13416235071749,0.281959068119367,0.238755788884301,0.037828291385007,0.0320320378841265,0.281959068119378,202608260017
1,3,0.24048477580109,0.0696364095882067,0.136140947126175,0.24048477580109,0.223738279453677,0.0327398251469862,0.0304599412732044,0.240484775800808,202608260017
1,4,0.257371673915385,0.0474213706908391,0.137064435794138,0.257371673915385,0.245166756361322,0.035276503274605,0.0336036431361434,0.25737167391541,202608260017
1,5,0.340239377440885,0.129791163822635,0.12118230001678,0.340239377440885,0.296079312664544,0.0412309903145639,0.0358795720960768,0.34023937744086,202608260017
2,3,0.222605517066185,0.157274066069121,0.139562742961632,0.222605517066185,0.187595442267767,0.0310674365601491,0.02618133448999,0.222605517066197,202608260017
2,4,0.346263231560457,0.161583501247381,0.115048701683772,0.346263231560457,0.290312806251686,0.0398371352318579,0.0334001114414289,0.346263231560363,202608260017
2,5,0.255326151210831,0.219808005034826,0.141739834896525,0.255326151210831,0.199203419279958,0.0361898865173883,0.0282350597595644,0.25532615121087,202608260017
3,4,0.238508259142251,0.054494936794089,0.132133409919581,0.238508259142251,0.225510766635426,0.0315149095744487,0.0297975065691177,0.238508259143186,202608260017
3,5,0.335642068288726,0.131678848592988,0.126395171228203,0.335642068288726,0.291445107197097,0.0424235366927416,0.036837254227799,0.335642068288686,202608260017
4,5,0.307397105721899,0.139293497946192,0.126676207905364,0.307397105721899,0.26457868760736,0.0389398996739343,0.0335158248386782,0.307397105721829,202608260017
6,7,0.140572653162696,0.221919297310897,0.0956479700799185,0.140572653162696,0.109376868751702,0.0134454889237603,0.010461675469798,0.14057265316267,202608260017
6,8,0.361445664826914,0.311659743137248,0.116499267917526,0.361445664826914,0.248797601768886,0.042108155344299,0.0289847384657114,0.361445664826882,202608260017
6,9,0.163673921001533,0.214600494079776,0.0919220480209988,0.163673921001533,0.12854941668663,0.0150452420260881,0.0118165256537397,0.163673921001459,202608260017
6,10,0.215355935678054,0.252149047892736,0.0762637337017709,0.215355935678054,0.161054141538783,0.0164238477296468,0.0122825901618811,0.215355935668093,202608260017
7,8,0.275038019312789,0.170365727578186,0.138024395844519,0.275038019312789,0.228180967040902,0.0379619564499209,0.0314945401190388,0.275038019312789,202608260017
7,9,0.281782494666596,0.0721794352114578,0.098101734805467,0.281782494666596,0.261443593349086,0.0276433515646054,0.0256480700613204,0.281782494666596,202608260017
7,10,0.197483171143366,0.0982891978984883,0.115528031429216,0.197483171143366,0.178072708653235,0.0228148420025921,0.0205723894819766,0.197483171143745,202608260017
8,9,0.344391642548752,0.163378613075301,0.12058406368207,0.344391642548752,0.288125413634412,0.0415281437566714,0.0347433332261147,0.344391642548743,202608260017
8,10,0.31598294285961,0.209824564425915,0.115552718896347,0.31598294285961,0.249681959508073,0.0365126881722971,0.0288514292805256,0.315982942859649,202608260017
9,10,0.177400412855895,0.0926689602446482,0.117206130541692,0.177400412855895,0.160960901049568,0.0207924159473382,0.0188656043805241,0.177400412855836,202608260017
11,12,0.0920963146801011,0.206829590488772,-0.00734568454927283,0.0920963146801011,0.0730480716292908,0,0,0.0715051674442217,202608260017
11,13,0.0414559768175437,0.223120045300113,0.00609655688571291,0.0414559768175437,0.0322063173920529,0.000252738720920951,0.000196347646059976,0.06132459092771,202608260017
11,14,-0.0270941759104874,0.182045809037026,-0.00412182173809037,0.0270941759104874,0.0221617947366712,0,0,0.0609892039241386,202608260017
11,15,0.0150025200597087,0.228852491562438,-0.0137820914783054,0.0150025200597087,0.0115691559643289,0,0,0.0330206344603068,202608260017
12,13,-0.0787015785310872,0.222870353577227,0.00349572108843399,0.0787015785310872,0.0611613298967779,0.000275118767764166,0.000213802950716835,0.165285236555399,202608260017
12,14,-0.0689612023728708,0.205146439416201,-0.00505872669068913,0.0689612023728708,0.0548140572482163,0,0,0.0757426050441844,202608260017
12,15,-0.00883705959130284,0.240782813419658,-0.0184762963912414,0.00883705959130284,0.00670924752055177,0,0,0.0746438332089376,202608260017
13,14,0.0661849361675782,0.21486677294466,-0.0289656232859229,0.0661849361675782,0.0519639925157024,0,0,0.108618105834258,202608260017
13,15,-0.0584486193572487,0.255823348786802,-0.00709441782117935,0.0584486193572487,0.0434960978213122,0,0,0.224227062628434,202608260017
14,15,-0.100153932788767,0.222154047081379,-0.00928492733867398,0.100153932788767,0.0779043312886259,0,0,0.119768178074441,202608260017
1,6,0.104686055445992,0.218140153787872,-0.0100523974506283,0.104686055445992,0.0818498232115575,0,0,0.946539766274271,202608260017
2,7,0.143791421989892,0.161854050813344,0.0206284008045185,0.143791421989892,0.120518197868617,0.00296618708505915,0.0024860976898721,0.960618767164039,202608260017
3,8,0.150508863029394,0.172943410660243,0.00112118562329801,0.150508863029394,0.124479346922495,0.000168748373407486,0.000139564454167027,0.955677772707043,202608260017
4,9,0.137290324553854,0.0449083559829953,-0.0147113890999597,0.137290324553854,0.131124841785769,0,0,0.792792120805152,202608260017
5,10,0.169040789419646,0.168196960233187,0.0124257379065549,0.169040789419646,0.140608642483843,0.00210045654484566,0.00174716613890072,0.924750776599639,202608260017
6,11,0.197596906913854,0.276032720080845,0.0305644204575201,0.197596906913854,0.143053695218861,0.00603943494402049,0.0043723532886712,0.955677772707043,202608260017
1,2,0.312287001523998,0.161524854059791,0.0888506230489013,0.312287001523998,0.261844889178064,0.0277468946554804,0.0232650815456415,0.312287001524078,202608260018
1,3,0.0835884802713675,0.0634516781457171,0.0769412685223081,0.0835884802713675,0.078284650924499,0.00643140370593093,0.00602332034795703,0.0835884802712512,202608260018
1,4,0.119980573531524,0.0774338082586694,0.0925536234927404,0.119980573531524,0.110690020805919,0.0111046368290797,0.0102447625100746,0.119980573531118,202608260018
1,5,0.0865542624528272,0.205281212469779,0.0843814829015224,0.0865542624528272,0.0687862985120834,0.00730357701721712,0.00580428987175638,0.0865542624528532,202608260018
2,3,0.280049566895552,0.152199839447068,0.115227688996632,0.280049566895552,0.237426067776828,0.0322694643978822,0.0273580570974817,0.280049566895597,202608260018
2,4,0.328361224545033,0.184751638216709,0.0921673705255082,0.328361224545033,0.267695950383494,0.0302641906488517,0.0246728318471735,0.328361224545118,202608260018
2,5,0.261947810689596,0.277762929474759,0.11811604292165,0.261947810689596,0.189188419422954,0.0309402388506446,0.0223461874688408,0.261947810689543,202608260018
3,4,0.23721273781465,0.061159010087815,0.083013207311186,0.23721273781465,0.222705041589686,0.0196917901810616,0.0184874597867309,0.237212737814392,202608260018
3,5,0.210222427125525,0.188155274989564,0.0931498084535572,0.210222427125525,0.170667968540749,0.0195821788193846,0.0158976885787285,0.210222427124507,202608260018
4,5,0.187164353854586,0.215477242966385,0.101234370453647,0.187164353854586,0.146834694904415,0.0189474655338327,0.0148647178994018,0.18716435385448,202608260018
6,7,0.264501821637896,0.188083268739814,0.112936760190165,0.264501821637896,0.214753454436605,0.0298719788001808,0.0242535593837164,0.264501821637914,202608260018
6,8,0.307008863362938,0.281554315401356,0.0992571041175724,0.307008863362938,0.220569193016638,0.0304728107158327,0.0218930593563813,0.307008863362883,202608260018
6,9,0.260062942847785,0.175460763548343,0.101695893131341,0.260062942847785,0.214432100325084,0.0264473332432705,0.0218068639585888,0.260062942847859,202608260018
6,10,0.133019727880403,0.187877492138058,0.115472439870017,0.133019727880403,0.108028315001346,0.0153601125291958,0.0124742931082521,0.133019727880474,202608260018
7,8,0.250192251460278,0.198972047056157,0.143317775769351,0.250192251460278,0.200410987029638,0.0358569969940133,0.028722456900828,0.250192251460531,202608260018
7,9,0.29450847925452,0.112478985806807,0.137298815691932,0.29450847925452,0.261382464196467,0.0404356654128774,0.0358875027768136,0.29450847925443,202608260018
7,10,0.33722970439873,0.0949490976488971,0.132359342597882,0.33722970439873,0.305210048265666,0.0446355019786941,0.0403974013427115,0.337229704398774,202608260018
8,9,0.254813413241106,0.185624941275307,0.14014741213434,0.254813413241106,0.207513688372066,0.0357114404428592,0.0290825064077968,0.254813413240946,202608260018
8,10,0.333481220514318,0.203032566231265,0.145338089030006,0.333481220514318,0.265773672523362,0.0484675233169449,0.0386270376790319,0.333481220514386,202608260018
9,10,0.360351845943282,0.0553358351928235,0.127601776144838,0.360351845943282,0.340411475584735,0.0459815355794338,0.0434371089046973,0.360351845943218,202608260018
11,12,-0.0927829578944131,0.159294927747066,2.51869558094514e-05,0.0927829578944131,0.0780031033204635,2.33692026035677e-06,1.96466071633258e-06,0.103672906348612,202608260018
11,13,0.0450776917720769,0.141547374686403,0.0356240763604112,0.0450776917720769,0.0386970628448165,0.00160585113383955,0.00137854712170738,0.196429648141861,202608260018
11,14,0.133712119676375,0.163585156695016,8.60193055036386e-05,0.133712119676375,0.111838801627092,1.15018236719811e-05,9.62029604432166e-06,0.353895700632991,202608260018
11,15,0.00607679508563863,0.180735053559179,0.000148700440439779,0.00607679508563863,0.00497850520036758,9.03622105696749e-07,7.40305916026389e-07,0.00584049486794819,202608260018
12,13,0.0423875028588145,0.215906703472666,0.0181122778552357,0.0423875028588145,0.0332357568481297,0.000767734229368445,0.000601975262762376,0.144010954880978,202608260018
12,14,-0.0346297146823933,0.230720524861345,0.011821122351138,0.0346297146823933,0.0266399287350729,0.00040936209424557,0.000314913857002893,0.0775231259547191,202608260018
12,15,-0.122543222150519,0.253638889709117,-0.00324301186209013,0.122543222150519,0.0914614953428836,0,0,0.147462312844798,202608260018
13,14,0.172144599360479,0.202785347197323,0.0244012316013935,0.172144599360479,0.13723619701102,0.00420054023792413,0.00334873222736036,0.211300568852986,202608260018
13,15,0.0727479009389688,0.226460399708222,0.0125874052922709,0.0727479009389688,0.0562733822143958,0.000915707313280777,0.00070833586909947,0.245542439045668,202608260018
14,15,-0.0122904191092025,0.243804068992318,0.0132544292649114,0.0122904191092025,0.00929396492075798,0.00016290249071904,0.000123186200632755,0.0227096648241931,202608260018
1,6,0.14626239061219,0.183098779610419,-0.0293914739015829,0.14626239061219,0.119481925388195,0,0,0.972987704429803,202608260018
2,7,0.0383576701328503,0.186274517986812,-0.00852411515506873,0.0383576701328503,0.0312126136177565,0,0,0.770276476340265,202608260018
3,8,0.194819294488512,0.178369104152481,-0.019379409817897,0.194819294488512,0.160069551458978,0,0,0.990359270347489,202608260018
4,9,0.179351734105229,0.0714149156202439,-0.0138830178638588,0.179351734105229,0.16654334514776,0,0,0.893984004010029,202608260018
5,10,0.290079911818709,0.211986869901913,0.0090688753173264,0.290079911818709,0.228586779290838,0.00263069855234491,0.00207302500057782,0.957427527495584,202608260018
6,11,0.255174276025147,0.178017454734922,-0.00244271927997806,0.255174276025147,0.209748800893324,0,0,0.938238813087351,202608260018
1,2,0.214552204099343,0.162975381174675,0.142252794289884,0.214552204099343,0.179585476854386,0.0305206505541852,0.0255465358964178,0.214552204093119,202608260019
1,3,0.190961843311236,0.0967682186881269,0.118093804218907,0.190961843311236,0.172482805896606,0.0225514105372786,0.0203691507106815,0.190961843310978,202608260019
1,4,0.116285217793303,0.0903928708211754,0.100220070840134,0.116285217793303,0.1057738631229,0.0116541127649052,0.0106006640552117,0.116285217792183,202608260019
1,5,0.313977756900454,0.19805729417429,0.0984628316904545,0.313977756900454,0.251792171937837,0.0309151390322358,0.0247921702464892,0.313977756900477,202608260019
2,3,0.376672903342405,0.151690910911972,0.140933722808778,0.376672903342405,0.319535047518538,0.0530859145492361,0.0450332638146674,0.376672903342523,202608260019
2,4,0.276651686225157,0.179831932773109,0.118018538977948,0.276651686225157,0.226900878786347,0.0326500278140787,0.0267785102071772,0.27665168622536,202608260019
2,5,0.410363988782891,0.282859603789836,0.126435341288873,0.410363988782891,0.294288593506145,0.0518845109744279,0.0372084787573718,0.410363988782852,202608260019
3,4,0.278806876343906,0.0757386843476544,0.111428420477861,0.278806876343906,0.257690410342539,0.0310670098493677,0.028714035396761,0.278806876343995,202608260019
3,5,0.224894715496931,0.197813778538493,0.134867472325986,0.224894715496931,0.180407442051144,0.0303309818185429,0.0243310956982346,0.224894715497015,202608260019
4,5,0.204396532546294,0.217471630942669,0.0984661290910255,0.204396532546294,0.159946085254426,0.0201261353594614,0.0157492718782664,0.204396532546574,202608260019
6,7,0.202931713792222,0.202954107549483,0.0830901803151953,0.202931713792222,0.161745888926035,0.0168616326906673,0.0134394950761058,0.202931713792034,202608260019
6,8,0.272072475516923,0.276763085399449,0.0735954834874936,0.272072475516923,0.196772857740593,0.0200233053793072,0.0144815936026348,0.272072475516791,202608260019
6,9,0.164920544636974,0.177654078461268,0.058236402467313,0.164920544636974,0.135621737260162,0.00960437921260727,0.00789812207439897,0.164920544637626,202608260019
6,10,0.241723103287837,0.218247863247863,0.0611665782542836,0.241723103287837,0.188967552497624,0.0147853751131237,0.0115584985873664,0.241723103287763,202608260019
7,8,0.250706405064093,0.199470774091627,0.114888334412228,0.250706405064093,0.200697804376229,0.0288032413042911,0.0230578364649762,0.250706405064048,202608260019
7,9,0.138178202499997,0.116568750270658,0.0983972895038841,0.138178202499997,0.122070942119927,0.0135963605945185,0.0120114498317863,0.138178202499869,202608260019
7,10,0.152371475991228,0.131870281400137,0.108039508528052,0.152371475991228,0.13227820657491,0.0164621393797861,0.0142912724273255,0.152371475991194,202608260019
8,9,0.27852974562221,0.175254779741781,0.103450403241786,0.27852974562221,0.229716076401655,0.0288140144994496,0.0237642207348721,0.278529745622212,202608260019
8,10,0.286220695373119,0.220228227007991,0.0930722374614042,0.286220695373119,0.223186819098102,0.0266392005261351,0.020772496625354,0.28622069537302,202608260019
9,10,0.222091982856889,0.089840591981543,0.0761513923247092,0.222091982856889,0.202139107642672,0.0169126137187076,0.0153931744902637,0.22209198285712,202608260019
11,12,0.00236285307386095,0.17256332216125,-0.00105988787244498,0.00236285307386095,0.00195511129765658,0,0,0.0937835933174129,202608260019
11,13,-0.012206582748335,0.163839193723086,0.0136878749612056,0.012206582748335,0.0102066660727337,0.000167082178362819,0.000139707568974358,0.0307883251946404,202608260019
11,14,0.0356576923808705,0.148205466209684,0.0191412242359619,0.0356576923808705,0.0303730274576021,0.000682531885599192,0.000581376929290989,0.0725176181685488,202608260019
11,15,-0.0724776046066103,0.164396624472574,0.00397171667265949,0.0724776046066103,0.0605625310594257,0.000287860510610497,0.00024053721434718,0.0778533788242097,202608260019
12,13,0.125024769428309,0.234304086765326,0.0141252823665838,0.125024769428309,0.0957309550043635,0.00176601017099189,0.00135222677065936,0.0254645367536836,202608260019
12,14,0.140140544465753,0.20396855345912,0.0306015308279056,0.140140544465753,0.1115562803301,0.00428851519170823,0.00341379295156804,0.115397032035589,202608260019
12,15,0.0107684967635875,0.221531323556038,0.0239072066776475,0.0107684967635875,0.00838293742284102,0.000257444677734664,0.000200412617533646,0.207107655839274,202608260019
13,14,0.0537783377564206,0.203059433638191,0.034165129582359,0.0537783377564206,0.0428581389495985,0.00183734387817198,0.00146425387087178,0.0117684847029171,202608260019
13,15,-0.0276667869444693,0.216629668150229,0.0177546464771882,0.0276667869444693,0.0216733400699058,0.000491214021358738,0.000384802490921055,0.054912536431248,202608260019
14,15,0.0715343587349363,0.21153627311522,0.0138189940252233,0.0715343587349363,0.0564022470884607,0.000988532875956263,0.000779422315524604,0.147576705187812,202608260019
1,6,0.140075889708503,0.19308287377451,-0.02190429488735,0.140075889708503,0.113029634377064,0,0,0.915365850564366,202608260019
2,7,0.259088237253895,0.17216488153197,0.0155826657646152,0.259088237253895,0.214482341580751,0.00403728540467078,0.00334220664126488,0.857386596520746,202608260019
3,8,0.26221542255843,0.183048033035069,0.0161696905162664,0.26221542255843,0.21421740522765,0.00423994223136184,0.00346382914572873,0.874525535730975,202608260019
4,9,0.195632548107801,0.0703949654153404,-0.043153061906539,0.195632548107801,0.181861001649638,0,0,0.889134267610725,202608260019
5,10,0.0873076233129701,0.224366893969782,-0.0175834511796825,0.0873076233129701,0.0677186830503552,0,0,0.904459981714736,202608260019
6,11,0.276408098796955,0.19439469839282,-0.0240693507632711,0.276408098796955,0.222675829797988,0,0,0.9086621011192,202608260019
1,2,0.312247166555127,0.203475837269494,0.128740647282728,0.312247166555127,0.248712412905296,0.0401989023345049,0.0320193970246769,0.312247166555258,202608260020
1,3,0.31841326959817,0.0606437022883783,0.139574237028305,0.31841326959817,0.299103510071989,0.0444422891638525,0.0417471442107858,0.318413269598223,202608260020
1,4,0.255714037057313,0.0534773288741166,0.132505249300702,0.255714037057313,0.242039133399871,0.0338834522299683,0.0320714557116759,0.255714037057433,202608260020
1,5,0.284646258848799,0.189283199847571,0.133913299721648,0.284646258848799,0.230767504149259,0.038117919775865,0.0309028379491563,0.284646258848994,202608260020
2,3,0.315603463139866,0.202916631457383,0.141217393683426,0.315603463139866,0.25156227152324,0.0445686985020751,0.0355249683335943,0.315603463139894,202608260020
2,4,0.255330228268088,0.220627622179385,0.131019375620973,0.255330228268088,0.19899732713478,0.0334532070848453,0.0260725055514413,0.255330228268347,202608260020
2,5,0.336953866185032,0.31748366947336,0.152483368280243,0.336953866185032,0.229976516305373,0.0513798604709441,0.0350675938315995,0.336953866185031,202608260020
3,4,0.239739138251496,0.0533640568553968,0.12111333331897,0.239739138251496,0.226945685247379,0.0290356061606561,0.0274861484226679,0.239739138251067,202608260020
3,5,0.207377872758878,0.190826482266816,0.14925576226912,0.207377872758878,0.167804682800326,0.0309523424763748,0.0250458158436905,0.207377872758923,202608260020
4,5,0.282581087402347,0.206232070352421,0.0962149186400804,0.282581087402347,0.224303804704923,0.0271885163336423,0.0215813723203446,0.282581087402244,202608260020
6,7,0.28178193834167,0.202684753317773,0.084514204708014,0.28178193834167,0.224669035679485,0.0238145764200289,0.0189877248729681,0.281781938341725,202608260020
6,8,0.12234779340988,0.26740875509979,0.0904277145634541,0.12234779340988,0.0896309222849378,0.0110636313399371,0.00810511945644149,0.122347793409699,202608260020
6,9,0.238223004992942,0.203344190839735,0.085601674374096,0.238223004992942,0.189781740803242,0.0203922881018245,0.0162456347783882,0.2382230049937,202608260020
6,10,0.140621783673218,0.233743289409468,0.0748140264067145,0.140621783673218,0.107752385394813,0.0105204818370874,0.00806138980631403,0.14062178367354,202608260020
7,8,0.182085348422049,0.14546480020873,0.109774750521131,0.182085348422049,0.155598339592898,0.0199883736965837,0.0170807689103127,0.182085348422132,202608260020
7,9,0.288288262758013,0.0600773016872436,0.0962728094077477,0.288288262758013,0.270968681823409,0.0277543209749929,0.0260869162606537,0.28828826275808,202608260020
7,10,0.192382128196693,0.0852084816552146,0.111068495359163,0.192382128196693,0.175989539155454,0.0213675935128003,0.0195468933129488,0.192382128196531,202608260020
8,9,0.141879364221417,0.145837629826193,0.0921523779774477,0.141879364221417,0.121188014022119,0.013074520798932,0.0111677636745025,0.141879364221752,202608260020
8,10,0.258227747494066,0.178479463579624,0.0608730597079562,0.258227747494066,0.21213939763995,0.0157191130914573,0.0129135742189466,0.258227747494208,202608260020
9,10,0.228283709953796,0.0836670183065875,0.089790282603002,0.228283709953796,0.209183892613996,0.0204976588304131,0.0187826808338067,0.228283709953792,202608260020
11,12,-0.0583981310270532,0.162185193704833,-0.00575033987097146,0.0583981310270532,0.0489268188344304,0,0,0.162476655564101,202608260020
11,13,0.015326518743574,0.161961315327026,0.0185931524440166,0.015326518743574,0.0128442156084804,0.000284968299435348,0.000238814458832293,0.145602811675081,202608260020
11,14,0.0107960006584209,0.178123493881639,-0.0195269997027055,0.0107960006584209,0.00887297930119447,0,0,0.0505257782886712,202608260020
11,15,-0.06714417060105,0.116261110646716,-0.00147890080054541,0.06714417060105,0.0593379147535194,0,0,0.00319408965061496,202608260020
12,13,0.0654849898097352,0.227639359469761,0.0138060590147212,0.0654849898097352,0.0505780286745633,0.00090408963389162,0.000698283248729281,0.214389080877508,202608260020
12,14,-0.0240987957588377,0.239748620605977,-0.00439604321483894,0.0240987957588377,0.0183211427173912,0,0,0.0894683305813211,202608260020
12,15,-0.00696119711879015,0.198775622579843,-0.0196927340833552,0.00696119711879015,0.00557748082760163,0,0,0.034563259012793,202608260020
13,14,0.066328032405303,0.230398096983294,-0.000109353637862229,0.066328032405303,0.0510461799624749,0,0,0.158004019600145,202608260020
13,15,0.0558397630148335,0.193060428849902,-0.0034176336870801,0.0558397630148335,0.0450593144203129,0,0,0.117647943641742,202608260020
14,15,-0.116349707180777,0.205676684549542,-0.00967146919552186,0.116349707180777,0.0924192851595246,0,0,0.201202095151231,202608260020
1,6,0.187342696310416,0.205282062390226,0.0136369600290326,0.187342696310416,0.148884601238068,0.00255478486131633,0.00203033335602199,0.974675526620635,202608260020
2,7,0.158462470795771,0.207710233029382,-0.00674313003398484,0.158462470795771,0.125548194060369,0,0,0.817949670326521,202608260020
3,8,0.18605232258704,0.144735681841174,0.0313930141258804,0.18605232258704,0.159123912819271,0.00584074319112779,0.00499537924290072,0.900151678629546,202608260020
4,9,0.229468693492523,0.0536351734835312,-0.019571290639839,0.229468693492523,0.217161100308013,0,0,0.932360051335142,202608260020
5,10,0.0747351509758778,0.217531781684491,0.0159378303861252,0.0747351509758778,0.0584778804296356,0.001191116160135,0.000932010539627641,0.903820140027415,202608260020
6,11,0.270428301087132,0.211590732657525,0.0469979080008239,0.270428301087132,0.213208178728776,0.0127095644153121,0.0100203383689182,0.938234248184174,202608260020
1,2,0.202305494898416,0.145704202206101,0.110519342407842,0.202305494898416,0.172828734162331,0.0223586702616659,0.0191009180488006,0.202305494898318,202608260021
1,3,0.273864745567194,0.15783725032785,0.124530585858178,0.273864745567194,0.230638687165132,0.0341045372113836,0.028721570834235,0.273864745567205,202608260021
1,4,0.26779058964542,0.110851897299992,0.102137789856291,0.26779058964542,0.238105494704142,0.0273515389706963,0.02431956898172,0.267790589645226,202608260021
1,5,0.245174879306087,0.165969790356973,0.116688948009552,0.245174879306087,0.204483255986859,0.0286091987445961,0.0238609360266745,0.245174879306223,202608260021
2,3,0.189449022418273,0.143500790137685,0.120936656682835,0.189449022418273,0.162262938010439,0.0229113313830975,0.0196235372265166,0.189449022418047,202608260021
2,4,0.188430538799972,0.13455989268192,0.0986569398041228,0.188430538799972,0.163075345721051,0.0185899803236472,0.0160885145663382,0.188430538800027,202608260021
2,5,0.272700746472921,0.206012549706323,0.0980272878639168,0.272700746472921,0.216520970385217,0.026732114575206,0.0212249634925263,0.272700746472846,202608260021
3,4,0.216677901311066,0.104060733403372,0.128845387471114,0.216677901311066,0.194130239988333,0.0279179481508521,0.0250127859911571,0.216677901311466,202608260021
3,5,0.309452324853549,0.158775736089612,0.107806023524923,0.309452324853549,0.260318804190285,0.0333608246130037,0.0280639351285176,0.309452324853449,202608260021
4,5,0.240045930319268,0.159087796762014,0.112689462667847,0.240045930319268,0.201857552143088,0.0270506469032817,0.0227472190864514,0.240045930318871,202608260021
6,7,0.198949720669243,0.239030110824127,0.0917261699817797,0.198949720669243,0.151394746889245,0.0182488958959346,0.0138868602875114,0.198949720669518,202608260021
6,8,0.333040350184406,0.320738313674094,0.0991913820971586,0.333040350184406,0.22622154988083,0.033034732628913,0.0224392281928409,0.333040350184316,202608260021
6,9,0.25841213629056,0.237644796435138,0.099289032117593,0.25841213629056,0.197001836765421,0.0256574908997292,0.0195601216978267,0.258412136290719,202608260021
6,10,0.348059081545602,0.263474258549611,0.0790426992230766,0.348059081545602,0.256354473103916,0.0275115292944693,0.0202629495120431,0.348059081545668,202608260021
7,8,0.208933112464837,0.155464662025572,0.118031118552115,0.208933112464837,0.17645139674954,0.0246606089667996,0.0208267557284313,0.208933112465594,202608260021
7,9,0.161667802526395,0.0709144243071089,0.117052478718112,0.161667802526395,0.15020322338124,0.0189236170146248,0.0175816596082245,0.16166780252636,202608260021
7,10,0.258137400799868,0.0705510876746362,0.103173946167621,0.258137400799868,0.239925526403934,0.0266330542939751,0.0247540633454375,0.25813740079994,202608260021
8,9,0.282468892132247,0.153567559963424,0.108828613150173,0.282468892132247,0.239090833601926,0.0307406977888184,0.0260199238378165,0.282468892132176,202608260021
8,10,0.268681843490215,0.177374986883679,0.113648049524359,0.268681843490215,0.221024405025255,0.0305351674552719,0.0251189925284021,0.268681843490133,202608260021
9,10,0.243310547322689,0.0715928186621222,0.11627205671258,0.243310547322689,0.225891259429634,0.0282902177570726,0.0262648413272785,0.243310547322606,202608260021
11,12,-0.00457816992843062,0.208974467768522,-0.00769372530778101,0.00457816992843062,0.00362144930428298,0,0,0.0537687802419027,202608260021
11,13,0.0103413045063229,0.176260783284914,-0.00692077157685171,0.0103413045063229,0.00851853807385063,0,0,0.0699921817782984,202608260021
11,14,0.0932327712342717,0.163522734519482,-0.011453866444691,0.0932327712342717,0.0779870935352143,0,0,0.0627739537748535,202608260021
11,15,0.0302190750983028,0.176234103988423,0.0251986194779827,0.0302190750983028,0.0248934434749945,0.000761478974378715,0.000627280409623059,0.0143315345750904,202608260021
12,13,-0.153337598361397,0.233824098434034,-0.00630483314648204,0.153337598361397,0.117483572668504,0,0,0.122948094097199,202608260021
12,14,-0.148350414929912,0.25637735928057,0.0114747778126312,0.148350414929912,0.110316727302004,0.00170228804973238,0.00126585993480712,0.187532089695119,202608260021
12,15,0.124139225166261,0.237382655088257,-0.0233564925650029,0.124139225166261,0.0946707262956951,0,0,0.046143136710899,202608260021
13,14,-0.0224480065158146,0.212740220830571,-0.0130223239998202,0.0224480065158146,0.0176724126524341,0,0,0.208523264905803,202608260021
13,15,0.0116539841129619,0.215605646992808,0.00424452755157002,0.0116539841129619,0.00914131932824283,4.9465656653026e-05,3.88005817464263e-05,0.103599837824459,202608260021
14,15,0.0504978838396172,0.21675823866039,0.0074666112167432,0.0504978838396172,0.0395520514824649,0.000377048065898681,0.000295319791244177,0.176839865617281,202608260021
1,6,0.0474987619342771,0.269458546184295,-0.017238027136385,0.0474987619342771,0.0346998145979129,0,0,0.801314943058491,202608260021
2,7,0.238253847669024,0.124535674696183,3.02292407195456e-05,0.238253847669024,0.208582744000601,7.20223291354489e-06,6.30529797833752e-06,0.988484150536618,202608260021
3,8,0.281690673650473,0.167375493498497,0.0213815067787138,0.281690673650473,0.234542558134301,0.00602297104815807,0.00501487329664545,0.793463661249838,202608260021
4,9,0.237290914100429,0.0584453306534876,-0.00611327438287196,0.237290914100429,0.223422368164761,0,0,0.95891430070738,202608260021
5,10,0.171912106735577,0.167593833024716,-0.0101472090860024,0.171912106735577,0.143100697824408,0,0,0.937041197325118,202608260021
6,11,0.0979891978602402,0.259871435886631,0.0194844575147328,0.0979891978602402,0.0725246043109204,0.0019092663626106,0.00141310257146894,0.646478538265523,202608260021
1,2,0.325178410942613,0.173644674295317,0.120075273320908,0.325178410942613,0.268712911686614,0.0390458865719927,0.0322657763156271,0.32517841094255,202608260022
1,3,0.276369144337664,0.0432478055367995,0.109598646743085,0.276369144337664,0.264416785326977,0.0302896842209523,0.0289797218479935,0.276369144337412,202608260022
1,4,0.23484845460382,0.0717539645207455,0.108243807008964,0.23484845460382,0.217997146924425,0.0254208907964894,0.0235968411001923,0.234848454603741,202608260022
1,5,0.144330429512652,0.158050462309983,0.122628057077105,0.144330429512652,0.121518938402779,0.0176989601482405,0.0149016313144051,0.144330429512418,202608260022
2,3,0.337570668938132,0.176024871151723,0.140763148402717,0.337570668938132,0.278149835433697,0.0475175101681429,0.0391532465633449,0.337570668938048,202608260022
2,4,0.257032276233648,0.210833202386215,0.129174207484809,0.257032276233648,0.20284133831869,0.0332019405804979,0.0262018691224747,0.257032276233628,202608260022
2,5,0.358953042390935,0.274455246455527,0.119830259772951,0.358953042390935,0.26043649667557,0.0430134363159968,0.0312081730509908,0.358953042390742,202608260022
3,4,0.321489030098202,0.0731110318081951,0.121924684369319,0.321489030098202,0.297984635392707,0.0391974485229219,0.0363316826171624,0.321489030098247,202608260022
3,5,0.255354410877603,0.159643067846608,0.124223780960293,0.255354410877603,0.214588849336939,0.0317210904041041,0.0266570382165533,0.255354410877723,202608260022
4,5,0.265372695929584,0.192758534981799,0.110749431717179,0.265372695929584,0.214219843838027,0.0293898752674571,0.0237247259676042,0.265372695929665,202608260022
6,7,0.175226562431996,0.227712684543384,0.108458615041758,0.175226562431996,0.135325251497297,0.0190048302799025,0.0146771893575745,0.175226562431972,202608260022
6,8,0.275228880217372,0.306617511379235,0.0851047481473931,0.275228880217372,0.190838885905428,0.0234232845337885,0.0162412953217106,0.27522888021739,202608260022
6,9,0.303393390165939,0.216855170022109,0.0945804750388659,0.303393390165939,0.23760096495792,0.0286950909655465,0.022472412135413,0.303393390165972,202608260022
6,10,0.26424822780206,0.233581341956759,0.077988870706496,0.26424822780206,0.20252477214236,0.0206084208724756,0.015794678269473,0.26424822780196,202608260022
7,8,0.271318145705295,0.179593161978381,0.117759310570917,0.271318145705295,0.22259126201597,0.0319502377836352,0.026212193554111,0.271318145705289,202608260022
7,9,0.246833803511727,0.102799699353413,0.127847743278234,0.246833803511727,0.221459362720462,0.0315571447437574,0.028313079751647,0.246833803511764,202608260022
7,10,0.337278209180044,0.0808056759765949,0.111922396505861,0.337278209180044,0.310024215495075,0.0377489854606355,0.0346986531730582,0.337278209180077,202608260022
8,9,0.292540071458082,0.174010709119809,0.117513515403343,0.292540071458082,0.241634966177701,0.0343774121933844,0.0283953743199096,0.292540071458136,202608260022
8,10,0.163903617400669,0.187362871950683,0.126291026473571,0.163903617400669,0.133194164921373,0.0206995560842618,0.0168212278082103,0.163903617401295,202608260022
9,10,0.30521265627528,0.0670461780321892,0.110840694546597,0.30521265627528,0.28474931418497,0.0338299828059636,0.0315618117559291,0.305212656275364,202608260022
11,12,-0.0100191583371425,0.140460124893922,0.0133341126229547,0.0100191583371425,0.00861186610577549,0.000133596585654674,0.000114831592548217,0.0112895177319685,202608260022
11,13,0.025768016980115,0.195124214448257,0.0118293799531147,0.025768016980115,0.0207400529089808,0.000304819663496093,0.000245341966108036,0.0250544310812746,202608260022
11,14,0.0479087668659498,0.137359992086368,0.0122666578231236,0.0479087668659498,0.0413280190283753,0.000587680449872409,0.000506956667928622,0.255083785542821,202608260022
11,15,-0.0506832393154088,0.174362796639871,0.00423840367253884,0.0506832393154088,0.0418459679656062,0.000214816027650593,0.000177360104306368,0.177901639478206,202608260022
12,13,-0.000645596927474124,0.220786744749075,0.0245908558669522,0.000645596927474124,0.000503057683437108,1.58757809916634e-05,1.23706189861648e-05,0.0684121397008337,202608260022
12,14,0.134937277227644,0.15685244382393,0.00380132312238077,0.134937277227644,0.113772035531541,0.000512940191996548,0.000432484269346374,0.370273259178378,202608260022
12,15,-0.010471376372841,0.199905016246311,0.014383588937401,0.010471376372841,0.00837809570890696,0.000150615973355757,0.000120507084755121,0.0554113778396179,202608260022
13,14,-0.0310591968806024,0.222152374963791,0.0304199842459863,0.0310591968806024,0.0241593225291086,0.000944820279800912,0.000734926210729186,0.0755724798826615,202608260022
13,15,0.0330823732866533,0.233638013403264,-0.00196532879026278,0.0330823732866533,0.0253530733132944,0,0,0.0152057945456235,202608260022
14,15,0.0411403737782804,0.201171990014722,0.0216595675275026,0.0411403737782804,0.0328640829153543,0.000891082703957362,0.000711821823134561,0.0135694376411793,202608260022
1,6,-0.01302698761478,0.211836885811457,-0.0617097991449507,0.01302698761478,0.0102673911269606,0,0,0.661762243644644,202608260022
2,7,0.151166992028258,0.195578494352191,-0.020145897173495,0.151166992028258,0.121601979331621,0,0,0.815770319575723,202608260022
3,8,0.276126401504128,0.167491579183451,-0.0125631481659713,0.276126401504128,0.229877554461958,0,0,0.987360336369681,202608260022
4,9,0.187586228034116,0.0848917619532501,-0.0445337946529519,0.187586228034116,0.171661702618136,0,0,0.780790054673084,202608260022
5,10,0.0697179324819408,0.176285132306849,-0.0260095725293669,0.0697179324819408,0.0574276975302019,0,0,0.82111641482262,202608260022
6,11,0.215413748305747,0.238524805195095,0.00290052377277199,0.215413748305747,0.164032225954773,0.00062481269794274,0.000475779370882527,0.928510866900188,202608260022
1,2,0.132636941549211,0.156955065337633,0.109850675164364,0.132636941549211,0.111818901722171,0.0145702575809171,0.0122833818503181,0.132636941548504,202608260023
1,3,0.143876164002614,0.133020130014076,0.0903283084729627,0.143876164002614,0.12473773796106,0.0129960905239347,0.0112673488727662,0.143876164002781,202608260023
1,4,0.156747145097072,0.101068033197025,0.0909689955502986,0.156747145097072,0.140905019432863,0.0142591303448576,0.0128179880858028,0.156747145096605,202608260023
1,5,0.211829984714297,0.165600735621524,0.0873694628971483,0.211829984714297,0.176750783418913,0.0185074719899993,0.0154426210139606,0.211829984712261,202608260023
2,3,0.279033958912979,0.166169731157866,0.109807157373274,0.279033958912979,0.232666960976494,0.0306399258388452,0.0255484975995073,0.279033958913079,202608260023
2,4,0.309884343103426,0.189510552578568,0.132990692416824,0.309884343103426,0.251157990006449,0.0412117333584572,0.0334016749969754,0.309884343103419,202608260023
2,5,0.361640990368893,0.242327461408374,0.113847590893384,0.361640990368893,0.274005447231589,0.041171955521796,0.0311948600589807,0.361640990368888,202608260023
3,4,0.213860230696041,0.130014393258325,0.107585938259977,0.213860230696041,0.18605532256001,0.0230083535759286,0.0200169364458813,0.213860230690332,202608260023
3,5,0.215313420039485,0.18265404972331,0.106930798710042,0.215313420039485,0.175985551909497,0.0230236359778129,0.0188182756271101,0.215313420040566,202608260023
4,5,0.269229409376509,0.199425576785521,0.13001555732671,0.269229409376509,0.215538179123973,0.0350040117088277,0.0280233164839876,0.269229409376378,202608260023
6,7,0.246890330437478,0.222479096355094,0.13218976017184,0.246890330437478,0.191962392822937,0.0326363735692765,0.0253754626692766,0.246890330437499,202608260023
6,8,0.330434664960184,0.306786878522183,0.095589696086129,0.330434664960184,0.229061645541525,0.0315861491998658,0.021895933082303,0.330434664960151,202608260023
6,9,0.305537726865484,0.218206452991569,0.114124957075862,0.305537726865484,0.23886742323106,0.0348694799635799,0.0272607344230665,0.305537726865382,202608260023
6,10,0.311874602016742,0.242850058496491,0.105487988867225,0.311874602016742,0.236135836673406,0.0328990245455124,0.0249094945101572,0.311874602016759,202608260023
7,8,0.344437882488033,0.16772775234351,0.1505447806374,0.344437882488033,0.286666090636357,0.0518533254623715,0.0431560837310314,0.344437882487951,202608260023
7,9,0.277334295429578,0.102005474001821,0.153936367168401,0.277334295429578,0.249044679167323,0.0426918339296372,0.0383370331736375,0.277334295429578,202608260023
7,10,0.341162997987198,0.0786380706255998,0.14398904564033,0.341162997987198,0.314334598056639,0.0491237344879705,0.0452607387859123,0.341162997987193,202608260023
8,9,0.276903060205712,0.169537681716157,0.145613477477885,0.276903060205712,0.229957557318326,0.040320817520822,0.0334849195934416,0.276903060205833,202608260023
8,10,0.438467528648003,0.196685960001009,0.11280913621896,0.438467528648003,0.3522271218466,0.0494631431668431,0.0397344373684052,0.438467528648077,202608260023
9,10,0.282010629447065,0.0776278246548385,0.154314429417523,0.282010629447065,0.260118757753548,0.0435183093728003,0.0401400776835336,0.282010629447092,202608260023
11,12,0.0866105813319926,0.138675264262392,0.00434058329587994,0.0866105813319926,0.0745998360778592,0.000375940442576098,0.000323806802354937,0.0758407715312913,202608260023
11,13,0.107463599092837,0.165625678257872,0.0030744905846383,0.107463599092837,0.0896648676050537,0.000330395823602272,0.000275673791224578,0.0335551347139741,202608260023
11,14,0.109345822064875,0.169248611052488,0.04839035224991,0.109345822064875,0.0908391935560021,0.00529128284677526,0.00439574057427269,0.102701841073584,202608260023
11,15,0.0951159026739928,0.134469971067187,0.0381437633362871,0.0951159026739928,0.0823256699933916,0.0036280784811141,0.0031402108727292,0.331414886037432,202608260023
12,13,-0.151941904714418,0.203923096646581,0.00113881146273365,0.151941904714418,0.120957440994674,0.000173033182758364,0.000137747720307664,0.300224901641437,202608260023
12,14,0.0985557807398219,0.215196759259259,-0.000168557074287761,0.0985557807398219,0.0773468961183461,0,0,0.12996669089727,202608260023
12,15,-0.0347544562913413,0.191893542757417,0.0200488371425672,0.0347544562913413,0.028085300546988,0.000696786434163572,0.000563077616766617,0.0614024084495162,202608260023
13,14,-0.0525035877169224,0.241688838440176,0.0238954828354426,0.0525035877169224,0.0398140565876775,0.00125459857908888,0.000951376105800189,0.164046238800348,202608260023
13,15,0.0238502955703249,0.213930860446028,-0.00159025433426182,0.0238502955703249,0.0187479813170732,0,0,0.0767689028319815,202608260023
14,15,0.0418598821219349,0.225779679327563,0.0428833137375632,0.0418598821219349,0.0324087713597549,0.00179509045805235,0.00138979551006932,0.0547727408954322,202608260023
1,6,0.182230497120673,0.221694185244705,-0.0140538860225456,0.182230497120673,0.141831055534768,0,0,0.919458731825313,202608260023
2,7,0.287400469728634,0.153911521278219,0.0167142791976,0.287400469728634,0.243166226216625,0.00480369169256578,0.00406434819641144,0.939284790369912,202608260023
3,8,0.167257011424416,0.191141470708895,-0.0288052672189192,0.167257011424416,0.135287260274379,0,0,0.98446516416304,202608260023
4,9,0.323463974843057,0.0957303598992607,0.00695987094695322,0.323463974843057,0.292498652116886,0.0022512675208962,0.00203575287089129,0.9030029107957,202608260023
5,10,0.177020658714378,0.183132057843854,-0.00581072552529959,0.177020658714378,0.14460250120314,0,0,0.903932225500253,202608260023
6,11,0.124744324741063,0.214213502807503,-0.0112349858579411,0.124744324741063,0.0980224059829229,0,0,0.765194735957811,202608260023
1,2,0.251073582019141,0.164231216085975,0.129069363233714,0.251073582019141,0.209839462317076,0.0324059073560182,0.0270838457825699,0.251073582019067,202608260024
1,3,0.253517850334483,0.0718345342660283,0.113007595272904,0.253517850334483,0.235306513627581,0.0286494426250559,0.0265914232571037,0.253517850334378,202608260024
1,4,0.248419531194032,0.0793075395086611,0.117221449285136,0.248419531194032,0.228717989409138,0.0291200974772985,0.0268106541961216,0.248419531193866,202608260024
1,5,0.257252055769505,0.189104736268465,0.121404182312418,0.257252055769505,0.208604473608693,0.0312314754788854,0.0253254555451758,0.257252055769339,202608260024
2,3,0.153124161010117,0.179173299023662,0.135544529651122,0.153124161010117,0.125688399921704,0.020755142382339,0.0170363750499895,0.153124161010278,202608260024
2,4,0.312462138785087,0.205666404468534,0.103111353388098,0.312462138785087,0.24819917416861,0.0322183940126701,0.0255921527583337,0.312462138785108,202608260024
2,5,0.251358437892294,0.283381318913301,0.127872339627224,0.251358437892294,0.180128152242389,0.0321417915383319,0.023033408259963,0.251358437892666,202608260024
3,4,0.3076513260517,0.08765513378277,0.123530073153155,0.3076513260517,0.280684107908192,0.0380041908128317,0.034672928382827,0.307651326051774,202608260024
3,5,0.30333580726846,0.197843393450052,0.110674918516483,0.30333580726846,0.243322821803557,0.0335716657525684,0.0269297334763094,0.303335807268566,202608260024
4,5,0.28143457224888,0.229524793500139,0.123602442628002,0.28143457224888,0.216838360169656,0.0347860005699284,0.0268017509724198,0.281434572248809,202608260024
6,7,0.222384802862764,0.205902619895744,0.109535409055387,0.222384802862764,0.176595189328322,0.0243590103492744,0.0193434263002912,0.222384802862389,202608260024
6,8,0.295435373819244,0.305702763656282,0.100311145250299,0.295435373819244,0.205119963560875,0.0296354606952586,0.0205758184584909,0.295435373819375,202608260024
6,9,0.259390280923463,0.189670533642691,0.088197685564849,0.259390280923463,0.210191587918982,0.0228776224354655,0.0185384115796547,0.259390280923453,202608260024
6,10,0.160217040364761,0.232195273509594,0.105677067052385,0.160217040364761,0.123015400856368,0.0169312669175615,0.0129999067647743,0.160217040363542,202608260024
7,8,0.27430482549935,0.201712306171314,0.125051007889198,0.27430482549935,0.218974166553956,0.0343020948975644,0.0273829402292694,0.274304825499328,202608260024
7,9,0.22862073282242,0.0777271246487763,0.130426931508604,0.22862073282242,0.210850700625038,0.0298183006612766,0.0275006098889629,0.228620732822403,202608260024
7,10,0.239320023121696,0.103448406343543,0.122095410124881,0.239320023121696,0.214562748123657,0.0292198763741395,0.0261971267296794,0.239320023121678,202608260024
8,9,0.275745581514844,0.187751838169756,0.126263848496488,0.275745581514844,0.223973841718244,0.0348166983279663,0.0282797992178887,0.275745581515114,202608260024
8,10,0.247308155337266,0.234617235909578,0.13015312724189,0.247308155337266,0.18928539951414,0.0321879298095682,0.0246360866879959,0.247308155336846,202608260024
9,10,0.382094743309492,0.0860598764210481,0.111972411990654,0.382094743309492,0.349211716919145,0.0427840700173135,0.0391020782388341,0.382094743309547,202608260024
11,12,0.0664855475828625,0.184581328902294,-0.0058856889778364,0.0664855475828625,0.054213556857221,0,0,0.0259724837386777,202608260024
11,13,-0.0592265324283217,0.147313458496665,0.012712645085846,0.0592265324283217,0.0505016671015408,0.000752925886426601,0.000642009770105431,0.0066201255392849,202608260024
11,14,-0.0526345436338337,0.137306385869565,0.0176470642517324,0.0526345436338337,0.0454074846755781,0.000928845173366877,0.000801308799579482,0.12676548505645,202608260024
11,15,0.0467553443811311,0.156219618932202,0.00400867105347414,0.0467553443811311,0.0394512422988669,0.000187426795615855,0.000158147053027063,0.192958738582173,202608260024
12,13,-0.00728459141578378,0.20363475174573,0.00633179210692424,0.00728459141578378,0.00580119545126158,4.61245184286279e-05,3.67319635690229e-05,0.0657920627427885,202608260024
12,14,-0.00232117818695924,0.196814059186623,0.0176338219467762,0.00232117818695924,0.00186433768588835,4.09312428555801e-05,3.28753988016199e-05,0.166330192127391,202608260024
12,15,0.0812575974690002,0.201830916756129,0.00519786501603787,0.0812575974690002,0.0648573020784314,0.000422366023171404,0.000337119501508079,0.0385922690840183,202608260024
13,14,0.061049215417559,0.161053153510512,-0.0169481288346616,0.061049215417559,0.0512170467552186,0,0,0.121840168152147,202608260024
13,15,-0.0571217694188974,0.184932132124795,0.0142816275984433,0.0571217694188974,0.0465581188095198,0.000815791838604837,0.000664925714521638,0.206785952640815,202608260024
14,15,0.0181633396517701,0.174480266960954,0.0141015983421661,0.0181633396517701,0.0149941953004268,0.0002561321203216,0.000211442119590612,0.0889761896796629,202608260024
1,6,0.182649547639556,0.192068769527031,-0.00046691201788797,0.182649547639556,0.147568273769758,0,0,0.916936385791647,202608260024
2,7,0.225917393975312,0.179090072093213,0.0188981801353774,0.225917393975312,0.185457831601163,0.00426942760706048,0.00350481550911527,0.947570512359048,202608260024
3,8,0.162119301453679,0.203792053769085,-0.00175113638698577,0.162119301453679,0.129080676054824,0,0,0.812027231722908,202608260024
4,9,0.152575960146442,0.0796194491409938,-0.0135866556239707,0.152575960146442,0.140427946247424,0,0,0.899855680593485,202608260024
5,10,0.131594001747717,0.229140885677435,0.0186640845760531,0.131594001747717,0.101440435637407,0.00245608157832067,0.00189329287016824,0.968882979291843,202608260024
6,11,0.0866029898808334,0.222135913035153,0.00411353712084363,0.0866029898808334,0.0673653556520803,0.000356244613650853,0.000277109891133666,0.963580897449958,202608260024
1,2,0.284726344964933,0.160969229606109,0.146124155951298,0.284726344964933,0.238894164567364,0.041605396835099,0.0349082081590967,0.284726344965168,202608260025
1,3,0.259736197817809,0.0529993456232303,0.117892437062608,0.259736197817809,0.245970349298799,0.0306209333541172,0.0289980439239765,0.25973619781801,202608260025
1,4,0.23351837084084,0.0657617005666182,0.129210886826866,0.23351837084084,0.2181618056608,0.0301731157867099,0.0281888803811824,0.233518370840795,202608260025
1,5,0.281853773783119,0.134397774891563,0.12233551463367,0.281853773783119,0.243973253741878,0.0344807264671999,0.0298465935533636,0.281853773783209,202608260025
2,3,0.266573251650236,0.157814503905795,0.131079095149248,0.266573251650236,0.224504126186499,0.0349421806173058,0.029427797717799,0.266573251650289,202608260025
2,4,0.356225939227333,0.18773857734459,0.121014744388385,0.356225939227333,0.289348588183553,0.043108590980108,0.0350154454381727,0.356225939227522,202608260025
2,5,0.242104791217062,0.229415178234984,0.148084460821901,0.242104791217062,0.186562277388456,0.0358519574697776,0.0276269742567755,0.242104791216733,202608260025
3,4,0.192717029069132,0.0625579232200237,0.126690859503454,0.192717029069132,0.180661051961434,0.0244154860537205,0.0228881039517923,0.192717029069382,202608260025
3,5,0.298298532296627,0.130541219882305,0.106501276065769,0.298298532296627,0.259358278001524,0.0317691743381367,0.0276219875653827,0.298298532296675,202608260025
4,5,0.24140714550404,0.157681348349553,0.122924818051379,0.24140714550404,0.203341741299746,0.0296749294373869,0.0249957465515219,0.241407145503884,202608260025
6,7,0.160465239300957,0.192611266728914,0.11026064332087,0.160465239300957,0.129557826293242,0.0176930005159609,0.0142851292743464,0.16046523930126,202608260025
6,8,0.25351546714346,0.279056779977587,0.0980231127721257,0.25351546714346,0.182770257207892,0.0248503752252815,0.0179157095336797,0.253515467143358,202608260025
6,9,0.276912542337091,0.195439544246963,0.100350682917379,0.276912542337091,0.222792881266462,0.0277883627319146,0.0223574177842199,0.276912542337029,202608260025
6,10,0.237358719870364,0.217864759954785,0.0995283019812158,0.237358719870364,0.185646619342632,0.0236239103491324,0.0184770927917253,0.237358719869516,202608260025
7,8,0.112787090644711,0.179123298711005,0.0976327315321688,0.112787090644711,0.0925842949164132,0.0110117117412095,0.00903925760966931,0.112787090645285,202608260025
7,9,0.208658316258325,0.0947889382542866,0.107383699425705,0.208658316258325,0.188879816002271,0.0224065019157576,0.0202826133891703,0.208658316258712,202608260025
7,10,0.152502724170138,0.0845744891395774,0.0979617528428934,0.152502724170138,0.139604884181055,0.014939434173023,0.0136759391598053,0.152502724169203,202608260025
8,9,0.350135556234511,0.176618471605642,0.103082657208635,0.350135556234511,0.28829514943758,0.0360929035198769,0.0297182300643864,0.350135556234636,202608260025
8,10,0.223330128286744,0.202300858948156,0.0909890229447773,0.223330128286744,0.178150251505334,0.0203205901669426,0.0162097173218367,0.223330128286509,202608260025
9,10,0.27425209416243,0.0872291371413314,0.109901662518659,0.27425209416243,0.250329320629438,0.0301407610976748,0.0275116085143416,0.274252094162482,202608260025
11,12,-0.070450750840049,0.136036660855504,-0.00297255598465031,0.070450750840049,0.0608668659410056,0,0,0.154853037400268,202608260025
11,13,0.0111832987049313,0.15868969960538,-0.0151790529791529,0.0111832987049313,0.00940862439284856,0,0,0.07682851968749,202608260025
11,14,0.0818100759851126,0.177310007524454,-0.00656776929746458,0.0818100759851126,0.0673043307966161,0,0,0.0744874549282579,202608260025
11,15,-0.0274273126864779,0.160870084204234,0.0103231078483817,0.0274273126864779,0.0230150785851084,0.000283135106853799,0.000237587138373053,0.151170436166972,202608260025
12,13,-0.151827321790616,0.178578335859132,0.0102598298197748,0.151827321790616,0.124714251327299,0.00155772248356391,0.00127954699471871,0.0651591959704475,202608260025
12,14,0.000462920537692291,0.211632653308052,0.000205884881917121,0.000462920537692291,0.000364951436029681,9.53083402397875e-08,7.51379833124547e-08,0.0790119076349671,202608260025
12,15,0.100933078754151,0.184191959681367,-0.023443230884048,0.100933078754151,0.08234201718175,0,0,0.0369164697365567,202608260025
13,14,0.0711991914815342,0.215532051605658,-0.00589327951514698,0.0711991914815342,0.055853483668855,0,0,0.0396537108135422,202608260025
13,15,0.0271318654287627,0.199356946428925,-0.00151756003921247,0.0271318654287627,0.0217229395859641,0,0,0.176980425978839,202608260025
14,15,-0.0187374926425422,0.22088953075837,0.0329527755134001,0.0187374926425422,0.0145985766851427,0.000617452388733681,0.000481063620320664,0.0439535668085717,202608260025
1,6,0.120725400755464,0.190365724848165,0.0130874535640683,0.120725400755464,0.097743422333065,0.00157998807639068,0.00127921250097711,0.792521765112381,202608260025
2,7,0.119831421991084,0.168910050736625,0.0192143426289204,0.119831421991084,0.0995906904227278,0.00230248199984743,0.00191356964843304,0.869492549880049,202608260025
3,8,0.124461219581807,0.170410810985445,-0.0153748176308024,0.124461219581807,0.103251682216634,0,0,0.937041197325027,202608260025
4,9,0.151169749560521,0.0879438761167946,-0.00886976935184189,0.151169749560521,0.137875295832564,0,0,0.975642314725097,202608260025
5,10,0.166674664798464,0.163417721518987,0.000951086080079673,0.166674664798464,0.139437070842158,0.000158521953591764,0.000132616657125059,0.922554007843034,202608260025
6,11,0.0961408248025715,0.203016424510423,0.0237268908001735,0.0961408248025715,0.0766226583016704,0.00228112285152923,0.00181801744634274,0.943065922528478,202608260025
1,2,0.223213100646371,0.180468295520652,0.100178498438597,0.223213100646371,0.182930212834841,0.0223611532545768,0.0183256740408473,0.223213100646036,202608260026
1,3,0.278047416694038,0.0976639534297206,0.109371308311434,0.278047416694038,0.250892206738778,0.0304104097364413,0.0274404088961628,0.278047416693957,202608260026
1,4,0.178824711595772,0.0960948890727824,0.0987235567302045,0.178824711595772,0.161640570771504,0.0176542115599876,0.0159577320584632,0.178824711595887,202608260026
1,5,0.205174078135484,0.188096609365976,0.115993682928176,0.205174078135484,0.16658152970841,0.0237988969643281,0.0193224051386878,0.205174078135733,202608260026
2,3,0.304181348596227,0.165407536221952,0.108010433044664,0.304181348596227,0.253867461160255,0.0328547591859884,0.0274203344158685,0.304181348596091,202608260026
2,4,0.135803883563944,0.190023121214833,0.100470668301142,0.135803883563944,0.109998005736027,0.0136443069395599,0.0110515731480915,0.135803883563956,202608260026
2,5,0.240301267634526,0.261316476449385,0.112200236166587,0.240301267634526,0.177506587089951,0.0269618589797242,0.0199162809926174,0.240301267634524,202608260026
3,4,0.327966435178764,0.0697263582159156,0.10987802838851,0.327966435178764,0.305098530036693,0.0360363052750507,0.0335236249446644,0.327966435178739,202608260026
3,5,0.149761184061337,0.176294410802513,0.1303230801612,0.149761184061337,0.123359124356157,0.0195173387954618,0.0160765410520828,0.149761184061431,202608260026
4,5,0.246444995166123,0.200535550462541,0.108920602362463,0.246444995166123,0.197024012401746,0.0268429373227083,0.0214599741106675,0.246444995166125,202608260026
6,7,0.166709307265052,0.191587642083981,0.0971558320851444,0.166709307265052,0.134769864172687,0.0161967814636742,0.0130936782936993,0.166709307264927,202608260026
6,8,0.247503735483129,0.284606779787363,0.077323293230729,0.247503735483129,0.177062494341932,0.0191378039144627,0.0136910551701655,0.247503735482799,202608260026
6,9,0.122670356673614,0.200897992965032,0.072883116828147,0.122670356673614,0.0980261282215805,0.0089405979367935,0.00714444975538438,0.122670356673832,202608260026
6,10,0.200643057106713,0.216307213430936,0.106116026383571,0.200643057106713,0.157242516529696,0.0212914439416164,0.0166859510326843,0.200643057106217,202608260026
7,8,0.232924074800216,0.171810377955109,0.120123931630851,0.232924074800216,0.192905301473946,0.0279797556364804,0.0231725432454851,0.232924074800219,202608260026
7,9,0.282651394180368,0.0699762367682004,0.0978962047523131,0.282651394180368,0.262872513298341,0.0276704987582081,0.0257342213856095,0.282651394180384,202608260026
7,10,0.339522905338549,0.0660028416028164,0.113897916591828,0.339522905338549,0.317113428796961,0.0386709515532654,0.036118558863265,0.339522905338541,202608260026
8,9,0.222614080195432,0.179003150748586,0.112923506774581,0.222614080195432,0.182765458439451,0.025138362593066,0.0206385164842468,0.222614080195621,202608260026
8,10,0.297591089928743,0.201116931395741,0.115662922129106,0.297591089928743,0.23774048311156,0.034420255060744,0.0274977589850684,0.297591089928791,202608260026
9,10,0.225330118552187,0.0755951397239143,0.125902093928858,0.225330118552187,0.208296256756229,0.0283695337509582,0.0262249348831522,0.225330118552178,202608260026
11,12,-0.0563636277667458,0.140928910053903,-0.00265579126095589,0.0563636277667458,0.0484203631388944,0,0,0.0481124358859595,202608260026
11,13,-0.0487787109953517,0.129364326052936,-0.0143345769936038,0.0487787109953517,0.0424684859217071,0,0,0.123932174316692,202608260026
11,14,-0.0471083982590755,0.163934068927939,-0.0405061277290403,0.0471083982590755,0.0393857268517874,0,0,0.150597057404736,202608260026
11,15,-0.116101345870781,0.121437923896397,-0.00090566798904852,0.116101345870781,0.102002239466656,0,0,0.0862829123328562,202608260026
12,13,0.0234067562759826,0.193436858897933,-0.0274309219037198,0.0234067562759826,0.0188790268649671,0,0,0.0342440632474557,202608260026
12,14,0.0554375196711629,0.214470003771337,-0.0101699474012238,0.0554375196711629,0.043547834618215,0,0,0.0234004023734164,202608260026
12,15,0.1062587340383,0.17901350605647,-0.00798832121067255,0.1062587340383,0.0872369855089818,0,0,0.135130254423479,202608260026
13,14,-0.0937626126350941,0.220287798514784,0.00302925416292848,0.0937626126350941,0.0731078531147148,0.00028403078465191,0.000221462268390514,0.189890160327674,202608260026
13,15,0.0562414218269125,0.171009277631791,-0.0165030812412669,0.0562414218269125,0.0466236169073073,0,0,0.101762434699423,202608260026
14,15,-0.0249825527230929,0.206576145560444,-0.00496414866128092,0.0249825527230929,0.0198217532752958,0,0,0.135334074224591,202608260026
1,6,0.189908154948904,0.207222254907729,-0.0067401047265591,0.189908154948904,0.150554958855026,0,0,0.971626269471701,202608260026
2,7,0.128336332362473,0.16741786266865,0.00116690383919007,0.128336332362473,0.106850537895615,0.000149756158941343,0.000124684302889917,0.884094517024971,202608260026
3,8,0.138322508130093,0.176589881494092,0.0043400365117141,0.138322508130093,0.113896152811434,0.000600324735676472,0.000494313461745392,0.874349401186586,202608260026
4,9,0.231219659676437,0.0770419803787359,-0.00612531025457762,0.231219659676437,0.213406039192467,0,0,0.935539951238994,202608260026
5,10,0.253675594517814,0.199695557318524,0.0441610938707224,0.253675594517814,0.203017705292471,0.0112025917422125,0.00896548394083947,0.863835250929206,202608260026
6,11,0.161032341770092,0.192007173730095,0.00909702462955998,0.161032341770092,0.130112976947678,0.00146491517923825,0.0011836409559184,0.963740741469956,202608260026
1,2,0.238710118138158,0.155647872069156,0.114706302548171,0.238710118138158,0.201555396208576,0.0273815550324651,0.0231196742577174,0.238710118138583,202608260027
1,3,0.254098854842571,0.0952618097392968,0.134539895259096,0.254098854842571,0.229892938077585,0.0341864333159757,0.0309297718097641,0.254098854842494,202608260027
1,4,0.269093898022247,0.0631021898121999,0.113659195899291,0.269093898022247,0.252113483791942,0.0305849960706144,0.0286550158431611,0.269093898022409,202608260027
1,5,0.265405879251526,0.152941294785578,0.126926367545058,0.265405879251526,0.224814360435093,0.0336870041784984,0.0285348701419917,0.265405879251473,202608260027
2,3,0.282440739252303,0.156977978471919,0.124919390426276,0.282440739252303,0.238103762966362,0.0352823249789445,0.0297437769279605,0.282440739252299,202608260027
2,4,0.258922849443275,0.162338334550002,0.121444860527166,0.258922849443275,0.216889745287712,0.0314448493379349,0.0263401448662388,0.258922849443153,202608260027
2,5,0.256151379134615,0.227383230228928,0.112310602437711,0.256151379134615,0.197906851119391,0.028768515705859,0.0222270376757692,0.25615137913447,202608260027
3,4,0.220585063984658,0.0744495098770825,0.127443964922289,0.220585063984658,0.204162614084795,0.0281122351568417,0.0260192930278655,0.220585063983866,202608260027
3,5,0.352651663790775,0.151883447710701,0.121044662678149,0.352651663790775,0.299089713253317,0.0426866016864422,0.0362032134512519,0.352651663790796,202608260027
4,5,0.242748246534389,0.160337802239534,0.117934786357915,0.242748246534389,0.203826526187564,0.0286284625937916,0.0240382378200063,0.242748246534328,202608260027
6,7,0.214599102243691,0.189462694707345,0.073199084378488,0.214599102243691,0.173940578050824,0.0157084577926837,0.0127322910495852,0.214599102234817,202608260027
6,8,0.24227712634258,0.279248010068395,0.0960774528350716,0.24227712634258,0.174621720926325,0.0232773691791959,0.0167772101562781,0.24227712634257,202608260027
6,9,0.179957214949007,0.200373504294567,0.0760707281369806,0.179957214949007,0.143898557166584,0.0136894763746741,0.0109464680215229,0.179957214949001,202608260027
6,10,0.20676744572286,0.211722542597982,0.0800338651231729,0.20676744572286,0.162990116387926,0.0165483978628464,0.0130447289914015,0.206767445722827,202608260027
7,8,0.153454706588469,0.169215105534373,0.109304209386072,0.153454706588469,0.127487852218355,0.0167732453802243,0.0139349588930557,0.153454706588506,202608260027
7,9,0.178240419034433,0.077575777436762,0.0961603820115687,0.178240419034433,0.164413279957183,0.0171396667842532,0.0158100438084577,0.178240419034552,202608260027
7,10,0.18477804397878,0.0652021017875177,0.103143743328282,0.18477804397878,0.172730127147177,0.0190586991408493,0.01781603189953,0.184778043978835,202608260027
8,9,0.274817703980072,0.17462819735314,0.0945773968773565,0.274817703980072,0.226826783733303,0.0259915430582471,0.0214526867475589,0.27481770398003,202608260027
8,10,0.281028134697363,0.192245913713212,0.104636223634118,0.281028134697363,0.227001624163349,0.0294057227496723,0.0237525927112641,0.281028134697419,202608260027
9,10,0.268505814361203,0.0750049810969526,0.0902161052705902,0.268505814361203,0.248366540830619,0.0242235488141758,0.0224066619932675,0.268505814361173,202608260027
11,12,0.00591661330907799,0.153472182026456,0.00322680600483584,0.00591661330907799,0.00500857775432702,1.90917633540245e-05,1.61617087733496e-05,0.0314823965945971,202608260027
11,13,0.0365677928749128,0.167519555823521,0.0232553498538725,0.0365677928749128,0.0304419724550609,0.000850396816690045,0.000707938719684392,0.0292004884610824,202608260027
11,14,0.0580076917274982,0.160276454465311,0.00570188916530986,0.0580076917274982,0.0487104245656981,0.000330753428965657,0.000277741442068797,0.0461137563909932,202608260027
11,15,0.074193383126498,0.139884896910097,0.00970604846929323,0.074193383126498,0.0638148493764365,0.000720124572726632,0.00061939002110834,0.00499328098055501,202608260027
12,13,-0.0601432790656852,0.210603095596363,0.00785640493124971,0.0601432790656852,0.047476918315136,0.000472509954233177,0.000372997895171574,0.125388399499209,202608260027
12,14,-0.0696837467842395,0.216678830153998,0.00930834402296608,0.0696837467842395,0.054584754050283,0.000648640287876957,0.000508093669109025,0.0576062640799214,202608260027
12,15,-0.0292598980832163,0.198935276936966,0.00849131390184285,0.0292598980832163,0.0234390721548843,0.000248454979360519,0.000199028519235066,0.0237531267772657,202608260027
13,14,0.0635723418389403,0.214128190371901,0.00983355433185386,0.0635723418389403,0.0499597113232641,0.000625142077476406,0.000491281535701052,0.0366746665103076,202608260027
13,15,0.0769133204718547,0.20385311630025,0.0137298895929804,0.0769133204718547,0.0612343004086673,0.00105601139830809,0.000840740183914398,0.0906250586150342,202608260027
14,15,0.0515387438595906,0.208971628834445,0.0284148729337678,0.0515387438595906,0.0407686086071707,0.00146446685793627,0.00115843483325927,0.167823451241481,202608260027
1,6,0.171027549253101,0.198172561367401,-0.00620232271185604,0.171027549253101,0.137134581753225,0,0,0.963740741469956,202608260027
2,7,0.196599488739634,0.149908579048329,0.00491097455525135,0.196599488739634,0.167127538741047,0.000965495086775767,0.000820759090239068,0.938271155293124,202608260027
3,8,0.187578146248441,0.179655012335399,0.00456453788784382,0.187578146248441,0.153878792070326,0.000856207555482517,0.000702385576540644,0.935539951238991,202608260027
4,9,0.156693694125386,0.0728142263562517,-0.0263145224302359,0.156693694125386,0.145284164012743,0,0,0.960618767164039,202608260027
5,10,0.0742443536813589,0.165811099905358,0.00248379860057385,0.0742443536813589,0.0619338157356903,0.000184408021774269,0.000153831124852506,0.871157825521369,202608260027
6,11,0.0768051264167833,0.198451397032425,-0.0324927122762362,0.0768051264167833,0.0615630417801206,0,0,0.937041197325118,202608260027
1,2,0.231614885671948,0.179858785726366,0.124930374386408,0.231614885671948,0.18995691357884,0.0289357343804616,0.0237313883306911,0.231614885672013,202608260028
1,3,0.327836641084922,0.0893898135568703,0.121147115418104,0.327836641084922,0.29853138486123,0.0397164633957985,0.0361662161377098,0.327836641084907,202608260028
1,4,0.296546766553135,0.0953103003824876,0.108922329797721,0.296546766553135,0.2682828051555,0.0323005647069482,0.029221988182205,0.296546766553108,202608260028
1,5,0.292058421735602,0.142195171066675,0.123395778403338,0.292058421735602,0.250529124495445,0.0360387762893151,0.0309142363298223,0.292058421735531,202608260028
2,3,0.31722028448823,0.172330630471826,0.130723019781803,0.31722028448823,0.262553512863921,0.041467993524344,0.0343217880558922,0.317220284488218,202608260028
2,4,0.19482900411961,0.208407203655035,0.109200155352912,0.19482900411961,0.154225236180147,0.0212753575171144,0.0168414197502115,0.194829004119834,202608260028
2,5,0.318536753454995,0.245742326909351,0.139178376753845,0.318536753454995,0.240258790454814,0.0443334282823058,0.0334388284563432,0.318536753455017,202608260028
3,4,0.267644027652494,0.0924286512327253,0.117955006438791,0.267644027652494,0.24290605116608,0.031569953005054,0.0286519848293163,0.267644027652471,202608260028
3,5,0.23606797749979,0.140165101974749,0.139763163845992,0.23606797749979,0.202979485360559,0.0329936074180951,0.0283690550698229,0.23606797749979,202608260028
4,5,0.212003433312119,0.174123571812673,0.117392638330545,0.212003433312119,0.175088638267263,0.0248876423716433,0.0205541171878964,0.212003433312371,202608260028
6,7,0.270556550896046,0.199709068675153,0.0889580901549942,0.270556550896046,0.216523954092635,0.0240681940466347,0.0192615574288884,0.27055655089605,202608260028
6,8,0.307701546041728,0.280906822898477,0.0909634729546058,0.307701546041728,0.221266082342197,0.0279896012614571,0.020127131296906,0.30770154604177,202608260028
6,9,0.150697809255948,0.201250677461813,0.101946489822942,0.150697809255948,0.120369773051177,0.0153631126776511,0.0122712758433517,0.150697809255727,202608260028
6,10,0.250366234914775,0.212558139534884,0.107231079069141,0.250366234914775,0.197148853818937,0.0268470415323895,0.021140484332249,0.250366234914982,202608260028
7,8,0.285917623440831,0.167314962440461,0.118156006944613,0.285917623440831,0.238079327013763,0.0337828847008621,0.0281305026160069,0.285917623440728,202608260028
7,9,0.211708762326511,0.09675263447951,0.103635765981431,0.211708762326511,0.191225381829025,0.0219405997486888,0.0198177889209427,0.211708762324185,202608260028
7,10,0.253497827447566,0.0795370074036144,0.133471421839011,0.253497827447566,0.233335368869069,0.033834715462527,0.0311436034482848,0.253497827447508,202608260028
8,9,0.229714665299823,0.166563127041043,0.103248725984549,0.229714665299823,0.191452672320298,0.0237177465321737,0.019767244503408,0.229714665299854,202608260028
8,10,0.246574178036466,0.180719277360758,0.115609845186616,0.246574178036466,0.202013470765893,0.028506402549813,0.0233547460808559,0.246574178036574,202608260028
9,10,0.249336471331838,0.0696915152673028,0.102047588920911,0.249336471331838,0.23195983483332,0.0254441857294619,0.023670941871233,0.24933647133179,202608260028
11,12,-0.12155728498697,0.152943362000259,0.00280609415580364,0.12155728498697,0.102965905145439,0.000341101186997294,0.000288932024675649,0.150147007739008,202608260028
11,13,-0.0415517567939957,0.143759734095351,-0.0189189644992568,0.0415517567939957,0.0355782872860962,0,0,0.0937395039021348,202608260028
11,14,-0.0863204233395222,0.149981741980995,-0.0206819616308395,0.0863204233395222,0.0733739358785238,0,0,0.0954803575806163,202608260028
11,15,0.0327837573466013,0.118847951198185,-0.0350251596805024,0.0327837573466013,0.0288874749533793,0,0,0.0197592911807079,202608260028
12,13,-0.0964116739021955,0.20642402428079,0.002043172511034,0.0964116739021955,0.0765099881876571,0.00019698568185974,0.000156323104684557,0.400413504856512,202608260028
12,14,0.0961710521751886,0.208636726843965,-0.0337812046875352,0.0961710521751886,0.0761062386322171,0,0,0.119849624767953,202608260028
12,15,0.0742764991779759,0.197122378323931,-0.0165036563980537,0.0742764991779759,0.0596349390064378,0,0,0.147692291086447,202608260028
13,14,-0.0578233411825386,0.214926071725657,-0.0218831692470959,0.0578233411825386,0.0453955976081232,0,0,0.241782355594001,202608260028
13,15,-0.0386630646169412,0.195208944571921,-0.0112684138527021,0.0386630646169412,0.0311156885791521,0,0,0.0133404235640532,202608260028
14,15,-0.0407336586624022,0.194579967682963,-0.0165153487025238,0.0407336586624022,0.0328077046762631,0,0,0.0726209051362739,202608260028
1,6,0.056769941451637,0.206999944695619,-0.0379803733341342,0.056769941451637,0.0450185667107746,0,0,0.903115508544848,202608260028
2,7,0.323225267635418,0.177133449468155,0.00705431956484664,0.323225267635418,0.265971261023889,0.00228013432933332,0.00187624627032775,0.94757209541881,202608260028
3,8,0.169958009592004,0.165659372603649,-0.0169584714164598,0.169958009592004,0.141802872354028,0,0,0.97069645204579,202608260028
4,9,0.161382044444123,0.0992265397069667,-0.0318911384205266,0.161382044444123,0.145368662603097,0,0,0.984778048883759,202608260028
5,10,0.151703662873112,0.154638752052545,0.0153845242123793,0.151703662873112,0.128244397764614,0.00233388867457802,0.0019729790425117,0.929656035826482,202608260028
6,11,0.161481813042175,0.189011902683464,-0.0101104966478451,0.161481813042175,0.130959828310298,0,0,0.913583353336841,202608260028
1,2,0.349329548101357,0.154121428706279,0.141280010315958,0.349329548101357,0.295490379058657,0.0493532821594288,0.0417468838016735,0.349329548101431,202608260029
1,3,0.232518136041921,0.0713869025216409,0.147147015812176,0.232518136041921,0.215919386529783,0.0342143498407782,0.0317718933838532,0.232518136041842,202608260029
1,4,0.357431229410836,0.105730892741857,0.145677462822444,0.357431229410836,0.319639706431409,0.0520696746340776,0.0465643014502385,0.357431229410664,202608260029
1,5,0.415431548647091,0.176887285045418,0.134116236122774,0.415431548647091,0.341946989884693,0.0557161156712028,0.0458606432368473,0.41543154864725,202608260029
2,3,0.284755332647587,0.17121061648087,0.140756267448987,0.284755332647587,0.236002196598779,0.0400810977596691,0.0332187883030061,0.284755332647498,202608260029
2,4,0.350784352952478,0.224337730066733,0.143038540937195,0.350784352952478,0.272090187468192,0.0501756820299207,0.0389193834187781,0.350784352952474,202608260029
2,5,0.220691570567448,0.270850016058238,0.149201586612881,0.220691570567448,0.160917255135337,0.0329275324807519,0.0240091097795821,0.220691570567888,202608260029
3,4,0.300190353841341,0.12209221487769,0.12678698625747,0.300190353841341,0.263539448655934,0.0380602302671072,0.0334133724550412,0.300190353841262,202608260029
3,5,0.221917354292798,0.197600121359223,0.137953937341225,0.221917354292798,0.178066458152823,0.030614372789039,0.0245649690105884,0.221917354292067,202608260029
4,5,0.242620560722955,0.241645711897856,0.154419672390026,0.242620560722955,0.183992342606,0.0374653875019232,0.028412037267492,0.242620560723063,202608260029
6,7,0.330971563653974,0.162516731897201,0.12431165958178,0.330971563653974,0.277183146778024,0.0411436243522023,0.0344570969840763,0.330971563653946,202608260029
6,8,0.322224767099646,0.287617138061893,0.126085137595354,0.322224767099646,0.229547401773786,0.0406277540963896,0.0289425157373037,0.322224767099568,202608260029
6,9,0.190221108496702,0.16085998901545,0.126368448834061,0.190221108496702,0.159622143073415,0.0240379464162238,0.0201712026197561,0.190221108496865,202608260029
6,10,0.301669845593803,0.200848171321748,0.126539388025551,0.301669845593803,0.241080008763374,0.0381731176472024,0.0305061167741119,0.301669845593847,202608260029
7,8,0.259340983810026,0.20582914449044,0.149185292725358,0.259340983810026,0.2059610509811,0.038689860585381,0.0307263596806377,0.259340983810062,202608260029
7,9,0.294262946373907,0.0857681630733405,0.12470578382915,0.294262946373907,0.269024554002868,0.0366962913794331,0.0335489178762151,0.294262946373797,202608260029
7,10,0.267051152971174,0.0988403762146741,0.150637763727442,0.267051152971174,0.240655716542941,0.0402279884844128,0.0362518389682538,0.267051152971263,202608260029
8,9,0.210581835185312,0.200257195717,0.12850049157033,0.210581835185312,0.168411307402162,0.0270598693370948,0.0216409357871797,0.210581835184068,202608260029
8,10,0.338329535406256,0.242576932406548,0.136270239838788,0.338329535406256,0.256258594564874,0.0461042469343563,0.0349204201421061,0.338329535406229,202608260029
9,10,0.259204423705819,0.0922494618860541,0.138754594439776,0.259204423705819,0.235292955100472,0.0359658046882968,0.0326479785595025,0.259204423705844,202608260029
11,12,0.0154304173602928,0.167286818109242,0.0112402092425033,0.0154304173602928,0.0128491119379919,0.000173441119828846,0.000144426706763375,0.00417548557851932,202608260029
11,13,-0.0404737189673056,0.200002778149902,-0.013435753520166,0.0404737189673056,0.032378862731786,0,0,0.109764576473747,202608260029
11,14,0.030867960865245,0.180405260186146,-0.0112864340406,0.030867960865245,0.0252992183539347,0,0,0.153798906298409,202608260029
11,15,-0.0316103136234626,0.169599327724971,0.00359233052193815,0.0316103136234626,0.0262492256837478,0.000113554694437602,9.42958946009702e-05,0.224010736995541,202608260029
12,13,-0.0401523582459149,0.234027809361727,0.000576617407104402,0.0401523582459149,0.0307555898049162,2.31525487008865e-05,1.77342084472773e-05,0.119291160905765,202608260029
12,14,-0.00418605566546309,0.217857735379511,-0.000138883518625005,0.00418605566546309,0.00327409105801273,0,0,0.115645889189531,202608260029
12,15,-0.00507307651897739,0.204600401704716,-0.00169890261590595,0.00507307651897739,0.00403512302531585,0,0,0.0182953407588002,202608260029
13,14,0.00374356177494538,0.244645786726324,-0.00124947931901074,0.00374356177494538,0.00282771515935528,0,0,0.168809977986235,202608260029
13,15,0.0484829774969164,0.234080134804856,-0.0101472885583701,0.0484829774969164,0.0371340755886974,0,0,0.0232214554592337,202608260029
14,15,-0.00361616579202928,0.218021638439555,0.00334225714533499,0.00361616579202928,0.00282776340118198,1.20861559571258e-05,9.45111243291726e-06,0.0451427576607529,202608260029
1,6,0.144490232656917,0.150688650230103,0.000858062078219426,0.144490232656917,0.122717194526413,0.000123981589316003,0.000105298970968591,0.913838907606179,202608260029
2,7,0.261982843841237,0.170737540521001,0.0279688329358197,0.261982843841237,0.217252537425087,0.0073273543914465,0.00607629992412517,0.939248667845926,202608260029
3,8,0.129184498143287,0.213557967929915,0.00574371485561471,0.129184498143287,0.101596119231761,0.000741998921100731,0.00058353913930427,0.88193837910263,202608260029
4,9,0.193981395433796,0.117441406649604,0.0256297860018558,0.193981395433796,0.171199947490198,0.00497170165330955,0.00438781801770271,0.954176089060901,202608260029
5,10,0.0954272867335573,0.219757709251101,0.0523374092218983,0.0954272867335573,0.0744564048009428,0.00499441695670962,0.00389685532725826,0.927410021635123,202608260029
6,11,0.283602342890292,0.188963252437699,0.010452569178259,0.283602342890292,0.230011921778791,0.00296437310817712,0.00240421552421712,0.977230737009268,202608260029
1,2,0.270048759035137,0.166608008161183,0.127602561183366,0.270048759035137,0.225056473185893,0.0344589132972732,0.0287177823894156,0.270048759035209,202608260030
1,3,0.311229294106325,0.0913337372280953,0.1528031705719,0.311229294106325,0.282803559540733,0.0475568229143008,0.043213280546843,0.311229294106317,202608260030
1,4,0.342967846810855,0.060916980386416,0.127225339908906,0.342967846810855,0.322075281213507,0.0436342008883368,0.040976137128645,0.342967846810834,202608260030
1,5,0.316996000816389,0.167990623989654,0.143099863107343,0.316996000816389,0.263743644837019,0.0453620843224003,0.037741679471609,0.316996000816408,202608260030
2,3,0.288695723287813,0.16634100946333,0.125739189202289,0.288695723287813,0.240673785248372,0.036300366172378,0.0302621266193761,0.288695723287699,202608260030
2,4,0.281675249365147,0.170042795169422,0.125978778960648,0.281675249365147,0.233778402633054,0.0354851039784572,0.0294511177110827,0.281675249365171,202608260030
2,5,0.296845247613408,0.254437200572924,0.138317756819526,0.296845247613408,0.221316773807276,0.0410589687724234,0.0306120396995569,0.296845247613275,202608260030
3,4,0.246879206287077,0.0648639289745858,0.143421331567899,0.246879206287077,0.23086565098517,0.0354077445021185,0.0331110590775828,0.246879206286854,202608260030
3,5,0.368874999512397,0.166151043596394,0.138832930396158,0.368874999512397,0.307586033386793,0.0512119971321873,0.0427030703640188,0.368874999512394,202608260030
4,5,0.281987455951322,0.173386217788306,0.149973935189027,0.281987455951322,0.233094717500176,0.0422907684429622,0.0349581320552759,0.281987455951438,202608260030
6,7,0.0993992382285228,0.172307294395187,0.0825378405729505,0.0993992382285228,0.0822720244244234,0.00820419847797853,0.00679055523555694,0.0993992382280722,202608260030
6,8,0.299853922416148,0.270215214387493,0.076525993686696,0.299853922416148,0.218828830485538,0.0229466193737492,0.0167460937002034,0.299853922416226,202608260030
6,9,0.248455989214136,0.153684697015837,0.0985555971030186,0.248455989214136,0.210272105789992,0.0244867283708203,0.0207234929402417,0.24845598921433,202608260030
6,10,0.16018599685829,0.158298299784257,0.0819053522926224,0.16018599685829,0.134828825906376,0.0131200905050231,0.0110432024850624,0.160185996858855,202608260030
7,8,0.211174681488561,0.197043920551008,0.109870511414014,0.211174681488561,0.169563994326944,0.0232018702528397,0.0186300827741043,0.211174681491476,202608260030
7,9,0.254995665536961,0.0872783271065987,0.112778731197528,0.254995665536961,0.232740070429462,0.0287580876201278,0.0262481298418581,0.254995665536815,202608260030
7,10,0.299269174331523,0.0738673139158574,0.0954198875072634,0.299269174331523,0.277162964285837,0.0285562309491055,0.0264468588733342,0.299269174331503,202608260030
8,9,0.342915993073671,0.181315949097645,0.108364233627553,0.342915993073671,0.280739854328757,0.0371598287880597,0.0304221591630466,0.342915993073629,202608260030
8,10,0.194600589673073,0.18882748581597,0.117064929942354,0.194600589673073,0.157854649586801,0.0227809043968191,0.0184792434949538,0.194600589673044,202608260030
9,10,0.345470524617098,0.0379288307314312,0.112627016145681,0.345470524617098,0.332367231566198,0.038909314353907,0.0374335295559016,0.345470524616958,202608260030
11,12,-0.0263870481285367,0.153870570810224,0.0155122163805406,0.0263870481285367,0.0223268579710019,0.000409321600213601,0.000346339051943779,0.181971544121063,202608260030
11,13,0.0335061234920952,0.146407579273008,-0.00115732453787855,0.0335061234920952,0.028600573060795,0,0,0.224621812275784,202608260030
11,14,-0.0054055645304161,0.196897501781066,-0.00563537709682409,0.0054055645304161,0.00434122237866083,0,0,0.0931908346693942,202608260030
11,15,0.00223352538137709,0.163237887244196,0.0046397910307259,0.00223352538137709,0.00186892941701481,1.03630910314121e-05,8.67144194612508e-06,0.188160989372245,202608260030
12,13,0.043920755274717,0.180572045720368,-0.00115986532072572,0.043920755274717,0.0359898946451777,0,0,0.270167567798738,202608260030
12,14,-0.0428190549994898,0.227432976279791,0.0129832588577317,0.0428190549994898,0.0330805898794677,0.000555930875101826,0.000429493861571589,0.0218105906839229,202608260030
12,15,0.0580765063645571,0.186277519701112,0.00443356994700783,0.0580765063645571,0.0472581588060616,0.00025748625324511,0.000209522352633478,0.0189016790798152,202608260030
13,14,-0.0066199200602475,0.219636065652151,0.0135566310698625,0.0066199200602475,0.00516594686328299,8.97438139687573e-05,7.00328357520409e-05,0.111741028619127,202608260030
13,15,0.0254854152957827,0.184014682685054,0.0188679132606511,0.0254854152957827,0.0207957246870324,0.0004808566052125,0.000392371929587309,0.0399472752728323,202608260030
14,15,0.0393077366312258,0.231537470947113,0.0270166474073716,0.0393077366312258,0.0302065227029765,0.00106196326094765,0.000816078973269082,0.100523388955991,202608260030
1,6,0.187435299116654,0.163215273448587,-0.0154291300755005,0.187435299116654,0.156842995517411,0,0,0.922554007843026,202608260030
2,7,0.0458111542461737,0.181355271236787,-0.0429971241941446,0.0458111542461737,0.0375030599421886,0,0,0.844848131511847,202608260030
3,8,0.224886279202974,0.192312511109523,-0.0040593885121411,0.224886279202974,0.181637834135373,0,0,0.913583353336841,202608260030
4,9,0.158180718097796,0.0434815779465962,-0.0333346958025843,0.158180718097796,0.151302770874178,0,0,0.917036836308133,202608260030
5,10,0.160139855973881,0.168304215748374,0.00340905662256753,0.160139855973881,0.13318764310414,0.000545925836544771,0.000454044216768328,0.951469336484685,202608260030
6,11,0.237903431637082,0.186150571569521,-0.0102389172103709,0.237903431637082,0.193617571859489,0,0,0.929656112798136,202608260030
1,2,0.363106293518268,0.164461955133805,0.150057870406866,0.363106293518268,0.303389122564864,0.0544869571366819,0.0455259256366913,0.363106293518243,202608260031
1,3,0.366879109282031,0.0672401339244195,0.140109369624035,0.366879109282031,0.342210108839836,0.0514032007297329,0.0479468426285218,0.366879109282037,202608260031
1,4,0.325682018914285,0.0493424093378392,0.146087769115202,0.325682018914285,0.309612083423043,0.047578159584123,0.0452305385583821,0.325682018914202,202608260031
1,5,0.229474901199237,0.188636589342527,0.134015945820956,0.229474901199237,0.1861875384973,0.0307532959263863,0.0249520990717913,0.229474901199204,202608260031
2,3,0.322695196774178,0.165321328188271,0.161853889645045,0.322695196774178,0.269346798243495,0.0522294727676738,0.0435948269591488,0.322695196774258,202608260031
2,4,0.352552648699436,0.179737321746141,0.172234318903745,0.352552648699436,0.289185779847691,0.0607216653264587,0.0498077158287155,0.352552648699474,202608260031
2,5,0.355861345680016,0.284422086016754,0.130514104175525,0.355861345680016,0.254646519408977,0.0464449247421241,0.0332349623620781,0.355861345679982,202608260031
3,4,0.340178594372771,0.0472601379829019,0.15108093935347,0.340178594372771,0.324101707063885,0.0513945015857815,0.048965590349275,0.340178594372704,202608260031
3,5,0.233054234366692,0.187961922740458,0.15427375216671,0.233054234366692,0.189248912372324,0.0359541511940895,0.0291961398051473,0.233054234366609,202608260031
4,5,0.312169184203256,0.199013884088685,0.13577617169038,0.312169184203256,0.25004318236217,0.0423851367508271,0.0339499060584149,0.312169184203324,202608260031
6,7,0.143450338929488,0.213952217304741,0.0734170368576595,0.143450338929488,0.112758820842408,0.01053169882043,0.00827841850581325,0.143450338929782,202608260031
6,8,0.234643735039393,0.259720720720721,0.0679874074213204,0.234643735039393,0.17370189506236,0.0159528192129836,0.0118095415094601,0.23464373503945,202608260031
6,9,0.227132259081942,0.203875858860869,0.0744226970621063,0.227132259081942,0.180825474686602,0.0169037953106872,0.0134575195237125,0.227132259081911,202608260031
6,10,0.14763974720181,0.197836419447045,0.0714023935168368,0.14763974720181,0.118431228247337,0.0105418313284299,0.00845627316399866,0.14763974720231,202608260031
7,8,0.128239602748067,0.146413102600225,0.101998297064591,0.128239602748067,0.109463644633502,0.0130802210965425,0.0111651053431008,0.128239602748667,202608260031
7,9,0.229868291765011,0.106691535768217,0.0984671552463853,0.229868291765011,0.205343290692185,0.0226344767714467,0.020219569683391,0.229868291765013,202608260031
7,10,0.25277755686084,0.0786891045251841,0.0755376433979776,0.25277755686084,0.232886717267397,0.0190942209491661,0.0175917138010702,0.252777556860736,202608260031
8,9,0.235088611013867,0.135262494302904,0.0963387074943055,0.235088611013867,0.203289939105926,0.0226481329317075,0.019584689980061,0.2350886110139,202608260031
8,10,0.238365367756301,0.130596108257154,0.0916274995934788,0.238365367756301,0.207235778384042,0.0218408226371898,0.0189884961996381,0.238365367756477,202608260031
9,10,0.144800768299576,0.0637362531896988,0.0977731497544529,0.144800768299576,0.135571709869171,0.0141576272035143,0.0132552730915057,0.14480076829911,202608260031
11,12,0.00498939337746574,0.158471960542413,-0.0157494592325814,0.00498939337746574,0.00419871442702141,0,0,0.293588107656861,202608260031
11,13,0.0573008811337655,0.151562033738117,0.000306286409029837,0.0573008811337655,0.0486162430541459,1.75504811167066e-05,1.48904945055761e-05,0.0954350359798423,202608260031
11,14,-0.0775508676113646,0.187116820796125,0.00273052934863199,0.0775508676113646,0.0630397958139449,0.000211754920024705,0.000172132012601745,0.100548973727662,202608260031
11,15,0.00402474646857957,0.169887484866929,-0.0315927387962963,0.00402474646857957,0.00334099241380553,0,0,0.144114993758238,202608260031
12,13,0.0231958401276533,0.20270639865251,-0.019179598162456,0.0231958401276533,0.0184938949116574,0,0,0.0822192460116467,202608260031
12,14,-0.0678345423197573,0.237432230902459,-0.00468249025499361,0.0678345423197573,0.0517284356045301,0,0,0.113045113675482,202608260031
12,15,0.031941250459719,0.213877358622462,-0.0211432350063893,0.031941250459719,0.0251097401802958,0,0,0.0276484988696122,202608260031
13,14,0.0251184277625961,0.225442445976335,-0.025335539896614,0.0251184277625961,0.0194556679687166,0,0,0.0493410946368543,202608260031
13,15,-0.101134217359342,0.220499822945971,0.00625920988783798,0.101134217359342,0.0788341403378275,0.000633020293294347,0.000493439430701737,0.195150635703059,202608260031
14,15,-0.0746883947927372,0.230345741239361,-0.0126903551886367,0.0746883947927372,0.0574842411322261,0,0,0.0949538487686896,202608260031
1,6,0.058447779584874,0.203459576424246,-0.0266331683886307,0.058447779584874,0.0465560191075978,0,0,0.94940857281979,202608260031
2,7,0.12321907868608,0.184980225544667,-0.0131888030818006,0.12321907868608,0.100425985719323,0,0,0.924838509773284,202608260031
3,8,0.155714384769997,0.131822304333221,-0.00226801741626828,0.155714384769997,0.135187755751786,0,0,0.808223926666033,202608260031
4,9,0.149824289739276,0.0689920680864617,-0.0149604733626797,0.149824289739276,0.139487602140578,0,0,0.847015890150799,202608260031
5,10,0.14723085732414,0.187824070262111,-0.0232153862679296,0.14723085732414,0.11957735843334,0,0,0.790949996915458,202608260031
6,11,0.286720409405254,0.21412846339424,0.0229696328554707,0.286720409405254,0.225325408715539,0.00658586253620894,0.00517564191120483,0.943065922528478,202608260031
1,2,0.177210740101363,0.183200394301354,0.0874915004485378,0.177210740101363,0.144745662640358,0.0155044335470641,0.0126640152078228,0.17721074010134,202608260032
1,3,0.231707872825825,0.0322965981619414,0.123954046084305,0.231707872825825,0.224224496766211,0.0287211283463486,0.0277935336053891,0.231707872825897,202608260032
1,4,0.383686353524696,0.0730648552423818,0.103459842060271,0.383686353524696,0.355652365645937,0.0396961295363464,0.0367957375780904,0.383686353524664,202608260032
1,5,0.0900256103664346,0.204524542665631,0.106137660245406,0.0900256103664346,0.0716131635780452,0.00955510764645792,0.00760085362494524,0.0900256103672366,202608260032
2,3,0.245480984671088,0.180459104080807,0.0982520181093066,0.245480984671088,0.201181706108469,0.0241190021513941,0.0197665086318305,0.245480984671126,202608260032
2,4,0.218482262608558,0.218199620195745,0.0922199652000943,0.218482262608558,0.170809515887864,0.0201484266545991,0.0157520476110237,0.218482262606959,202608260032
2,5,0.0982646816026132,0.293100599000876,0.0765221102151087,0.0982646816026132,0.0694632445642569,0.00751942079584774,0.00531547405644512,0.0982646816052304,202608260032
3,4,0.275348288673379,0.0734438484858455,0.117309690029293,0.275348288673379,0.255125650679215,0.0323010223943705,0.0299287109997005,0.275348288673322,202608260032
3,5,0.31295778376103,0.199569834126766,0.0804296045741681,0.31295778376103,0.250500850767161,0.0251710707963076,0.0201476843726954,0.312957783761145,202608260032
4,5,0.261071349421183,0.239908708540262,0.0967768345025262,0.261071349421183,0.198438059144684,0.025265658776285,0.0192042072088475,0.261071349421111,202608260032
6,7,0.302705005309311,0.201685480923112,0.109197317930714,0.302705005309311,0.241653800735669,0.0330545747039794,0.0263879469080984,0.302705005309352,202608260032
6,8,0.179973774826389,0.272273313411983,0.0908834176276152,0.179973774826389,0.130971718827146,0.0163566317395651,0.0119031574195741,0.179973774826391,202608260032
6,9,0.227231004831191,0.198119328553637,0.0968699804129364,0.227231004831191,0.182212150727467,0.0220118629872093,0.0176508874719687,0.22723100483115,202608260032
6,10,0.309191160816531,0.214669292906438,0.0971296497104571,0.309191160816531,0.242817312951126,0.0300316291436793,0.0235847605505773,0.309191160816463,202608260032
7,8,0.220825760025992,0.163668869211144,0.101520419306556,0.220825760025992,0.184683457589847,0.0224183237515275,0.0187491420535057,0.22082576002628,202608260032
7,9,0.238315628967291,0.0829251928528645,0.105417339350054,0.238315628967291,0.218553259475326,0.0251225995312664,0.0230393031201709,0.238315628964773,202608260032
7,10,0.232798433869356,0.0730485687983038,0.105131255598926,0.232798433869356,0.215792841456713,0.0244743916541489,0.0226865723716042,0.232798433869391,202608260032
8,9,0.19986794341761,0.157259557697851,0.0855199416087512,0.19986794341761,0.168436799037778,0.0170926948505352,0.0144047052184757,0.199867943417457,202608260032
8,10,0.214812374274488,0.170623966084492,0.0863622585855487,0.214812374274488,0.178160235011749,0.018551681814469,0.0153863202857468,0.214812374270701,202608260032
9,10,0.194725655525954,0.0574254605761031,0.111645755066076,0.194725655525954,0.183543445071393,0.0217402928419317,0.0204918465124245,0.194725655525664,202608260032
11,12,-0.0544547225363799,0.147975401384593,-0.00991788161019588,0.0544547225363799,0.0463967631117724,0,0,0.0672164381837319,202608260032
11,13,-0.0358158704695775,0.129766842757451,0.0064298769934724,0.0358158704695775,0.0311681580381306,0.000230291641533524,0.000200407422298288,0.121662890775431,202608260032
11,14,0.16362032748628,0.108892864064805,-0.000699053952222668,0.16362032748628,0.145803241407077,0,0,0.206165584446814,202608260032
11,15,-0.0174807966643105,0.166779662805174,0.0121966504015191,0.0174807966643105,0.014565355291071,0.000213207165654636,0.000177648546459109,0.14918591758054,202608260032
12,13,-0.0383852692121707,0.202758926627125,-0.0222340514627597,0.0383852692121707,0.0306023132284178,0,0,0.211973218650979,202608260032
12,14,-0.120577233584058,0.203606719776931,0.0165946273080097,0.120577233584058,0.0960268985742308,0.00200093425315826,0.0015935305933834,0.0251857755642602,202608260032
12,15,-0.0559142326012004,0.238330860333566,-0.0243383741532227,0.0559142326012004,0.0425881454404652,0,0,0.0707368757614226,202608260032
13,14,0.0557566438627998,0.173722958242495,-0.00489603844586859,0.0557566438627998,0.0460704347492809,0,0,0.155739197275739,202608260032
13,15,-0.0821068676801766,0.230530939438862,-0.00074908184037453,0.0821068676801766,0.0631786943394831,0,0,0.110788461508261,202608260032
14,15,0.0685217635384932,0.218654687450932,-0.0160664915749193,0.0685217635384932,0.0535391587483973,0,0,0.238315591705112,202608260032
1,6,0.134255719229811,0.193860894631969,0.00953616289848507,0.134255719229811,0.108228785390462,0.00128028440862876,0.00103208732778863,0.848509477875511,202608260032
2,7,0.2712817899487,0.193107557957849,0.00254891106075587,0.2712817899487,0.218895225973273,0.000691473154981892,0.000557944462629929,0.90393222550027,202608260032
3,8,0.205749244956429,0.149303032607447,-0.00586700185523735,0.205749244956429,0.175030258727742,0,0,0.846860990363376,202608260032
4,9,0.176309813749651,0.0829364267575261,-0.00611438674213716,0.176309813749651,0.16168730779497,0,0,0.889714554525066,202608260032
5,10,0.11260993680104,0.219739661819423,-0.0286884117917551,0.11260993680104,0.0878650673708732,0,0,0.898227718795799,202608260032
6,11,0.121906893370684,0.190771620121281,0.00920633955769415,0.121906893370684,0.0986505178184061,0.00112231625479413,0.000908210164578604,0.966462152913272,202608260032
1,2,0.250525150374084,0.184673520395212,0.11231705604441,0.250525150374084,0.204259788906962,0.0281382473551002,0.0229418581582826,0.250525150373972,202608260033
1,3,0.247164326495584,0.0626230164557877,0.127284672094896,0.247164326495584,0.231686150810167,0.0314602302515461,0.0294900957348006,0.247164326495624,202608260033
1,4,0.203644790401596,0.0677790903578512,0.129386320264493,0.203644790401596,0.189841931752061,0.0263488500710965,0.0245629489813021,0.203644790402529,202608260033
1,5,0.267247558655751,0.154186265007491,0.0994630943244316,0.267247558655751,0.22604165575425,0.026581269134551,0.0224828025275357,0.267247558656052,202608260033
2,3,0.351743781922888,0.180249373329263,0.11535702046456,0.351743781922888,0.288342185658822,0.0405761146495601,0.0332622954118406,0.351743781922861,202608260033
2,4,0.329903640765175,0.208715235000921,0.0968545504674763,0.329903640765175,0.261047724855212,0.0319526688238948,0.025283660041409,0.329903640765167,202608260033
2,5,0.245176090819322,0.263148831488315,0.109459090918711,0.245176090819322,0.180658289011345,0.0268367520160863,0.0197746920821115,0.245176090819435,202608260033
3,4,0.258686028007052,0.0645286667574354,0.117306051446638,0.258686028007052,0.24199336351098,0.0303454365099218,0.0283872859497641,0.258686028007078,202608260033
3,5,0.179047736328525,0.154907537542909,0.129514541336279,0.179047736328525,0.151311892391241,0.0231892854478879,0.0195970903417759,0.179047736328555,202608260033
4,5,0.287414274431762,0.177402813631728,0.0718489973578298,0.287414274431762,0.236426173469646,0.0206504274442502,0.0169869835129424,0.287414274431724,202608260033
6,7,0.183110292609213,0.193518181452462,0.0865744591467442,0.183110292609213,0.14767512177825,0.0158526745468447,0.0127848937973816,0.183110292609267,202608260033
6,8,0.315052411851851,0.307554732670694,0.115643955276651,0.315052411851851,0.218156551547498,0.0364339070259967,0.0252284864904673,0.315052411851747,202608260033
6,9,0.165111655473086,0.196989795871291,0.0989925033149565,0.165111655473086,0.132586344165472,0.0163448161017575,0.0131250541143185,0.165111655473325,202608260033
6,10,0.325157705962404,0.223628063178885,0.0895962332824262,0.325157705962404,0.252443317950342,0.029132905676986,0.0226179704056685,0.325157705962202,202608260033
7,8,0.24832557969201,0.182632873334011,0.119486520783558,0.24832557969201,0.202973165550524,0.0296715595389583,0.0242525573640572,0.24832557969204,202608260033
7,9,0.159058465638638,0.0376029537910327,0.0847492408571812,0.159058465638638,0.153077397505155,0.0134800842147826,0.0129731932309549,0.159058465639429,202608260033
7,10,0.221391905424701,0.0597096369045624,0.0910098285795241,0.221391905424701,0.208172675138183,0.0201488393615963,0.018945759479267,0.22139190542514,202608260033
8,9,0.264772665791959,0.185023430997501,0.0995828020532016,0.264772665791959,0.215783518732776,0.0263668039666592,0.0214883274323094,0.26477266579204,202608260033
8,10,0.302520221016188,0.212932218954277,0.111176155202568,0.302520221016188,0.238103919076673,0.0336330350436109,0.0264714782616078,0.302520221016241,202608260033
9,10,0.12528003297484,0.0644496859506518,0.0861996928738008,0.12528003297484,0.117205774193724,0.0107991003656508,0.0101031017385351,0.125280032975012,202608260033
11,12,-0.0227463506459264,0.153979416809605,-0.00411033936445181,0.0227463506459264,0.0192438808389199,0,0,0.0675220735190467,202608260033
11,13,-0.0400014907794328,0.198186990478534,0.00479109957159749,0.0400014907794328,0.0320737157072022,0.000191651125336602,0.000153668365584316,0.059677250774863,202608260033
11,14,0.0181320222742832,0.179185676498967,-0.00717546188271412,0.0181320222742832,0.0148830235967714,0,0,0.0217866540585783,202608260033
11,15,0.113898465102715,0.133077941808292,-0.00287711129292579,0.113898465102715,0.0987410917917224,0,0,0.0991132811925955,202608260033
12,13,0.00743407523753975,0.225565805658057,-0.00358154888511956,0.00743407523753975,0.00575720206726149,0,0,0.0723856937843543,202608260033
12,14,-0.0475930829019088,0.208573310151039,-0.013295459484579,0.0475930829019088,0.0376664360607648,0,0,0.122231938388192,202608260033
12,15,-0.0516537031475202,0.175003862495172,0.00419478881569769,0.0516537031475202,0.0426141055845252,0.000216676376252586,0.000178757173496927,0.0523707204055688,202608260033
13,14,-0.0810700082053369,0.244781654757813,-0.00548680839813407,0.0810700082053369,0.061225557445605,0,0,0.0506692789536091,202608260033
13,15,-0.00320229176127584,0.216877048532003,-0.00354876037903827,0.00320229176127584,0.00250778817555199,0,0,0.0587076639816779,202608260033
14,15,-0.0057069948623098,0.196292497088238,-0.0053377885645083,0.0057069948623098,0.00458675458991726,0,0,0.0603491494249159,202608260033
1,6,0.218794967417739,0.200608687663384,-0.00516110623903237,0.218794967417739,0.174902796136714,0,0,0.88971455452506,202608260033
2,7,0.206255348101622,0.178214654999018,-0.0218386295057,0.206255348101622,0.169497622397989,0,0,0.784293829435817,202608260033
3,8,0.223868661541259,0.188734003577103,-0.00814270605606806,0.223868661541259,0.181617032773129,0,0,0.987534768072628,202608260033
4,9,0.239965777847486,0.0622392502942075,-0.0390492611861276,0.239965777847486,0.225030487737992,0,0,0.971626269471701,202608260033
5,10,0.10080223927452,0.171675228080788,-0.0433263318048418,0.10080223927452,0.0834969918560129,0,0,0.983442929452518,202608260033
6,11,0.132556626938651,0.227421638887666,0.0038999275720911,0.132556626938651,0.102410381594842,0.000516961244261441,0.000399393070850097,0.86080701140851,202608260033
1,2,0.252020870760371,0.16062104378897,0.106290042390853,0.252020870760371,0.211541015442235,0.0267873090364995,0.0224847034987593,0.252020870760195,202608260034
1,3,0.31416450632378,0.0792728940770746,0.12344577413943,0.31416450632378,0.289259776691199,0.0387822806902709,0.0357078970610437,0.314164506323723,202608260034
1,4,0.157444552203791,0.0863483820956288,0.13621409389677,0.157444552203791,0.143849469851223,0.0214461670174221,0.0195943251933151,0.157444552204836,202608260034
1,5,0.272310657243448,0.164645664819128,0.128890187474586,0.272310657243448,0.227475888044267,0.0350981716634357,0.0293194098559735,0.272310657243507,202608260034
2,3,0.298566342785341,0.146713505830668,0.115881832515837,0.298566342785341,0.254762627912262,0.0345984149295168,0.0295223601790233,0.298566342785493,202608260034
2,4,0.325946247325768,0.180294256623363,0.098682853609218,0.325946247325768,0.267180010964994,0.0321653058093227,0.0263660859093677,0.325946247325726,202608260034
2,5,0.22618596177672,0.233885497898314,0.101349173206129,0.22618596177672,0.173284345488963,0.0229237602169036,0.0175622251448715,0.226185961776713,202608260034
3,4,0.275882483163572,0.0654828294858771,0.131317910589217,0.275882483163572,0.257816917560431,0.0362283112572052,0.0338559789285884,0.275882483163678,202608260034
3,5,0.327932638272742,0.151163588040893,0.128030955263367,0.327932638272742,0.278361164035718,0.0419855289400956,0.0356388457397159,0.32793263827281,202608260034
4,5,0.393617489684708,0.187398702801009,0.11158313209846,0.393617489684708,0.319854082718004,0.0439210723477531,0.0356903203641549,0.393617489684906,202608260034
6,7,0.315222384941632,0.200444306588018,0.0815063820194915,0.315222384941632,0.252037852570985,0.0256926361281478,0.020542693495023,0.315222384941668,202608260034
6,8,0.268259741339189,0.284385140657247,0.0957037577095353,0.268259741339189,0.191970657065767,0.0256734652883483,0.0183723132511624,0.268259741339151,202608260034
6,9,0.224998514796787,0.209107210411835,0.0985469212523138,0.224998514796787,0.177949703020825,0.0221729109195665,0.0175363953704658,0.224998514796245,202608260034
6,10,0.244669535234861,0.207220927116804,0.104622955729347,0.244669535234861,0.193968887306256,0.0255980499531968,0.0202935983095131,0.244669535235083,202608260034
7,8,0.31518414391907,0.162137510364984,0.110278569784864,0.31518414391907,0.264080971517514,0.0347580566102618,0.0291224718463488,0.315184143919067,202608260034
7,9,0.154798971933073,0.0947030363354642,0.126871416766852,0.154798971933073,0.140139039269403,0.0196395648832012,0.0177796384564547,0.154798971933433,202608260034
7,10,0.225473671104618,0.0609225071649235,0.109314657967843,0.225473671104618,0.211737249761246,0.0246475772375554,0.0231459850367024,0.225473671104598,202608260034
8,9,0.304675466442618,0.166874181414424,0.109755586775165,0.304675466442618,0.253832997382948,0.0334398345954065,0.0278595895706643,0.304675466442447,202608260034
8,10,0.27999183695609,0.169454693715945,0.112164519949724,0.27999183695609,0.232545905981731,0.0314051499820212,0.0260833999107145,0.279991836956236,202608260034
9,10,0.327358388553238,0.0734124741293791,0.108775745361047,0.327358388553238,0.303326199322538,0.0356086527150697,0.0329945334188426,0.327358388553137,202608260034
11,12,0.0696051964454863,0.182374607304325,0.0117156701324384,0.0696051964454863,0.0569109760774003,0.000815471521058892,0.000666750222637917,0.0505257782872003,202608260034
11,13,0.0373000592268716,0.143326904532305,0.00602371485105523,0.0373000592268716,0.0319539571990125,0.000224684920710146,0.000192481526529674,0.214747678170788,202608260034
11,14,0.03949130741167,0.159934653148156,0.000210410537880048,0.03949130741167,0.0331752788584174,8.30938723407581e-06,6.98042826892018e-06,0.136435602560998,202608260034
11,15,0.0722211981609551,0.155840834985006,0.0100140826933558,0.0722211981609551,0.0609661863359343,0.000723229050597039,0.000610520431466584,0.0578265974764707,202608260034
12,13,0.00301018174920951,0.226071697829543,-0.00460637546127992,0.00301018174920951,0.00232966485039021,0,0,0.0111096055729753,202608260034
12,14,-0.0724411446791047,0.241446710125532,-0.00308562001364838,0.0724411446791047,0.0549504686186072,0,0,0.313864818185423,202608260034
12,15,-0.088177466806713,0.240967843555036,0.00405881637489187,0.088177466806713,0.0669295327801536,0.000357896146171572,0.00027165468361195,0.024653581416297,202608260034
13,14,-0.0674655101239493,0.211079042157676,-0.00385730172589257,0.0674655101239493,0.053224954868307,0,0,0.260383904403424,202608260034
13,15,-0.0351687685926983,0.205258839842847,-0.003882533309074,0.0351687685926983,0.0279500679526595,0,0,0.126022856064872,202608260034
14,15,-0.000466812210550238,0.213290961431621,-0.0265977661568796,0.000466812210550238,0.000367245385353958,0,0,0.0166283656209634,202608260034
1,6,0.192693930540749,0.210018642150268,-0.0359565372768213,0.192693930540749,0.152224612897983,0,0,0.924173752299018,202608260034
2,7,0.137375670112104,0.160412503540488,-0.0483885534752216,0.137375670112104,0.115338894943869,0,0,0.828111802011721,202608260034
3,8,0.16408307791314,0.157400604609297,-0.0239625026056972,0.16408307791314,0.138256302243457,0,0,0.869492549880057,202608260034
4,9,0.142203681305513,0.0886401067536851,-0.0477078036042508,0.142203681305513,0.129598731813825,0,0,0.880932245950053,202608260034
5,10,0.214506601840659,0.164949847191992,-0.0165987588201501,0.214506601840659,0.179123770645369,0,0,0.952166178001248,202608260034
6,11,0.251881574791115,0.209523000155181,0.0234311819536515,0.251881574791115,0.199106591557069,0.00590188300970291,0.00466530277494506,0.895261357028941,202608260034
1,2,0.202625176434492,0.167473808348418,0.122926489062062,0.202625176434492,0.168690766469738,0.024908001534673,0.0207365636593131,0.202625176434455,202608260035
1,3,0.17924583146448,0.0827275502921592,0.113121519892186,0.17924583146448,0.164417262927342,0.0202765608896006,0.0185991306788542,0.17924583146443,202608260035
1,4,0.288913511028281,0.07767284117196,0.0925215429863355,0.288913511028281,0.266472777773748,0.0267307238299362,0.024654472563482,0.288913511028331,202608260035
1,5,0.293408413323941,0.139174884766317,0.124980395801892,0.293408413323941,0.252573331210113,0.0366702996288312,0.0315667149036423,0.293408413323865,202608260035
2,3,0.225075838908906,0.16841134329346,0.100684600161782,0.225075838908906,0.187170514535355,0.0226616708466209,0.0188451884180673,0.225075838908965,202608260035
2,4,0.217514363709808,0.189963797628745,0.0908798630553298,0.217514363709808,0.176194509140693,0.0197676755865145,0.0160125328618072,0.2175143637109,202608260035
2,5,0.301880852771478,0.234595959595959,0.11889991440132,0.301880852771478,0.231060824431907,0.0358936075539263,0.0274731122464522,0.301880852771487,202608260035
3,4,0.107230139626867,0.0862339068464462,0.112311736672036,0.107230139626867,0.0979832657551519,0.0120432032050783,0.0110046707417588,0.107230139626975,202608260035
3,5,0.27102299737179,0.141578217281155,0.118768296315825,0.27102299737179,0.232652044561697,0.0321889396602559,0.0276316869669862,0.271022997371657,202608260035
4,5,0.260556761759841,0.166451476035022,0.111428644940981,0.260556761759841,0.21718670417401,0.0290334868931091,0.0242008201453077,0.260556761759694,202608260035
6,7,0.307337171532708,0.202895499206715,0.123650289735671,0.307337171532708,0.244979842689799,0.0380023303065609,0.0302918285279928,0.307337171532786,202608260035
6,8,0.231219899352368,0.299979974513017,0.14027531195703,0.231219899352368,0.161858559837742,0.0324344435123264,0.0227047599741548,0.231219899352402,202608260035
6,9,0.258440609995786,0.197876263619152,0.0994539487136152,0.258440609995786,0.207301347722366,0.0257029391720364,0.0206169376046435,0.258440609995781,202608260035
6,10,0.284213849457608,0.237438674655605,0.118642900147105,0.284213849457608,0.216730489723626,0.0337199553616233,0.0257135338511133,0.284213849457712,202608260035
7,8,0.308373476057223,0.189531934901444,0.146331994819249,0.308373476057223,0.249926854467814,0.0451249059007993,0.0365722951731753,0.308373476057228,202608260035
7,9,0.307694324524688,0.0720494786618313,0.124616588944203,0.307694324524688,0.28552510885548,0.0383438171597573,0.0355811651234922,0.307694324524741,202608260035
7,10,0.253557038639646,0.0900789605867511,0.140927529806027,0.253557038639646,0.230716884149532,0.0357331671204167,0.0325143605677369,0.253557038639875,202608260035
8,9,0.341826330872445,0.182583439631958,0.13752130563421,0.341826330872445,0.279414503624982,0.0470084033217301,0.0384254473516423,0.341826330872454,202608260035
8,10,0.286090267158405,0.224134460960191,0.153448886248021,0.286090267158405,0.221967579342899,0.0439002328618559,0.034060677833337,0.286090267158432,202608260035
9,10,0.298740665903492,0.0819902438549194,0.133476687709034,0.298740665903492,0.274246845856683,0.0398749145687892,0.0366055605996001,0.298740665903634,202608260035
11,12,-0.0451227620837422,0.182154681366408,0.0202935619190399,0.0451227620837422,0.0369034397340059,0.000915701566304529,0.000748902239267607,0.05226229705731,202608260035
11,13,0.0200688266232227,0.153844598497978,0.0104201484607176,0.0200688266232227,0.0169813460490475,0.000209120152846383,0.000176948146893895,0.0925216139430991,202608260035
11,14,0.119243941115201,0.178481777688348,0.00844447220146908,0.119243941115201,0.0979610705263951,0.00100695214594093,0.000827229536886295,0.0723456629589486,202608260035
11,15,-0.0217246105357878,0.147219248951922,0.024729952611437,0.0217246105357878,0.0185263296889361,0.000537248589051958,0.000458155255271248,0.0201942176121536,202608260035
12,13,0.0954604249673248,0.237860057315137,0.0402284948585694,0.0954604249673248,0.0727542028132696,0.00384022921499487,0.00292679207381293,0.0279455338124171,202608260035
12,14,0.0670741753150054,0.237186264376462,0.013812720391825,0.0670741753150054,0.0511651022359073,0.000926476829138419,0.000706729251003728,0.109597347423186,202608260035
12,15,-0.0431121681149011,0.230088407456466,0.0140457695732211,0.0431121681149011,0.0331925580113481,0.000605543579143872,0.00046621502137317,0.0102407805357904,202608260035
13,14,0.0173725897850942,0.226858843329717,0.0357089386878226,0.0173725897850942,0.0134314641608061,0.000620356743484623,0.000479623330205911,0.0328049896911457,202608260035
13,15,0.0719492625282888,0.190769230769231,0.0053666917420226,0.0719492625282888,0.0582235570613537,0.000386129513055184,0.000312467882872349,0.0659440411150972,202608260035
14,15,-0.00947359426293043,0.224237268478802,0.0110602630447438,0.00947359426293043,0.00734926136273446,0.000104780444527186,8.12847638564151e-05,0.00595247385817291,202608260035
1,6,0.219870116227377,0.205160387572922,0.00715570474307134,0.219870116227377,0.174761477966465,0.00157332563354789,0.00125054153679079,0.898227718795891,202608260035
2,7,0.138316155246988,0.171055256117509,-0.00485306198035904,0.138316155246988,0.114656449886026,0,0,0.796040099579794,202608260035
3,8,0.281818403714927,0.191107042781516,0.028206401686162,0.281818403714927,0.227960921979559,0.00794908309773618,0.00642995733410328,0.898227718795891,202608260035
4,9,0.107717923739743,0.0762016454596555,-0.0218098964926436,0.107717923739743,0.0995096407052764,0,0,0.892866552359787,202608260035
5,10,0.177537175391404,0.169549080149235,0.0250812926022813,0.177537175391404,0.147435910611498,0.00445286184377433,0.00369788321413077,0.904459981714736,202608260035
6,11,0.176385212554872,0.212698504752867,0.00687646762423273,0.176385212554872,0.138868341583934,0.00121290720352699,0.000954923654932816,0.880484425628968,202608260035
1,2,0.252897810631348,0.170775535058298,0.101301567541482,0.252897810631348,0.209709051705707,0.0256189446447643,0.0212438556654258,0.252897810631394,202608260036
1,3,0.164127818174351,0.0649820683740692,0.106264343196622,0.164127818174351,0.153462453071659,0.0174409347985921,0.0163075867810023,0.164127818174876,202608260036
1,4,0.23788843850441,0.0478532563940552,0.104007804505952,0.23788843850441,0.226504702063477,0.024742254206193,0.0235582567718972,0.237888438501539,202608260036
1,5,0.31495387326107,0.150843221336972,0.108974666975302,0.31495387326107,0.267445216445814,0.0343219934512064,0.02914475339632,0.314953873260998,202608260036
2,3,0.272341189647028,0.173907915949765,0.117255881489525,0.272341189647028,0.224978900928234,0.0319336062579681,0.0263800993448845,0.272341189647076,202608260036
2,4,0.286739475908827,0.184607439067827,0.106646546453727,0.286739475908827,0.233805235581647,0.0305797748376281,0.0249345209175828,0.286739475908921,202608260036
2,5,0.282016085557171,0.254346375833896,0.120374865630407,0.282016085557171,0.210286316268843,0.0339476484045578,0.0253131870647752,0.282016085557128,202608260036
3,4,0.173810282833916,0.0590332942540532,0.115704882344478,0.173810282833916,0.163549689263001,0.0201106983255588,0.0189234975536516,0.173810282833874,202608260036
3,5,0.26695089420909,0.155772245330724,0.109692189129321,0.26695089420909,0.225367354025095,0.0292824279758249,0.0247210384212955,0.26695089420914,202608260036
4,5,0.226370158101826,0.165004676721618,0.0956102523340656,0.226370158101826,0.189018023344812,0.0216433079370179,0.0180720609076838,0.226370158101809,202608260036
6,7,0.203146035333423,0.211228211022823,0.0673961703082794,0.203146035333423,0.160235861713565,0.0136912647947831,0.0107992834255413,0.203146035334289,202608260036
6,8,0.245252869452235,0.268881814843541,0.073332013179423,0.245252869452235,0.179308832818332,0.0179848866549626,0.0131490776914209,0.245252869452392,202608260036
6,9,0.208382567790722,0.200106813818113,0.0978622862917243,0.208382567790722,0.166683796094884,0.0203927945073403,0.0163120573736289,0.208382567791067,202608260036
6,10,0.314240084504956,0.198874002292649,0.100366679202047,0.314240084504956,0.251745901218675,0.031539233753933,0.0252669001080449,0.314240084504881,202608260036
7,8,0.279226995348364,0.15996347479506,0.11815987417293,0.279226995348364,0.234560874915856,0.0329934266360481,0.02771568346595,0.279226995348281,202608260036
7,9,0.176345007944676,0.113007120419132,0.136573039846043,0.176345007944676,0.156416766396559,0.024083973796679,0.0213623132696665,0.176345007944706,202608260036
7,10,0.319237030330106,0.0884669025895342,0.126110543736032,0.319237030330106,0.29099511906492,0.0402591554756058,0.0366975526898085,0.319237030330099,202608260036
8,9,0.258896573021546,0.151531295340933,0.119614165813654,0.258896573021546,0.219665639952263,0.0309676976139859,0.0262751222808123,0.258896573021482,202608260036
8,10,0.252724315266508,0.151287095478712,0.13018591834861,0.252724315266508,0.214490387652992,0.032901147071994,0.0279236280935541,0.252724315266499,202608260036
9,10,0.29010584882525,0.0590486714609704,0.110605177813769,0.29010584882525,0.272975483869062,0.032087208994131,0.0301925019321371,0.290105848825309,202608260036
11,12,0.0427828451407713,0.142836430664177,-0.0100124228655706,0.0427828451407713,0.0366718962472053,0,0,0.0452826385090528,202608260036
11,13,0.0231368678488924,0.153970713451219,0.0317796668640088,0.0231368678488924,0.0195744677991719,0.000735281952514396,0.000622070065697949,0.000228954292077847,202608260036
11,14,0.0275480565298449,0.154229307937079,-0.00153484566063161,0.0275480565298449,0.0232993388362354,0,0,0.252949564180777,202608260036
11,15,-0.0161939667081938,0.158780726187155,0.00800098526797055,0.0161939667081938,0.0136226769144162,0.000129567689062264,0.000108994837302567,0.120149999825706,202608260036
12,13,0.172133449116069,0.204158137540348,-0.0223484105408467,0.172133449116069,0.136991004736136,0,0,0.0558214747310587,202608260036
12,14,-0.0625534483231957,0.198009249881845,-0.000838827478875907,0.0625534483231957,0.050167286943197,0,0,0.0400744520267021,202608260036
12,15,-0.163127770700946,0.208534053741826,0.0200532212194784,0.163127770700946,0.129110075398811,0.00327123727290643,0.0025890729036359,0.275402589142853,202608260036
13,14,-0.0929521925513461,0.206724477146126,0.021589998449509,0.0929521925513461,0.0737366991465831,0.00200683769306203,0.00159197522024664,0.178616022999747,202608260036
13,15,0.0389138870329252,0.199217562555828,-0.00650160972538369,0.0389138870329252,0.031161557308653,0,0,0.210410397436677,202608260036
14,15,0.01258843252127,0.20439172032675,-0.0385498154116337,0.01258843252127,0.0100154611420304,0,0,0.0554368607724638,202608260036
1,6,0.13086041211089,0.195392561096078,-0.0282865573361293,0.13086041211089,0.105291261042455,0,0,0.942191527929567,202608260036
2,7,0.179276063770532,0.190974431355287,-0.00870293318246745,0.179276063770532,0.14503891943634,0,0,0.733469868238245,202608260036
3,8,0.197022907503259,0.151456216211499,-0.00079809830202047,0.197022907503259,0.167182563425827,0,0,0.812666064449673,202608260036
4,9,0.248508551809441,0.063680157115988,-0.0139351879497651,0.248508551809441,0.232683488185549,0,0,0.835271309498106,202608260036
5,10,0.20966013496289,0.157349442251864,-0.00625448361022837,0.20966013496289,0.176670229664029,0,0,0.869492549880049,202608260036
6,11,0.184102187544702,0.208243546837406,0.032397733973516,0.184102187544702,0.145764095029868,0.00596449369601562,0.00472242637366798,0.965326752038187,202608260036
1,2,0.355866233079755,0.157189591730376,0.094194793669702,0.355866233079755,0.299927765191321,0.0335207463989615,0.0282516339580113,0.355866233079681,202608260037
1,3,0.220623342531622,0.0528089256893991,0.12316011164858,0.220623342531622,0.208972460830523,0.0271719954984775,0.0257370716073657,0.220623342531318,202608260037
1,4,0.289826787418673,0.0844896584298125,0.125894732552826,0.289826787418673,0.265339421145859,0.0364876658887186,0.0334048354608796,0.289826787418735,202608260037
1,5,0.21365590626414,0.153648536954713,0.121443476848569,0.21365590626414,0.180827988854922,0.0259471161059491,0.0219603796780759,0.213655906258178,202608260037
2,3,0.166226027888074,0.152469032259845,0.124479237171129,0.166226027888074,0.140881706279581,0.0206916891494942,0.0175368473290493,0.166226027888209,202608260037
2,4,0.182981641484707,0.190454220623916,0.113132975155694,0.182981641484707,0.148132015567252,0.0207012575000374,0.0167586156369328,0.182981641484656,202608260037
2,5,0.214894444853948,0.233613797124903,0.115910028244119,0.214894444853948,0.164692137610569,0.0249084211725253,0.0190894703220253,0.214894444853942,202608260037
3,4,0.259856683405712,0.0764447643140644,0.100919326041329,0.259856683405712,0.239992000487328,0.0262245613566394,0.0242198309444914,0.259856683405796,202608260037
3,5,0.311247086301412,0.142490771719042,0.0940981591201911,0.311247086301412,0.266897248779021,0.0292877778524861,0.0251145397843495,0.311247086301305,202608260037
4,5,0.234867584388822,0.18422414240078,0.0937605694866273,0.234867584388822,0.191599305077049,0.0220213184662445,0.0179644599572661,0.234867584388901,202608260037
6,7,0.258060912365036,0.20985001567138,0.073534371320316,0.258060912365036,0.203906825861062,0.0189763469531101,0.0149941602476144,0.25806091236509,202608260037
6,8,0.182746868711075,0.3001472571394,0.0869367271529315,0.182746868711075,0.127895897316632,0.0158874146631873,0.0111188507289953,0.182746868711043,202608260037
6,9,0.2809516171426,0.200334696783071,0.105851049763638,0.2809516171426,0.224667260111623,0.0297390236073358,0.0237812653303356,0.280951617142682,202608260037
6,10,0.240198662733867,0.219193705952132,0.06631967078193,0.240198662733867,0.187548627684484,0.0159298962347699,0.0124381632436378,0.240198662733698,202608260037
7,8,0.239016018464887,0.192275647832906,0.105225839888339,0.239016018464887,0.193059058672109,0.0251506612897345,0.0203148015968249,0.239016018464475,202608260037
7,9,0.217877823157646,0.0663705841450157,0.117006437171592,0.217877823157646,0.203417144762429,0.0254931078263783,0.0238011153682697,0.217877823156181,202608260037
7,10,0.249811874478187,0.0647342128515604,0.0989577759720966,0.249811874478187,0.233640499422869,0.0247208275097819,0.023120544199897,0.249811874478256,202608260037
8,9,0.299336319301541,0.18167920665778,0.0967274191413701,0.299336319301541,0.244953134286977,0.0289540296213152,0.0236936844901687,0.299336319301539,202608260037
8,10,0.199825925290914,0.199893893108448,0.107953540839032,0.199825925290914,0.159881943140515,0.0215719161865901,0.0172598218782434,0.199825925291117,202608260037
9,10,0.235814599536331,0.0478652934242609,0.110529298759141,0.235814599536331,0.2245272645358,0.0260644223239183,0.0248168411014501,0.235814599536283,202608260037
11,12,0.030540592110369,0.166961222060681,0.0201591543992532,0.030540592110369,0.025441497529165,0.000615672511797545,0.000512879076838658,0.072659856303759,202608260037
11,13,0.01804187307741,0.184837321354943,0.00786031957887902,0.01804187307741,0.0147070615855556,0.000141814888190016,0.000115602204128723,0.163783329802729,202608260037
11,14,0.0836317607876135,0.165968940043264,0.0212273038955062,0.0836317607876135,0.0697514860957415,0.00177527680155495,0.00148063599251748,0.130751352298031,202608260037
11,15,0.0240203813548071,0.119935111751982,0.022269169266322,0.0240203813548071,0.021139494232693,0.000534913938231804,0.00047075897527228,0.0154161995179369,202608260037
12,13,0.0455259571227456,0.227224988447315,0.0411852126585304,0.0455259571227456,0.0351813220414768,0.00187499622558342,0.00144895022988647,0.00637249436919088,202608260037
12,14,0.065282684941388,0.202576489010947,0.0264089092018358,0.065282684941388,0.0520579478327538,0.00172404449906917,0.0013747936175491,0.0173708264448305,202608260037
12,15,-0.0454524338671906,0.185114064404845,0.0308646230512727,0.0454524338671906,0.0370385490969425,0.00140287223807374,0.00114318085624319,0.23025987767529,202608260037
13,14,0.103657800625443,0.215541381275782,0.033509300944425,0.103657800625443,0.0813152550986257,0.00347350043639519,0.00272481735447254,0.228033285890025,202608260037
13,15,0.0645121617688653,0.19699752087788,0.0214486739867465,0.0645121617688653,0.0518034258339261,0.00138370032596064,0.00111111479210848,0.125323187152,202608260037
14,15,0.0434998620023435,0.188337137010443,0.01302431030074,0.0434998620023435,0.0353072225324728,0.00056655570075789,0.000459852222120204,0.0196556125352338,202608260037
1,6,0.132179731077574,0.211139440371255,-0.0100116095460287,0.132179731077574,0.104271376629432,0,0,0.948340812210873,202608260037
2,7,0.159288517899334,0.166962235202726,-0.0236180509696485,0.159288517899334,0.132693350908732,0,0,0.819660112501051,202608260037
3,8,0.168893421507029,0.180763474136586,-0.00621308072363657,0.168893421507029,0.138363659876604,0,0,0.960618767164036,202608260037
4,9,0.154176528843291,0.0809194335919354,-0.00995025819409827,0.154176528843291,0.141700651456121,0,0,0.952020343916449,202608260037
5,10,0.179857935336738,0.16271866772246,-0.0117334437994528,0.179857935336738,0.150591691719432,0,0,0.886058584056642,202608260037
6,11,0.116364464512083,0.226749025943172,-0.021958521131731,0.116364464512083,0.0899789355295694,0,0,0.927410021636504,202608260037
1,2,0.216153578945451,0.142627593077273,0.108664190096083,0.216153578945451,0.185324114245423,0.0234881535924771,0.0201380947797528,0.216153578944158,202608260038
1,3,0.0980202920486773,0.119437530190663,0.0991670898213988,0.0980202920486773,0.0863129904578158,0.00972038710591093,0.00855940807748376,0.0980202920491994,202608260038
1,4,0.209518418029529,0.0814636464967669,0.108381280801531,0.209518418029529,0.19245028368861,0.0227078744975509,0.0208580082367894,0.209518418029179,202608260038
1,5,0.226331722729851,0.163710776104534,0.100680874290538,0.226331722729851,0.189278780744671,0.022787275724125,0.0190567531300205,0.226331722729865,202608260038
2,3,0.195167986561013,0.141975717439293,0.0874950231446517,0.195167986561013,0.167458871647831,0.0170762275012509,0.0146518178506042,0.195167986561147,202608260038
2,4,0.242125528900923,0.116655502300244,0.107768712453587,0.242125528900923,0.213880253707273,0.0260935565017963,0.0230495995612794,0.242125528900675,202608260038
2,5,0.305430493716926,0.214701662256951,0.104723742800225,0.305430493716926,0.23985405901194,0.031985824467357,0.0251184147855564,0.305430493716883,202608260038
3,4,0.317072332121308,0.0767597967223814,0.102281490608936,0.317072332121308,0.292733924361385,0.032430630760219,0.0299412621354859,0.317072332121263,202608260038
3,5,0.192852808568667,0.163761567830839,0.0931301855143379,0.192852808568667,0.161270930276881,0.0179604178389611,0.0150191916547558,0.192852808568661,202608260038
4,5,0.241925193803443,0.138320347101559,0.114656108715124,0.241925193803443,0.208462017023939,0.0277382013216549,0.0239014436868707,0.241925193803443,202608260038
6,7,0.178625479447232,0.233646143500512,0.0752185527159098,0.178625479447232,0.136890325043456,0.0134359500422063,0.0102966921305792,0.178625479447404,202608260038
6,8,0.155372839213476,0.284166666666667,0.0834651898639383,0.155372839213476,0.111221057403647,0.012968223524652,0.00928308667306336,0.155372839213404,202608260038
6,9,0.151321914484066,0.239849650698951,0.0957748382646734,0.151321914484066,0.115027406151967,0.0144928318856122,0.0110167312202095,0.151321914484357,202608260038
6,10,0.322051424760694,0.259405943108819,0.0935618635668077,0.322051424760694,0.238509371191107,0.0301317314649561,0.0223153812467875,0.322051424760665,202608260038
7,8,0.257321088738195,0.127780966446151,0.087328677589191,0.257321088738195,0.224440351332253,0.0224715103953175,0.0196000790794991,0.257321088738337,202608260038
7,9,0.131850102442844,0.084462111945949,0.110462526477901,0.131850102442844,0.120713764330232,0.0145644954322067,0.0133343473885754,0.13185010244272,202608260038
7,10,0.219138297206027,0.0774074636958135,0.125934934443643,0.219138297206027,0.202175357420689,0.0275971670927325,0.0254609403828945,0.219138297205267,202608260038
8,9,0.279351281815946,0.131102628065006,0.109549173254116,0.279351281815946,0.242727594616547,0.0306027019704146,0.0265906073162031,0.279351281815901,202608260038
8,10,0.274629185798183,0.154157843713334,0.109101220589029,0.274629185798183,0.232292942694787,0.029962379379953,0.0253434435822185,0.274629185798067,202608260038
9,10,0.399950705082359,0.0736589463789812,0.112829819683793,0.399950705082359,0.370490757542462,0.0451263659368486,0.0418024053680279,0.399950705082341,202608260038
11,12,-0.008261126513096,0.160594981908396,0.0109705367940077,0.008261126513096,0.00693443105018237,9.06289923718724e-05,7.60744309815353e-05,0.0650678970164292,202608260038
11,13,0.0355263311933465,0.208524141665966,0.0151301161698662,0.0355263311933465,0.028118233474713,0.000537517518044472,0.000425432138963828,0.0145344363125643,202608260038
11,14,-0.00096014421505247,0.167527694123034,0.0185556403005735,0.00096014421505247,0.000799293468679159,1.78160906911901e-05,1.48314020994082e-05,0.0170130258892852,202608260038
11,15,0.00518529133157282,0.169016204140662,0.00105831415691601,0.00518529133157282,0.00430889307334691,5.48766722393736e-06,4.56016254016035e-06,0.0370043907105768,202608260038
12,13,0.0205597378484376,0.255959658364857,0.0348930753209814,0.0205597378484376,0.0152972743726805,0.000717392481325165,0.000533768946891658,0.00174364162923881,202608260038
12,14,0.0483474444752575,0.209873415454188,0.0178414882599308,0.0483474444752575,0.0382006011747535,0.000862590363002966,0.000681555577381665,0.196833690074115,202608260038
12,15,0.00806543341199784,0.215125490756644,0.00324598636995627,0.00806543341199784,0.00633035309107677,2.61802869231349e-05,2.05482398506457e-05,0.100344864359183,202608260038
13,14,0.205760100628554,0.237527599486521,0.00934944206707328,0.205760100628554,0.156886397856149,0.00192374214054183,0.00146680028786787,0.0693966684676324,202608260038
13,15,0.00985492343181007,0.257415803032123,0.0248644629054425,0.00985492343181007,0.0073181104027906,0.000245037378106218,0.00018196088464812,0.116780881379854,202608260038
14,15,-0.0393682098425017,0.215513190127301,0.0353476469298588,0.0393682098425017,0.0308838413497432,0.00139157358177334,0.0010916711198685,0.106405634050214,202608260038
1,6,0.224230506102339,0.243764359063358,0.00722086918803926,0.224230506102339,0.16957110049985,0.00161913915253283,0.00122445073478127,0.937872859715058,202608260038
2,7,0.231143750057787,0.130333662211858,-0.00536874007068132,0.231143750057787,0.201017938615373,0,0,0.9637882092744,202608260038
3,8,0.122124563974,0.144082096660214,-0.0383440780064239,0.122124563974,0.104528600742912,0,0,0.892392452431743,202608260038
4,9,0.239263737876608,0.0615454729425562,-0.00390288746468835,0.239263737876608,0.224538137970989,0,0,0.970868897872992,202608260038
5,10,0.183425129965283,0.174359220850588,-0.00207648358084362,0.183425129965283,0.151443267220118,0,0,0.951692493635397,202608260038
6,11,0.0576202721281721,0.24083509486569,-0.0233069359275452,0.0576202721281721,0.0437432884239969,0,0,0.889247144450968,202608260038
1,2,0.240087847801282,0.168936617523195,0.116464253873322,0.240087847801282,0.199528218885309,0.0279616520582279,0.0232379051391504,0.240087847801359,202608260039
1,3,0.15747916818732,0.0854541505346373,0.118318517529016,0.15747916818732,0.144021919642971,0.0186327017216263,0.0170404600238394,0.157479168187439,202608260039
1,4,0.266050817593329,0.089496654401328,0.109813913059079,0.266050817593329,0.242240159517988,0.0292160813524908,0.0266013398167259,0.266050817593068,202608260039
1,5,0.253958894439281,0.155020401349352,0.0901818928533415,0.253958894439281,0.214590084697066,0.0229024938074763,0.0193521400255403,0.253958894439239,202608260039
2,3,0.247603741042381,0.165862325525719,0.108366259461804,0.247603741042381,0.206535608744224,0.0268318912455119,0.0223814913652781,0.247603741042325,202608260039
2,4,0.356067464625891,0.200655935498651,0.128860581232684,0.356067464625891,0.28462041441075,0.0458830604497407,0.0366763520316568,0.356067464625888,202608260039
2,5,0.298320329851525,0.242221299247891,0.0956207210161034,0.298320329851525,0.226060791962829,0.0285256050341647,0.0216160959209571,0.298320329851562,202608260039
3,4,0.266647835161628,0.0868452708137448,0.112621258410414,0.266647835161628,0.243490731705118,0.0300302147483152,0.0274222326159029,0.266647835161592,202608260039
3,5,0.17329027398997,0.15517240287916,0.106960796903616,0.17329027398997,0.146400405779358,0.0185352658016131,0.0156591040691729,0.173290273990053,202608260039
4,5,0.251585214018082,0.18322374946821,0.125263069751974,0.251585214018082,0.205488827794927,0.0315143362121122,0.0257401613693272,0.251585214018101,202608260039
6,7,0.0937344990123313,0.218399496504088,0.048987994166616,0.0937344990123313,0.0732629316229752,0.00459186509082676,0.0035890040669755,0.0937344990120278,202608260039
6,8,0.175193086826651,0.242995969402415,0.0534656640297119,0.175193086826651,0.132621872860607,0.00936681472060184,0.00709071649735638,0.17519308682656,202608260039
6,9,0.135400898950876,0.201733660166774,0.067082525845166,0.135400898950876,0.108085980015644,0.00908303430333083,0.00725068054789953,0.1354008989502,202608260039
6,10,0.117436499810826,0.201505007048164,0.0625737115448632,0.117436499810826,0.0937724570887336,0.007348437664001,0.00586769068072348,0.117436499810306,202608260039
7,8,0.211601377546745,0.126811578353302,0.101501742679941,0.211601377546745,0.184767872878309,0.0214779085744708,0.0187542610884143,0.211601377547419,202608260039
7,9,0.195611631592221,0.107794019837483,0.117142391269811,0.195611631592221,0.174525867495926,0.0229144142849021,0.0204443774569111,0.195611631592141,202608260039
7,10,0.202907433702845,0.0914487564858313,0.0735823565549557,0.202907433702845,0.184351801208989,0.0149304071343738,0.0135650399681081,0.202907433702994,202608260039
8,9,0.36023526213299,0.109101841413882,0.0967967170162271,0.36023526213299,0.320932931692069,0.0348695907279535,0.0310652541701853,0.360235262133019,202608260039
8,10,0.289200194058713,0.119557940906943,0.0987992473633722,0.289200194058713,0.254624014347165,0.028572761510342,0.0251566609781404,0.289200194058848,202608260039
9,10,0.260144483218862,0.0550916183410202,0.101881486006955,0.260144483218862,0.245812702635847,0.026503906526849,0.0250437634239258,0.2601444832188,202608260039
11,12,0.075301032448462,0.098074679585765,0.00634791551068852,0.075301032448462,0.0679159078186018,0.000478004591850451,0.000431124444664194,0.0248640266613551,202608260039
11,13,0.0224650110535251,0.153763570167439,0.0104365162611031,0.0224650110535251,0.0190107107500841,0.000234456453165976,0.000198405591878381,0.0528716878061462,202608260039
11,14,-0.046384167375167,0.144213759159033,0.013710805689246,0.046384167375167,0.0396949322325323,0.000635964305938378,0.000544249502688039,0.0448606451732334,202608260039
11,15,0.124743124363809,0.120842888025528,0.00216928045642586,0.124743124363809,0.109668804954358,0.000270602821755911,0.000237902395267069,0.228676841762777,202608260039
12,13,-0.0202666156747635,0.178106793734721,-0.000289520227211367,0.0202666156747635,0.0166569937370775,0,0,0.0580198820094837,202608260039
12,14,-0.0978614409173599,0.174109280053498,-0.00566486082166664,0.0978614409173599,0.0808228558942405,0,0,0.0417526280619054,202608260039
12,15,-0.0187818315191587,0.150135955164249,0.00725391746595484,0.0187818315191587,0.0159620033042958,0.000136241855699447,0.000115787054560661,0.117760543435677,202608260039
13,14,-0.0392895651793854,0.205660127926823,-0.0155841418762838,0.0392895651793854,0.0312092681784038,0,0,0.00556946762402778,202608260039
13,15,-0.034768159847064,0.194866687847338,0.0106580622481954,0.034768159847064,0.0279930036951199,0.000370561211905217,0.000298351175896552,0.162213146936691,202608260039
14,15,0.0304571218268928,0.18457517363831,-0.00577110540402836,0.0304571218268928,0.0248354932771709,0,0,0.0186381347251431,202608260039
1,6,0.133471245486663,0.206598769675191,-0.0194099177061395,0.133471245486663,0.105896250382103,0,0,0.954345504221809,202608260039
2,7,0.175440244469891,0.180561956313567,-0.0232925759233014,0.175440244469891,0.143762410712277,0,0,0.947570512359048,202608260039
3,8,0.118045279228463,0.118724996258507,-0.0180859455731777,0.118045279228463,0.104030353893729,0,0,0.96125885725522,202608260039
4,9,0.117026828334349,0.0906853363439757,-0.00302814210205266,0.117026828334349,0.10641421104558,0,0,0.847017976944255,202608260039
5,10,0.11022558574941,0.154671395705265,-0.0262399788801784,0.11022558574941,0.0931768405591185,0,0,0.965226566401653,202608260039
6,11,0.0669544968542661,0.199614268479572,-0.00694421597810894,0.0669544968542661,0.053589423943284,0,0,0.980488687894573,202608260039
1,2,0.288186613249031,0.15264784789917,0.119760217410522,0.288186613249031,0.244195546943216,0.034513291457506,0.0292449117926009,0.288186613248938,202608260040
1,3,0.248989610988281,0.0388251288962289,0.124703216419137,0.248989610988281,0.239322557247839,0.0310498053451883,0.0298442926504586,0.248989610988053,202608260040
1,4,0.201884326740626,0.0678729630981727,0.100552870585146,0.201884326740626,0.18818183928166,0.0203000485799194,0.0189222241317634,0.201884326741062,202608260040
1,5,0.21980953420426,0.16448858002499,0.137618847873684,0.21980953420426,0.183653376047047,0.0302499348488413,0.0252741660197069,0.219809534203565,202608260040
2,3,0.335214829131864,0.161167437494352,0.129521932728916,0.335214829131864,0.281189114110574,0.0434176725485524,0.0364201575219333,0.335214829131773,202608260040
2,4,0.175071145388359,0.192106719984083,0.108665298240018,0.175071145388359,0.141438801883945,0.0190241582268476,0.0153694895894297,0.175071145388486,202608260040
2,5,0.338711760872916,0.268993165484223,0.154267547148813,0.338711760872916,0.247600612128975,0.0522522325403201,0.0381967391056817,0.338711760872791,202608260040
3,4,0.310068703598827,0.0769229908215803,0.117505582399774,0.310068703598827,0.286217291557835,0.0364348036003231,0.0336321295373893,0.310068703598844,202608260040
3,5,0.337097738784019,0.172771857312503,0.14107047876848,0.337097738784019,0.278856736358459,0.0475545394020337,0.0393384533059037,0.337097738784175,202608260040
4,5,0.267145505651841,0.207282399262796,0.141047865024508,0.267145505651841,0.211770944288054,0.0376803032230846,0.029869839566054,0.267145505651912,202608260040
6,7,0.249480246887785,0.201279286048674,0.0970431559170777,0.249480246887785,0.199265040910965,0.0242103504969624,0.0193373084339456,0.24948024688758,202608260040
6,8,0.21809459513072,0.268914013055207,0.0923016908523633,0.21809459513072,0.159445902328467,0.020130499896327,0.0147171263843983,0.21809459513177,202608260040
6,9,0.1688717895395,0.191920816524998,0.0790622981841444,0.1688717895395,0.136461777803041,0.013351391779462,0.0107889817674025,0.16887178953948,202608260040
6,10,0.210142652450077,0.216210389845121,0.106936326124279,0.210142652450077,0.164707627640758,0.0224718832150225,0.0176132285845485,0.210142652449978,202608260040
7,8,0.19707703887743,0.160296896582726,0.121446738430678,0.19707703887743,0.165486201157665,0.0239343635912399,0.0200977593858815,0.197077038877925,202608260040
7,9,0.313140609584123,0.078199408418,0.0962839620521476,0.313140609584123,0.288653199162993,0.0301504185701841,0.0277926736744406,0.313140609584211,202608260040
7,10,0.27005136923767,0.0771292186289017,0.137449615650097,0.27005136923767,0.249222518138703,0.0371184569075002,0.0342555393295141,0.270051369237628,202608260040
8,9,0.263137800512902,0.146747942570859,0.110524665457441,0.263137800512902,0.224522869675013,0.0290832173708953,0.0248153150583753,0.263137800512872,202608260040
8,10,0.323498804216801,0.176254902824411,0.112508138389766,0.323498804216801,0.266480553915756,0.0363962482337475,0.0299812310381352,0.323498804216841,202608260040
9,10,0.286537290826698,0.0629497763443017,0.121950738430075,0.286537290826698,0.268499832454855,0.0349434342040688,0.0327437528362209,0.286537290826575,202608260040
11,12,0.0238536377275535,0.165347078870891,0.0267737609626327,0.0238536377275535,0.0199095084088581,0.000638651594606757,0.000533052419022293,0.156515356915214,202608260040
11,13,-0.00698378502115269,0.200483876234995,-0.0102708455511139,0.00698378502115269,0.0055836487293201,0,0,0.0386237848006207,202608260040
11,14,0.0341580867644017,0.185777026456325,-0.00512710632847987,0.0341580867644017,0.027812298975874,0,0,0.000854520535636815,202608260040
11,15,0.0407766495613974,0.167108943870939,-0.00400930573629297,0.0407766495613974,0.0339625067185969,0,0,0.159641611207502,202608260040
12,13,0.117552171865485,0.233193174893358,-0.020848575322449,0.117552171865485,0.0901398076925628,0,0,0.18024091941669,202608260040
12,14,0.0489955285085652,0.206897238994079,0.0157507893550194,0.0489955285085652,0.0388584889370873,0.000771718248876259,0.000612051873902415,0.0024271676988367,202608260040
12,15,0.0612841100843415,0.187557205941389,0.00419434906702968,0.0612841100843415,0.0497898336283179,0.000257046949956002,0.000208835942226498,0.0175701307552798,202608260040
13,14,-0.0319923714124579,0.238810544079659,-0.00010085447834863,0.0319923714124579,0.0243522557890503,0,0,0.140800329229921,202608260040
13,15,-0.14175261027318,0.237911047979315,0.0142185297551254,0.14175261027318,0.108028098209285,0.00201551370703591,0.00153600072877832,0.113545600626386,202608260040
14,15,-0.048555528990142,0.209278905959708,-0.000348693730833058,0.048555528990142,0.0383938810047902,0,0,0.278131528782189,202608260040
1,6,0.219562313150386,0.182820410908463,-0.0302989354474473,0.219562313150386,0.17942184084022,0,0,0.903932225500253,202608260040
2,7,0.239341196753991,0.171757810418864,-0.00705145001955079,0.239341196753991,0.198232476856495,0,0,0.971296543140991,202608260040
3,8,0.129208540175916,0.153502130584336,-0.0261366398096781,0.129208540175916,0.109374753969221,0,0,0.798879096548094,202608260040
4,9,0.212285808576363,0.0761232169317296,-0.0408080470605897,0.212285808576363,0.196125929918577,0,0,0.731725091523949,202608260040
5,10,0.0933479339679649,0.194044299153354,0.0260534251337211,0.0933479339679649,0.0752342995437375,0.00243203340902192,0.00196011119065072,0.923088399630629,202608260040
6,11,0.273816672979876,0.233626060522737,0.0133861855736715,0.273816672979876,0.209845962366145,0.00366536079767395,0.00280903699411891,0.905297652601904,202608260040
1,2,0.204165941535591,0.195904655942331,0.0974355438093557,0.204165941535591,0.164168883003919,0.0198930195408694,0.0159958843920613,0.204165941536203,202608260041
1,3,0.202363473916546,0.0546750071707716,0.112483114198761,0.202363473916546,0.191299249529056,0.0227624737462128,0.0215179353309141,0.202363473917133,202608260041
1,4,0.188410418636859,0.0436827227233052,0.0953836017017053,0.188410418636859,0.180180138561363,0.0179712643277097,0.0171862305710952,0.188410418636905,202608260041
1,5,0.17138954777082,0.176753634190932,0.101783791016628,0.17138954777082,0.141095822339987,0.0174446779127395,0.0143612676943725,0.171389547770802,202608260041
2,3,0.326938557176286,0.191716902806606,0.0986296975321082,0.326938557176286,0.264258909586388,0.032245851005881,0.0260637763226702,0.326938557176305,202608260041
2,4,0.203224610925222,0.197923854508945,0.127351780592641,0.203224610925222,0.163001612599822,0.0258810160615737,0.0207585456040591,0.203224610924928,202608260041
2,5,0.248779291003619,0.289139944409194,0.0938083778635539,0.248779291003619,0.176847260632674,0.0233375817350945,0.0165897546495643,0.248779291003287,202608260041
3,4,0.218737258194313,0.0398297632159639,0.105296323811678,0.218737258194313,0.210025004993924,0.023032229168507,0.0221148609343895,0.218737258194067,202608260041
3,5,0.358619390999809,0.17091494373873,0.103154645423549,0.358619390999809,0.297325977963459,0.0369932561205943,0.0306705558320305,0.358619390999781,202608260041
4,5,0.279274515166314,0.178913732310912,0.0924395109688395,0.279274515166314,0.229308469318589,0.0258159996080338,0.0211971627648235,0.279274515166283,202608260041
6,7,0.111285198475035,0.222716367330061,0.0980497256193581,0.111285198475035,0.0865001633330706,0.010911483175973,0.00848131728083724,0.111285198475281,202608260041
6,8,0.178899466020082,0.280098493045217,0.0813245469485417,0.178899466020082,0.128789995181263,0.0145489180234192,0.0104737880096211,0.178899466020136,202608260041
6,9,0.293248559806266,0.217149968745698,0.0767758812366554,0.293248559806266,0.229569644209615,0.0225144166005061,0.0176254117393786,0.293248559806243,202608260041
6,10,0.171425925937389,0.251433680936625,0.0786937511783191,0.171425925937389,0.128323674370982,0.0134901491612299,0.0100982713012377,0.171425925937359,202608260041
7,8,0.259401885041563,0.136636476666594,0.109849649849583,0.259401885041563,0.223958125428811,0.0284952062421376,0.024601721659324,0.259401885041654,202608260041
7,9,0.380786899630976,0.0715759052707219,0.122267895914902,0.380786899630976,0.353531732574658,0.0465580130098385,0.0432255810810532,0.380786899630879,202608260041
7,10,0.280598377351703,0.0892957835895414,0.104688043208816,0.280598377351703,0.255542125372129,0.0293752950525187,0.0267522050626301,0.28059837735172,202608260041
8,9,0.313172440708795,0.134890749281665,0.108148820048116,0.313172440708795,0.270928375527218,0.0338692299342447,0.0293005841308214,0.31317244070883,202608260041
8,10,0.278220937280316,0.174235813674867,0.102860947972959,0.278220937280316,0.229744885891896,0.0286180693545785,0.0236317767547798,0.278220937280328,202608260041
9,10,0.238855500701122,0.0906263007603489,0.114731017791098,0.238855500701122,0.217208910256318,0.0274041347004421,0.0249205993470027,0.238855500701304,202608260041
11,12,-0.00678129612043854,0.154769123862322,-0.00976948152205924,0.00678129612043854,0.0057317608612273,0,0,0.133629660413283,202608260041
11,13,0.0272597339385274,0.17092309586891,-0.00433186876573698,0.0272597339385274,0.0226004158211915,0,0,0.274645038076247,202608260041
11,14,-0.0417552924735105,0.161405843639443,-0.00133115668984569,0.0417552924735105,0.0350157442654119,0,0,0.0581481751639954,202608260041
11,15,0.0252122967312775,0.114137438136471,-0.0164511745309559,0.0252122967312775,0.022334629772833,0,0,0.131770211978207,202608260041
12,13,0.0408276800089674,0.210782505059309,-0.02305528982799,0.0408276800089674,0.0322219193409174,0,0,0.0301985950967166,202608260041
12,14,-0.0144381868459429,0.198668703097189,-0.0210241931935894,0.0144381868459429,0.0115697709901845,0,0,0.24965760616211,202608260041
12,15,-0.148226511522081,0.180480789813097,0.00375339380945397,0.148226511522081,0.121474473651336,0.000556352470743937,0.000455941537409603,0.0548194775857118,202608260041
13,14,-0.0300171255544897,0.212514230456474,0.0015973229710736,0.0300171255544897,0.023638059216762,4.79470441737868e-05,3.77576149785319e-05,0.171646113347494,202608260041
13,15,0.0241038373305152,0.18613577825191,-0.0172416656706666,0.0241038373305152,0.0196172508101423,0,0,0.359209762119273,202608260041
14,15,-0.0178365092900105,0.176493025157093,-0.00616944781396198,0.0178365092900105,0.014688489807174,0,0,0.0299636843716232,202608260041
1,6,0.137560585671065,0.219230639006124,-0.0174925101086127,0.137560585671065,0.107403090572341,0,0,0.929656035826482,202608260041
2,7,0.15449749519812,0.199805225678874,-0.00612741707117784,0.15449749519812,0.123628088303239,0,0,0.92241535022715,202608260041
3,8,0.163506773386881,0.135671260720837,-0.0324430668403512,0.163506773386881,0.141323603305087,0,0,0.860807011410357,202608260041
4,9,0.0746607454193551,0.0521970511212506,-0.0429496077602587,0.0746607454193551,0.0707636746739504,0,0,0.896440958183503,202608260041
5,10,0.155763838636742,0.208978178656358,-0.0426136424015904,0.155763838636742,0.123212595337913,0,0,0.891591197118806,202608260041
6,11,0.120706491235364,0.235713324742411,-0.0216159843700063,0.120706491235364,0.0922543628682855,0,0,0.856247585058542,202608260041
1,2,0.298922501864096,0.180694428900397,0.134318120081061,0.298922501864096,0.244908871104286,0.040150708500313,0.0328956991579026,0.298922501864177,202608260042
1,3,0.221807662573379,0.112938821710562,0.125867490902137,0.221807662573379,0.196756966515967,0.027918373950979,0.0247653056928806,0.221807662573633,202608260042
1,4,0.196830100958336,0.0758671451518196,0.146930301058018,0.196830100958336,0.181897163118683,0.0289203059910884,0.0267262049386274,0.196830100958273,202608260042
1,5,0.20992970006178,0.171395960320306,0.134408642339094,0.20992970006178,0.173948597519937,0.0282163659719569,0.0233801948294442,0.209929700062606,202608260042
2,3,0.404186600989797,0.178760730593607,0.134643834688959,0.404186600989797,0.331933908900714,0.0544212338871623,0.0446928543576876,0.404186600990021,202608260042
2,4,0.419387045620455,0.195495193707161,0.135538801148229,0.419387045620455,0.33739889389861,0.056843217380494,0.0457306415877561,0.419387045620678,202608260042
2,5,0.334490305815131,0.267494008193406,0.158019871906879,0.334490305815131,0.245016153210804,0.0528561152789998,0.0387174211454875,0.334490305815166,202608260042
3,4,0.22866691812582,0.0898511574517662,0.148618943948298,0.22866691812582,0.208120930861287,0.0339842358877712,0.0309307129581411,0.228666918125853,202608260042
3,5,0.289735187556167,0.172302379197611,0.140257015718691,0.289735187556167,0.239813125402973,0.0406373927553232,0.0336354732991933,0.289735187556264,202608260042
4,5,0.333533902710211,0.180154348471357,0.13328397567618,0.333533902710211,0.273446319774345,0.0444547245760093,0.0364460126335447,0.333533902710155,202608260042
6,7,0.0982312692568782,0.192444121095737,0.100906907974998,0.0982312692568782,0.0793272389806196,0.00991221364717103,0.00800466640372803,0.0982312692570202,202608260042
6,8,0.269057242495306,0.24947430673279,0.0884473902934216,0.269057242495306,0.201934373452353,0.0237974109382541,0.0178605683423978,0.26905724249534,202608260042
6,9,0.156083596984065,0.183365206688469,0.106115444881896,0.156083596984065,0.127463295962403,0.0165628803327307,0.0135258243571632,0.15608359698454,202608260042
6,10,0.227536685687929,0.191258640785543,0.100388919868404,0.227536685687929,0.184018328454409,0.0228421621066478,0.0184734012295273,0.227536685687883,202608260042
7,8,0.255832334951997,0.163659282515539,0.11359317363159,0.255832334951997,0.213962998569478,0.0290608068447773,0.0243047360472384,0.255832334952016,202608260042
7,9,0.281922180478016,0.120482078312439,0.106215924360414,0.281922180478016,0.24795561025165,0.0299446249971759,0.0263368343432295,0.281922180477996,202608260042
7,10,0.271598512093031,0.0943670316401621,0.111053857807065,0.271598512093031,0.245968566708927,0.0301620625425898,0.0273157582323007,0.271598512093039,202608260042
8,9,0.166751579615264,0.162898857566781,0.122162901941254,0.166751579615264,0.139587937798482,0.0203708568690887,0.0170524675574577,0.166751579615462,202608260042
8,10,0.378369530547285,0.175470520565857,0.0970919084298195,0.378369530547285,0.311976832055894,0.0367366198125308,0.030290426010196,0.378369530547509,202608260042
9,10,0.228197599066768,0.0810628597485612,0.114152562729655,0.228197599066768,0.209699249098661,0.026049340742226,0.0239377066870965,0.228197599066763,202608260042
11,12,0.0047420537732012,0.211820010501097,0.0195970482052565,0.0047420537732012,0.00373759189316495,9.29302563853423e-05,7.32457685019295e-05,0.0129249815556181,202608260042
11,13,-0.0653335814181344,0.179528594856764,0.0203565210874563,0.0653335814181344,0.0536043353491767,0.00132996442785729,0.00109119778291459,0.128716021359269,202608260042
11,14,0.111679898796694,0.127978952922002,0.027603592658568,0.111679898796694,0.0973872222862578,0.00308276643453404,0.00268823721413928,0.130706511137117,202608260042
11,15,0.0410533668750665,0.147005963200357,0.0249421257148457,0.0410533668750665,0.0350182771349797,0.00102395823761559,0.00087343027061797,0.0794962334295022,202608260042
12,13,-0.0455424387247428,0.260433668263286,0.0501631535832124,0.0455424387247428,0.0336816543460021,0.00228455234830331,0.00168957799989518,0.125976437184257,202608260042
12,14,0.171891884991612,0.227735695407369,0.0295610612916832,0.171891884991612,0.132745967028163,0.00508130654777999,0.00392411166754329,0.114957447623618,202608260042
12,15,0.0473832616747711,0.244572532049986,0.0287638887932286,0.0473832616747711,0.0357946173901853,0.00136292686947357,0.00102959239400746,0.248770618587523,202608260042
13,14,0.0121053266251217,0.209176852347408,0.0306898053222877,0.0121053266251217,0.00957317250504149,0.000371510117487692,0.000293798800496401,0.115584348441791,202608260042
13,15,-0.0286768271342457,0.220557442310366,0.0128896108495836,0.0286768271342457,0.02235193948794,0.000369633142161207,0.000288107801732987,0.171587133901729,202608260042
14,15,0.125796387660937,0.184883684499099,0.0381070032834754,0.125796387660937,0.102538688013506,0.00479372335764468,0.00390744212081394,0.0609161456607249,202608260042
1,6,0.232501780960821,0.178725729399291,0.0234157364254857,0.232501780960821,0.190947730571964,0.0054442004214346,0.00447118173011777,0.952020343916511,202608260042
2,7,0.130869327919845,0.195693710375692,-0.0100252294599082,0.130869327919845,0.105259023564838,0,0,0.862657487819362,202608260042
3,8,0.195753378198085,0.165889943048957,0.00197430027714039,0.195753378198085,0.163279861437163,0.000386475948827647,0.000322363475686837,0.8455875709249,202608260042
4,9,0.198017903433597,0.0791631809629889,0.010319395026691,0.198017903433597,0.182342176310171,0.00204342496788843,0.00188166094737119,0.877004952478849,202608260042
5,10,0.277564319600904,0.184357305867429,-0.00104017357858164,0.277564319600904,0.226393309434355,0,0,0.929656035826482,202608260042
6,11,0.122668449737392,0.187138725926295,0.00814614039274913,0.122668449737392,0.0997124323421829,0.000999274413321686,0.00081227147276192,0.830562315707831,202608260042
1,2,0.276945244570317,0.135450995134223,0.1467440631285,0.276945244570317,0.239432735595577,0.0406400704523645,0.0351353324672668,0.276945244570438,202608260043
1,3,0.231800911662392,0.110858424605094,0.127564477596756,0.231800911662392,0.206103827773475,0.0295695622026648,0.0262915271206151,0.231800911662353,202608260043
1,4,0.338316575390993,0.0955245408374479,0.148143049016626,0.338316575390993,0.305999039869071,0.0501192490112849,0.0453316307623642,0.338316575390882,202608260043
1,5,0.266435400292081,0.152656840372245,0.158950083371409,0.266435400292081,0.225762213920178,0.0423499290895211,0.0358849227247261,0.266435400292093,202608260043
2,3,0.218357657020432,0.138974775573171,0.1309217038096,0.218357657020432,0.188011450641334,0.0285877564969872,0.0246147794536779,0.218357657021538,202608260043
2,4,0.383211738170458,0.171378154597158,0.129286636632557,0.383211738170458,0.317537617662836,0.0495441567461748,0.041053370591943,0.383211738170294,202608260043
2,5,0.366361146641125,0.213422407916387,0.128566629383984,0.366361146641125,0.288171468557967,0.0471018177609009,0.0370492343971306,0.366361146640971,202608260043
3,4,0.186118445943975,0.10390453010334,0.125125342871735,0.186118445943975,0.166779896274603,0.0232881343634943,0.020868391705472,0.186118445944089,202608260043
3,5,0.173299942004737,0.157864122658358,0.124910843201622,0.173299942004737,0.145942098703415,0.0216470418826038,0.0182297506076579,0.173299942004714,202608260043
4,5,0.359097747015068,0.187092957296769,0.132911578205802,0.359097747015068,0.291913087567412,0.0477282482859207,0.0387986291675133,0.35909774701517,202608260043
6,7,0.135009495760517,0.178226402498123,0.10178973531133,0.135009495760517,0.110947239028035,0.0137425808379792,0.0112932900941866,0.135009495760974,202608260043
6,8,0.257202967259537,0.247403465818969,0.110414093947238,0.257202967259537,0.193570061740605,0.028398832590503,0.0213728629823998,0.2572029672597,202608260043
6,9,0.218608014972885,0.165468776092286,0.106698640108491,0.218608014972885,0.182435214291358,0.0233251779144234,0.019465589272789,0.218608014973825,202608260043
6,10,0.200130582232634,0.17676885009279,0.124968212396523,0.200130582232634,0.164753729342971,0.0250099611074875,0.0205889790416516,0.200130582232479,202608260043
7,8,0.318015457210573,0.157209171274152,0.110436417928332,0.318015457210573,0.268020510730129,0.0351204879401763,0.0295992251363574,0.318015457210494,202608260043
7,9,0.292121657413553,0.0767993767631574,0.110695808509388,0.292121657413553,0.269686896185172,0.0323366430504957,0.0298532090176049,0.292121657413585,202608260043
7,10,0.197461467224475,0.069463466248187,0.109425475794053,0.197461467224475,0.183745109260611,0.02160731500203,0.0201063960056726,0.197461467224242,202608260043
8,9,0.311515942018874,0.150001494488238,0.118320376755912,0.311515942018874,0.264788085159131,0.0368586836251461,0.031329825996505,0.311515942018882,202608260043
8,10,0.233298705060043,0.164083211893223,0.121586547681593,0.233298705060043,0.195018304203262,0.0283659841268369,0.0237116023427933,0.233298705060019,202608260043
9,10,0.231383313010485,0.0452132341909393,0.116598974926487,0.231383313010485,0.220921725091466,0.0269790571121169,0.0257592466846561,0.231383313010466,202608260043
11,12,0.0630677370585311,0.141844257894172,-0.0152857018143735,0.0630677370585311,0.054121940698399,0,0,0.0855399976236336,202608260043
11,13,-0.0413893996003433,0.122086269305771,0.0103131181698304,0.0413893996003433,0.0363363222143316,0.00042685376905667,0.000374740784853434,0.0629058617986897,202608260043
11,14,-0.0801406834716279,0.212366879659212,0.00790815460660056,0.0801406834716279,0.0631214565890017,0.000633764915172271,0.000499174237699651,0.153677602222134,202608260043
11,15,0.0165227149227876,0.164503546099291,-0.00491318693451575,0.0165227149227876,0.0138046697268014,0,0,0.0536566551415305,202608260043
12,13,-0.0339385333383256,0.164490516100573,0.00679343435060808,0.0339385333383256,0.0283559664738079,0.000230559198189839,0.000192634396687858,0.0877843869519234,202608260043
12,14,-0.0115055209241471,0.245849861792848,-0.0158271999665556,0.0115055209241471,0.00867689019509084,0,0,0.0443146069775814,202608260043
12,15,-0.0765717490367465,0.205545527476935,0.0112888958338253,0.0765717490367465,0.0608327684911569,0.000864410498689646,0.000686734786779882,0.233088267329181,202608260043
13,14,-0.0218805970356055,0.23805465996045,-0.00870863453745574,0.0218805970356055,0.0166718189485628,0,0,0.102893384543664,202608260043
13,15,0.0694754373350055,0.187162503154176,-0.0183438720107167,0.0694754373350055,0.0564722405756547,0,0,0.0529665607034453,202608260043
14,15,0.00795730351434116,0.258213717518119,0.0112215595220579,0.00795730351434116,0.00590261859248314,8.92933550212595e-05,6.62365858715549e-05,0.0585065402238467,202608260043
1,6,0.283685061590818,0.175104709752872,0.0362992408826399,0.283685061590818,0.234010471219732,0.0102975523854916,0.00849440246386513,0.896174381112623,202608260043
2,7,0.103954364852663,0.139454556183647,-0.00256110840163208,0.103954364852663,0.0894574550387824,0,0,0.87452553573102,202608260043
3,8,0.13427620416217,0.169733315545586,-0.00805329076487473,0.13427620416217,0.111485058830849,0,0,0.963740741469956,202608260043
4,9,0.222508278854596,0.0887447530452237,0.00172890354094565,0.222508278854596,0.202761836597127,0.000384695351201433,0.000350555657261416,0.933997518956662,202608260043
5,10,0.179247320313951,0.152989838713836,0.0276042858508554,0.179247320313951,0.151824301689232,0.00494799426794614,0.00419100142293608,0.910168672086905,202608260043
6,11,0.160479763204377,0.182932651700817,0.01565415426223,0.160479763204377,0.131122774577081,0.00251217496916746,0.00205261614052124,0.891947592168309,202608260043
1,2,0.144616295805174,0.149171918367006,0.109313113391583,0.144616295805174,0.123043605532786,0.0158084575416216,0.0134502796037146,0.144616295805451,202608260044
1,3,0.261199893028033,0.0871290909093658,0.119482861143695,0.261199893028033,0.238441783802877,0.0312089105494163,0.028489706544974,0.261199893027971,202608260044
1,4,0.239452069428199,0.0650471907172274,0.123403497965863,0.239452069428199,0.223876385000468,0.0295492229626045,0.0276271290210101,0.239452069428512,202608260044
1,5,0.273612597742179,0.182597349945615,0.0865144855686528,0.273612597742179,0.223651662482721,0.0236714531387673,0.0193491085262666,0.273612597742201,202608260044
2,3,0.229151279414056,0.146595614636584,0.120018916027269,0.229151279414056,0.195558706763592,0.0275024881615368,0.0234707440054609,0.229151279413999,202608260044
2,4,0.288259578805403,0.155151118162147,0.104170988415624,0.288259578805403,0.243535782832795,0.0300282852444303,0.025369363212265,0.288259578805471,202608260044
2,5,0.232875896801679,0.248661329648179,0.126674684290936,0.232875896801679,0.174968666659961,0.0294994807063212,0.0221641006099566,0.232875896801576,202608260044
3,4,0.30673864627734,0.0646279577377973,0.121223523339903,0.30673864627734,0.286914754009179,0.0371839394462514,0.0347808173791942,0.306738646277277,202608260044
3,5,0.224117213741045,0.185103036876356,0.127907736040788,0.224117213741045,0.18263243686131,0.0286663254173865,0.0233601015265424,0.224117213741026,202608260044
4,5,0.228176758539088,0.192199946538358,0.116382038085439,0.228176758539088,0.18432119774658,0.0265556762025083,0.0214516766560962,0.228176758539059,202608260044
6,7,0.202568446495732,0.187459988408898,0.0739870924898815,0.202568446495732,0.164594967863634,0.0149874503864114,0.0121779031106958,0.202568446496239,202608260044
6,8,0.184167505779341,0.283890048712596,0.0710486854156089,0.184167505779341,0.131884183592367,0.0130848591818937,0.00937019787134846,0.184167505779424,202608260044
6,9,0.0797280521321266,0.199845975007265,0.0667260287656296,0.0797280521321266,0.0637947218183517,0.00531993629999589,0.00425676844314667,0.0797280521318988,202608260044
6,10,0.110735887826746,0.200350188765974,0.0606100911684104,0.110735887826746,0.0885499317974895,0.00671171225679393,0.00536701943920236,0.110735887826531,202608260044
7,8,0.347884409820137,0.192056700332782,0.11967673278009,0.347884409820137,0.281070877972865,0.041633669552404,0.0336376443554239,0.347884409820164,202608260044
7,9,0.269550624888202,0.0985062947420392,0.101065892533949,0.269550624888202,0.242998191585064,0.0272423744874097,0.0245588291166799,0.269550624888153,202608260044
7,10,0.222634766312769,0.0701145426723548,0.11582433805667,0.222634766312769,0.207024831489783,0.025786524436578,0.0239785140685978,0.222634766312033,202608260044
8,9,0.180638976905843,0.205174279181306,0.118440912715667,0.180638976905843,0.143576505027138,0.0213950452967524,0.0170053322999398,0.180638976905985,202608260044
8,10,0.313692118091121,0.216603545703949,0.103534977560969,0.313692118091121,0.245745293053203,0.0324781064076169,0.025443233401977,0.313692118091185,202608260044
9,10,0.256650575670628,0.0838263252547744,0.0943278289879982,0.256650575670628,0.235136501037637,0.0242092916115303,0.0221799156587145,0.256650575670514,202608260044
11,12,0.0438362971141748,0.14059232248467,0.000155480748907831,0.0438362971141748,0.0376732502937649,6.8157003046581e-06,5.85746516946674e-06,0.120377702734897,202608260044
11,13,-0.0479992060276384,0.147559986780819,0.0149630180649748,0.0479992060276384,0.0409164438207103,0.000718212986895998,0.000612233488043812,0.0238564331856437,202608260044
11,14,0.0944470537243217,0.13762764720622,-0.0241345023194855,0.0944470537243217,0.0814485279346839,0,0,0.158918712615575,202608260044
11,15,0.0419774362007446,0.161095253566534,-0.00747576670345987,0.0419774362007446,0.0352150704719126,0,0,0.140879674343474,202608260044
12,13,0.0299253279874966,0.182132712842061,-0.0222165745078254,0.0299253279874966,0.0244749468184454,0,0,0.130748772492242,202608260044
12,14,-0.16541144644571,0.183021630094558,0.00959426877203456,0.16541144644571,0.135137573880917,0.00158700187517114,0.0012965462050142,0.173436878119418,202608260044
12,15,-0.0197670211913492,0.194747408242894,-0.0158374074847215,0.0197670211913492,0.0159174450456516,0,0,0.0815855205323522,202608260044
13,14,0.000108117588270433,0.180824958187772,-0.0196113745982897,0.000108117588270433,8.85672298920692e-05,0,0,0.0364770325071369,202608260044
13,15,-0.0453299830910404,0.201832174219001,-0.0060216907021787,0.0453299830910404,0.0361809340464651,0,0,0.0582039148486296,202608260044
14,15,-0.0574199389452853,0.189908313013849,-0.0104952969957704,0.0574199389452853,0.046515415206828,0,0,0.164919666050465,202608260044
1,6,0.160396173010445,0.19023827805254,-0.0172627639692249,0.160396173010445,0.129882681250721,0,0,0.909661235070596,202608260044
2,7,0.163755373647937,0.147171934871474,0.00200027139711096,0.163755373647937,0.139655178462569,0.000327555190031185,0.000279348258937102,0.898227718795799,202608260044
3,8,0.244766255946732,0.197603802871556,0.0303734059822875,0.244766255946732,0.196399512957025,0.00743438486263461,0.00596532214176728,0.881775287650759,202608260044
4,9,0.24990128664408,0.0797333430653382,-0.00239318699458134,0.24990128664408,0.229975821623618,0,0,0.871047493494275,202608260044
5,10,0.122976587905681,0.197407208176439,-0.000143918483457011,0.122976587905681,0.0987001230161557,0,0,0.865312396464224,202608260044
6,11,0.0722781119269902,0.198187957550674,-0.0222270682161904,0.0722781119269902,0.057953460548561,0,0,0.884094517024971,202608260044
1,2,0.309545896966611,0.149753642755694,0.129866592585724,0.309545896966611,0.263190271295782,0.0401996708879454,0.0341796237348956,0.30954589696647,202608260045
1,3,0.183381499437261,0.0700702562920934,0.109276450894289,0.183381499437261,0.170531910772464,0.0200392794181769,0.0186351219734363,0.183381499437274,202608260045
1,4,0.304138332104139,0.0495055027890849,0.12663330844504,0.304138332104139,0.28908181105589,0.0385140432193034,0.0366073861452912,0.304138332104034,202608260045
1,5,0.309277575120427,0.158093690431774,0.138780655171905,0.309277575120427,0.260382741901848,0.0429217445051908,0.0361360875165955,0.309277575120615,202608260045
2,3,0.163583090641405,0.151599713277119,0.103567059465813,0.163583090641405,0.138783941003183,0.0169418196760599,0.0143734446707765,0.163583090640163,202608260045
2,4,0.244520728592514,0.143141509744973,0.11812146679353,0.244520728592514,0.209519662337841,0.0288831471227705,0.024748769837431,0.244520728592532,202608260045
2,5,0.318063774129518,0.238672101436667,0.141513144212539,0.318063774129518,0.242150824767149,0.0450102047371749,0.0342675245864587,0.318063774129505,202608260045
3,4,0.102234377172253,0.04265983205977,0.10675955433416,0.102234377172253,0.0978730758113496,0.0109144965445401,0.0104488859549331,0.10223437717245,202608260045
3,5,0.25068747507259,0.157476532954539,0.109867054403012,0.25068747507259,0.211210080643031,0.0275422944619539,0.0232050294204724,0.250687475072625,202608260045
4,5,0.305426819762541,0.151818684663573,0.113773087807957,0.305426819762541,0.259057321725214,0.0347493523837486,0.0294737514119369,0.305426819762667,202608260045
6,7,0.269208754907388,0.203314042878503,0.103691521227537,0.269208754907388,0.214474834568879,0.0279146653241184,0.0222392218614715,0.269208754907345,202608260045
6,8,0.212678507582734,0.286464195836193,0.100647775411877,0.212678507582734,0.151753729936405,0.0214056186661202,0.0152736753285539,0.212678507583395,202608260045
6,9,0.225435303521211,0.1921521477096,0.105912386798916,0.225435303521211,0.182117425780044,0.0238763910646695,0.0192884912420389,0.225435303521172,202608260045
6,10,0.117892029856182,0.194842082031864,0.0864607890700383,0.117892029856182,0.0949217013040409,0.010193037926434,0.00820700519461786,0.11789202985627,202608260045
7,8,0.297220168899565,0.199836127425372,0.108610115485222,0.297220168899565,0.237824841353961,0.032281116868719,0.0258301834847083,0.297220168899587,202608260045
7,9,0.199950235021264,0.112907178425558,0.108424178134192,0.199950235021264,0.177374418159486,0.0216794398999191,0.0192316755109728,0.199950235020764,202608260045
7,10,0.241345687499696,0.0955427629068062,0.101884479262044,0.241345687499696,0.218286853700333,0.0245893796930466,0.0222400424190084,0.241345687500224,202608260045
8,9,0.322211025892168,0.187142047491817,0.0972008004858229,0.322211025892168,0.261911794782269,0.031319169642077,0.0254580361095151,0.322211025892218,202608260045
8,10,0.293851883332312,0.196411437849342,0.0964457367877926,0.293851883332312,0.236136012412276,0.0283407613944653,0.0227743116992333,0.293851883332283,202608260045
9,10,0.187826022870018,0.0567988777424955,0.0966448750423032,0.187826022870018,0.177157715560165,0.0181524225099657,0.017121385283092,0.187826022869928,202608260045
11,12,0.129274927271771,0.183378325738621,-0.000352635962327029,0.129274927271771,0.105568707548692,0,0,0.0927649304391386,202608260045
11,13,-0.00654407362716571,0.178068594853409,-0.00377382314668636,0.00654407362716571,0.00537877963175906,0,0,0.153798063894453,202608260045
11,14,0.0100143134622154,0.172927291096377,0.00034131534546698,0.0100143134622154,0.00828256536300451,3.41803885897067e-06,2.82696665822672e-06,0.149467336437278,202608260045
11,15,-0.0282803228006835,0.206140789332392,0.00447924215458625,0.0282803228006835,0.0224505947359757,0.000126674414034128,0.000100561650336915,0.114866935285231,202608260045
12,13,0.00113191440359268,0.220104510419829,-0.0404130301431137,0.00113191440359268,0.000882774937952757,0,0,0.00941468802504971,202608260045
12,14,-0.0363208405112986,0.220725583867386,-0.00377815767390246,0.0363208405112986,0.028303901782888,0,0,0.00637249436919066,202608260045
12,15,-0.0463899805593239,0.250920501661725,-0.000889165232427881,0.0463899805593239,0.0347497833653007,0,0,0.0441678766357666,202608260045
13,14,-0.154360481570544,0.230784835641249,-0.0105907798196697,0.154360481570544,0.118736423201782,0,0,0.0141438347405597,202608260045
13,15,-0.0954433562548167,0.255307714385289,-0.0240948472149669,0.0954433562548167,0.0710759311161386,0,0,0.112105479986701,202608260045
14,15,0.021816823656042,0.246112433510578,-0.0479065559817555,0.021816823656042,0.0164474320945823,0,0,0.00958867857009043,202608260045
1,6,0.186869387807145,0.194047523028569,0.0275502196756842,0.186869387807145,0.150607845973303,0.00514829268474745,0.00414927924144611,0.939248667845855,202608260045
2,7,0.210789343453013,0.166994600252863,-0.0220481009405184,0.210789343453013,0.175588661305514,0,0,0.930943922440201,202608260045
3,8,0.186782530425689,0.189268209359069,-0.0154611863545539,0.186782530425689,0.151430535352463,0,0,0.758218747422542,202608260045
4,9,0.318939613419984,0.0477198990695953,-0.0169585861162494,0.318939613419984,0.303719847258287,0,0,0.948578460858639,202608260045
5,10,0.137192398465683,0.163521014292727,-0.00995932239501344,0.137192398465683,0.114758558315323,0,0,0.983442929452518,202608260045
6,11,0.178161856555494,0.215242448284431,0.0564540111550591,0.178161856555494,0.13981386235959,0.0100579514373899,0.0078930533452802,0.976086720883342,202608260045
1,2,0.308778925693418,0.163571511865197,0.107188766638904,0.308778925693418,0.258271489985634,0.0330976322091632,0.0276838024695521,0.308778925693398,202608260046
1,3,0.202786059038342,0.105627653382635,0.118015385287336,0.202786059038342,0.18136624348341,0.0239318748883103,0.0214040071028113,0.202786059038607,202608260046
1,4,0.235658368390089,0.0723701277083084,0.109205138221005,0.235658368390089,0.218603742174167,0.0257351046929762,0.0238726518797589,0.235658368390006,202608260046
1,5,0.225002660535558,0.140743611034228,0.0928904945079174,0.225002660535558,0.193334973599475,0.0209006084027451,0.0179589813033304,0.225002660534978,202608260046
2,3,0.379489973596411,0.162063033962541,0.123094882295744,0.379489973596411,0.317988677117012,0.0467132736322653,0.039142778781098,0.379489973596377,202608260046
2,4,0.209796139644856,0.169664204173326,0.126459089306729,0.209796139644856,0.174201244573375,0.0265306287595558,0.0220293307448478,0.209796139645055,202608260046
2,5,0.190562991064967,0.220438750098876,0.117676519885296,0.190562991064967,0.148555523499503,0.0224247896074581,0.0174814970151598,0.190562991065122,202608260046
3,4,0.274756906989551,0.0796098862546319,0.100089992433238,0.274756906989551,0.252883540876438,0.0275004167415639,0.025311111692813,0.27475690698937,202608260046
3,5,0.14955002865647,0.14734703167288,0.125908957962408,0.14955002865647,0.127514275847345,0.0188296882713844,0.0160551895972703,0.149550028656118,202608260046
4,5,0.221949898697209,0.143223431512209,0.0857833737596488,0.221949898697209,0.190161472582008,0.0190396111158589,0.0163126926771876,0.221949898697059,202608260046
6,7,0.193061081984791,0.178419506462985,0.0798418795936623,0.193061081984791,0.158615219019854,0.0154143596620518,0.0126641372187056,0.193061081984804,202608260046
6,8,0.139788780030581,0.23122182406628,0.0800299427793414,0.139788780030581,0.10746656332791,0.0111872880670414,0.00860054291382513,0.139788780030586,202608260046
6,9,0.185027961551782,0.166839174627102,0.0695857177145124,0.185027961551782,0.154158049163548,0.012875303501834,0.0107271984925146,0.185027961551765,202608260046
6,10,0.0668406177953416,0.183495128376336,0.0764447299482115,0.0668406177953416,0.0545756900522318,0.0051096129769365,0.00417202388778015,0.0668406177961244,202608260046
7,8,0.298412009441534,0.136138983481545,0.108890479663243,0.298412009441534,0.257786501817479,0.032494226845361,0.0280704958336148,0.298412009441588,202608260046
7,9,0.167655392165925,0.0610292706235145,0.10419420881832,0.167655392165925,0.157423505865939,0.0174687209408537,0.0164026176431077,0.167655392165954,202608260046
7,10,0.255701641309106,0.0639633359153109,0.105572554755668,0.255701641309106,0.239346111331955,0.0269950755282198,0.0252683804441491,0.255701641309098,202608260046
8,9,0.20075140043484,0.128309593081424,0.0852210427733617,0.20075140043484,0.174993069934519,0.0171082436832697,0.0149130918979315,0.200751400435134,202608260046
8,10,0.369008694375777,0.152581158485213,0.0945189586839013,0.369008694375777,0.312704920296806,0.0348783175377045,0.0295565434417864,0.369008694375777,202608260046
9,10,0.167754649139347,0.0504273717405312,0.0806285779361095,0.167754649139347,0.159295223085995,0.0135258188022766,0.0128437473094391,0.167754649139411,202608260046
11,12,0.0926324217579934,0.134919093851133,0.0620467588006408,0.0926324217579934,0.080134539353169,0.00574754152993744,0.00497208843484653,0.0352556117070483,202608260046
11,13,0.12697288309768,0.169433845458283,0.0327111791517593,0.12697288309768,0.105459379245515,0.00415343272642359,0.00344970064773336,0.172975918878172,202608260046
11,14,0.192179884093354,0.175928482858214,0.0435224498156699,0.192179884093354,0.158369968648943,0.00836413936103426,0.00689264901283283,0.301277639728352,202608260046
11,15,0.0152304193183896,0.184444331982907,0.0619564425880157,0.0152304193183896,0.0124212548013897,0.00094362260009121,0.000769576759973413,0.0205841121381828,202608260046
12,13,0.0748751391618178,0.193142174253152,0.0524850753363473,0.0748751391618178,0.060413591986597,0.0039298273197275,0.00317081192675589,0.00778032442567152,202608260046
12,14,0.0955370250172803,0.200216488196214,0.053654330703148,0.0955370250172803,0.0764089373756066,0.00512597513467208,0.00409967039462692,0.197312186489282,202608260046
12,15,0.0791924124032219,0.20301201740711,0.0346282052960786,0.0791924124032219,0.063115400997908,0.00274229111459049,0.00218557306309988,0.117511324856897,202608260046
13,14,0.075195649770571,0.216687071573663,0.0593611952394179,0.075195649770571,0.0589017246267072,0.00446370364718575,0.00349647677550439,0.239876847954725,202608260046
13,15,0.0465907167009915,0.220915170410023,0.043348954850003,0.0465907167009915,0.0362981205814669,0.00201965887470056,0.00157348559022597,0.000697881646764699,202608260046
14,15,0.0359298076595384,0.23765609481575,0.0554755695024866,0.0359298076595384,0.0273908698836915,0.0019932265420277,0.00151952410596629,0.0535242103161974,202608260046
1,6,0.14740736919906,0.184074148029819,0.00198096930918217,0.14740736919906,0.120273483300426,0.000292009474330623,0.000238258079126578,0.905866632578601,202608260046
2,7,0.208227938081848,0.164543465467302,0.0125320442692461,0.208227938081848,0.17396539154275,0.00260952173813556,0.00218014198813048,0.963968244943956,202608260046
3,8,0.189403982645979,0.1470795251013,-0.00145379445975212,0.189403982645979,0.161546534826114,0,0,0.977224153508569,202608260046
4,9,0.228698572119655,0.0429438650133052,-0.0313518489172763,0.228698572119655,0.218877371509813,0,0,0.937041197325118,202608260046
5,10,0.152276684265276,0.145702486654363,0.00357890325068953,0.152276684265276,0.130089592708344,0.000544983520321219,0.000465578066224769,0.968998041494748,202608260046
6,11,0.166235919542853,0.194104240982957,0.0273535384241137,0.166235919542853,0.133968822555884,0.00454714061268331,0.00366452133541564,0.880484425628739,202608260046
1,2,0.266274057679312,0.165705819633514,0.134562313150141,0.266274057679312,0.22215089670442,0.0358304531332022,0.0298931385289247,0.26627405767934,202608260047
1,3,0.224203887410819,0.0742890101814313,0.122893161862207,0.224203887410819,0.20754800253624,0.0275531246257137,0.0255062302698638,0.224203887409965,202608260047
1,4,0.158892867598488,0.0830068724597559,0.109879114724533,0.158892867598488,0.145703667602976,0.0174590076277643,0.0160097900083326,0.158892867598348,202608260047
1,5,0.231463070272762,0.155356818421285,0.108426413573992,0.231463070272762,0.195503704093163,0.0250967105845005,0.0211977654752527,0.231463070272851,202608260047
2,3,0.292095455700471,0.161251421263542,0.120265635921605,0.292095455700471,0.244994648324148,0.0351290457296281,0.0294644371780936,0.292095455700489,202608260047
2,4,0.304729311651294,0.193036007769311,0.124990942437478,0.304729311651294,0.245905581879838,0.0380884038516193,0.0307359704297974,0.304729311651286,202608260047
2,5,0.400225682282942,0.250811088207229,0.0994560546556789,0.400225682282942,0.299844643381076,0.0398048673317386,0.0298213652403209,0.400225682282862,202608260047
3,4,0.253103074979555,0.0757610214659237,0.0975873848239693,0.253103074979555,0.233927727482937,0.0246996671781597,0.022828395162874,0.253103074979482,202608260047
3,5,0.180945193240252,0.152788494296278,0.105040331255996,0.180945193240252,0.153298849614925,0.0190065430371362,0.0161025619447148,0.180945193240365,202608260047
4,5,0.0815249266048305,0.173219560504687,0.114100199289811,0.0815249266048305,0.0674032146481649,0.00930201037269838,0.00769072022412953,0.0815249266053635,202608260047
6,7,0.213416375877217,0.209472005694219,0.0958602252925533,0.213416375877217,0.168711619574225,0.0204581418727103,0.0161727338618568,0.213416375864127,202608260047
6,8,0.258671736752207,0.28010264064717,0.108822743776421,0.258671736752207,0.186217100227124,0.0281493681307872,0.0202646557848044,0.258671736752096,202608260047
6,9,0.204229680103521,0.203100393363787,0.0973818170440656,0.204229680103521,0.162750551737935,0.0198882573428091,0.0158489444531644,0.204229680103805,202608260047
6,10,0.180451809345758,0.233992426854122,0.106970834432229,0.180451809345758,0.138227452546727,0.0193030806205213,0.0147863059403647,0.180451809345679,202608260047
7,8,0.25664977820433,0.135163505916836,0.114342884197605,0.25664977820433,0.221960094389454,0.0293460758685588,0.0253795573692629,0.256649778204555,202608260047
7,9,0.200876638213848,0.0399401802813766,0.132436827045703,0.200876638213848,0.19285358906927,0.0266034645926495,0.0255409174207099,0.200876638213967,202608260047
7,10,0.304872528386992,0.0673178952964024,0.112232740904272,0.304872528386992,0.284349151442287,0.0342166794872876,0.0319132846401718,0.304872528386938,202608260047
8,9,0.25683110794143,0.129267027621773,0.123584431412118,0.25683110794143,0.223631314017034,0.0317403264438858,0.02763734878874,0.256831107941527,202608260047
8,10,0.301206420159664,0.164484928124875,0.112306913904967,0.301206420159664,0.251662503788951,0.0338275634964946,0.0282634391461341,0.301206420159737,202608260047
9,10,0.282050215391107,0.0623518416730391,0.120322549927601,0.282050215391107,0.264463865017194,0.0339370011234871,0.0318209666025777,0.282050215391089,202608260047
11,12,-0.0333704214430066,0.192036851408739,0.0201092375547457,0.0333704214430066,0.0269620707789089,0.000671053732099398,0.000542186686260946,0.1116622035509,202608260047
11,13,0.0594203875118819,0.162235747616149,0.00254556131673452,0.0594203875118819,0.0497802765202504,0.000151258239875621,0.000126718746246297,0.204737490799024,202608260047
11,14,0.025938647285188,0.175663755901179,0.0188398263742328,0.025938647285188,0.0213821670800759,0.000488679611235407,0.000402836315293468,0.122734334120721,202608260047
11,15,-0.0045158887355672,0.171839920645037,0.0206922171835199,0.0045158887355672,0.00373987877360552,9.34437504929675e-05,7.73863838234814e-05,0.0694183859434018,202608260047
12,13,-0.0453610293195948,0.224548847872195,0.00540823770366959,0.0453610293195948,0.0351752624475829,0.000245323229043494,0.000190236180605491,0.103151230147022,202608260047
12,14,-0.0199511224273122,0.238508568127104,0.0214760951893756,0.0199511224273122,0.0151926087846454,0.000428472204383842,0.000326277912433988,0.0580518905699472,202608260047
12,15,0.127947235220277,0.222277043982151,-0.00662132971352627,0.127947235220277,0.099507501989825,0,0,0.212406899399342,202608260047
13,14,0.0648386346538157,0.206227133481655,0.00742699471271271,0.0648386346538157,0.051467148890295,0.0004815561967534,0.000382246242686619,0.0293071505611805,202608260047
13,15,-0.0406636698857658,0.209978281925053,0.0292345117762208,0.0406636698857658,0.0321251823463852,0.00118878253613978,0.000939164021618639,0.0132685613512038,202608260047
14,15,0.0838835345058342,0.224854594224293,0.0351200617805966,0.0838835345058342,0.0650219363924253,0.00294599491421971,0.002283574423196,0.00861812424081551,202608260047
1,6,0.199094995592781,0.216494684855844,0.0305886930665184,0.199094995592781,0.155991987265546,0.0060900557112674,0.00477159101930203,0.893984004010196,202608260047
2,7,0.229370138247625,0.1608025108752,0.0173221682059754,0.229370138247625,0.192486844097615,0.00397318811615319,0.00333428949089625,0.830192024244774,202608260047
3,8,0.142392773662107,0.140512155991608,0.0112972136215319,0.142392773662107,0.12238485803722,0.00160864158222327,0.00138260788528733,0.86956190115602,202608260047
4,9,0.318518622123331,0.0669642087106512,0.0230441639491688,0.318518622123331,0.297189274633236,0.0073399953490734,0.00684847836858284,0.880932245950053,202608260047
5,10,0.158330182738244,0.173142978447375,0.0108486907650643,0.158330182738244,0.130916423320827,0.00171767519130333,0.0014202717926759,0.749908292364626,202608260047
6,11,0.11279735789659,0.232578223370212,0.00572655106056623,0.11279735789659,0.0865631487961472,0.000645939829491786,0.000495708291544529,0.891152194849145,202608260047
1,2,0.309807180876218,0.145105615275599,0.102498341235996,0.309807180876218,0.264852419278375,0.0317547221428126,0.0271469336483741,0.309807180876237,202608260048
1,3,0.291244778664255,0.098975124177471,0.142852480916378,0.291244778664255,0.26241879052992,0.0416050391861303,0.0374871752662745,0.291244778664249,202608260048
1,4,0.320541553287278,0.0449656124364124,0.121227889332473,0.320541553287278,0.306128206032397,0.0388585759483691,0.0371112762824438,0.320541553287177,202608260048
1,5,0.286208458581819,0.153777516657425,0.109488691506946,0.286208458581819,0.242196032574757,0.0313365896283434,0.0265177266947839,0.286208458581851,202608260048
2,3,0.289170593458688,0.165853324341394,0.115977634066933,0.289170593458688,0.24121068923179,0.0335373212710696,0.0279750450487574,0.289170593458587,202608260048
2,4,0.239750207469958,0.165756432578835,0.100665050444765,0.239750207469958,0.200010068369702,0.0241344667291061,0.0201340236218969,0.239750207469744,202608260048
2,5,0.0839702953285005,0.225609107701291,0.108078895557623,0.0839702953285005,0.0650258319260237,0.00907541677875172,0.00702792009728023,0.0839702953277407,202608260048
3,4,0.257608327647963,0.0994986219375706,0.134169460512758,0.257608327647963,0.231976654047349,0.034563170344121,0.0311241825250874,0.257608327648042,202608260048
3,5,0.291070748692711,0.174065694961464,0.103375534314135,0.291070748692711,0.240405316538561,0.0300895941693244,0.0248520280491325,0.291070748692669,202608260048
4,5,0.244967322793893,0.174218581101275,0.106954631411258,0.244967322793893,0.202289463400563,0.0262003897172234,0.0216357949963883,0.244967322793881,202608260048
6,7,0.146156398741056,0.222692358759875,0.0905294062804927,0.146156398741056,0.113608485557562,0.0132314520021228,0.010284908745952,0.146156398741599,202608260048
6,8,0.194608990127897,0.289047676816693,0.0767509407636203,0.194608990127897,0.138357713643786,0.0149364230733742,0.0106190846840641,0.194608990127702,202608260048
6,9,0.153611317567404,0.23508312053395,0.0962001365705843,0.153611317567404,0.117499889684327,0.0147774297287717,0.0113035054346609,0.153611317567197,202608260048
6,10,0.322245707319688,0.226345791679091,0.065995597119461,0.322245707319688,0.249306747581224,0.0212667978737459,0.0164531476725337,0.322245707319698,202608260048
7,8,0.257420095448767,0.146157613248276,0.0945359313446428,0.257420095448767,0.219796188695832,0.0243354484700761,0.0207786374043633,0.257420095448887,202608260048
7,9,0.282037463791863,0.0982936968912009,0.0870958699576912,0.282037463791863,0.254314958813942,0.0245642982696131,0.0221497825811547,0.282037463791919,202608260048
7,10,0.149154266908912,0.0513393651744267,0.0981662345373002,0.149154266908912,0.141496781532752,0.0146419127476193,0.0138902062422172,0.149154266908585,202608260048
8,9,0.239341118898165,0.157369867961633,0.100688668647681,0.239341118898165,0.201676038619371,0.0240989386145024,0.0203064918267227,0.239341118898225,202608260048
8,10,0.244419317068703,0.15165523008701,0.095548375768064,0.244419317068703,0.207351849300939,0.023353868752254,0.0198121324132091,0.244419317068952,202608260048
9,10,0.245731390284934,0.0810055945286328,0.0932365087160521,0.245731390284934,0.225825772920555,0.0229111369121088,0.0210552066452165,0.24573139028485,202608260048
11,12,0.120976885646738,0.170899309645277,-0.00391990319024954,0.120976885646738,0.100302019406675,0,0,0.146524283369799,202608260048
11,13,-0.0419588070617812,0.125133199286098,0.0123276646793477,0.0419588070617812,0.0367083672959124,0.000517254103803087,0.000452528442950343,0.0641621225098407,202608260048
11,14,0.0257217503727369,0.154062556890953,0.00712739028723866,0.0257217503727369,0.0217589917426022,0.000183328953777422,0.000155084826406329,0.186274341622972,202608260048
11,15,-0.0240513064534604,0.172532266768472,0.0200991760060357,0.0240513064534604,0.0199016800323016,0.000483411441583203,0.000400007369785038,0.186800903305866,202608260048
12,13,0.0554830854377603,0.190911325778083,0.0145406018117917,0.0554830854377603,0.0448907360385788,0.000806757452640093,0.000652738317775224,0.104580412492477,202608260048
12,14,0.0236796614736981,0.199752993598348,0.0178115204989074,0.0236796614736981,0.0189495782069314,0.000421770775745962,0.000337520800678408,0.00862724407548664,202608260048
12,15,0.0286367952082105,0.20997103195627,0.0148045093080467,0.0286367952082105,0.0226238977664222,0.000423953701212578,0.000334935705067293,0.148025364107218,202608260048
13,14,-0.0230411206308764,0.177262324453549,0.00256475423505619,0.0230411206308764,0.0189567980298326,5.90948117184807e-05,4.8619528030118e-05,0.0833577781929996,202608260048
13,15,-0.000505425286448504,0.192531283356024,-0.00311830961358718,0.000505425286448504,0.000408115107407988,0,0,0.0638418207616844,202608260048
14,15,-0.034214883047286,0.203893422599324,0.0114024703335811,0.034214883047286,0.0272386934389393,0.000390134188913624,0.000310588393863014,0.170705821165037,202608260048
1,6,0.070183297826662,0.214970615923334,-0.013202176664215,0.070183297826662,0.0550959510653337,0,0,0.804461845498696,202608260048
2,7,0.172182365834325,0.155336322869955,-0.0294789771224537,0.172182365834325,0.145436190262571,0,0,0.82111641482262,202608260048
3,8,0.101787840950539,0.17088206576239,-0.021134849741881,0.101787840950539,0.0843941244194171,0,0,0.799936975777391,202608260048
4,9,0.183524223035283,0.0866976378658522,-0.0387297594615352,0.183524223035283,0.167613106406959,0,0,0.727301449939466,202608260048
5,10,0.117858339024681,0.164580203663106,-0.0474959914166055,0.117858339024681,0.0984611895846036,0,0,0.956574755988852,202608260048
6,11,0.0973087365374032,0.238485452170084,0.0145045190435452,0.0973087365374032,0.074102018504181,0.00141141642221009,0.00107481413855904,0.957427527495584,202608260048
1,2,0.224035120069826,0.150005302774252,0.101839895012111,0.224035120069826,0.190428664051686,0.0228157131069368,0.0193932351543202,0.224035120070105,202608260049
1,3,0.129359546620324,0.110628241312773,0.122875751985473,0.129359546620324,0.1150487274807,0.0158951515674722,0.0141366989041627,0.129359546620153,202608260049
1,4,0.30810299431699,0.0830678279979262,0.10352424217026,0.30810299431699,0.28250954777942,0.0318961289970543,0.0292465868397273,0.308102994316992,202608260049
1,5,0.266894680402984,0.152394822748714,0.109961995084189,0.266894680402984,0.226221312890396,0.0293482715344692,0.0248757468959927,0.26689468040302,202608260049
2,3,0.244294012155623,0.138217925395614,0.106337507534956,0.244294012155623,0.210528200608902,0.0259776163583431,0.0223870441185697,0.244294012155379,202608260049
2,4,0.256950258427502,0.124936854149016,0.109556119145819,0.256950258427502,0.224847701466793,0.0281504731268323,0.0246334415715595,0.256950258427343,202608260049
2,5,0.252060978960896,0.205660380720746,0.0866004092314262,0.252060978960896,0.200222022062954,0.0218285839292875,0.0173393090477955,0.252060978960942,202608260049
3,4,0.297962327034234,0.0514434026128865,0.113925164976944,0.297962327034234,0.282634131081139,0.0339454072642893,0.0321991400115341,0.297962327034307,202608260049
3,5,0.219608537550512,0.144135684779155,0.108295542894166,0.219608537550512,0.18795511060732,0.0237826257982265,0.0203547007429527,0.219608537550169,202608260049
4,5,0.187814635862529,0.129740777319836,0.122602939114058,0.187814635862529,0.163447419013682,0.0230266263653825,0.0200391339616843,0.187814635862432,202608260049
6,7,0.0755226332155082,0.206755723875787,0.0701113399522914,0.0755226332155082,0.0599078965160302,0.00529499301146471,0.00420022289846209,0.0755226332151983,202608260049
6,8,0.237165590195887,0.288679354281593,0.0577736567977215,0.237165590195887,0.168700780760326,0.0137019234122063,0.00974646100915471,0.237165590195799,202608260049
6,9,0.194675048805949,0.188648917719787,0.0657417053362123,0.194675048805949,0.15794981154166,0.0127982696949134,0.0103838899682821,0.194675048806157,202608260049
6,10,0.195955720193199,0.208787844226183,0.0904009738222349,0.195955720193199,0.155042547810271,0.0177145879315025,0.014015997305929,0.195955720192969,202608260049
7,8,0.226316675997014,0.178289360045737,0.096964305394784,0.226316675997014,0.185966820665828,0.0219446392873068,0.0180321435923384,0.226316675997011,202608260049
7,9,0.273031850330055,0.0549414397347026,0.0965507098770341,0.273031850330055,0.258031087379492,0.0263614189684069,0.0249130846568329,0.273031850330231,202608260049
7,10,0.201441459753125,0.0622380842031622,0.102152738279283,0.201441459753125,0.188904129219002,0.0205777967167576,0.0192970740719845,0.201441459752661,202608260049
8,9,0.1874638821261,0.165375581745219,0.122860135060925,0.1874638821261,0.156461933563279,0.023031837877058,0.0192229342894779,0.18746388212609,202608260049
8,10,0.317825806215521,0.188048490930818,0.0881840965379462,0.317825806215521,0.258059142977822,0.0280271815775601,0.0227567123768559,0.317825806215631,202608260049
9,10,0.307947071015436,0.041142019281079,0.100695683091646,0.307947071015436,0.295277506682168,0.0310089406719708,0.0297331702369588,0.307947071015499,202608260049
11,12,0.0903174473209455,0.173374720472073,0.00667393273589435,0.0903174473209455,0.0746586851379254,0.000602772568297671,0.000498267042760829,0.036716362226888,202608260049
11,13,0.0563243899151139,0.129089552364651,0.000110371532947716,0.0563243899151139,0.0490534996337598,6.21660925727598e-06,5.41410995102828e-06,0.117323091774342,202608260049
11,14,0.0391654846512147,0.168022809531589,0.0123575576792362,0.0391654846512147,0.0325847898834513,0.000483989735612624,0.00040266842045054,0.00323987730818978,202608260049
11,15,-0.0521261644045662,0.167314532159086,0.0161577416907853,0.0521261644045662,0.0434046995939686,0.000842241099780391,0.00070132192420548,0.062201939228628,202608260049
12,13,-0.0157027622669427,0.199781472476473,-0.00217077797724513,0.0157027622669427,0.0125656412993049,0,0,0.00332278511074112,202608260049
12,14,-0.0535172415752302,0.226563499186254,-0.00199137117913064,0.0535172415752302,0.0413921880571499,0,0,0.056665246601944,202608260049
12,15,-0.0688098470642516,0.226128339037793,-0.00549252922228527,0.0688098470642516,0.0532499906381679,0,0,0.137458361546882,202608260049
13,14,-0.118557420895898,0.206816112822055,-0.000323403557400739,0.118557420895898,0.0940378359600001,0,0,0.0315780588599743,202608260049
13,15,-0.0747701214666878,0.200714333817456,-0.0145659836682265,0.0747701214666878,0.0597626863470513,0,0,0.0522739186451467,202608260049
14,15,0.0525413992669542,0.223033365335241,-0.0212219665666336,0.0525413992669542,0.0408229141690229,0,0,0.0932237442674209,202608260049
1,6,0.133528940776394,0.218575889239277,-0.0220659290106331,0.133528940776394,0.104342733807015,0,0,0.963229990193533,202608260049
2,7,0.0723007446460161,0.143551196759364,-0.00970778007440975,0.0723007446460161,0.0619218862254873,0,0,0.827762200064903,202608260049
3,8,0.211188231704717,0.179424075475277,0.00642548605598991,0.211188231704717,0.173295978479839,0.00135698703800782,0.00111351089328134,0.979191683203003,202608260049
4,9,0.0579012547644186,0.0123121919409335,-0.00929635617587337,0.0579012547644186,0.0571883634021382,0,0,0.69035059025859,202608260049
5,10,0.204068207838536,0.150560877877024,-9.85036798756236e-05,0.204068207838536,0.173343519319575,0,0,0.977224153508569,202608260049
6,11,0.267761363950785,0.214765726600528,0.0403205382740113,0.267761363950785,0.210255400066346,0.0107962823234791,0.00847761090569267,0.951692493635397,202608260049
1,2,0.259518032278234,0.143176687795757,0.138677467271233,0.259518032278234,0.222361099993364,0.0359893034275595,0.0308364741667251,0.259518032278384,202608260050
1,3,0.244955241987238,0.0753235187917998,0.143472770216053,0.244955241987238,0.226504351214262,0.0351444071468527,0.0324972067347001,0.244955241987291,202608260050
1,4,0.30381805868723,0.0649563606717327,0.150469185319118,0.30381805868723,0.284083143288556,0.0457152557759033,0.0427457591335233,0.303818058687247,202608260050
1,5,0.493869108527944,0.141367182587238,0.149795719555255,0.493869108527944,0.424052224088477,0.0739794784780557,0.0635212080363398,0.493869108528538,202608260050
2,3,0.152576517482391,0.14123968263485,0.114809553018906,0.152576517482391,0.131026658575648,0.0175172417733347,0.015043112104631,0.152576517482216,202608260050
2,4,0.267345361358001,0.157404689383279,0.10858966827399,0.267345361358001,0.225263947795384,0.0290309441044553,0.0244613373651902,0.267345361358079,202608260050
2,5,0.341545635513017,0.223394469074445,0.106603585630157,0.341545635513017,0.265246229602893,0.0364099894020182,0.0282761991505482,0.341545635513142,202608260050
3,4,0.272623119863148,0.0580011633971194,0.117839567891045,0.272623119863148,0.256810661742134,0.0321257906417819,0.0302624574095062,0.272623119863189,202608260050
3,5,0.238584497957787,0.147272218933283,0.144523531237097,0.238584497957787,0.203447629540461,0.0344810741432894,0.0294029698430041,0.238584497956887,202608260050
4,5,0.346024324453966,0.167746057221693,0.142609694641639,0.346024324453966,0.287980108324014,0.0493464232489596,0.0410687553109537,0.346024324453919,202608260050
6,7,0.166619722229053,0.18047946881244,0.111414054935922,0.166619722229053,0.136548283267477,0.0185637788858358,0.0152133979333686,0.166619722229087,202608260050
6,8,0.353166050480268,0.277701301331549,0.0995161991810137,0.353166050480268,0.255091378675774,0.0351457430235663,0.0253857244496577,0.353166050480299,202608260050
6,9,0.262616157085228,0.180302218473776,0.0909480095136574,0.262616157085228,0.215265881355704,0.0238844167530275,0.0195780034255044,0.262616157085275,202608260050
6,10,0.177638572648184,0.18936268482613,0.107276772071184,0.177638572648184,0.144000455602842,0.0190564926690297,0.0154479040538528,0.177638572648451,202608260050
7,8,0.316739465581055,0.17096169107568,0.125578782906133,0.316739465581055,0.26258915091491,0.0397757565860079,0.0329756259762494,0.31673946558106,202608260050
7,9,0.244647047141049,0.0741330273015854,0.110758315091193,0.244647047141049,0.226510620916089,0.0270966947333783,0.025087934722926,0.244647047141424,202608260050
7,10,0.230507734949004,0.0536470702744791,0.102063366320534,0.230507734949004,0.218141670293384,0.0235263953918168,0.0222642732049268,0.230507734949003,202608260050
8,9,0.287603815815749,0.17437714391148,0.120870676008683,0.287603815815749,0.237452283835755,0.0347628676403264,0.0287010180670334,0.287603815815839,202608260050
8,10,0.272410986927246,0.186519520306039,0.132348841683998,0.272410986927246,0.221601020319481,0.0360532785818157,0.0293286383552755,0.272410986927292,202608260050
9,10,0.19682674588493,0.06297791683333,0.119700786717038,0.19682674588493,0.184431007452014,0.0235603163293807,0.022076536687022,0.196826745884801,202608260050
11,12,-0.0201757122302969,0.156232048374905,0.0173819769433998,0.0201757122302969,0.017023619381135,0.000350693764803691,0.000295904159576103,0.118264676777001,202608260050
11,13,0.124988827620931,0.15924882629108,0.024509400345783,0.124988827620931,0.1050845035228,0.00306340121491146,0.00257555816697814,0.0638681281432401,202608260050
11,14,0.0341626484597584,0.122597907725322,0.0132009601457826,0.0341626484597584,0.0299743792362363,0.000450979760791651,0.000395690585692129,0.0788233281636807,202608260050
11,15,-0.0192093042434903,0.183744769874477,0.00324248727069111,0.0192093042434903,0.0156796950558214,6.228592448835e-05,5.08412116268191e-05,0.105193555790721,202608260050
12,13,0.0384789421875383,0.213375634517767,0.0105467670803341,0.0384789421875383,0.0302684734826999,0.000405828440749609,0.000319234539699305,0.0103744770404724,202608260050
12,14,-0.023610107013281,0.19492052723396,0.0222454348173545,0.023610107013281,0.019008012506202,0.000525217096594707,0.000422841503214177,0.0246316435393833,202608260050
12,15,0.0122636947790771,0.235575885908713,0.00419388810724641,0.0122636947790771,0.00937466401698197,5.14325636848714e-05,3.93162919302516e-05,0.109430655429585,202608260050
13,14,0.104166743671263,0.186060606060606,0.0243555093886355,0.104166743671263,0.0847854162124278,0.00253703410346903,0.00206499200058115,0.00803275836627185,202608260050
13,15,-0.0244553916870946,0.238820512820513,0.0334086904864527,0.0244553916870946,0.0186149425031562,0.000817022611599112,0.000621900852511058,0.0393968478990774,202608260050
14,15,0.0632992972176852,0.224219127205199,0.0211012104346531,0.0632992972176852,0.0491063840428334,0.00133569179095603,0.00103620414337272,0.00990634204093035,202608260050
1,6,0.266793000675998,0.181202781836511,0.0188872367246511,0.266793000675998,0.218449366778997,0.00503898256024757,0.00412590490270505,0.984226377372807,202608260050
2,7,0.264960741279217,0.139263768761048,-0.0147442749323998,0.264960741279217,0.228061309874952,0,0,0.933087251325428,202608260050
3,8,0.120494864571273,0.175380265823989,0.00611348515166508,0.120494864571273,0.0993624431923375,0.000736643565408372,0.000607450821089521,0.78866253502669,202608260050
4,9,0.312670657956122,0.0612915167018966,-0.0183385482325894,0.312670657956122,0.293506599101812,0,0,0.957427527495584,202608260050
5,10,0.212909320858168,0.160141892330671,0.0207838470564431,0.212909320858168,0.178813619321103,0.00442507476160734,0.00371643491557885,0.983439838300023,202608260050
6,11,0.207417460133109,0.18588621609967,-0.0127162271724548,0.207417460133109,0.168861413315961,0,0,0.929656112798146,202608260050
1,2,0.273618732832668,0.146141764143309,0.11137120435728,0.273618732832668,0.233631608513845,0.0304732478102871,0.0260198336161155,0.27361873283272,202608260051
1,3,0.27075070653539,0.0515207479074864,0.107652752671483,0.27075070653539,0.256801427638207,0.0291470588462836,0.0276453805752196,0.270750706535508,202608260051
1,4,0.18975639387538,0.0807528873154797,0.126786962331912,0.18975639387538,0.17443301718337,0.0240586367625173,0.0221158323790697,0.189756393875374,202608260051
1,5,0.3107284176679,0.143891190801968,0.0849526351732876,0.3107284176679,0.266017335633654,0.026397197904114,0.0225988736638558,0.31072841766798,202608260051
2,3,0.286534914582935,0.15142328217567,0.101318534706874,0.286534914582935,0.243146857358862,0.0290312976879022,0.0246352833061811,0.286534914582996,202608260051
2,4,0.222106547663874,0.186431721744947,0.109830079622373,0.222106547663874,0.180698841572072,0.0243939798145736,0.0198461681575312,0.222106547663354,202608260051
2,5,0.12803348363626,0.220000691735148,0.0945940376372696,0.12803348363626,0.0998660286710223,0.0121112041699192,0.00944673087479133,0.128033483636875,202608260051
3,4,0.256696131834189,0.0856564038243812,0.100850467230686,0.256696131834189,0.234708464305643,0.0258879248317877,0.0236704582882209,0.256696131834283,202608260051
3,5,0.114054090709783,0.154594992954412,0.113434748226274,0.114054090709783,0.0964218993600822,0.0129376970638408,0.01093759387741,0.114054090709586,202608260051
4,5,0.282214759771545,0.187213248928835,0.0991488994368562,0.282214759771545,0.229380417699043,0.0279812828361854,0.0227428159672265,0.282214759771471,202608260051
6,7,0.160849905360047,0.202479697325973,0.0890158096882385,0.160849905360047,0.128281065207834,0.0143181845639012,0.011419042887145,0.16084990535984,202608260051
6,8,0.257521938931606,0.27840537758909,0.0758563222799069,0.257521938931606,0.185826446285878,0.0195346671937424,0.0140961107975914,0.257521938931612,202608260051
6,9,0.181719369545318,0.204089868147885,0.0655076274298809,0.181719369545318,0.144632287374897,0.0119040047569675,0.00947451799568625,0.181719369545452,202608260051
6,10,0.173104489308494,0.201597338078614,0.0794943152542926,0.173104489308494,0.138207085054444,0.0137608228450228,0.0109866775896948,0.173104489308365,202608260051
7,8,0.208297338063695,0.175398497809305,0.103271133545546,0.208297338063695,0.171762297869646,0.0215111022163576,0.017738087201386,0.208297338062987,202608260051
7,9,0.249116794722771,0.108261484418751,0.0976031015899575,0.249116794722771,0.222147040732442,0.0243145718230912,0.021682240184517,0.249116794722416,202608260051
7,10,0.205663158854867,0.0754535650124371,0.0900475725523483,0.205663158854867,0.190145140327548,0.0185194682183287,0.0171221083191213,0.205663158853877,202608260051
8,9,0.15869818774326,0.18022736477779,0.0947019955646916,0.15869818774326,0.130096431571281,0.0150290350717868,0.0123203916856457,0.15869818774326,202608260051
8,10,0.246525668816229,0.178183267065454,0.111526176806394,0.246525668816229,0.202598919731057,0.0274940653277134,0.0225950829427104,0.246525668816493,202608260051
9,10,0.228835312049256,0.0814630489250401,0.0964092201514594,0.228835312049256,0.21019368982801,0.0220618339777846,0.0202646097170762,0.228835312049249,202608260051
11,12,0.101068651112536,0.149806910474605,-0.00984486790251251,0.101068651112536,0.0859278687435313,0,0,0.171467836507432,202608260051
11,13,0.117593683720216,0.151707283365892,-0.0188544864894119,0.117593683720216,0.0997538654220338,0,0,0.137266997293337,202608260051
11,14,-0.151015495998231,0.138832517672648,0.0385188440297068,0.151015495998231,0.130049634481212,0.00581694233642466,0.00500936158670221,0.0884315078606096,202608260051
11,15,0.00219170953191849,0.168300134542526,-0.00423679969443017,0.00219170953191849,0.00182284452281847,0,0,0.136730229268307,202608260051
12,13,-0.0337637840053438,0.20371578176992,0.00508030350495788,0.0337637840053438,0.0268855683511844,0.000171530270222989,0.000136586847127307,0.0198138789668087,202608260051
12,14,0.0911305159170964,0.191753415173165,-0.0127998768099475,0.0911305159170964,0.0736559282635007,0,0,0.106891416590015,202608260051
12,15,-0.0379689022771557,0.228252400260966,0.0158101280056828,0.0379689022771557,0.0293024091971208,0.000600293205237091,0.000463274840281376,0.211976221331489,202608260051
13,14,0.0396688066628742,0.197654754328107,0.000271895432096529,0.0396688066628742,0.0318280784274346,1.07857673283558e-05,8.65390913682953e-06,0.134137597656078,202608260051
13,15,0.0182045176692738,0.224230708683923,0.00700217272280462,0.0182045176692738,0.0141225057710436,0.000127471177055604,9.88882246876521e-05,0.00159766830357286,202608260051
14,15,-0.0269343628823436,0.217016174138487,-0.00557151241894493,0.0269343628823436,0.0210891704967597,0,0,0.0293914280180693,202608260051
1,6,0.20524479730888,0.185489274132308,-0.00849136250262571,0.20524479730888,0.167174088836623,0,0,0.930222149701094,202608260051
2,7,0.322313987929114,0.156721712981735,0.00455131854012534,0.322313987929114,0.271800387622889,0.00146695362900351,0.00123705014340131,0.88775223703632,202608260051
3,8,0.249496426426285,0.165838935535376,0.0144628559336497,0.249496426426285,0.20812020464787,0.00360843087136379,0.00301001253670383,0.889714554525066,202608260051
4,9,0.210143691473041,0.0977098372763443,-0.00963990927193991,0.210143691473041,0.18961058557456,0,0,0.916936385791647,202608260051
5,10,0.09846972140647,0.15985341099843,-0.0285433757304425,0.09846972140647,0.0827290005595807,0,0,0.9038287939493,202608260051
6,11,0.104832288166046,0.191544731931141,-0.0244234059754071,0.104832288166046,0.0847522156315525,0,0,0.859856606856313,202608260051
1,2,0.420081706411234,0.148444415230689,0.146555743051694,0.420081706411234,0.357722923153908,0.0615653866255218,0.052426348809445,0.420081706411262,202608260052
1,3,0.238282121612719,0.117552351527635,0.144262049457158,0.238282121612719,0.21027149789015,0.0343750672128507,0.0303341972280596,0.23828212161252,202608260052
1,4,0.3460366232828,0.093396074944113,0.140412393707087,0.3460366232828,0.313718160881272,0.0485878305854555,0.0440499179187244,0.346036623282682,202608260052
1,5,0.263366853894081,0.165214001354639,0.133023745127734,0.263366853894081,0.219854962138057,0.0350340452474992,0.0292459304485204,0.263366853893877,202608260052
2,3,0.334391372711567,0.160232835553444,0.135567859623073,0.334391372711567,0.280810894877384,0.0453327226749284,0.0380689319773667,0.334391372711489,202608260052
2,4,0.287654807884971,0.191885498015188,0.159374186799247,0.287654807884971,0.2324580218175,0.0458447510855609,0.0370478081921257,0.287654807884979,202608260052
2,5,0.27588805704528,0.23998091374266,0.156667422042709,0.27588805704528,0.209680189024867,0.0432226706696558,0.0328500546679538,0.275888057045484,202608260052
3,4,0.239496496976722,0.110150123270677,0.14064620119423,0.239496496976722,0.213115928311841,0.0336842724991014,0.0299739457310423,0.239496496977301,202608260052
3,5,0.264191312053312,0.174769370394166,0.139336220125502,0.264191312053312,0.218018762782146,0.0368114188115054,0.0303779103225027,0.264191312053185,202608260052
4,5,0.338743841744567,0.204116518024648,0.141680808568472,0.338743841744567,0.269600628265374,0.047993501395961,0.0381972350032063,0.338743841744468,202608260052
6,7,0.23606797749979,0.233668231918085,0.111179228092601,0.23606797749979,0.180906390584935,0.0262458555158081,0.0201130328622517,0.23606797749979,202608260052
6,8,0.234412845774867,0.296331448683637,0.0953500909469983,0.234412845774867,0.164948947596347,0.0223512861637783,0.0157278971549233,0.234412845774994,202608260052
6,9,0.0968641098412728,0.234255352099845,0.082567901322111,0.0968641098412728,0.0741731736845674,0.00799786626302834,0.00612432328553516,0.0968641098410658,202608260052
6,10,0.305228852536075,0.251047668038408,0.0924367349868247,0.305228852536075,0.228601860888854,0.0282143585522098,0.021131209632478,0.305228852535957,202608260052
7,8,0.236377067586281,0.16703058718464,0.133452225020339,0.236377067586281,0.196894867190361,0.0315450456131723,0.0262760581216379,0.236377067586638,202608260052
7,9,0.327494395037239,0.123703132413566,0.109082895026964,0.327494395037239,0.286982312523247,0.0357240367157661,0.0313048614715686,0.327494395037315,202608260052
7,10,0.369167310996762,0.0951076451110653,0.122178551338597,0.369167310996762,0.334056677395876,0.0451043272591498,0.0408145609092133,0.369167310996567,202608260052
8,9,0.252020870760371,0.16062104378897,0.0936201759409411,0.252020870760371,0.211541015442235,0.0235942382613751,0.0198045070844274,0.252020870760195,202608260052
8,10,0.267112634664967,0.182800897020103,0.105646083397665,0.267112634664967,0.218284205442808,0.0282194036783851,0.0230608713726039,0.267112634664892,202608260052
9,10,0.139242099806904,0.0907986958124536,0.130153207037919,0.139242099806904,0.12659909874225,0.0181228058445626,0.016477278709414,0.139242099807884,202608260052
11,12,-0.0157451057773693,0.12691255223053,-0.0115356662316633,0.0157451057773693,0.0137468542180237,0,0,0.0255904255897947,202608260052
11,13,-0.0656394915065159,0.176667606774562,-0.0139144010564834,0.0656394915065159,0.0540431196321606,0,0,0.0243792421868745,202608260052
11,14,-0.103994152867868,0.131244398651321,-0.0175838278727139,0.103994152867868,0.0903455028114712,0,0,0.144842276135755,202608260052
11,15,-0.0254921703463499,0.150107594326736,-0.0217866647820825,0.0254921703463499,0.021665601981492,0,0,0.0143470377960454,202608260052
12,13,0.00754531178138026,0.199638197894829,-0.00272027202743401,0.00754531178138026,0.00603897933479088,0,0,0.0985653586588158,202608260052
12,14,-0.0799303433540689,0.152375203447823,-0.00788721564433969,0.0799303433540689,0.0677509410238384,0,0,0.106045096194206,202608260052
12,15,0.0405709054639027,0.166603174034013,-0.00953479777102106,0.0405709054639027,0.0338116638401827,0,0,0.103816762526454,202608260052
13,14,-0.0191589647861896,0.200358974261345,-0.021180132723349,0.0191589647861896,0.0153202942537194,0,0,0.136305966115073,202608260052
13,15,0.00945946255878743,0.209278270337533,-0.00464345954038406,0.00945946255878743,0.00747980259616175,0,0,0.0839220295356163,202608260052
14,15,0.0160786205273285,0.170164589005977,-0.00997461641090107,0.0160786205273285,0.0133426086735126,0,0,0.12676391676556,202608260052
1,6,0.191802089523033,0.226318584173733,0.000103183775680231,0.191802089523033,0.148393712180616,1.97908637803443e-05,1.53118235100016e-05,0.884094517025263,202608260052
2,7,0.149860309627034,0.170341881550247,0.0140113456816946,0.149860309627034,0.124332822515463,0.00209974460215017,0.00174207015584494,0.961600552478777,202608260052
3,8,0.0800904070075195,0.177315813899524,-0.00703273153897902,0.0800904070075195,0.065889111303437,0,0,0.919105887342511,202608260052
4,9,0.29016740885906,0.0987569466289189,0.00696423059366384,0.29016740885906,0.261511361548914,0.00202079274606043,0.00182122542468963,0.865600892521097,202608260052
5,10,0.249285417014413,0.19050654927621,0.0086866795629609,0.249285417014413,0.201794912434116,0.00216546253732328,0.00175292774175092,0.880484425628968,202608260052
6,11,0.100916148411545,0.239548889964178,0.00223106906630799,0.100916148411545,0.0767417970800991,0.000225150897011945,0.000171216249558294,0.903127403485053,202608260052
1,2,0.160284447462256,0.195361875637105,0.131863076211964,0.160284447462256,0.128970977170573,0.021135600311308,0.0170065097917747,0.160284447462144,202608260053
1,3,0.258907821625593,0.1302699173146,0.102517360560272,0.258907821625593,0.225179921110323,0.0265425465014656,0.0230848511634007,0.258907821625709,202608260053
1,4,0.221239537445494,0.0946334814433212,0.122414790522435,0.221239537445494,0.200302869784117,0.0270829916316704,0.0245200338456651,0.221239537445132,202608260053
1,5,0.122130662738934,0.131079311242132,0.11658386772283,0.122130662738934,0.106121859585569,0.0142384650296574,0.0123720968404247,0.122130662739032,202608260053
2,3,0.292754597777384,0.178146392303428,0.125067123290695,0.292754597777384,0.240601422353102,0.036613975374142,0.0300913277533521,0.292754597777315,202608260053
2,4,0.343690992536206,0.169380998726074,0.14430153293901,0.343690992536206,0.285476268967268,0.0495951370803044,0.0411946632296858,0.343690992536299,202608260053
2,5,0.275178025874217,0.221865736267959,0.134660561733205,0.275178025874217,0.21412545055887,0.0370556275408565,0.0288342534536331,0.275178025874339,202608260053
3,4,0.231304593492262,0.0662033464756977,0.128608109682173,0.231304593492262,0.215991455347873,0.0297476465298432,0.0277782527797914,0.231304593492374,202608260053
3,5,0.280847982298861,0.112048294558537,0.117324479059135,0.280847982298861,0.249379444852067,0.032950343218023,0.0292583134553251,0.280847982298858,202608260053
4,5,0.350571660989806,0.102714301261893,0.119026876841071,0.350571660989806,0.314562937789017,0.0417274499166035,0.0374414440549789,0.350571660989953,202608260053
6,7,0.210583926121526,0.185748110618686,0.0999938169556011,0.210583926121526,0.171468359717788,0.0210570905623877,0.0171457757752976,0.210583926122284,202608260053
6,8,0.2100300346025,0.257848093245818,0.105457159504903,0.2100300346025,0.155874190655892,0.0221491708598961,0.0164380493866961,0.210030034602581,202608260053
6,9,0.326561026520484,0.189841521450677,0.09255413220634,0.326561026520484,0.264566184399341,0.030224572422015,0.0244866936082235,0.326561026520636,202608260053
6,10,0.213812956919017,0.184905355330429,0.095824182569765,0.213812956919017,0.174277796145656,0.0204884518195891,0.0167000273557176,0.213812956919011,202608260053
7,8,0.231452881205019,0.146898292482488,0.121436955456154,0.231452881205019,0.19745284816585,0.0281069332250924,0.023978072727407,0.231452881205129,202608260053
7,9,0.228608056348948,0.0839324242088646,0.134876360616325,0.228608056348948,0.209420427985904,0.0308338226479179,0.0282458651654519,0.228608056348932,202608260053
7,10,0.294493611617727,0.0403479140341518,0.11707589940422,0.294493611617727,0.282611408692568,0.0344781044489424,0.0330869848545759,0.294493611617815,202608260053
8,9,0.280135079126159,0.153754669174307,0.106856401277498,0.280135079126159,0.237063002710998,0.0299342264270086,0.0253316993457351,0.280135079126272,202608260053
8,10,0.269230086690543,0.147117269684062,0.110188192529851,0.269230086690543,0.229621691419827,0.029665976627086,0.0253015991431979,0.269230086690451,202608260053
9,10,0.228239372044536,0.0679487061794688,0.126860112033806,0.228239372044536,0.212730802014895,0.0289544723080953,0.026987053376651,0.228239372044513,202608260053
11,12,0.0389446068106372,0.143930817610063,0.00262215529394928,0.0389446068106372,0.0333392777108798,0.000102118806919286,8.74207635460287e-05,0.118759489320768,202608260053
11,13,0.0459955669048649,0.220876325573058,0.0116715034150913,0.0459955669048649,0.0358362350942686,0.000536837416209192,0.000418262740286771,0.151298469530908,202608260053
11,14,-0.0142381329028863,0.179696320036958,0.0235374087205597,0.0142381329028863,0.0116795928160405,0.000335128753552885,0.000274907349800859,0.0194275343831843,202608260053
11,15,0.0784122764876442,0.117850141581355,0.026776482078994,0.0784122764876442,0.069171378601859,0.00209960491614453,0.00185216617951199,0.292809102455678,202608260053
12,13,-0.0983460357739053,0.239375977444437,0.0394530866897071,0.0983460357739053,0.0748043573327412,0.00388005467497692,0.00295126279461647,0.202284460788664,202608260053
12,14,0.00233565326195784,0.206497434049054,0.00619408079044779,0.00233565326195784,0.00185334685653525,1.44672250030398e-05,1.14797801621018e-05,0.00769241242570317,202608260053
12,15,0.143045531875103,0.150461027194253,0.0147868690220006,0.143045531875103,0.121522754213627,0.00211519554401957,0.00179694104974968,0.22515127323712,202608260053
13,14,-0.0114473504332129,0.266085617493071,0.00673142039367439,0.0114473504332129,0.00840137512453184,7.70569281596664e-05,5.65531878481824e-05,0.0192849691299212,202608260053
13,15,0.109410519816856,0.229218294105439,0.0170584788313788,0.109410519816856,0.0843316271072472,0.00186637703622599,0.00143856927582471,0.0442112197465492,202608260053
14,15,0.00289424342496579,0.196002120299074,0.0207001189070365,0.00289424342496579,0.00232696557701084,5.99111830427003e-05,4.81684641367051e-05,0.0916445424543194,202608260053
1,6,0.123703134159471,0.210970081640049,-0.00597868755224815,0.123703134159471,0.0976054738467172,0,0,0.806696668543437,202608260053
2,7,0.294039333615153,0.170206332786111,0.0440821960479576,0.294039333615153,0.243991976945646,0.012961899550234,0.0107557021618467,0.966502293031389,202608260053
3,8,0.123829434147464,0.160769871559269,-0.0100220546484203,0.123829434147464,0.103921391924319,0,0,0.972170870294006,202608260053
4,9,0.210595381521102,0.0664091714926067,0.00108316826502927,0.210595381521102,0.196609916714116,0.000228110234025389,0.000212961622374778,0.868840570973799,202608260053
5,10,0.176515357459064,0.10446551909056,0.00252557754377003,0.176515357459064,0.158075589014647,0.000445803222929152,0.000399232157833613,0.865600892521097,202608260053
6,11,0.132973632987563,0.207307425158019,0.0300271667786065,0.132973632987563,0.105407211519004,0.00399282145487476,0.00316507991994898,0.963788209274389,202608260053
1,2,0.216719156423914,0.174532828842306,0.124275223221941,0.216719156423914,0.17889454898893,0.0269328215410527,0.0222321600087878,0.216719156425342,202608260054
1,3,0.350240473061072,0.100100602236161,0.147576838283832,0.350240473061072,0.315181190780181,0.0516873816533868,0.0465134436218725,0.350240473061056,202608260054
1,4,0.299567251493816,0.0726755579667211,0.135140289127877,0.299567251493816,0.277796034342946,0.0404836049801176,0.0375414363996833,0.299567251493917,202608260054
1,5,0.280376301073685,0.173095331451276,0.142824355146431,0.280376301073685,0.231844472308253,0.0400445643991907,0.0331130372516908,0.28037630107374,202608260054
2,3,0.250489164267863,0.167969981552909,0.126883248826194,0.250489164267863,0.208414503966586,0.0317828789580645,0.0264443093657801,0.250489164267689,202608260054
2,4,0.213946188915644,0.168468797648428,0.104024890043829,0.213946188915644,0.177902931707562,0.0222557287772462,0.018506332909354,0.213946188915637,202608260054
2,5,0.151029638429217,0.243094619605806,0.132834693079133,0.151029638429217,0.114315145926064,0.0200619756665975,0.015185017323385,0.151029638428511,202608260054
3,4,0.350658921516913,0.05656864070872,0.131125075796477,0.350658921516913,0.330822622974315,0.0459801776626162,0.0433791415126965,0.350658921517003,202608260054
3,5,0.335258055480495,0.166334730260094,0.143767029828407,0.335258055480495,0.279492997254623,0.0481990548624781,0.0401818780731363,0.335258055480449,202608260054
4,5,0.317714288945103,0.17168662695528,0.140944790516014,0.317714288945103,0.263166994340623,0.0447801738993118,0.0370920168880681,0.317714288945123,202608260054
6,7,0.322446053930112,0.210745935744006,0.113437945635948,0.322446053930112,0.254491858567648,0.0365776179362499,0.0288690336169882,0.322446053930115,202608260054
6,8,0.174362845786665,0.283818389075654,0.115746535781054,0.174362845786665,0.124875463780847,0.0201818953687327,0.0144539023366856,0.174362845786704,202608260054
6,9,0.274545963001859,0.221578123807343,0.0986646181143754,0.274545963001859,0.213712583621027,0.0270879725944219,0.0210858704492052,0.274545963001912,202608260054
6,10,0.323713339075164,0.22084022693417,0.107426351874825,0.323713339075164,0.252224411812187,0.0347753430700631,0.0270955484147567,0.323713339075091,202608260054
7,8,0.254489869893168,0.151244037348743,0.130616633812759,0.254489869893168,0.215999794506169,0.0332406101448926,0.0282131660626434,0.254489869893241,202608260054
7,9,0.183826991564186,0.0944351735915565,0.0996183812804125,0.183826991564186,0.166467257705008,0.0183125473352722,0.0165831987487622,0.183826991564325,202608260054
7,10,0.288790481547981,0.0488906682195369,0.132061404357024,0.288790481547981,0.274671321929658,0.0381380765581676,0.0362734805106309,0.288790481547853,202608260054
8,9,0.218704288449259,0.162874468664677,0.101858220115131,0.218704288449259,0.183082943673399,0.0222768295529877,0.0186485027760112,0.218704288448201,202608260054
8,10,0.360027841352537,0.159634332195742,0.110441888821955,0.360027841352537,0.302555037326351,0.0397621548274653,0.0334147497949192,0.360027841352582,202608260054
9,10,0.172787673753851,0.0815012910365178,0.124158462584441,0.172787673753851,0.158705255267715,0.02145305192682,0.0197046004981107,0.172787673753862,202608260054
11,12,-0.0550393592437496,0.127795712446199,-0.00258190413916679,0.0550393592437496,0.0480055651166123,0,0,0.0838542718584998,202608260054
11,13,-0.0620928639930486,0.150945330448524,-0.00342301499786798,0.0620928639930486,0.0527202361191226,0,0,0.0392147462390652,202608260054
11,14,-0.0839105876338437,0.179522624456532,-0.0155574470546835,0.0839105876338437,0.0688467387221263,0,0,0.0446975100270284,202608260054
11,15,-0.063755969954155,0.165707546644565,-0.0149200540419606,0.063755969954155,0.0531911245891073,0,0,0.0432948341614314,202608260054
12,13,0.0940849300448943,0.194727579999265,0.015509025913802,0.0940849300448943,0.0757639993028519,0.00145916561816451,0.0011750258285212,0.151456703511055,202608260054
12,14,-0.082957605987906,0.218997905637326,0.00617991234353792,0.082957605987906,0.0647900640198681,0.000512670733235016,0.000400396916374995,0.102603652560053,202608260054
12,15,0.0593128299771406,0.195787702981548,-0.0210941326403706,0.0593128299771406,0.0477001072385811,0,0,0.109099273755102,202608260054
13,14,0.135665836681692,0.213093037378379,-0.0279799853112622,0.135665836681692,0.106756391474711,0,0,0.148489007685215,202608260054
13,15,-0.058033005341564,0.216490317713718,0.00929905751854677,0.058033005341564,0.0454694215772869,0.000539652254645336,0.000422822766582243,0.202237648406756,202608260054
14,15,-0.0707666704393937,0.224211150652432,0.0108776183665829,0.0707666704393937,0.0548999938323358,0.000769772834113465,0.000597181181235902,0.0356228112347838,202608260054
1,6,0.223733567991963,0.22248419691016,0.0163041259380675,0.223733567991963,0.173956384795426,0.00364778026911416,0.00283620680543557,0.661762243644644,202608260054
2,7,0.349949904562602,0.161562112193563,0.0164002129398574,0.349949904562602,0.293411258819533,0.00573925295310945,0.00481200712359195,0.956802877897642,202608260054
3,8,0.220369862476923,0.155768604712173,0.000686235777361786,0.220369862476923,0.186043156478279,0.000151225683883961,0.000127669470108712,0.982424451620682,202608260054
4,9,0.254795178180482,0.0786050496057216,-0.0429696235979261,0.254795178180482,0.234766990560307,0,0,0.978800374716124,202608260054
5,10,0.227277191795734,0.172462529934808,0.0325261937851398,0.227277191795734,0.188080392302163,0.00739246198329041,0.00611753928720526,0.879564898476582,202608260054
6,11,0.106997802238638,0.221762126800443,0.0104119066265881,0.106997802238638,0.0832697420512244,0.00111405112615884,0.000866996779057427,0.793463661250098,202608260054
1,2,0.334642669074792,0.191788426593618,0.128879356706608,0.334642669074792,0.270462078101849,0.0431285319169414,0.0348569786392986,0.334642669074752,202608260055
1,3,0.244252064323437,0.112133981658236,0.156362206800826,0.244252064323437,0.216863107822607,0.03819179179327,0.0339091941128283,0.244252064323417,202608260055
1,4,0.313450048827372,0.096120837739692,0.13699208537669,0.313450048827372,0.283320967544537,0.0429401758502869,0.0388127301748677,0.313450048827367,202608260055
1,5,0.301655966405349,0.170431397417139,0.160274702807101,0.301655966405349,0.250244318511668,0.048347820365606,0.040107833778623,0.301655966405393,202608260055
2,3,0.321755500917854,0.186572187602234,0.120030244946104,0.321755500917854,0.261724873238558,0.0386203915879265,0.0314149006433121,0.321755500917966,202608260055
2,4,0.234281337087871,0.216537394962091,0.110103266177129,0.234281337087871,0.183550666666628,0.0257951404177195,0.0202095279089852,0.234281337088011,202608260055
2,5,0.284880508384836,0.270703794985617,0.109941545591711,0.284880508384836,0.207762273647629,0.0313202034007812,0.0228417054804683,0.284880508384739,202608260055
3,4,0.295507078553588,0.0860430762921958,0.134435045755223,0.295507078553588,0.270080740448717,0.0397265076263437,0.0363083166998277,0.295507078553729,202608260055
3,5,0.359486836619611,0.16157476953114,0.123692279744687,0.359486836619611,0.301402833843319,0.0444657463596856,0.0372812036395893,0.359486836619699,202608260055
4,5,0.250271879138627,0.193780484232769,0.130921313140819,0.250271879138627,0.201774073209298,0.0327659230590494,0.0264165266223332,0.250271879138788,202608260055
6,7,0.200831950917911,0.201930786422381,0.082934053294664,0.200831950917911,0.160277797130316,0.0166558077206974,0.013292487369157,0.2008319509178,202608260055
6,8,0.219281502289806,0.256219772204455,0.1102193235849,0.219281502289806,0.163097245724461,0.0241690588570631,0.0179764681023103,0.219281502290687,202608260055
6,9,0.184855538370506,0.193277443579248,0.114533025056219,0.184855538370506,0.149127132482789,0.02117206400797,0.0170799816012134,0.18485553837084,202608260055
6,10,0.199743751133141,0.203230531656402,0.105416155122702,0.199743751133141,0.159149722395309,0.0210562182542416,0.0167769518237589,0.199743751132954,202608260055
7,8,0.302815195061852,0.141966670340313,0.123417060769603,0.302815195061852,0.259825530090469,0.0373725613309078,0.0320669032366696,0.302815195061791,202608260055
7,9,0.293058060575381,0.0918639078511854,0.118500216864093,0.293058060575381,0.266136601903637,0.0347274437319533,0.0315372450410539,0.293058060575282,202608260055
7,10,0.264857633770235,0.0776096205448815,0.121898228293202,0.264857633770235,0.244302133314912,0.0322856763065215,0.0297799972193375,0.264857633770184,202608260055
8,9,0.338267760743545,0.133617660059357,0.128986021546744,0.338267760743545,0.293069214079475,0.0436318126758357,0.0378018319619423,0.338267760743695,202608260055
8,10,0.325018032227851,0.150941397577135,0.13227708260105,0.325018032227851,0.275959356205609,0.042992437095834,0.0365030985553418,0.32501803222776,202608260055
9,10,0.312237794995554,0.0511136234141838,0.119257372656944,0.312237794995554,0.296278189926476,0.0372366590753673,0.0353333585061866,0.312237794995543,202608260055
11,12,0.0275801717398164,0.137423661706258,0.0368834397721343,0.0275801717398164,0.0237900035488434,0.00101725160327064,0.000877457163072626,0.0814526875267162,202608260055
11,13,0.0231368678488924,0.153970713451219,0.0132016102802082,0.0231368678488924,0.0195744677991719,0.000305443912445757,0.000258414495327152,0.120424544869037,202608260055
11,14,0.0660654760634076,0.151463467448643,0.0104017932616218,0.0660654760634076,0.0560589699801985,0.000687199423742191,0.000583113816193489,0.0131692794596581,202608260055
11,15,-0.0580970577731022,0.148249213991254,-0.00287905476298719,0.0580970577731022,0.0494842146230353,0,0,0.0323596397173644,202608260055
12,13,0.0795914282101729,0.194842602561667,0.0182655382147248,0.0795914282101729,0.0640836271961028,0.00145378027353744,0.00117052194148859,0.00392744298262537,202608260055
12,14,0.163639869773473,0.176630392444202,-0.00327050768771581,0.163639869773473,0.134736095355866,0,0,0.00873163394490011,202608260055
12,15,-0.107091495792213,0.190078519349411,0.0111793407563078,0.107091495792213,0.0867357028371152,0.00119721232356385,0.000969647977753968,0.0530414208840328,202608260055
13,14,-0.0420829171399312,0.200969920178623,0.02329448045749,0.0420829171399312,0.0336255166414356,0.0009802996909103,0.000783288940276927,0.0398962981242358,202608260055
13,15,-0.0479520182316881,0.197914903351252,-0.0167917046357955,0.0479520182316881,0.0384615991778661,0,0,0.0530657348881727,202608260055
14,15,-0.0569838353326634,0.189576798605925,-5.57561674213967e-05,0.0569838353326634,0.0461810222580099,0,0,0.160958910999374,202608260055
1,6,0.127600180599169,0.210164545014405,0.00338392868695547,0.127600180599169,0.100783146699789,0.000431789911590225,0.000341042981279056,0.889134267610816,202608260055
2,7,0.184304454515678,0.196045110129404,-0.0256875856713054,0.184304454515678,0.148172467432812,0,0,0.758380724785178,202608260055
3,8,0.216903376727855,0.142668448368125,-0.0148428061845967,0.216903376727855,0.185958108524285,0,0,0.973900337500449,202608260055
4,9,0.156532092141618,0.0858024880830357,-0.00780502615650926,0.156532092141618,0.143101249171024,0,0,0.827762200064903,202608260055
5,10,0.145587418985539,0.171923821767349,0.00443477806871188,0.145587418985539,0.120557473512301,0.000645647892797435,0.000534645639551665,0.939404610965946,202608260055
6,11,0.0802518274844249,0.202197592218198,0.029754464532523,0.0802518274844249,0.064025101195964,0.00238785015455548,0.00190503260272651,0.914531876248197,202608260055
1,2,0.302035371995085,0.168066040482866,0.129613401079913,0.302035371995085,0.251273482938102,0.0391478318107197,0.0325684107248029,0.302035371994978,202608260056
1,3,0.321472889516207,0.0631155961729102,0.138862459733681,0.321472889516207,0.301182936440963,0.0446405161759143,0.0418230033840051,0.321472889516097,202608260056
1,4,0.235058469685281,0.0522928161358276,0.126250777993001,0.235058469685281,0.22276660034886,0.0296763146716109,0.0281244566048994,0.235058469685339,202608260056
1,5,0.215178883107931,0.190833975626015,0.117299063503859,0.215178883107931,0.174115441373679,0.0252402814743668,0.0204235782146937,0.215178883103507,202608260056
2,3,0.383832071429786,0.174719045265202,0.122093888874841,0.383832071429786,0.316769298367409,0.0468635502757483,0.0386755955138317,0.383832071430167,202608260056
2,4,0.265557222543548,0.194089204162337,0.124435673999195,0.265557222543548,0.21401543256051,0.0330447919725606,0.0266311545968963,0.265557222543435,202608260056
2,5,0.277056167910061,0.293370650468855,0.106394846624142,0.277056167910061,0.195776019713879,0.0294773484910637,0.0208295595901432,0.277056167909872,202608260056
3,4,0.210906366694184,0.0682732646246047,0.145353078426577,0.210906366694184,0.196507100509858,0.0306558896587642,0.0285629119917887,0.210906366695165,202608260056
3,5,0.30463912246946,0.199674408683368,0.137754645017257,0.30463912246946,0.243810485828551,0.0419654541741491,0.0335860269267969,0.304639122469535,202608260056
4,5,0.237260534261402,0.21505738147591,0.103834486602695,0.237260534261402,0.186235905035569,0.0246358257661139,0.0193377095863567,0.237260534260596,202608260056
6,7,0.303470970428559,0.190959422668237,0.0885797441953915,0.303470970428559,0.245520329118952,0.026881380931289,0.0217481279481251,0.303470970428784,202608260056
6,8,0.258920339645305,0.271339132267289,0.115468164727448,0.258920339645305,0.188665119359597,0.0298970564294509,0.0217848150805375,0.258920339645219,202608260056
6,9,0.229998163934428,0.185814452815644,0.115142720317536,0.229998163934428,0.18726118095435,0.0264826142634486,0.0215617617849582,0.229998163934467,202608260056
6,10,0.201656718251474,0.209661282686681,0.096415415958726,0.201656718251474,0.159377112040483,0.0194428163710874,0.0153664105516836,0.201656718251808,202608260056
7,8,0.296435575390489,0.167974119970345,0.130491035262657,0.296435575390489,0.246642070486368,0.0386821851213862,0.0321845791170913,0.296435575390513,202608260056
7,9,0.264049111656007,0.0857117096852389,0.140627884099245,0.264049111656007,0.241417010855102,0.0371326678704697,0.0339499634221176,0.264049111655946,202608260056
7,10,0.204359595222051,0.0827134014853059,0.132983501124349,0.204359595222051,0.187456317975075,0.0271764544609833,0.0249285974722048,0.204359595222064,202608260056
8,9,0.372235680737043,0.158386900353822,0.133098904502682,0.372235680737043,0.313278425064008,0.0495441613229107,0.0416970151803451,0.372235680736939,202608260056
8,10,0.293061900906533,0.189276288423197,0.117638858653009,0.293061900906533,0.237592232024698,0.0344754675373257,0.0279500790002063,0.293061900906551,202608260056
9,10,0.260989836131444,0.0699984027135345,0.111569824450357,0.260989836131444,0.242720964477776,0.0291185902005125,0.0270803353972067,0.260989836131522,202608260056
11,12,0.0797156395196035,0.184590988840203,-0.0180877224279492,0.0797156395196035,0.0650008507946507,0,0,0.0479107135571113,202608260056
11,13,-0.0316294307805401,0.153314487135713,0.0186548531114656,0.0316294307805401,0.0267801808220271,0.000590042385210244,0.000499580339533403,0.126137507795828,202608260056
11,14,-0.0642320211352602,0.150847439710074,0.01142910371927,0.0642320211352602,0.0545427851996029,0.00073411443165323,0.000623375149184124,0.0562663163693771,202608260056
11,15,0.0224641501470301,0.160229131244434,-0.00995584029477026,0.0224641501470301,0.018864738884827,0,0,0.0106201846371804,202608260056
12,13,0.0309998079131239,0.230929906222192,0.00930140118926705,0.0309998079131239,0.0238410251788403,0.000288341650190181,0.000221754939951811,0.118930387192158,202608260056
12,14,-0.0306904756026938,0.228308563931667,-0.00169543144513159,0.0306904756026938,0.0236835771914629,0,0,0.116563796676549,202608260056
12,15,-0.155105356792316,0.244863338387498,0.00842029882487875,0.155105356792316,0.117125741326365,0.00130603345353074,0.000986233742053447,0.163872645948211,202608260056
13,14,0.114902003963741,0.187836399447502,-0.0112899901825592,0.114902003963741,0.0933192252498893,0,0,0.0817994526559544,202608260056
13,15,0.00235019859691158,0.206466589127966,-0.00351785287594547,0.00235019859691158,0.00186496110883391,0,0,0.13205199828445,202608260056
14,15,-0.0150936896801619,0.202933997927964,-0.0100667663158279,0.0150936896801619,0.0120306668898826,0,0,0.0459712396226972,202608260056
1,6,0.158922805276974,0.179858752485207,0.00262763281604295,0.158922805276974,0.130339147778408,0.000417590778363381,0.000342483421917616,0.973184898337314,202608260056
2,7,0.238078802964781,0.184038587810183,0.00581529939498754,0.238078802964781,0.194263116279604,0.00138449951884045,0.00112969818256918,0.938271155293124,202608260056
3,8,0.206298518919113,0.168546376429014,0.0147329144286773,0.206298518919113,0.171527651092624,0.00303937842599815,0.00252710220569964,0.842655471882066,202608260056
4,9,0.282799965729568,0.057709553076335,0.00876705492418939,0.282799965729568,0.266479706097312,0.00247932283211,0.00233624221953698,0.971296543140991,202608260056
5,10,0.0772975102389424,0.217011786583531,0.0138380357625233,0.0772975102389424,0.0605230394435307,0.00106964571104049,0.000837519984276185,0.903002910795818,202608260056
6,11,0.152330166201401,0.198097127061081,0.010537113143697,0.152330166201401,0.122153997912166,0.00160512019646233,0.00128715049695543,0.819660112501051,202608260056
1,2,0.305123435927233,0.154202813471615,0.152314391393445,0.305123435927233,0.258072543651127,0.0464746904431334,0.0393081624215799,0.305123435927271,202608260057
1,3,0.310708703896102,0.0464914826195804,0.13842571966868,0.310708703896102,0.296263395589164,0.0430100759441408,0.0410104737459169,0.310708703896258,202608260057
1,4,0.289348912156856,0.072890725474948,0.126625402200393,0.289348912156856,0.268258060034356,0.036638922378108,0.0339682847453474,0.289348912156998,202608260057
1,5,0.189962790638041,0.143207716464782,0.130671481175381,0.189962790638041,0.162758653177489,0.0248227192208816,0.0212679142848127,0.189962790637815,202608260057
2,3,0.312338076662202,0.154514399315586,0.146931172397061,0.312338076662202,0.264077346363357,0.0458921997882205,0.0388011941046728,0.312338076662208,202608260057
2,4,0.319719173675689,0.191351266459906,0.14818851573693,0.319719173675689,0.258540504881331,0.0473787097996381,0.038312733676241,0.319719173675766,202608260057
2,5,0.26971836748546,0.234548895464868,0.149480117585821,0.26971836748546,0.206456222305158,0.0403175332867822,0.0308611003864994,0.269718367485325,202608260057
3,4,0.355963106995143,0.071857135901757,0.113235841866909,0.355963106995143,0.330384617639782,0.0403077820941558,0.0374113803183176,0.355963106995254,202608260057
3,5,0.229911333319845,0.142992073654925,0.121369721851239,0.229911333319845,0.197035835011672,0.0279042745754771,0.0239141844900932,0.229911333319936,202608260057
4,5,0.192475259662484,0.173393844314956,0.130312900691123,0.192475259662484,0.159101234454087,0.0250820093978954,0.0207329433652504,0.192475259662383,202608260057
6,7,0.241126545888645,0.188910913647756,0.107199226927754,0.241126545888645,0.195575109800094,0.0258485793110224,0.0209655005768807,0.241126545888637,202608260057
6,8,0.237005863395382,0.25002397574219,0.107505250857405,0.237005863395382,0.177748715155058,0.0254793747989964,0.0191089202123259,0.237005863395564,202608260057
6,9,0.25996144457792,0.186894801494549,0.0863480244757006,0.25996144457792,0.211376001997293,0.0224471571791527,0.018251900194038,0.25996144457789,202608260057
6,10,0.179510983934125,0.193105199738925,0.102294022711997,0.179510983934125,0.144846479526195,0.0183629006676103,0.0148169290664054,0.179510983933995,202608260057
7,8,0.358291342142854,0.146160924264219,0.129621843726059,0.358291342142854,0.305923148419387,0.046442384359641,0.0396543225366018,0.358291342142919,202608260057
7,9,0.196872475744791,0.105820094651603,0.134362893241342,0.196872475744791,0.176039411727182,0.0264523554406561,0.023653164684168,0.196872475744472,202608260057
7,10,0.303215120026385,0.0790309294681399,0.1327294155662,0.303215120026385,0.279251747261906,0.0402455656719374,0.0370649212099131,0.303215120026434,202608260057
8,9,0.289409959509017,0.148813163786231,0.110330518020015,0.289409959509017,0.246341947803235,0.0319307507527814,0.0271790347111904,0.289409959509054,202608260057
8,10,0.343377102265326,0.160341594873927,0.115092319244224,0.343377102265326,0.288319470044916,0.0395200670750774,0.0331833564907349,0.343377102265372,202608260057
9,10,0.23984948736096,0.0778194870822322,0.113975303815355,0.23984948736096,0.221184523277593,0.0273369181919225,0.0252095732398181,0.239849487361123,202608260057
11,12,0.0404337476634588,0.156696558746554,-0.0343140073973869,0.0404337476634588,0.0340979185473683,0,0,0.0530733185432384,202608260057
11,13,-0.00292582569423044,0.13987526180272,0.00676713707587799,0.00292582569423044,0.00251657505926084,1.97994635329833e-05,1.70300083877539e-05,0.0519283601754904,202608260057
11,14,-0.0557394612580804,0.189004761081484,-0.00584988597869994,0.0557394612580804,0.0452044377001863,0,0,0.223392378884394,202608260057
11,15,-0.0472514026721834,0.140309437832205,-0.00487699854905823,0.0472514026721834,0.0406215849264662,0,0,0.0844493738926078,202608260057
12,13,0.0422348013633259,0.177823851355689,-0.00741242644438138,0.0422348013633259,0.0347244463236568,0,0,0.0970424737551344,202608260057
12,14,-0.0273440438387961,0.216260225473358,-0.00227368657775738,0.0273440438387961,0.0214306147528647,0,0,0.217350255872919,202608260057
12,15,-0.139226919247614,0.183086253656553,0.00546790129008053,0.139226919247614,0.113736384194425,0.000761279051367968,0.000621899321865793,0.0512611216601777,202608260057
13,14,0.0213131530489633,0.205213898461336,-0.00197576151099411,0.0213131530489633,0.0169393978232825,0,0,0.0940414969972697,202608260057
13,15,0.0250058133605812,0.157487786790056,-0.00951914320964852,0.0250058133605812,0.021067703157538,0,0,0.00386002513029107,202608260057
14,15,0.0332424909058607,0.20803019431988,-0.0343973709612973,0.0332424909058607,0.0263270490630377,0,0,0.0365426876074504,202608260057
1,6,0.191501541808609,0.17649334405432,0.0067642290699582,0.191501541808609,0.15770279430325,0.00129536029604361,0.00106673782563968,0.793761969971946,202608260057
2,7,0.305321788336647,0.165655595917661,0.0173412251534351,0.305321788336647,0.254743525543094,0.00529465387579524,0.00441756483282262,0.99382946488249,202608260057
3,8,0.118725109291219,0.141925799138403,-0.013278903992889,0.118725109291219,0.101874953277268,0,0,0.869518209146857,202608260057
4,9,0.255837407515323,0.0854237584278192,-0.041273921078908,0.255837407515323,0.233982814618934,0,0,0.887556619792884,202608260057
5,10,0.139160532357568,0.158710191780764,0.00749150014487768,0.139160532357568,0.117074337578786,0.00104252114831798,0.00087706241693293,0.891947592168224,202608260057
6,11,0.176777691180054,0.207195588566284,-0.00378552076460673,0.176777691180054,0.140150133410614,0,0,0.973900337500449,202608260057
1,2,0.264021242683032,0.181038417288373,0.131160011572525,0.264021242683032,0.216223254777186,0.034629029245699,0.0283598445988249,0.264021242683148,202608260058
1,3,0.309827601995951,0.113634578828892,0.114015605757199,0.309827601995951,0.274620472933575,0.0353251817218687,0.0313110195748501,0.309827601996018,202608260058
1,4,0.246924010420769,0.0914217271767295,0.148553716522437,0.246924010420769,0.224349790906698,0.0366814794466302,0.0333279952402216,0.246924010420927,202608260058
1,5,0.28042585506675,0.165145028944767,0.141800626772027,0.28042585506675,0.23411491911489,0.0397645620115466,0.0331976422671738,0.280425855066784,202608260058
2,3,0.297139135191696,0.176270828770239,0.118630817074123,0.297139135191696,0.244762173571384,0.0352498583924891,0.0290363366396115,0.297139135191738,202608260058
2,4,0.301629315530319,0.199030672303739,0.155150918124976,0.301629315530319,0.241595830073803,0.0467980652379371,0.0374838148511162,0.301629315530187,202608260058
2,5,0.304224810252686,0.255523174376249,0.136664777003412,0.304224810252686,0.226488321012907,0.0415768158520885,0.0309529758851061,0.304224810252627,202608260058
3,4,0.283670291862913,0.0797232854102845,0.131098720599601,0.283670291862913,0.261055164222308,0.0371888123353434,0.0342239980354633,0.283670291862913,202608260058
3,5,0.167987491373752,0.167193401393547,0.147173090619472,0.167987491373752,0.139901091299405,0.0247232382908869,0.0205896759875704,0.167987491373702,202608260058
4,5,0.412806449805483,0.187531012233594,0.128969766773095,0.412806449805483,0.335392438416904,0.0532395515538426,0.0432554845600879,0.412806449805321,202608260058
6,7,0.249747389503944,0.185873772024039,0.0918219951788924,0.249747389503944,0.203325900163689,0.0229323035949721,0.0186697898245742,0.24974738950393,202608260058
6,8,0.278070173415094,0.269637638365208,0.104526617477037,0.278070173415094,0.203091988555644,0.0290657346483328,0.0212285186004065,0.278070173415151,202608260058
6,9,0.359290732583721,0.190734229466233,0.105701948070457,0.359290732583721,0.290761691550006,0.0379777303577608,0.030734077221097,0.35929073258381,202608260058
6,10,0.254030317986811,0.216911831616803,0.102641323034145,0.254030317986811,0.198928136426093,0.0260740079289508,0.020418247111491,0.254030317986565,202608260058
7,8,0.199520769639732,0.150292293640428,0.107665442826623,0.199520769639732,0.169534335541673,0.0214814920163703,0.0182529893104115,0.199520769639826,202608260058
7,9,0.220889747780426,0.076236469142809,0.112282507480978,0.220889747780426,0.204049893339801,0.0248020547576271,0.022911233675419,0.220889747779201,202608260058
7,10,0.263520019515529,0.0706216344202615,0.0975082232053622,0.263520019515529,0.244909805034883,0.0256953688820016,0.0238807199345231,0.263520019515632,202608260058
8,9,0.218767833335243,0.160425706618464,0.110401357583655,0.218767833335243,0.183671849087046,0.0241522657958455,0.0202776214891101,0.218767833335732,202608260058
8,10,0.226504152613298,0.179212206012844,0.109617740249497,0.226504152613298,0.185911843752399,0.024828873366597,0.0203792361977556,0.226504152613295,202608260058
9,10,0.151397102667742,0.0849301355594654,0.114356410716734,0.151397102667742,0.138538926214861,0.0173132292539959,0.0158428143464819,0.151397102667537,202608260058
11,12,-0.198704748859351,0.140899717463035,0.0101577494373411,0.198704748859351,0.170707305886505,0.00201839305092307,0.00173400204031866,0.295587193357034,202608260058
11,13,0.0665289010408352,0.158318191893824,-0.0151490178935578,0.0665289010408352,0.055996165719367,0,0,0.0752292907846485,202608260058
11,14,-0.0171595035792927,0.197537489022384,-0.00682190367722791,0.0171595035792927,0.0137698583293686,0,0,0.0749562629802709,202608260058
11,15,0.0491574391794805,0.179125289197366,-0.0359299059038286,0.0491574391794805,0.0403520986702541,0,0,0.093220979615317,202608260058
12,13,0.0374249103642571,0.17345601003276,-0.0170881871510283,0.0374249103642571,0.0309333347366394,0,0,0.0561274921518361,202608260058
12,14,0.0473796036636823,0.20909542634049,-0.043898581098899,0.0473796036636823,0.0374727452357812,0,0,0.0360986335258063,202608260058
12,15,-0.0984423579272511,0.204285600920525,-0.0172426346737022,0.0984423579272511,0.0783320016820492,0,0,0.0360986335258063,202608260058
13,14,-0.0436243827042092,0.217312245180383,0.00740115303259107,0.0436243827042092,0.0341442701541492,0.000322870732346172,0.00025270696859699,0.10200825480525,202608260058
13,15,-0.0142976493660244,0.200204676536115,-0.006760382310059,0.0142976493660244,0.0114351930994727,0,0,0.184022151823185,202608260058
14,15,-0.0831454880232702,0.21986910737905,-0.000979624304866681,0.0831454880232702,0.0648643637889983,0,0,0.0202712751864451,202608260058
1,6,0.143512494226353,0.2056235871109,-0.00216745895519078,0.143512494226353,0.114002940368298,0,0,0.838065817744302,202608260058
2,7,0.156044462078542,0.169505087586251,0.0031847340729148,0.156044462078542,0.129594131866569,0.000496960115271194,0.000412722847405277,0.957468231866532,202608260058
3,8,0.109556112168615,0.166371814583616,-0.0245546862714997,0.109556112168615,0.0913290629883963,0,0,0.770084695657238,202608260058
4,9,0.145357101276229,0.0835105314876528,-0.0116205371688972,0.145357101276229,0.133218252493146,0,0,0.938801293867192,202608260058
5,10,0.170745027991694,0.180580958821127,0.00785976817626394,0.170745027991694,0.139911727123014,0.00134201633726441,0.00109967374032759,0.972170870294006,202608260058
6,11,0.158808662001105,0.224455798736821,0.00141831440960914,0.158808662001105,0.123163136925321,0.000225240613686915,0.000174684051833847,0.968830610897781,202608260058
1,2,0.2467539515917,0.158078822324058,0.106986834112102,0.2467539515917,0.207747377520277,0.0263994240854468,0.022226234215986,0.246753951591845,202608260059
1,3,0.232444607311845,0.132726767834952,0.0988400897035639,0.232444607311845,0.201592985882679,0.0229748458378124,0.0199254688082533,0.232444607311917,202608260059
1,4,0.288186223406161,0.081974275748592,0.093226023371887,0.288186223406161,0.264562366461719,0.0268664555987186,0.024664097359082,0.288186223406124,202608260059
1,5,0.161094726297215,0.161380331625484,0.125120558174504,0.161094726297215,0.135097205944254,0.0201562620732765,0.016903437815561,0.161094726296454,202608260059
2,3,0.163902994512397,0.163541265291418,0.11866936823763,0.163902994512397,0.137098091404787,0.0194502648110419,0.016269343893591,0.163902994512007,202608260059
2,4,0.273453365281678,0.13609076345709,0.101844176102032,0.273453365281678,0.236238888030584,0.0278496326894406,0.0240595549147351,0.273453365281751,202608260059
2,5,0.341388557628433,0.222374386501895,0.0973502678904778,0.341388557628433,0.265472486567043,0.0332342675398718,0.025843817684853,0.341388557628395,202608260059
3,4,0.158031591347514,0.0842899694202268,0.111940667238866,0.158031591347514,0.144711113345402,0.0176901617802605,0.0161990585847635,0.158031591347379,202608260059
3,5,0.190943619993551,0.160303009677677,0.107359613707039,0.190943619993551,0.160334783029834,0.0204996332823313,0.0172134803698849,0.190943619993651,202608260059
4,5,0.257071271347188,0.134362594588138,0.109100080198626,0.257071271347188,0.222530508334909,0.028046496320741,0.0242780963059795,0.257071271347262,202608260059
6,7,0.252531434218566,0.187943089430894,0.102069707478653,0.252531434218566,0.205069896293114,0.0257758096198538,0.0209314243273159,0.252531434218563,202608260059
6,8,0.0840937874033261,0.266082482085684,0.100817988430895,0.0840937874033261,0.0617179037230633,0.00847816648553867,0.00622227490353088,0.0840937874023742,202608260059
6,9,0.240992387192527,0.18829093799682,0.089868649655941,0.240992387192527,0.195615704557953,0.021657660414354,0.0175797192201187,0.240992387192753,202608260059
6,10,0.161674378529695,0.200994643654218,0.100848571390623,0.161674378529695,0.129178694429102,0.0163046301051866,0.0130274867872808,0.161674378529961,202608260059
7,8,0.291896000700163,0.176740526653821,0.119733234259037,0.291896000700163,0.240306147808272,0.0349496522311085,0.0287726322894144,0.291896000700223,202608260059
7,9,0.312033466342557,0.0672662954730201,0.103214992316997,0.312033466342557,0.291044130998088,0.0322065318311929,0.0300401177448747,0.312033466342582,202608260059
7,10,0.252205128384943,0.0563262566995801,0.111103944903731,0.252205128384943,0.237999357582583,0.0280209846885191,0.0264426675119786,0.252205128385058,202608260059
8,9,0.314398553743808,0.176032706815682,0.112487051575585,0.314398553743808,0.25905412530935,0.035365766330269,0.0291402347545408,0.31439855374375,202608260059
8,10,0.162710009777647,0.191008783850527,0.119034371840418,0.162710009777647,0.131630968689711,0.0193680838060305,0.0156686096727255,0.162710009777185,202608260059
9,10,0.241894770643953,0.056638837905588,0.110048983853874,0.241894770643953,0.228194131939241,0.0266202737089328,0.0251125323413302,0.241894770644032,202608260059
11,12,0.063136704506051,0.161344192323384,-0.0164406261220029,0.063136704506051,0.052949963911562,0,0,0.049093833535296,202608260059
11,13,-0.0530097402685665,0.193930504351755,0.0144801377191667,0.0530097402685665,0.0427295346027279,0.000767588339546102,0.0006187295457234,0.0524388347195794,202608260059
11,14,0.088305279743592,0.169307831817548,0.0160113743988169,0.088305279743592,0.0733545042921624,0.00141388889536691,0.00117450643206143,0.112695425030619,202608260059
11,15,0.000216283842708014,0.134158980276115,0.0237092014664064,0.000216283842708014,0.000187267422920107,5.12791720069286e-06,4.43996105810756e-06,0.0589431204998696,202608260059
12,13,-0.0771118314552287,0.227593474687393,0.00739971686317404,0.0771118314552287,0.0595616817948247,0.00057060571956949,0.00044073958117617,0.0630573120095343,202608260059
12,14,-0.0301598179451277,0.21332804557021,0.0164676681428189,0.0301598179451277,0.0237258829281403,0.000496661873168197,0.000390709966455986,0.176129413505529,202608260059
12,15,-0.0352637009644307,0.187362922441693,0.0153428155709806,0.0352637009644307,0.028656590895625,0.00054104446024747,0.000439672789004616,0.10299205131923,202608260059
13,14,0.00796279715692846,0.24010101010101,0.0115032941753306,0.00796279715692846,0.00605092151632048,9.15983981546338e-05,6.96055302340717e-05,0.036765367693402,202608260059
13,15,0.0751992985447915,0.216456034491694,-0.00433665992900892,0.0751992985447915,0.0589219565852289,0,0,0.169340752553454,202608260059
14,15,0.106585830424184,0.205340163016784,0.0131561250822579,0.106585830424184,0.0846994786296028,0.00140225651705689,0.00111431693525308,0.00419816805587271,202608260059
1,6,0.0700771342414294,0.211341085271318,-0.0101587499486231,0.0700771342414294,0.0552669566381419,0,0,0.954316207015049,202608260059
2,7,0.107600518619565,0.148816356128289,-0.0191730201559355,0.107600518619565,0.0915878015210872,0,0,0.924750776599639,202608260059
3,8,0.259480634518083,0.191189044514353,0.0128824953908561,0.259480634518083,0.209870779934592,0.00334275807819562,0.00270365935518276,0.926773205438816,202608260059
4,9,0.23120750599179,0.042269052153286,-0.0402313432737492,0.23120750599179,0.221434583862792,0,0,0.955677772707043,202608260059
5,10,0.2051763411832,0.157036927793494,0.0200991589215775,0.2051763411832,0.17295607890788,0.00412387188838894,0.00347627171642238,0.940499447619356,202608260059
6,11,0.176688520006584,0.208462086151656,0.0179757532132861,0.176688520006584,0.139855662526963,0.00317610923125911,0.0025140108750653,0.895261357028941,202608260059
1,2,0.222605517066185,0.157274066069121,0.15527502460633,0.222605517066185,0.187595442267767,0.0345650771399566,0.0291288869141628,0.222605517066197,202608260060
1,3,0.305477886128566,0.0743866179898955,0.142226790707053,0.305477886128566,0.282754419308759,0.0434471393760404,0.0402152536165212,0.305477886128613,202608260060
1,4,0.366517648261412,0.0527714726991095,0.142371689479317,0.366517648261412,0.347175972192443,0.0521817368069632,0.0494280297076624,0.366517648261497,202608260060
1,5,0.339559798118416,0.138202035319727,0.148972071291192,0.339559798118416,0.292631942905695,0.0505849264529193,0.0435939866606271,0.339559798118508,202608260060
2,3,0.259686364031917,0.155486698927741,0.138186800384552,0.259686364031917,0.219308588532047,0.0358852277490685,0.0303055521460957,0.259686364032217,202608260060
2,4,0.240221991542558,0.163147992805233,0.13243191878744,0.240221991542558,0.201030255794714,0.0318130592749211,0.0266228225092238,0.240221991542458,202608260060
2,5,0.327087496255229,0.229094094433272,0.17488457867389,0.327087496255229,0.252153682500191,0.0572025589720933,0.0440977905251158,0.327087496255231,202608260060
3,4,0.239671838115743,0.0544751419907417,0.134410807018895,0.239671838115743,0.226615680703206,0.032214485180839,0.0304595965264541,0.239671838115322,202608260060
3,5,0.343296176848397,0.137638763946605,0.143241750330978,0.343296176848397,0.296045315399389,0.0491743452536972,0.0424060491550947,0.343296176848386,202608260060
4,5,0.319684452833088,0.149589803394643,0.148923972933792,0.319684452833088,0.271862918385462,0.0476086788010691,0.0404869058993384,0.319684452833207,202608260060
6,7,0.142109193716789,0.220310218978102,0.0967856011182356,0.142109193716789,0.110801086130242,0.0137541237383072,0.0107239497256688,0.142109193716579,202608260060
6,8,0.199278536409245,0.290462732935775,0.0684137288376253,0.199278536409245,0.141395548108375,0.013633387753061,0.00967339668713374,0.199278536408929,202608260060
6,9,0.307823896240836,0.212652292286832,0.0719050284871907,0.307823896240836,0.242364439084558,0.0221340860282353,0.0174272218966571,0.307823896240773,202608260060
6,10,0.110604695795904,0.218965974125706,0.0836130187672118,0.110604695795904,0.0863860308380767,0.00924799250532469,0.00722299681768904,0.110604695795302,202608260060
7,8,0.245097704499733,0.178720513209072,0.0985465388415206,0.245097704499733,0.201293716965175,0.0241535304564505,0.0198367990974627,0.245097704499762,202608260060
7,9,0.189875204210686,0.10928204029147,0.103420243078218,0.189875204210686,0.169125254493782,0.0196369397739955,0.0174909749304125,0.189875204210558,202608260060
7,10,0.329649859882476,0.0785536280403909,0.101608238003472,0.329649859882476,0.303754667405701,0.0334951414207497,0.0308639765404239,0.329649859882551,202608260060
8,9,0.195444124537926,0.181767401535585,0.0865106701061235,0.195444124537926,0.15991875387527,0.0169080021820807,0.0138346785602858,0.195444124537919,202608260060
8,10,0.206629546164888,0.184812763279082,0.0930338632617671,0.206629546164888,0.168441768763052,0.0192235449437452,0.015670788482672,0.20662954616488,202608260060
9,10,0.211184779477437,0.0843391377751879,0.111551180719417,0.211184779477437,0.193373637265067,0.0235579115006778,0.0215710575569265,0.211184779475777,202608260060
11,12,-0.00806232717211962,0.187989265724841,-0.0213107269257197,0.00806232717211962,0.00654669620699942,0,0,0.0312606448756784,202608260060
11,13,-0.0993992382279054,0.172307294395187,-0.00303849553093747,0.0993992382279054,0.0822720244239124,0,0,0.0779786529956819,202608260060
11,14,-0.0286000419037319,0.197877665192143,-0.0264611119914516,0.0286000419037319,0.022940732387424,0,0,0.0437276585991167,202608260060
11,15,-0.0114320120009155,0.145482989045917,-0.00648888044107745,0.0114320120009155,0.00976884872421349,0,0,0.0696068386158584,202608260060
12,13,-0.0588207585537549,0.221242388273769,0.00995748745980133,0.0588207585537549,0.0458071134512474,0.000585706965675016,0.000456123757760493,0.114021265556343,202608260060
12,14,0.020979714720812,0.238764943952227,-0.0082549192455965,0.020979714720812,0.0159704943113636,0,0,0.0615185375141428,202608260060
12,15,0.00456303731602355,0.210510662453274,-0.00561320433116701,0.00456303731602355,0.00360246930782842,0,0,0.088479358811351,202608260060
13,14,0.0374064431689795,0.231571409235247,-0.0173012058027831,0.0374064431689795,0.0287441804098608,0,0,0.15322812106596,202608260060
13,15,0.0245607100794293,0.197414181752167,-0.0171609883616855,0.0245607100794293,0.0197120775958465,0,0,0.0194463755221903,202608260060
14,15,-0.0291602141181533,0.217081362463676,-0.0124585595161153,0.0291602141181533,0.0228300751076521,0,0,0.208005394377586,202608260060
1,6,0.200388638606973,0.209630939098635,0.00896356699642441,0.200388638606973,0.158380980111096,0.00179619698747588,0.00141965852618517,0.952007163231491,202608260060
2,7,0.239936525521868,0.163983287348453,0.0178418956191477,0.239936525521868,0.200590945311826,0.00428092244358213,0.00357892270839977,0.975158125357433,202608260060
3,8,0.240163408161307,0.171115437846773,-0.0208359115855487,0.240163408161307,0.199067741419012,0,0,0.920384499095886,202608260060
4,9,0.20020511904535,0.0804528662339796,-0.00768317941683319,0.20020511904535,0.184098043383437,0,0,0.941482266322069,202608260060
5,10,0.241909821267944,0.155672647308775,0.0125961557719434,0.241909821267944,0.204251078981171,0.003047133791454,0.00257277840743434,0.877004952478849,202608260060
6,11,0.193762120365912,0.234575793449461,0.00869787861570854,0.193762120365912,0.148310217240628,0.00168531940326501,0.00128998426702835,0.924438053869078,202608260060
1,2,0.253966724935554,0.127936880038391,0.104473522476925,0.253966724935554,0.221475014513731,0.0265327983459457,0.0231382749068777,0.253966724935419,202608260061
1,3,0.273185050466244,0.0880966161779897,0.133069408076301,0.273185050466244,0.249118371929755,0.0363525729608375,0.0331500342936243,0.273185050466253,202608260061
1,4,0.217641110946372,0.0623659408350747,0.103914838328684,0.217641110946372,0.204067718297811,0.0226161408576673,0.0212056639550203,0.21764111094743,202608260061
1,5,0.266288411737004,0.1308929479509,0.091511499096001,0.266288411737004,0.231433136519584,0.0243684517499464,0.0211787932633966,0.266288411737021,202608260061
2,3,0.223533048763637,0.136390429335679,0.105573616061287,0.223533048763637,0.193045280272051,0.0235991922671812,0.0203804883018851,0.223533048763171,202608260061
2,4,0.29872886553693,0.147648793234191,0.108648727486772,0.29872886553693,0.254621909036184,0.0324565111041545,0.0276643464070339,0.298728865536994,202608260061
2,5,0.222998656475396,0.191131566108364,0.0867746114831671,0.222998656475396,0.180376574023192,0.0193506217769207,0.0156521071315272,0.222998656475124,202608260061
3,4,0.272750219729275,0.0766150488467099,0.106802653888908,0.272750219729275,0.251853448321766,0.0291304473158695,0.0268986166718377,0.272750219729191,202608260061
3,5,0.247391186509068,0.138627119829986,0.0931143799788476,0.247391186509068,0.213096058851993,0.0230356769440233,0.0198423073959394,0.247391186509214,202608260061
4,5,0.181366466653517,0.147813853463603,0.115493007429596,0.181366466653517,0.154557990328382,0.0209465586806942,0.0178503671252993,0.181366466653723,202608260061
6,7,0.17595438905132,0.206069665870187,0.0957691071976758,0.17595438905132,0.139695526891122,0.0168509947469574,0.0133785158898716,0.17595438905131,202608260061
6,8,0.343636145163035,0.299121092007772,0.0790105975262037,0.343636145163035,0.240847326168527,0.0271508971609327,0.0190294911531638,0.343636145163216,202608260061
6,9,0.224678687357362,0.206146088608816,0.0625598339103595,0.224678687357362,0.178362054764879,0.0140558613642742,0.0111583005220013,0.224678687357362,202608260061
6,10,0.140151926911668,0.217696395639056,0.0672694825880018,0.140151926911668,0.10964135758113,0.00942794760705937,0.00737551739472869,0.140151926912311,202608260061
7,8,0.340372271579171,0.17026224790608,0.103475431943242,0.340372271579171,0.282419723495203,0.0352201678231571,0.029223502877957,0.340372271579109,202608260061
7,9,0.252590997732087,0.0819709112496292,0.116746190231447,0.252590997732087,0.231885883474535,0.0294890366719813,0.0270717934641052,0.252590997732168,202608260061
7,10,0.257014371732997,0.0649922286529867,0.0912171117691624,0.257014371732997,0.240310434918222,0.0234441086726498,0.0219204238012315,0.257014371732971,202608260061
8,9,0.262321145594004,0.174716978447731,0.116245447129298,0.262321145594004,0.216489187652873,0.0304936388610446,0.0251658824173666,0.262321145593789,202608260061
8,10,0.212544971213441,0.189771831125848,0.100457750081688,0.212544971213441,0.172209922829676,0.0213517895992794,0.0172998213892103,0.212544971215334,202608260061
9,10,0.1492000850901,0.0716808045135124,0.108589252453386,0.1492000850901,0.138505302957357,0.0162015257059156,0.0150401873089692,0.149200085090014,202608260061
11,12,0.058297013374679,0.124215798707743,0.0180334520405763,0.058297013374679,0.0510556032960673,0.00105129639480111,0.00092070877344232,0.016513595091321,202608260061
11,13,-0.0554221442801975,0.172484384913363,0.0260219403046569,0.0554221442801975,0.045862689813448,0.00144219173001538,0.00119343617653654,0.105122685683675,202608260061
11,14,0.00357099679718835,0.161506601555435,0.0246175447349173,0.00357099679718835,0.00299425724030912,8.79091734030308e-05,7.37112615611598e-05,0.269848272733934,202608260061
11,15,0.118935957429422,0.171160337552743,0.00244768542572514,0.118935957429422,0.0985788388086432,0.00029111780959466,0.000241289987036823,0.153903719737856,202608260061
12,13,-0.0949439165784173,0.177947590152358,0.00497443816790441,0.0949439165784173,0.0780488754236614,0.000472292642438012,0.000388249304869478,0.0270520311503597,202608260061
12,14,0.0745724965399057,0.165798495256788,0.0184820836454988,0.0745724965399057,0.0622084888260473,0.0013782551187042,0.00114974249394308,0.171611352525215,202608260061
12,15,0.0903479547706686,0.179881744284298,0.0148632494629571,0.0903479547706686,0.0740960070740019,0.00134286419022441,0.00110130743734992,0.188410089077699,202608260061
13,14,0.0311117789646777,0.200813743218807,-0.00828817815619815,0.0311117789646777,0.0248641061725846,0,0,0.0291617358844929,202608260061
13,15,-0.10176134955768,0.220442176870748,0.017074404570057,0.10176134955768,0.0793288561398801,0.00173751445194282,0.00135449298381216,0.0872352284147119,202608260061
14,15,0.0789149621769157,0.211197629520388,0.0157382385682119,0.0789149621769157,0.06224830923146,0.00124198250134172,0.000979678741152543,0.0495405541444813,202608260061
1,6,0.107236270494464,0.205463844564091,-0.0319279561743792,0.107236270494464,0.0852030940819564,0,0,0.846887539592095,202608260061
2,7,0.205425250983808,0.131790822566066,-0.0273572741690538,0.205425250983808,0.178352088180811,0,0,0.952336115422081,202608260061
3,8,0.125307255935977,0.184028154898067,-0.0185079048592581,0.125307255935977,0.102247192830739,0,0,0.944680205785591,202608260061
4,9,0.237614996680614,0.0679066123142535,-0.0120904626040753,0.237614996680614,0.221479367220971,0,0,0.9699633879325,202608260061
5,10,0.207105312832533,0.149565519257473,-0.0280009753007694,0.207105312832533,0.176129499177754,0,0,0.868000435602631,202608260061
6,11,0.149676516200516,0.229805680270795,-0.00763449431413765,0.149676516200516,0.115280002574494,0,0,0.952206056461469,202608260061
1,2,0.21672793868189,0.157768680412334,0.120466172992659,0.21672793868189,0.182535057787563,0.0261083853535949,0.0219892998486615,0.216727938683394,202608260062
1,3,0.228714122399922,0.0918178901691533,0.123581822349604,0.228714122399922,0.207714074229272,0.0282649080432727,0.0256696838209143,0.228714122399976,202608260062
1,4,0.173460314675172,0.0621267698916292,0.1153096372741,0.173460314675172,0.162683785620018,0.0200016459666454,0.0187590083102218,0.173460314675151,202608260062
1,5,0.193071849174883,0.154987341584017,0.110685811770089,0.193071849174883,0.163148156536558,0.0213703143558741,0.0180581861450425,0.193071849174956,202608260062
2,3,0.203708817038259,0.172576524989791,0.113817374531321,0.203708817038259,0.168553457284015,0.0231856027241758,0.0191843119762437,0.203708817038258,202608260062
2,4,0.284632538212942,0.180107876182567,0.112213847221582,0.284632538212942,0.233367976262955,0.0319397121573182,0.0261871184347811,0.284632538212939,202608260062
2,5,0.239285235652916,0.238724006738019,0.104722039074171,0.239285235652916,0.182162105444601,0.0250584377979168,0.0190763871242027,0.239285235652439,202608260062
3,4,0.293503750992933,0.0863255208542788,0.123935261579984,0.293503750992933,0.268166886815783,0.0363754641540156,0.033235333264604,0.293503750992938,202608260062
3,5,0.380547670590379,0.159433006384269,0.096612580479464,0.380547670590379,0.319875811395624,0.0367656924511855,0.0309040275718936,0.380547670590565,202608260062
4,5,0.252454026983865,0.175875283766833,0.122351567275327,0.252454026983865,0.208053603349998,0.0308881458664435,0.0254556844471514,0.252454026983925,202608260062
6,7,0.092124871985279,0.190169619643254,0.0887649895055392,0.092124871985279,0.074605520120155,0.00817746329497243,0.00662235821052085,0.0921248719856264,202608260062
6,8,0.199300077675663,0.231443305384885,0.0759209012918718,0.199300077675663,0.153173408934944,0.0151310415246764,0.0116290632602894,0.199300077675807,202608260062
6,9,0.238167400812428,0.177399907294745,0.0849720639518572,0.238167400812428,0.195916525987673,0.0202375756130813,0.0166474315754503,0.238167400809824,202608260062
6,10,0.3145394583692,0.186999066532563,0.0616621674921969,0.3145394583692,0.255720873266502,0.0193951847648665,0.0157683033186099,0.314539458369387,202608260062
7,8,0.156537706943639,0.154970869393065,0.0863541900290671,0.156537706943639,0.132278922405787,0.0135176868921254,0.0114228392022695,0.156537706944283,202608260062
7,9,0.159350167380073,0.11977956530872,0.104775541802249,0.159350167380073,0.140263273599416,0.0166960001235262,0.0146961604863359,0.159350167379854,202608260062
7,10,0.195548412897873,0.0971334159438246,0.0986939762560754,0.195548412897873,0.176554127570709,0.0192994504194559,0.0174248288743757,0.195548412898113,202608260062
8,9,0.211078311442346,0.147075652810805,0.0997771667650307,0.211078311442346,0.180033830992761,0.0210607958812641,0.017963265578312,0.211078311442508,202608260062
8,10,0.320186722658284,0.155411789149361,0.080971926784395,0.320186722658284,0.27042593122809,0.0259261358644219,0.0218969087040027,0.320186722658376,202608260062
9,10,0.232330868285371,0.0825333333333333,0.108135995494264,0.232330868285371,0.213155827289552,0.0251233297260853,0.023049817579359,0.232330868285461,202608260062
11,12,-0.0934731345104568,0.189966097353137,-0.0143595083186709,0.0934731345104568,0.0757164079401405,0,0,0.151036535504244,202608260062
11,13,-0.0320425740112556,0.186087489099179,-0.000127240701608833,0.0320425740112556,0.0260798518692264,0,0,0.121129499675554,202608260062
11,14,0.101150020949789,0.162955630749698,-0.00682284428382888,0.101150020949789,0.084667055485571,0,0,0.0435749335866059,202608260062
11,15,0.0537433704223146,0.1934461833361,-0.00407028504870993,0.0537433704223146,0.0433469205344996,0,0,0.0932105601868986,202608260062
12,13,0.0525035877168666,0.241688838440176,-0.0525519776876815,0.0525035877168666,0.0398140565876352,0,0,0.136370420709114,202608260062
12,14,-0.0385541816533904,0.229889224572004,-0.00394196713404983,0.0385541816533904,0.0296909907290843,0,0,0.219966195763282,202608260062
12,15,-0.158775173728998,0.257084172997989,0.000869677925737467,0.158775173728998,0.117956589498267,0.000138083263747241,0.000102584242081918,0.171453852248747,202608260062
13,14,0.0392800854239767,0.2166459197787,0.0113113375789074,0.0392800854239767,0.0307702151883134,0.00044431030635892,0.000348052291370636,0.111953890990682,202608260062
13,15,0.00462343893330835,0.23788550852139,-0.00121941788448009,0.00462343893330835,0.0035235898115407,0,0,0.0660304220956396,202608260062
14,15,0.030999807899892,0.230929906222192,0.0100190838006959,0.030999807899892,0.023841025168664,0.000310589673154492,0.000238865229059344,0.0209406029708354,202608260062
1,6,0.192338022140102,0.166664088259073,0.00634517029148881,0.192338022140102,0.160282181042569,0.00122041750400709,0.00101701773340634,0.932158720385918,202608260062
2,7,0.115478840800909,0.18057233445252,-0.00830621273898486,0.115478840800909,0.0946265569376176,0,0,0.835271309498106,202608260062
3,8,0.265519872576936,0.145960199501182,0.00829833442009403,0.265519872576936,0.226764539004078,0.00220337269782417,0.0018817679792743,0.979191683203003,202608260062
4,9,0.2130197383181,0.0843861135277866,-0.00653648682710022,0.2130197383181,0.19504383049673,0,0,0.973787026847356,202608260062
5,10,0.101005442659031,0.169601284233549,-0.0165199724157155,0.101005442659031,0.0838747898694814,0,0,0.864823468418381,202608260062
6,11,0.299550626622631,0.201243300840843,-0.00217272572809338,0.299550626622631,0.23926806975215,0,0,0.969788148269691,202608260062
1,2,0.374995027691203,0.168819031202395,0.110024768540706,0.374995027691203,0.311688730410659,0.0412587411256403,0.0342934804201793,0.374995027691294,202608260063
1,3,0.249243406989681,0.0928686943805763,0.124635893969258,0.249243406989681,0.226096497199583,0.0310646748461026,0.0281797390517879,0.24924340698958,202608260063
1,4,0.287815777440354,0.0825417609985926,0.11770197749179,0.287815777440354,0.264058956327248,0.0338764861580664,0.0310802613341352,0.287815777440481,202608260063
1,5,0.223800226306309,0.193441096598436,0.116844929394425,0.223800226306309,0.180508065110638,0.0261499216412171,0.0210914521229769,0.223800226306261,202608260063
2,3,0.183687669437547,0.178569430522222,0.13564330565269,0.183687669437547,0.15088666691213,0.0249160026901475,0.0204667662788777,0.183687669437656,202608260063
2,4,0.300878455864964,0.201838443345374,0.113792541997116,0.300878455864964,0.24014961669702,0.0342377243250415,0.0273272353435871,0.300878455864787,202608260063
2,5,0.256835421013375,0.27717916669536,0.110067545930598,0.256835421013375,0.185645993039036,0.0282692444989941,0.0204335988656555,0.256835421013178,202608260063
3,4,0.211955935389569,0.0873901009443179,0.111591689871213,0.211955935389569,0.193433084800127,0.0236525210083556,0.0215855248098478,0.211955935390087,202608260063
3,5,0.212964898415793,0.195648927563176,0.10991770659174,0.212964898415793,0.171298544432142,0.0234086132184067,0.0188287431464843,0.212964898415779,202608260063
4,5,0.282257820304832,0.21954127639274,0.115079404383536,0.282257820304832,0.220290578163276,0.0324820618432751,0.0253509085263346,0.282257820304851,202608260063
6,7,0.224447955567611,0.200809170454775,0.0893125045465923,0.224447955567611,0.179376747799809,0.0200460090521056,0.0160205866034234,0.224447955567593,202608260063
6,8,0.195650810629135,0.281284782588266,0.110815500235626,0.195650810629135,0.140617214898101,0.0216811424513733,0.0155825670106735,0.195650810628733,202608260063
6,9,0.227605008075577,0.183446337778263,0.0761416159986897,0.227605008075577,0.185851702884121,0.0173302131242693,0.0141510489937053,0.227605008075613,202608260063
6,10,0.21883353844601,0.202619144335913,0.0732924356095093,0.21883353844601,0.174493674134079,0.0160388430257552,0.0127890663757387,0.218833538446568,202608260063
7,8,0.25634991240166,0.187609594070734,0.121549720360554,0.25634991240166,0.208256209395916,0.0311592601668742,0.0253134840154225,0.256349912401823,202608260063
7,9,0.31726286878774,0.0752743591256479,0.116065052483704,0.31726286878774,0.293381109665378,0.0368231315169794,0.0340512938910393,0.317262868787632,202608260063
7,10,0.258873912596387,0.0772590154062418,0.115353551069605,0.258873912596387,0.238873568994828,0.0298620250972757,0.0275549144402237,0.258873912596445,202608260063
8,9,0.217439260024724,0.171899207323694,0.0945813395457799,0.217439260024724,0.180061623585424,0.0205656964829816,0.0170304695594974,0.217439260025251,202608260063
8,10,0.257853450987721,0.191783484676504,0.0982048881757177,0.257853450987721,0.208401417621434,0.025322469319972,0.0204660379131739,0.257853450987684,202608260063
9,10,0.233201472020812,0.0434177830916358,0.119794098730979,0.233201472020812,0.223076381091962,0.0279361601634707,0.0267232340210799,0.233201472020811,202608260063
11,12,-0.0527083788927125,0.168187898163052,-0.00093023878638005,0.0527083788927125,0.0438434674311655,0,0,0.0672025346097956,202608260063
11,13,-0.00855380949204576,0.119011557044965,-0.00861311756962969,0.00855380949204576,0.00753580730573139,0,0,0.14202023378416,202608260063
11,14,-0.0285047104149999,0.159682253474516,0.0037139480487005,0.0285047104149999,0.0239530140212942,0.000105865013624561,8.89602496848811e-05,0.116232341768978,202608260063
11,15,0.0124295452390981,0.138940002021535,-0.00934976826082021,0.0124295452390981,0.010702584198451,0,0,0.16620281055535,202608260063
12,13,0.049607221193472,0.210763927706354,0.000427756326618423,0.049607221193472,0.039151808412138,2.12198027114672e-05,1.67474337468444e-05,0.0692980102875918,202608260063
12,14,0.0792053543278091,0.220069665982467,-0.000936378895619832,0.0792053543278091,0.0617746584568652,0,0,0.097845550885341,202608260063
12,15,0.0194084375329448,0.215953721568164,0.0130738960569783,0.0194084375329448,0.0152171132178821,0.000253743894934075,0.000198946956497861,0.0496936557585963,202608260063
13,14,0.0132046167282965,0.196616261812685,0.0157429922864344,0.0132046167282965,0.0106083743485096,0.000207880179298895,0.000167007555540195,0.0762504396862883,202608260063
13,15,0.0557566438620024,0.173722958242495,0.00889066398314151,0.0557566438620024,0.0460704347486221,0.000495713585404753,0.000409596754907245,0.121511427223509,202608260063
14,15,-0.0103364370313315,0.206678706904365,0.0155731362941944,0.0103364370313315,0.0082001155916975,0.000160970742685283,0.000127701517737654,0.0299572454281044,202608260063
1,6,0.167369198442489,0.198954790249311,-0.000918007623143989,0.167369198442489,0.134070294672168,0,0,0.97415255157556,202608260063
2,7,0.0646887358404468,0.186424531876253,-0.00769918214029289,0.0646887358404468,0.0526291685437248,0,0,0.758983829843303,202608260063
3,8,0.224660469599418,0.186820885376837,0.0202191781569526,0.224660469599418,0.182689201759679,0.00454245005965527,0.00369382551773041,0.913838907606179,202608260063
4,9,0.170385977223352,0.0724405294560524,-0.016012667067429,0.170385977223352,0.158043126821405,0,0,0.908167492232542,202608260063
5,10,0.150358458720652,0.197742826763821,-0.000752065250569368,0.150358458720652,0.120626152065379,0,0,0.912168166815244,202608260063
6,11,0.208060220283421,0.196118077360907,-0.000996095358754164,0.208060220283421,0.16725584990615,0,0,0.913838907606183,202608260063
1,2,0.34191359458892,0.149832897620855,0.152077782462801,0.34191359458892,0.2906836899757,0.0519974612589683,0.0442065309696089,0.341913594588918,202608260064
1,3,0.202879341022208,0.0651372836847957,0.16264943497752,0.202879341022208,0.18966433183226,0.0329982101858737,0.030848796407906,0.202879341021701,202608260064
1,4,0.344461413938679,0.0604745679887688,0.12913399995572,0.344461413938679,0.323630258741937,0.0444816802123046,0.0417916698180509,0.344461413938737,202608260064
1,5,0.31860063826392,0.172459041599616,0.144084397168231,0.31860063826392,0.263655077535898,0.0459053809016707,0.0379885829071033,0.318600638263942,202608260064
2,3,0.385964715430422,0.141348036311265,0.144241878572569,0.385964715430422,0.331409360818896,0.0556722756164111,0.0478031087810519,0.385964715430226,202608260064
2,4,0.334703385638062,0.161032871110381,0.148509187476282,0.334703385638062,0.2808051384784,0.0497065278466692,0.041702142954592,0.334703385638115,202608260064
2,5,0.276144168896772,0.248909937720983,0.139968436614289,0.276144168896772,0.207409141014664,0.0386514676006334,0.0290307332073352,0.276144168896592,202608260064
3,4,0.305420327828203,0.0411328275792178,0.135825321435424,0.305420327828203,0.292857526144457,0.0414838142001782,0.0397774676233539,0.305420327828258,202608260064
3,5,0.294353016450975,0.1646279461363,0.143895185839592,0.294353016450975,0.245894283913627,0.0423559820046576,0.0353830036806448,0.294353016451008,202608260064
4,5,0.200065963617613,0.180104817730085,0.138350827198796,0.200065963617613,0.164033119706269,0.027679291560821,0.0226941177993615,0.200065963617851,202608260064
6,7,0.235403093375714,0.198449166524791,0.116961007955589,0.235403093375714,0.188687545697946,0.0275329830770872,0.0220690855334981,0.235403093375719,202608260064
6,8,0.254272054493715,0.266413479015899,0.10978050221638,0.254272054493715,0.186530551839524,0.0279141138419108,0.0204774176596415,0.254272054493751,202608260064
6,9,0.187443965758835,0.197997448979592,0.090073020370575,0.187443965758835,0.150330538711968,0.0168836441461369,0.0135407256757226,0.187443965758855,202608260064
6,10,0.113584942500136,0.212606850622322,0.11612910714877,0.113584942500136,0.0894360055970643,0.0131905179580851,0.0103861234769394,0.113584942499878,202608260064
7,8,0.428197220569916,0.13224415494056,0.144955882408038,0.428197220569916,0.371570640987751,0.0620697059523816,0.0538613501412999,0.428197220569716,202608260064
7,9,0.287782791344432,0.0634012754555631,0.145006635455426,0.287782791344432,0.269536995319033,0.041730414314827,0.0390846528219779,0.287782791344378,202608260064
7,10,0.389985331412244,0.0568666953801849,0.133748434631272,0.389985331412244,0.367808154368084,0.0521599276055454,0.0491937648913483,0.389985331413376,202608260064
8,9,0.22709043104246,0.137017732401934,0.144193645957235,0.22709043104246,0.195975015130844,0.0327449972140124,0.0282583519482407,0.22709043104243,202608260064
8,10,0.350051207994765,0.158995947146347,0.149591602337698,0.350051207994765,0.294394484629915,0.0523647211041839,0.0440389426751699,0.35005120799484,202608260064
9,10,0.30305739424725,0.0583146886442254,0.11637135330548,0.30305739424725,0.285384696660392,0.0352671990977848,0.0332106033630436,0.303057394247241,202608260064
11,12,-0.179676468759563,0.172075158422877,-0.0215846947567059,0.179676468759563,0.148758611932898,0,0,0.138296471438932,202608260064
11,13,-0.0492586066166655,0.178966742111327,-0.0153913035815547,0.0492586066166655,0.0404429542695374,0,0,0.15693093816933,202608260064
11,14,-0.114421869663406,0.189974765079604,-0.0170178002230633,0.114421869663406,0.0926846018541316,0,0,0.096652789513831,202608260064
11,15,0.00416050406000845,0.154011055034847,-0.0330623348329598,0.00416050406000845,0.00351974044024978,0,0,0.075664365692563,202608260064
12,13,0.0345877451300224,0.229919388422869,-0.0525309263681009,0.0345877451300224,0.0266353519228016,0,0,0.058949912664309,202608260064
12,14,-0.0231917087666115,0.233855227959362,-0.0344349199001917,0.0231917087666115,0.0177682064262284,0,0,0.11678461578389,202608260064
12,15,-0.0737782080983132,0.218227899432279,-0.00938349151022336,0.0737782080983132,0.0576777447211408,0,0,0.170132825867172,202608260064
13,14,-0.00298355871373502,0.232785892071948,-0.00807441285939154,0.00298355871373502,0.00228902833700918,0,0,0.0118289038057386,202608260064
13,15,0.076085919094706,0.20800645951665,-0.00881298993113909,0.076085919094706,0.0602595564447459,0,0,0.0225581084115349,202608260064
14,15,-0.00296873532326342,0.218929661297283,-0.00493943900028627,0.00296873532326342,0.00231879110446008,0,0,0.0854083822055499,202608260064
1,6,0.210574866658648,0.203353531463384,0.0203317382185901,0.210574866658648,0.167753723886181,0.00428135306431815,0.00341072479924747,0.947572095418806,202608260064
2,7,0.302749499129288,0.148083835203898,0.0180682359872462,0.302749499129288,0.257917192192164,0.00547014939528854,0.00466010869369593,0.929656112798146,202608260064
3,8,0.160968590537616,0.133475270887942,0.0189683864126963,0.160968590537616,0.139483264311158,0.0030533144256246,0.0026457724555583,0.876808484824824,202608260064
4,9,0.165411760265486,0.0486048438431461,-0.0165477546852838,0.165411760265486,0.157371947487962,0,0,0.951692493635397,202608260064
5,10,0.0732829442414061,0.184728482846289,0.0146175070249211,0.0732829442414061,0.059745497133182,0.00107121395225566,0.000873330224051694,0.849437419699414,202608260064
6,11,0.0536704274938207,0.216154809794424,-0.0114813670459561,0.0536704274938207,0.0420693064473084,0,0,0.823298476347417,202608260064
1,2,0.218069169892064,0.166441441441442,0.102156419749534,0.218069169892064,0.18177342292129,0.0222771656539261,0.0185693220912568,0.218069169894169,202608260065
1,3,0.291740302860947,0.131430812785422,0.102193607502768,0.291740302860947,0.253396637733668,0.0298139940033104,0.0258955165390756,0.291740302860893,202608260065
1,4,0.252979538581958,0.082696213239853,0.101325988319243,0.252979538581958,0.232059088714065,0.0256334017713629,0.0235136165124155,0.252979538581956,202608260065
1,5,0.154498841204548,0.135084809070437,0.12010656384177,0.154498841204548,0.133628394738828,0.0185563249346136,0.0160496473237723,0.154498841204139,202608260065
2,3,0.214497198945975,0.165463102790764,0.127164010744804,0.214497198945975,0.179005826868446,0.0272763241114963,0.0227630988912816,0.214497198940868,202608260065
2,4,0.267930408883036,0.143839822874639,0.102081915810084,0.267930408883036,0.229391346326571,0.0273508494425594,0.0234167081032708,0.267930408883107,202608260065
2,5,0.236881262665677,0.204570228799982,0.109006288114238,0.236881262665677,0.188422408563731,0.0258215471669993,0.0205392273550768,0.236881262666131,202608260065
3,4,0.137114304697763,0.0800694350892439,0.126032929339369,0.137114304697763,0.126135639777958,0.0172809174753899,0.0158972441753116,0.13711430469817,202608260065
3,5,0.283006397261306,0.126511619380289,0.11084559287685,0.283006397261306,0.247202799648797,0.0313700118923707,0.027401340887888,0.283006397261138,202608260065
4,5,0.246582016018809,0.108729002015301,0.10927966784881,0.246582016018809,0.219771399502163,0.0269464008080255,0.0240165455402645,0.246582016019137,202608260065
6,7,0.268278328282957,0.194123671529115,0.105418982030733,0.268278328282957,0.216199154204977,0.0282816282684962,0.0227914947521941,0.268278328282767,202608260065
6,8,0.230788323727553,0.297516804532152,0.12016099430324,0.230788323727553,0.162124919128799,0.0277317544526808,0.019481091483849,0.230788323727539,202608260065
6,9,0.246094077437767,0.182209813210992,0.10354564494204,0.246094077437767,0.2012533215555,0.0254819699647099,0.020838904977192,0.246094077437767,202608260065
6,10,0.17884930999354,0.222303504248031,0.110240892537485,0.17884930999354,0.139090481649634,0.0197165075634012,0.0153334588405243,0.178849309993493,202608260065
7,8,0.291393506172781,0.19340850204814,0.152966261890504,0.291393506172781,0.235035524637348,0.0445733753784179,0.0359525056152486,0.291393506172838,202608260065
7,9,0.295090902050858,0.0411213463351416,0.153285023998586,0.295090902050858,0.282956366867276,0.0452330160026302,0.0433729734858031,0.295090902050933,202608260065
7,10,0.382493448440772,0.0754694063926939,0.129346932399197,0.382493448440772,0.353626894937853,0.0494743542186044,0.0457405540740644,0.38249344844082,202608260065
8,9,0.336636251626799,0.182090219967967,0.126279808930259,0.336636251626799,0.275338082518883,0.0425103615344309,0.0347696404517085,0.336636251626618,202608260065
8,10,0.247644161786688,0.224937588938564,0.148700813971239,0.247644161786688,0.191939681119679,0.0368248884329058,0.0285415868158764,0.247644161786737,202608260065
9,10,0.359191890642824,0.0670639560974986,0.134871991382463,0.359191890642824,0.335103061458176,0.0484449255794294,0.045196017217224,0.359191890642765,202608260065
11,12,0.0965445566097107,0.158394867893857,0.0174028483519288,0.0965445566097107,0.0812523943196445,0.001680150277883,0.00141402309657589,0.344031343985106,202608260065
11,13,0.0499971305024028,0.163449933339144,0.00556719805067254,0.0499971305024028,0.0418251028546366,0.000278343927472198,0.000232848631081512,0.118093332990652,202608260065
11,14,0.0727025656880923,0.182301755080817,0.0228616526902748,0.0727025656880923,0.0594487603642747,0.00166210080645305,0.00135909691231542,0.183057184253654,202608260065
11,15,0.0976832160043559,0.138029638456467,-0.000711185178915645,0.0976832160043559,0.0842000370160097,0,0,0.17303708025817,202608260065
12,13,-0.0601912304785916,0.19175,-0.00856262060907294,0.0601912304785916,0.0486495620343217,0,0,0.0559100992077992,202608260065
12,14,0.0108585428583496,0.21912556404571,0.00940393907162339,0.0108585428583496,0.00847915852979924,0.000102113075446531,7.97374901928678e-05,0.0461794398075209,202608260065
12,15,-0.015952350675804,0.184473501627795,0.00599441780190191,0.015952350675804,0.0130095646874439,9.56250548732215e-05,7.79847661574083e-05,0.00419169496585777,202608260065
13,14,0.0184815548197851,0.221764347650593,-0.00157388075021635,0.0184815548197851,0.0143830048716068,0,0,0.116400044881469,202608260065
13,15,-0.0798203923548522,0.195610139797633,0.00839085125312265,0.0798203923548522,0.0642067142476176,0.000669761039215453,0.00053874898870351,0.0830678918101893,202608260065
14,15,-0.00774540152295771,0.212775350543789,0.0105507365637099,0.00774540152295771,0.00609737099880799,8.1719691048884e-05,6.43317551396276e-05,0.0942525041724778,202608260065
1,6,0.18271866089377,0.211792268148801,-0.00944677503011113,0.18271866089377,0.144020261269967,0,0,0.902273298801169,202608260065
2,7,0.199245807456955,0.152888374451862,0.0174220319695545,0.199245807456955,0.168783439838513,0.00347126682731478,0.00294055048479795,0.955744482880848,202608260065
3,8,0.189971588043152,0.210130440483875,0.0342997426373796,0.189971588043152,0.150052774568223,0.00651597657829441,0.00514677154971479,0.917230574519936,202608260065
4,9,0.125451059619413,0.00902786298795788,0.00197000752910471,0.125451059619413,0.124318504641475,0.000247139531984407,0.000244908390150744,0.956517772458066,202608260065
5,10,0.26864757886925,0.147233029042,0.0281652983039316,0.26864757886925,0.229093782087531,0.00756653919748143,0.00645249471207122,0.940275567339017,202608260065
6,11,0.225300415286276,0.217747461047398,0.00520147868315412,0.225300415286276,0.176241821884765,0.00117189530741733,0.000916718079613849,0.969120787771338,202608260065
1,2,0.133413797812728,0.15594716695598,0.114686810212868,0.133413797812728,0.112608294010995,0.0153008029095262,0.0129146860436338,0.133413797812467,202608260066
1,3,0.218153943189975,0.0913289404894191,0.0890278746223893,0.218153943189975,0.198230174694845,0.0194217819026969,0.017648011139107,0.218153943191255,202608260066
1,4,0.189400514486416,0.0754394735857955,0.108075580610207,0.189400514486416,0.175112239376682,0.0204695705709913,0.0189253569425884,0.189400514486328,202608260066
1,5,0.145486633948469,0.178804263185181,0.102636242829824,0.145486633948469,0.119473003562021,0.0149322014904288,0.0122622602052,0.145486633948735,202608260066
2,3,0.350261702665174,0.147407208561509,0.105918969797111,0.350261702665174,0.298630602809299,0.0370993587056773,0.0316306457994513,0.350261702665128,202608260066
2,4,0.370674990090875,0.172624450145012,0.123745919033639,0.370674990090875,0.30668742374393,0.0458695173115804,0.0379513171072517,0.37067499009086,202608260066
2,5,0.28566651208242,0.245728958203542,0.110926854659445,0.28566651208242,0.215469977674767,0.0316880876668373,0.0239014068970028,0.285666512082392,202608260066
3,4,0.195369367682898,0.0768684808984765,0.138429786057509,0.195369367682898,0.180351621175018,0.0270449397705343,0.0249660363343826,0.195369367683025,202608260066
3,5,0.130171828936639,0.180082523620383,0.127514811658155,0.130171828936639,0.106730157477448,0.0165988362500531,0.0136096759289821,0.130171828937795,202608260066
4,5,0.402119163280519,0.196930814071156,0.0925344070581618,0.402119163280519,0.322929509102074,0.037209858340887,0.0298820906463437,0.402119163280335,202608260066
6,7,0.19201416632876,0.19911350194388,0.0987753315063987,0.19201416632876,0.153781553248206,0.018966262933048,0.0151898239016604,0.19201416632913,202608260066
6,8,0.242623700546444,0.265599734923791,0.110687417313213,0.242623700546444,0.178182909995079,0.0268553907924602,0.0197226061167079,0.242623700546308,202608260066
6,9,0.213479948066378,0.19497129366129,0.0967173683554726,0.213479948066378,0.171857486421132,0.0206472187736431,0.0166216038188382,0.213479948082767,202608260066
6,10,0.292238890022502,0.23330044314048,0.0943731323835744,0.292238890022502,0.22405942747737,0.0275794994557224,0.0211451900111097,0.292238890022485,202608260066
7,8,0.358809955506551,0.134205857814078,0.139974544361018,0.358809955506551,0.310655557635563,0.0502242600342265,0.0434838701332558,0.358809955506518,202608260066
7,9,0.233372142532954,0.0564308231810953,0.141929486521541,0.233372142532954,0.220202760422283,0.033122388358134,0.0312532647173606,0.233372142533037,202608260066
7,10,0.292291415494839,0.0829314524791376,0.142599799784781,0.292291415494839,0.268051263860669,0.0416806973283743,0.0382240565585889,0.29229141549486,202608260066
8,9,0.285919788593628,0.133448455369845,0.144947324302712,0.285919788593628,0.247764234446136,0.0414433083218435,0.0359127628408773,0.285919788593585,202608260066
8,10,0.395493963376457,0.177067406617203,0.149198046430544,0.395493963376457,0.325464872948629,0.0590069267108407,0.0485587232257007,0.395493963376574,202608260066
9,10,0.297324786013382,0.0798731918377531,0.127516682635089,0.297324786013382,0.273576506342017,0.0379138703776142,0.0348855685356313,0.297324786013317,202608260066
11,12,0.0161457989145576,0.166398376783135,0.0132483348006874,0.0161457989145576,0.0134591641833083,0.000213904949644635,0.00017831151323789,0.126012374699852,202608260066
11,13,0.0283918195921989,0.19682884138173,-0.0230137719637041,0.0283918195921989,0.0228034906371473,0,0,0.0501039360202519,202608260066
11,14,-0.054919562421323,0.16940100372349,-0.00406607887508743,0.054919562421323,0.045616133423096,0,0,0.207773276196628,202608260066
11,15,-0.100643705971508,0.167603740474505,-0.0107882834110136,0.100643705971508,0.0837754443954671,0,0,0.00851066320130771,202608260066
12,13,0.0975576205274773,0.245828702274133,0.0278266567482754,0.0975576205274773,0.0735751572762552,0.00271470241959662,0.00204735064672673,0.285957325893614,202608260066
12,14,0.0730515721855153,0.202632225335811,0.00574147616029595,0.0730515721855153,0.0582489695492847,0.000419423860175275,0.000334435070029023,0.0876521715430139,202608260066
12,15,0.057582822241182,0.201599653338566,0.00695447710415249,0.057582822241182,0.0459741452391034,0.000400458418868783,0.000319726140448326,0.00791290437136971,202608260066
13,14,-0.0532865150968056,0.24299057931026,0.0141969860259551,0.0532865150968056,0.0403383939240079,0.000756507910201196,0.000572683614848613,0.0629137807829147,202608260066
13,15,-0.00850712562912009,0.237402573371323,0.00371195372904821,0.00850712562912009,0.00648751211277385,3.15780567024939e-05,2.40813447792563e-05,0.102538176268495,202608260066
14,15,-0.00571189715356211,0.207839143164585,-0.00979358699785929,0.00571189715356211,0.00452474134332153,0,0,0.0343523666092694,202608260066
1,6,0.227132259081949,0.203875858860869,0.0132025290538711,0.227132259081949,0.180825474686607,0.00299872024960082,0.00238735358322997,0.846087687306503,202608260066
2,7,0.18434217025503,0.147697178551296,0.0125422410948678,0.18434217025503,0.157115351820339,0.00231206394328975,0.00197057862223567,0.993788759969716,202608260066
3,8,0.197314324920175,0.145734088850598,0.0169706685498216,0.197314324920175,0.168558901560762,0.00334855600835208,0.00286055724950969,0.7801375353553,202608260066
4,9,0.136778705198857,0.0665848396666469,-0.00374034303518634,0.136778705198857,0.12767131704338,0,0,0.73814569177479,202608260066
5,10,0.157468281017697,0.199403718240451,0.00836263728318409,0.157468281017697,0.126068520277836,0.0013168501177575,0.00105426530791128,0.898299141112366,202608260066
6,11,0.0933467399952934,0.215728527627298,-0.0216998256711564,0.0933467399952934,0.0732091852173005,0,0,0.852559221595766,202608260066
1,2,0.16992727465289,0.173459239261919,0.111993064483519,0.16992727465289,0.140451818861749,0.0190306762277098,0.0157296296066114,0.169927274652925,202608260067
1,3,0.112982914093003,0.0849335191147866,0.100800187163434,0.112982914093003,0.103386877599241,0.0113886988868449,0.0104214166122465,0.112982914092697,202608260067
1,4,0.34033882673355,0.0772641379416767,0.104625848825647,0.34033882673355,0.314042840677901,0.0356082386353225,0.0328569987735428,0.340338826733506,202608260067
1,5,0.260472278728147,0.17111565901091,0.110234324630948,0.260472278728147,0.215901393099507,0.0287129857306813,0.0237997442552049,0.260472278728148,202608260067
2,3,0.112791456589914,0.18764633920231,0.082551104214553,0.112791456589914,0.0916265526675203,0.00931105928746521,0.00756387309807669,0.112791456589434,202608260067
2,4,0.304302380983513,0.206434417026622,0.124879700022137,0.304302380983513,0.241483896365368,0.0380011900532433,0.0301564365382841,0.304302380983547,202608260067
2,5,0.317689678733662,0.269662083430436,0.104612477536738,0.317689678733662,0.232020818081997,0.0332343043801787,0.0242722726196584,0.317689678733662,202608260067
3,4,0.22156123868058,0.0909692371239663,0.101183061368764,0.22156123868058,0.201405981821567,0.0224182444103566,0.0203788738186878,0.221561238679606,202608260067
3,5,0.182197707782021,0.184486183513553,0.0927123936366537,0.182197707782021,0.148584748028399,0.0168919856035828,0.0137756476476119,0.182197707781929,202608260067
4,5,0.336732068762322,0.207633804625387,0.129624198416806,0.336732068762322,0.266815108185824,0.0436486244945489,0.0345856945240808,0.336732068762155,202608260067
6,7,0.227899524364009,0.185146243902845,0.0972652985648086,0.227899524364009,0.185704783440768,0.0221667152800432,0.0180626312062794,0.227899524364003,202608260067
6,8,0.278421250018783,0.285706237264125,0.0767486208000315,0.278421250018783,0.198874562301542,0.0213684469403623,0.0152633483688533,0.278421250018836,202608260067
6,9,0.134735986465894,0.183528748184832,0.0922644014280732,0.134735986465894,0.11000805953436,0.0124313351420966,0.0101498277652015,0.134735986466321,202608260067
6,10,0.126593827602526,0.197329619264554,0.0928809605207489,0.126593827602526,0.101613115800477,0.0117581563037207,0.00943792379705438,0.126593827602546,202608260067
7,8,0.193577600968991,0.20350808461949,0.109239106850615,0.193577600968991,0.154182994170555,0.0211462442361373,0.016842812574745,0.193577600969186,202608260067
7,9,0.338585553055333,0.105446888674878,0.109541745018035,0.338585553055333,0.302882759935385,0.0370892523195775,0.0331783060592006,0.338585553055351,202608260067
7,10,0.261911601208184,0.0879349143055421,0.11618148007291,0.261911601208184,0.238880427000315,0.0304292774766325,0.0277534815693452,0.261911601208137,202608260067
8,9,0.226048637374277,0.196682458149678,0.11236718586499,0.226048637374277,0.181588835714119,0.025400449250363,0.0204046264536955,0.226048637374259,202608260067
8,10,0.304211577697631,0.22030534302897,0.103607063503837,0.304211577697631,0.23719214171957,0.0315184682491211,0.0245747812897507,0.304211577697439,202608260067
9,10,0.217778933293613,0.0803806734066379,0.1123720017004,0.217778933293613,0.200273715981693,0.0244722546623812,0.0225051583528403,0.21777893329149,202608260067
11,12,0.0186259998040729,0.127717961826496,-0.0173119977839796,0.0186259998040729,0.016247125072116,0,0,0.00328029794569394,202608260067
11,13,-0.00253079978013975,0.165803175620729,-0.0136510948324209,0.00253079978013975,0.00211118513973233,0,0,0.0943190082443757,202608260067
11,14,-0.0608651597064121,0.151540265763349,-0.0139061649890167,0.0608651597064121,0.0516416372287737,0,0,0.0322547570638265,202608260067
11,15,-0.122235397590714,0.173903984398925,0.00277174806196915,0.122235397590714,0.100978174915102,0.00033880572637609,0.000279886060622116,0.185806268474356,202608260067
12,13,-0.0910255549334534,0.208820342569956,0.00917305792426912,0.0910255549334534,0.0720175673696293,0.000834982687993308,0.000660621317046563,0.135416264828613,202608260067
12,14,-0.0227019636006655,0.20252534834801,-0.0273935089843017,0.0227019636006655,0.0181042405142569,0,0,0.114969773056811,202608260067
12,15,-0.0465955241956975,0.225954767225605,-0.020691919674255,0.0465955241956975,0.0360670433723037,0,0,0.0944017754276941,202608260067
13,14,-0.00222727430165403,0.227699336486373,-0.0173305726392258,0.00222727430165403,0.00172012542099426,0,0,0.130721606327912,202608260067
13,15,0.117118697501839,0.229687697186613,-0.0377130411506944,0.117118697501839,0.0902179735751458,0,0,0.0411379932291992,202608260067
14,15,-0.103171067710947,0.224646344655633,0.00670418831098396,0.103171067710947,0.0799940644754642,0.000691678266179468,0.000536295272004505,0.140695520515339,202608260067
1,6,0.221824626430819,0.173799435325108,-0.0194605773611188,0.221824626430819,0.183271631615939,0,0,0.910658535518837,202608260067
2,7,0.174646355469176,0.186117034035007,0.0071714052011474,0.174646355469176,0.142141693784229,0.00125245978197309,0.00101935568210412,0.90305277951359,202608260067
3,8,0.141647771223162,0.204668549854404,-0.0380967534310953,0.141647771223162,0.112656927296809,0,0,0.677561988910892,202608260067
4,9,0.231190927976715,0.0865169428922585,-0.00347066606880034,0.231190927976715,0.211188995663746,0,0,0.96212186037758,202608260067
5,10,0.189222840591448,0.197931095873391,0.016676005147001,0.189222840591448,0.151769756388907,0.00315548106363315,0.00253091323870051,0.883019295874834,202608260067
6,11,0.262327123476912,0.17373671952336,0.0220709372559185,0.262327123476912,0.216751269602034,0.0057898054827845,0.00478390367152716,0.952206056461469,202608260067
1,2,0.18371897518172,0.127508263916435,0.112018291760627,0.18371897518172,0.160293287607792,0.0205798857638693,0.0179557802585198,0.183718975181641,202608260068
1,3,0.115033867252952,0.0756908900801221,0.12064275876358,0.115033867252952,0.106326851451217,0.0138780030966396,0.0128275646897203,0.115033867253302,202608260068
1,4,0.201262849074738,0.0381690915662745,0.105006856833012,0.201262849074738,0.193580828959515,0.0211339791785952,0.0203273143921677,0.201262849074975,202608260068
1,5,0.238374567700133,0.152820329741659,0.0904914427569916,0.238374567700133,0.201946087662174,0.0215708585477592,0.01827439283168,0.238374567700687,202608260068
2,3,0.311144972037477,0.130850330383028,0.129432836880972,0.311144972037477,0.270431549649355,0.0402723764120614,0.0350027226532335,0.311144972037444,202608260068
2,4,0.254942258183735,0.123698380440499,0.113359942387661,0.254942258183735,0.223406313740563,0.0289002396998883,0.0253253268546699,0.254942258183811,202608260068
2,5,0.319175430178344,0.22056091545723,0.0856562410445841,0.319175430178344,0.248777805106753,0.027339367582865,0.0213093716407666,0.319175430178306,202608260068
3,4,0.307053534781905,0.0604209987863951,0.108660263721804,0.307053534781905,0.288501053529489,0.0333645180661139,0.0313486005605326,0.307053534781867,202608260068
3,5,0.229243271098929,0.16106673632258,0.123756964612225,0.229243271098929,0.192319805599112,0.0283704513889808,0.0238009153757592,0.229243271098949,202608260068
4,5,0.182062759825507,0.149822583957064,0.105316228220634,0.182062759825507,0.154785646706095,0.0191741631642617,0.0163014404937776,0.182062759825333,202608260068
6,7,0.234536088283535,0.175105212816834,0.105465039637696,0.234536088283535,0.193467596631419,0.0247353578472931,0.0204040677473423,0.234536088283393,202608260068
6,8,0.280090890761367,0.258098827470687,0.114584365519583,0.280090890761367,0.207799760270638,0.032094037005706,0.0238106036857324,0.280090890761414,202608260068
6,9,0.245647633203577,0.187021184017292,0.101394231418593,0.245647633203577,0.199706321990799,0.0249072529684732,0.0202490690276911,0.245647633203533,202608260068
6,10,0.20236771861306,0.211686529433008,0.0910354309272922,0.20236771861306,0.159529198590585,0.0184226324697129,0.0145228093391795,0.202367718613357,202608260068
7,8,0.250753827307252,0.149753792842375,0.136132488324805,0.250753827307252,0.213202490598249,0.0341357424683048,0.0290237855621856,0.250753827307262,202608260068
7,9,0.31162275842501,0.087118331051284,0.123223364852174,0.31162275842501,0.284474703793426,0.0383992048576461,0.0350539302167516,0.311622758425096,202608260068
7,10,0.252816082425165,0.0847275204359672,0.111003346586887,0.252816082425165,0.231395602634946,0.0280634312201795,0.0256856862779684,0.252816082425336,202608260068
8,9,0.199417446103905,0.164302704978423,0.12764789633215,0.199417446103905,0.166652620289144,0.0254552174870933,0.0212728563981498,0.19941744610411,202608260068
8,10,0.280492235705282,0.189920697858842,0.118001483526427,0.280492235705282,0.227220954556148,0.0330984999308675,0.0268124097259163,0.28049223570524,202608260068
9,10,0.231354255797246,0.0977355209143422,0.111252472362322,0.231354255797246,0.208742727091152,0.0257387329489886,0.023223144476544,0.231354255797196,202608260068
11,12,-0.112695425031019,0.14840311587147,-0.0141104100030106,0.112695425031019,0.0959710728119559,0,0,0.130738126103306,202608260068
11,13,-0.0365608628686026,0.169532712117975,-0.00828081485009937,0.0365608628686026,0.030362600629115,0,0,0.105768674110048,202608260068
11,14,0.0210827614106851,0.145089054702887,-0.0199960426547769,0.0210827614106851,0.0180238834870823,0,0,0.0498729031648267,202608260068
11,15,-0.0517219137238652,0.17929502303112,-0.000271182287749176,0.0517219137238652,0.0424484320115312,0,0,0.258550599238404,202608260068
12,13,-0.121453142863753,0.195866271431138,-0.0062919093629867,0.121453142863753,0.0976645686174361,0,0,0.0210533120600562,202608260068
12,14,-0.0703254180785126,0.189339439356092,-0.0117743985219586,0.0703254180785126,0.0570100428470442,0,0,0.160345632520665,202608260068
12,15,-0.00296602546070128,0.212734804831201,-0.028108670344808,0.00296602546070128,0.00233504861319462,0,0,0.0214073327647213,202608260068
13,14,0.102156331187019,0.194603439105521,-0.0112610173239231,0.102156331187019,0.0822763578116223,0,0,0.0186833974434105,202608260068
13,15,0.0958724261658107,0.212730620725324,-0.0114489194054649,0.0958724261658107,0.075477425437115,0,0,0.104576052524029,202608260068
14,15,-0.00175604606676001,0.20903372472015,-0.00874684420411245,0.00175604606676001,0.00138897321664499,0,0,0.103047679004292,202608260068
1,6,0.135783287125728,0.17862116017542,-0.00601392092126912,0.135783287125728,0.111529518846898,0,0,0.924438053869078,202608260068
2,7,0.267162882902976,0.124388802141423,0.0229570256982079,0.267162882902976,0.233930811922026,0.00613326516841093,0.00537035566089658,0.881075163908615,202608260068
3,8,0.222619473681017,0.159677980852916,0.034989767904374,0.222619473681017,0.187072045625093,0.00778940371509267,0.00654560745781847,0.949883768628274,202608260068
4,9,0.27858701248268,0.0707204910406825,0.00454528839498303,0.27858701248268,0.258885202162348,0.00126625831483052,0.00117670790502135,0.686286073421655,202608260068
5,10,0.109004981907266,0.184218848829854,-0.00396304816110391,0.109004981907266,0.0889242096235908,0,0,0.929656035826482,202608260068
6,11,0.200915494738766,0.199218936492899,0.0274584031990501,0.200915494738766,0.160889323551965,0.00551681866347368,0.00441776391651228,0.938801293867192,202608260068
1,2,0.203990934743323,0.16892941267275,0.114318690529353,0.203990934743323,0.169530865946568,0.0233199765397153,0.0193805465993189,0.203990934742982,202608260069
1,3,0.235483190311252,0.0808680519188298,0.126953886376499,0.235483190311252,0.21644012345115,0.02989550618635,0.0274779148399326,0.235483190311481,202608260069
1,4,0.211639784004893,0.0758779621192585,0.116532817141333,0.211639784004893,0.195580988491242,0.0246629802492735,0.0227916035681711,0.211639784006053,202608260069
1,5,0.203356075890588,0.202264217307834,0.0935532326734426,0.203356075890588,0.162224418365786,0.0190246182833504,0.0151766187566882,0.203356075890814,202608260069
2,3,0.330422567570202,0.154544082190689,0.15429031349653,0.330422567570202,0.279357715129974,0.0509810015367348,0.043102189445078,0.330422567570206,202608260069
2,4,0.336366858570253,0.174561317410982,0.125161034261042,0.336366858570253,0.277650216604836,0.0421000239097904,0.0347509882730635,0.336366858570294,202608260069
2,5,0.326451423422038,0.281260231442281,0.0858564941314852,0.326451423422038,0.234633620515694,0.0280279747192492,0.0201448200628548,0.326451423422026,202608260069
3,4,0.358929989861735,0.0471823310196795,0.133338456114861,0.358929989861735,0.341994836267188,0.0478591707014866,0.0456010634671217,0.358929989861809,202608260069
3,5,0.305350565385022,0.188456369206443,0.126095987444481,0.305350565385022,0.247805306497426,0.0385034810589548,0.0312472548167752,0.305350565385135,202608260069
4,5,0.205430593124417,0.205032024505709,0.114719800698854,0.205430593124417,0.163310742720709,0.0235669567006806,0.0187349758569017,0.205430593124403,202608260069
6,7,0.1669662969429,0.212481870399993,0.0713505430953861,0.1669662969429,0.131488985874712,0.0119131359655014,0.00938181055322223,0.166966296942973,202608260069
6,8,0.218474894138597,0.282510513344332,0.0846437130839127,0.218474894138597,0.156753439642654,0.0184925262555056,0.0132681931700292,0.218474894137435,202608260069
6,9,0.176934085766294,0.214755820416621,0.0722861375247663,0.176934085766294,0.138936461017889,0.0127898816565211,0.0100431801283435,0.17693408576623,202608260069
6,10,0.217712419076472,0.242614924165957,0.0802391618549227,0.217712419076472,0.164892137032247,0.0174690620321038,0.0132308068719345,0.217712419076841,202608260069
7,8,0.275996209104702,0.144561015329061,0.130469699665817,0.275996209104702,0.236097916889555,0.0360091425107946,0.0308036243083053,0.275996209104746,202608260069
7,9,0.241143261377853,0.06691187706376,0.0980501989325765,0.241143261377853,0.225007913117784,0.0236441447493488,0.0220620706426026,0.241143261378035,202608260069
7,10,0.197104072474637,0.0834159736617039,0.112774872385024,0.197104072474637,0.180662444356478,0.0222283866198957,0.0203741841070683,0.197104072474726,202608260069
8,9,0.216709335619094,0.148553647413636,0.125263841992251,0.216709335619094,0.184516373384291,0.0271458439752359,0.0231132298405931,0.216709335617907,202608260069
8,10,0.354361652673138,0.182705956907478,0.118532998816476,0.354361652673138,0.289617667830177,0.0420035493569095,0.0343292506781449,0.354361652673173,202608260069
9,10,0.231945875363262,0.084743993361887,0.105905503373279,0.231945875363262,0.212289855641161,0.0245643446857022,0.0224826640227179,0.231945875363313,202608260069
11,12,0.055781674122274,0.170593238275032,-0.00920044817586341,0.055781674122274,0.0462656976973527,0,0,0.155669609866965,202608260069
11,13,-0.0131801566865543,0.128191683585942,-0.00620697058427954,0.0131801566865543,0.0114905702109784,0,0,0.124515446690993,202608260069
11,14,-0.0513730978024616,0.148877268003256,-0.00117286239985527,0.0513730978024616,0.043724811352767,0,0,0.102643366665875,202608260069
11,15,-0.0399711548646841,0.15209161624892,-0.00042574825494246,0.0399711548646841,0.0338918773179784,0,0,0.0493625118717895,202608260069
12,13,-0.0136561502437271,0.220623036893878,-0.0314265759968486,0.0136561502437271,0.0106432889046769,0,0,0.08446594358478,202608260069
12,14,0.0498713484089163,0.227185065868082,-0.0101893964050385,0.0498713484089163,0.0385413228357065,0,0,0.172760170379135,202608260069
12,15,0.0171718789317907,0.23176806340943,0.00409463848201208,0.0171718789317907,0.0131919858066684,7.03126362825624e-05,5.40164127381414e-05,0.00116700372404665,202608260069
13,14,-0.0920963146810579,0.206829590488772,-0.00472380915988002,0.0920963146810579,0.0730480716300497,0,0,0.0696786979521585,202608260069
13,15,-0.00796427847792372,0.203938988000457,-0.0159667642192735,0.00796427847792372,0.00634005158498213,0,0,0.174903783610969,202608260069
14,15,-0.01243426673163,0.212227138829184,-0.0388296762746284,0.01243426673163,0.00979537787973726,0,0,0.0376801089325362,202608260069
1,6,0.0892592591648065,0.225520657087865,-0.0284248972964483,0.0892592591648065,0.0691294523867833,0,0,0.738145691774496,202608260069
2,7,0.271911901355776,0.158002588762962,-0.00686822633520507,0.271911901355776,0.228949117026104,0,0,0.942191527929555,202608260069
3,8,0.215035360714137,0.143893728362739,0.0178202838773264,0.215035360714137,0.184093120931154,0.00383199117158922,0.00328059167485614,0.952007163231491,202608260069
4,9,0.190056851505129,0.0581742395947793,-0.00230738840010819,0.190056851505129,0.179000438689041,0,0,0.940499447619358,202608260069
5,10,0.204074797503189,0.22368301262156,-0.000269817282670692,0.204074797503189,0.158426731997541,0,0,0.942277182697972,202608260069
6,11,0.0780505011856107,0.20750195563877,0.0293755144853719,0.0780505011856107,0.0618548695510104,0.00229277362816844,0.00181701861648649,0.870312859859151,202608260069
1,2,0.301160865886566,0.16054069452226,0.115350981200897,0.301160865886566,0.252812291314211,0.0347392013793271,0.0291621458627413,0.301160865886623,202608260070
1,3,0.247030958818882,0.0829048439218467,0.121367966639261,0.247030958818882,0.226550895734138,0.0299816451687948,0.0274960215555557,0.247030958819168,202608260070
1,4,0.367301412597824,0.0588079736042286,0.127479926187362,0.367301412597824,0.345701160820975,0.0468235569664845,0.0440699584643434,0.367301412597761,202608260070
1,5,0.163755373647937,0.147171934871474,0.147668311963193,0.163755373647937,0.139655178462569,0.0241814796014927,0.020622644460486,0.163755373648391,202608260070
2,3,0.215644743974827,0.164861162005943,0.113292654036956,0.215644743974827,0.180093300902663,0.0244309653740279,0.0204032480335387,0.215644743977562,202608260070
2,4,0.315927659559077,0.177541671846953,0.139157688232941,0.315927659559077,0.259837334698264,0.0439637627530849,0.0361583628132194,0.315927659559079,202608260070
2,5,0.355539221718892,0.237192224097578,0.102459027896611,0.355539221718892,0.271208082965466,0.0364282030364352,0.027787716538345,0.355539221719009,202608260070
3,4,0.287790063132362,0.0650500100644715,0.125869580231668,0.287790063132362,0.269069316629147,0.0362240144413158,0.0338676419373326,0.287790063132398,202608260070
3,5,0.222055454766229,0.146293199363904,0.115899037513456,0.222055454766229,0.189570251852271,0.0257360134820187,0.0219710097308616,0.222055454766433,202608260070
4,5,0.279132023345524,0.158270273248031,0.132312353764641,0.279132023345524,0.234953721738352,0.0369326150199331,0.0310872799489639,0.279132023345389,202608260070
6,7,0.266553025757447,0.210045284504824,0.0575521985726528,0.266553025757447,0.210564819626603,0.0153407126685341,0.0121184683115651,0.266553025757492,202608260070
6,8,0.179501125967476,0.277548514056105,0.0861763278137539,0.179501125967476,0.129680855183805,0.0154687478743111,0.0111754198874875,0.179501125967554,202608260070
6,9,0.261818433069325,0.220441750542663,0.0800598667437682,0.261818433069325,0.204102719359186,0.0209611488625923,0.0163404365139371,0.261818433069122,202608260070
6,10,0.196588961330019,0.222311855338344,0.113899740122816,0.196588961330019,0.152884904597704,0.0223914316065035,0.0174135509023801,0.196588961330055,202608260070
7,8,0.134260190009412,0.160226667252359,0.0879372290797302,0.134260190009412,0.112748127219536,0.0118064690851458,0.00991475789161488,0.134260190009391,202608260070
7,9,0.190612125104964,0.117787833689231,0.113450935817532,0.190612125104964,0.16816033581395,0.0216251239713266,0.019077947465483,0.19061212510465,202608260070
7,10,0.299380607306542,0.0667881091206948,0.09456742108297,0.299380607306542,0.279385542637133,0.0283116519552331,0.0264207702550598,0.299380607306586,202608260070
8,9,0.195016460738115,0.169630252854995,0.0906960432321044,0.195016460738115,0.161935769192222,0.017687221354076,0.0146869335234818,0.195016460737655,202608260070
8,10,0.261131713440388,0.168928088062799,0.089617344090646,0.261131713440388,0.217019232356341,0.0234019306163672,0.019448687220366,0.261131713440372,202608260070
9,10,0.192266498044628,0.102244262117625,0.109087516465688,0.192266498044628,0.172608351822115,0.0209738747712435,0.0188294164215102,0.192266498044821,202608260070
11,12,0.0537188862177118,0.132682075437595,0.0141599989119727,0.0537188862177118,0.0465913529041497,0.000760659370395186,0.000659733506430098,0.197112358450709,202608260070
11,13,0.0584621012319891,0.176113593974389,0.0213963720084386,0.0584621012319891,0.0481661304727289,0.00125087686635463,0.0010305804458015,0.149030050542911,202608260070
11,14,-0.00472493908473719,0.158424261686009,0.0154499442682063,0.00472493908473719,0.00397639409872633,7.30000455298595e-05,6.14350672137464e-05,0.072561817749805,202608260070
11,15,0.0300354243376561,0.186078068863973,0.0193233557563605,0.0300354243376561,0.0244464905793951,0.000580385189769779,0.000472388234460168,0.13086804266293,202608260070
12,13,0.208195235912036,0.232916213200109,0.00594573562028413,0.208195235912036,0.159703189957101,0.00123787383013565,0.00094955294520094,0.300489213769039,202608260070
12,14,0.0473281921172972,0.198116889559449,0.0237981441143161,0.0473281921172972,0.0379516779065463,0.00112632313667748,0.000903179500200093,0.0323260140205413,202608260070
12,15,-0.0178972286833374,0.231319682796135,0.0436197507662375,0.0178972286833374,0.0137572474213779,0.000780672654573532,0.000600087703749966,0.105852742379746,202608260070
13,14,-0.0635785051462016,0.23733747339021,0.0341553310143977,0.0635785051462016,0.0484889433728756,0.0021715448886691,0.00165615591143895,0.145655769335061,202608260070
13,15,0.037629776058442,0.247822204448177,0.0230647933169427,0.037629776058442,0.0283042820027476,0.000867923007350801,0.000652832414377834,0.0905861492200237,202608260070
14,15,0.00908908150394822,0.244157360333685,0.0292460197542509,0.00908908150394822,0.00686991535608651,0.000265819457212466,0.000200917680214138,0.131379475723606,202608260070
1,6,0.13338996191923,0.213160229131626,-0.00343326208340947,0.13338996191923,0.104956527072668,0,0,0.893516265683387,202608260070
2,7,0.166696869214838,0.167338343489648,-0.0221802338002869,0.166696869214838,0.138802091255516,0,0,0.937872859715063,202608260070
3,8,0.138231562086406,0.159397937687105,-0.0387298003257256,0.138231562086406,0.116197736166565,0,0,0.940499447619358,202608260070
4,9,0.132450111116808,0.103537911391089,-0.0111366480735218,0.132450111116808,0.118736503248256,0,0,0.902273298801171,202608260070
5,10,0.218935151279742,0.157809878667533,0.00899425817351555,0.218935151279742,0.184385021620228,0.00196915927386769,0.00165840648778158,0.935539951238994,202608260070
6,11,0.0657465973769603,0.209595745364568,0.00389803632328617,0.0657465973769603,0.0519663902945521,0.000256282624707863,0.00020256687695823,0.928025406218719,202608260070
1,2,0.353172396761634,0.19518420546884,0.14987556337311,0.353172396761634,0.284238723106188,0.0529319119324815,0.0426004387579935,0.353172396761748,202608260071
1,3,0.374291141987353,0.0835818847209515,0.137444806242721,0.374291141987353,0.343007182905693,0.0514443734888187,0.0471445557943347,0.374291141987244,202608260071
1,4,0.231301334579911,0.0854146383075087,0.125903001707835,0.231301334579911,0.211544814746724,0.029121532322639,0.0266341271723404,0.23130133457984,202608260071
1,5,0.308519277269021,0.192142043022258,0.163727351646054,0.308519277269021,0.249239753022801,0.0505130441990115,0.0408073646873398,0.308519277268988,202608260071
2,3,0.302936015113958,0.193047564769042,0.146869710424719,0.302936015113958,0.244454955115371,0.0444921248170053,0.0359030284696822,0.302936015113847,202608260071
2,4,0.224846492451692,0.224074682498677,0.146576797725222,0.224846492451692,0.174464086044638,0.0329572788433172,0.0255723870504805,0.224846492451674,202608260071
2,5,0.32535114177818,0.303526987869821,0.169147777605626,0.32535114177818,0.226598289714242,0.0550324225732321,0.0383285971143998,0.325351141778061,202608260071
3,4,0.291242229629623,0.0784550797649033,0.135336826194562,0.291242229629623,0.268392797273123,0.039415799011901,0.0363234293564249,0.291242229629642,202608260071
3,5,0.384580552909856,0.185406434500753,0.140854013441784,0.384580552909856,0.313276843816512,0.0541697143690136,0.0441263007699306,0.384580552910056,202608260071
4,5,0.287615849552281,0.221412422817103,0.143462226107659,0.287615849552281,0.223934127462311,0.0412620100406157,0.0321260884272193,0.287615849552392,202608260071
6,7,0.342665333693138,0.214770759002579,0.129470899082956,0.342665333693138,0.26907083989199,0.0443651888378117,0.0348368435578221,0.342665333693075,202608260071
6,8,0.156693434559757,0.293957734668953,0.0946563677356546,0.156693434559757,0.110632187499073,0.0148320313634511,0.0104720410233121,0.156693434559312,202608260071
6,9,0.321130340208258,0.211997059285654,0.115332806901869,0.321130340208258,0.253051652436706,0.0370368635175706,0.0291851573666815,0.321130340208189,202608260071
6,10,0.274725337019533,0.25153766575923,0.133437784691544,0.274725337019533,0.205621567020722,0.0366587403705244,0.027437686388049,0.274725337019442,202608260071
7,8,0.305033670121114,0.169680108684615,0.143368609779125,0.305033670121114,0.253275523822496,0.0437322532210883,0.036311759741511,0.305033670121151,202608260071
7,9,0.320585572090271,0.0779736672171714,0.139610922114979,0.320585572090271,0.295588339377478,0.0447572473362807,0.0412673606269249,0.320585572090278,202608260071
7,10,0.290833289480657,0.0902589069482935,0.158350343420376,0.290833289480657,0.264582994667956,0.0460535512673397,0.0418968080688625,0.290833289480758,202608260071
8,9,0.322695196774178,0.165321328188271,0.134652671469702,0.322695196774178,0.269346798243495,0.0434517703160841,0.0362682659352973,0.322695196774258,202608260071
8,10,0.325845906760732,0.206808281796182,0.137288808601306,0.325845906760732,0.258458274653226,0.044734996326793,0.0354834286002905,0.325845906760622,202608260071
9,10,0.344787553472901,0.0846466457492903,0.142998673740059,0.344787553472901,0.315602443575316,0.0493041628687045,0.045130730860392,0.344787553473042,202608260071
11,12,0.0203193215199559,0.18812788485253,0.0174501840990542,0.0203193215199559,0.0164966905407681,0.000354575901291105,0.00028787028696153,0.0966558280540608,202608260071
11,13,-0.0388620605161919,0.159617106832452,0.0144978902193823,0.0388620605161919,0.0326590108510497,0.000563417887062742,0.000473486753992134,0.173423512597836,202608260071
11,14,0.08376060219308,0.158175369572063,-0.00306495474249617,0.08376060219308,0.0705117379856111,0,0,0.0319857412613103,202608260071
11,15,0.0416588215601739,0.136198705750323,0.00133263775106352,0.0416588215601739,0.0359849439805946,5.55161182759065e-05,4.79548948184462e-05,0.300012971938651,202608260071
12,13,-0.0169722864410245,0.2301907415222,-0.00134446619231822,0.0169722864410245,0.0130654232398379,0,0,0.00572754043667943,202608260071
12,14,0.00480019655216646,0.231251763740683,0.0195371823025394,0.00480019655216646,0.00369014263317603,9.37823151276973e-05,7.20949893467328e-05,0.00879137367497244,202608260071
12,15,-0.0225484131870058,0.221613207279176,0.00712226011518987,0.0225484131870058,0.0175513870215774,0.000160595663902632,0.000125005543750042,0.0144871670757945,202608260071
13,14,0.0618151197087341,0.19955346908795,0.00700190320468834,0.0618151197087341,0.0494796981287693,0.000432823484786779,0.000346452056894841,0.0857126542647801,202608260071
13,15,-0.00818072850130417,0.193921151114096,0.00590537209479856,0.00818072850130417,0.00659431221337937,4.83102458067249e-05,3.89418673292799e-05,0.0632938965022466,202608260071
14,15,0.042905703170149,0.196380407956403,0.0341416053128467,0.042905703170149,0.0344798636779388,0.00146486958330538,0.00117719789693295,0.0436054731978875,202608260071
1,6,0.15436018559517,0.223418917501504,-0.00927791003862395,0.15436018559517,0.119873200024166,0,0,0.869518209146857,202608260071
2,7,0.220141968566534,0.199660163878913,0.0204559995254352,0.220141968566534,0.176188387045913,0.00450322400452539,0.00360410956179839,0.889247144450968,202608260071
3,8,0.16199853911393,0.170618578107627,-0.0228015539598849,0.16199853911393,0.134358578714798,0,0,0.923696432343877,202608260071
4,9,0.233455973264968,0.0796632486918571,-0.0336936029128418,0.233455973264968,0.214858112008161,0,0,0.931358723433714,202608260071
5,10,0.158835369396488,0.22147784607529,0.0137911317944306,0.158835369396488,0.123656853901981,0.00219051951296404,0.00170536796944687,0.974836073837312,202608260071
6,11,0.110502395466612,0.229200932118232,-0.0329651606188585,0.110502395466612,0.0851751434243671,0,0,0.951692493635397,202608260071
1,2,0.259044240662803,0.176624095819535,0.130736555582078,0.259044240662803,0.213290785878477,0.0338665517676297,0.0278849026831466,0.259044240662898,202608260072
1,3,0.229587158653887,0.0998649718073004,0.138580845812033,0.229587158653887,0.206659443527599,0.0318163826338371,0.0286390404790986,0.229587158653904,202608260072
1,4,0.308918582158081,0.049610428764304,0.116390563778635,0.308918582158081,0.293592998843957,0.0359552079390756,0.0341714546569084,0.308918582157978,202608260072
1,5,0.230258648324135,0.155875071641012,0.135058601379535,0.230258648324135,0.194367065020648,0.0310984109981999,0.0262509439559339,0.230258648324141,202608260072
2,3,0.293343247639577,0.184928566198835,0.141966231109904,0.293343247639577,0.23909570144948,0.0416448352889298,0.0339435156093614,0.293343247639747,202608260072
2,4,0.290348226412183,0.182420866245546,0.125505178265584,0.290348226412183,0.237382651437214,0.0364402059149572,0.0297927519857846,0.290348226412262,202608260072
2,5,0.335790233558735,0.261808558056608,0.105145276341423,0.335790233558735,0.247877476701231,0.0353067569002842,0.0260631457865656,0.335790233558751,202608260072
3,4,0.251427167986695,0.0825495497139794,0.130688940431271,0.251427167986695,0.230671968483533,0.0328587501798165,0.0301462751483085,0.251427167986841,202608260072
3,5,0.336845033591411,0.160754596293724,0.104438641979199,0.336845033591411,0.282695646202878,0.0351796378657247,0.0295243493828607,0.33684503359144,202608260072
4,5,0.217540464623194,0.159565398248566,0.109435915616315,0.217540464623194,0.182828533750416,0.0238067399296379,0.0200080079917652,0.21754046462185,202608260072
6,7,0.177448612986915,0.189000245293853,0.0888631200462765,0.177448612986915,0.143910781605334,0.0157686373979015,0.0127883610617483,0.177448612986954,202608260072
6,8,0.207458837842139,0.274941362226133,0.0866941792867284,0.207458837842139,0.150419822359971,0.0179854736825027,0.0130405230479532,0.207458837841168,202608260072
6,9,0.237226155344956,0.191684412609299,0.104079621341555,0.237226155344956,0.191753599102096,0.024690408420616,0.0199576419854265,0.237226155344341,202608260072
6,10,0.161058096678979,0.223276474769012,0.097871843315625,0.161058096678979,0.12509761261949,0.0157630528028778,0.0122435339414535,0.161058096678819,202608260072
7,8,0.15509094324548,0.152588733675155,0.0939523828611668,0.15509094324548,0.131425812611166,0.0145711636780988,0.0123477682642843,0.155090943244667,202608260072
7,9,0.28742397500999,0.035026148249204,0.0805097481878757,0.28742397500999,0.277356620250914,0.0231404318512125,0.0223299116546414,0.287423975010016,202608260072
7,10,0.117752687900329,0.0729956161512284,0.0723929970912327,0.117752687900329,0.109157257893581,0.00852446999265331,0.00790222105317693,0.117752687899805,202608260072
8,9,0.198687850046468,0.155757192781941,0.0928679921066231,0.198687850046468,0.167740788283351,0.0184517416897973,0.015577750202257,0.198687850046463,202608260072
8,10,0.148554375757554,0.186067212043893,0.0783839947873353,0.148554375757554,0.120913277223425,0.0116442854150159,0.00947766569160056,0.148554375758189,202608260072
9,10,0.195838749219947,0.0758332860412765,0.0800395474454355,0.195838749219947,0.180987653332385,0.0156748448598447,0.0144861698659355,0.195838749219843,202608260072
11,12,-0.0568583699333146,0.166359620398832,0.0175464395500061,0.0568583699333146,0.047399433094712,0.000997661950946791,0.000831691287500924,0.194552380548772,202608260072
11,13,-0.0482914627565874,0.173326433203171,0.0219721320100967,0.0482914627565874,0.0399212757628244,0.00106106639464841,0.000877155541072251,0.0699662717319388,202608260072
11,14,0.0510803269408088,0.179893109336695,0.00396755030732524,0.0510803269408088,0.0418913281014918,0.00020266376685228,0.000166205951683336,0.165263607055911,202608260072
11,15,0.0863204790271687,0.155313033961805,0.0186281495477294,0.0863204790271687,0.0729137835364228,0.00160799079234974,0.00135824886380726,0.0750759432997185,202608260072
12,13,0.0287023031264251,0.221720902961009,0.0263683220056702,0.0287023031264251,0.0223384025601735,0.000756831571141931,0.000589026191798943,0.0521738218949674,202608260072
12,14,0.0507338446830114,0.221219025482024,0.0199619576429143,0.0507338446830114,0.0395105530032792,0.00101274685862447,0.000788707985499582,0.000689933147890805,202608260072
12,15,0.145206576133108,0.194866167801975,0.0103493294768194,0.145206576133108,0.116910727102404,0.0015027906986024,0.0012099476341573,0.0690357311425577,202608260072
13,14,0.0586980588746507,0.223567163402484,0.00751474576600566,0.0586980588746507,0.0455751003548131,0.000441100989401032,0.000342485292426614,0.113660235556904,202608260072
13,15,0.0204989430983932,0.212446983708733,0.0253770030804346,0.0204989430983932,0.0161440044679226,0.000520201742153577,0.000409686451113021,0.0737500560493428,202608260072
14,15,-0.0269832109015719,0.218565560579084,0.045994519161587,0.0269832109015719,0.0210856102846462,0.00124107981085349,0.000969822506270915,0.0422078114338878,202608260072
1,6,0.166276219489272,0.199455529015034,0.00350020184097807,0.166276219489272,0.133111508168419,0.000582000329567224,0.000465917145946469,0.90393222550027,202608260072
2,7,0.136895119654084,0.169443974820047,0.00520983213465805,0.136895119654084,0.11369906644643,0.000713200593451706,0.000592353050053233,0.83501728922488,202608260072
3,8,0.199870973331203,0.173386507147445,-0.00838935960246964,0.199870973331203,0.165216043385145,0,0,0.923088399630539,202608260072
4,9,0.264474328213469,0.0362141463605516,-0.0186618337478046,0.264474328213469,0.254896616182938,0,0,0.871291562904363,202608260072
5,10,-0.024594134567268,0.173945833999964,-0.0192917075789838,0.024594134567268,0.0203160873184572,0,0,0.817384231217398,202608260072
6,11,0.130978887249122,0.21434912341849,0.0367304191845638,0.130978887249122,0.102903677580944,0.00481090943298798,0.00377969521318127,0.908496971529586,202608260072
1,2,0.232933105746542,0.153108475664805,0.107678147968468,0.232933105746542,0.19726907299382,0.0250818054273309,0.021241568431431,0.23293310574657,202608260073
1,3,0.15066242520254,0.0882205372267484,0.111771711761031,0.15066242520254,0.137370905111287,0.0168397971629562,0.0153541812104507,0.150662425202953,202608260073
1,4,0.228280496333749,0.0799652895777561,0.117518935595528,0.228280496333749,0.210025980339467,0.0268272809463611,0.0246820296569015,0.228280496333762,202608260073
1,5,0.251885145527533,0.174005606078732,0.0966125210117256,0.251885145527533,0.208055718117785,0.0243352589148203,0.0201007874382641,0.251885145527639,202608260073
2,3,0.214071864814328,0.155037089158259,0.103750383249811,0.214071864814328,0.180882786022835,0.0222100380174884,0.0187666583731627,0.214071864798044,202608260073
2,4,0.232921904832294,0.17442799898163,0.113005725651289,0.232921904832294,0.192293803053407,0.0263215088756539,0.0217303007522964,0.232921904832379,202608260073
2,5,0.233311906340715,0.242930294052976,0.0985586797623972,0.233311906340715,0.176633376327304,0.0229949134617889,0.0174087523727938,0.233311906340609,202608260073
3,4,0.250804322326346,0.0801507879733754,0.106759522889201,0.250804322326346,0.230702158264761,0.02677574979011,0.0246296523458548,0.250804322326451,202608260073
3,5,0.198907479508835,0.177317829332948,0.0957303895556651,0.198907479508835,0.16363763700424,0.0190414904989162,0.0156650947363845,0.198907479508499,202608260073
4,5,0.321780918991684,0.199161906442265,0.102305280227152,0.321780918991684,0.257694417708556,0.0329198870891947,0.0263634996166466,0.321780918991646,202608260073
6,7,0.261229931712026,0.211057971014493,0.105270369722923,0.261229931712026,0.206095272356632,0.0274997714940189,0.0216957255191291,0.261229931712126,202608260073
6,8,0.166968352078638,0.306222990201327,0.111009049503173,0.166968352078638,0.11583880403613,0.0185349980613608,0.0128591555316351,0.166968352078549,202608260073
6,9,0.388778493426461,0.206403449713058,0.107521980515798,0.388778493426461,0.308533271208994,0.0418022335951613,0.0331741083754089,0.388778493426239,202608260073
6,10,0.180615917185372,0.240746092913723,0.076327467220298,0.180615917185372,0.137133340804965,0.0137859554984306,0.0104670405751009,0.180615917185472,202608260073
7,8,0.292821536192684,0.186893302654541,0.132937663092771,0.292821536192684,0.238095152205257,0.0389270107246906,0.0316518131278845,0.292821536192625,202608260073
7,9,0.329396946828412,0.0557269508905929,0.143348584025027,0.329396946828412,0.311040659348994,0.0472185859100201,0.0445872380918892,0.329396946828491,202608260073
7,10,0.189991463316585,0.0796532963985557,0.130729401694202,0.189991463316585,0.174858016975833,0.024837470326383,0.0228590839406853,0.189991463316594,202608260073
8,9,0.269116525487238,0.185974365271013,0.138603471165908,0.269116525487238,0.219067750475808,0.0373004845806398,0.0303635506364541,0.269116525487275,202608260073
8,10,0.242723383184441,0.219738665608513,0.108035531678663,0.242723383184441,0.189387670851509,0.026222749753175,0.0204605977138264,0.242723383184583,202608260073
9,10,0.347300930777066,0.0741447609862029,0.124117782577099,0.347300930777066,0.321550386274315,0.0431062214150121,0.0399101209311777,0.347300930776911,202608260073
11,12,-0.0527528834105188,0.185058198931484,-0.0131248100929784,0.0527528834105188,0.0429905298181256,0,0,0.067096186720806,202608260073
11,13,-0.0825191667709711,0.129145988449397,-0.0139266793727157,0.0825191667709711,0.0718621474123134,0,0,0.164919666050464,202608260073
11,14,-0.0140860555187592,0.138751049148754,-0.0140839696668871,0.0140860555187592,0.0121316005371638,0,0,0.0166620551480966,202608260073
11,15,-0.0192404225491244,0.158904739159456,-0.00203487483705408,0.0192404225491244,0.0161830282226381,0,0,0.0946829313227961,202608260073
12,13,0.0696059242582775,0.222201128633814,-0.0211823701808451,0.0696059242582775,0.0541394093284884,0,0,0.00969642607320162,202608260073
12,14,0.0571562716375932,0.216592489834451,0.00124212655070383,0.0571562716375932,0.0447766524539526,7.09953225402948e-05,5.56182688646924e-05,0.0639141689384968,202608260073
12,15,0.00887332090514097,0.230072676792422,0.0110933836341527,0.00887332090514097,0.00683181221245703,9.84351529096755e-05,7.57879137892751e-05,0.141035085604259,202608260073
13,14,0.016752444108087,0.168009460539075,0.00918016840660291,0.016752444108087,0.0139378750107763,0.000153790258134442,0.000127952039829109,0.0467708969807733,202608260073
13,15,0.0552396817640561,0.185307565385998,0.000481077263670794,0.0552396817640561,0.0450033508236616,2.65745549490976e-05,2.16500888702639e-05,0.00691309186478927,202608260073
14,15,0.0079280416402487,0.193077977902761,0.0209451082237425,0.0079280416402487,0.00639731139162059,0.000166053690157346,0.000133992379438474,0.0572339963852792,202608260073
1,6,0.199315321475023,0.219369931826336,-0.0226131169504567,0.199315321475023,0.155591532991103,0,0,0.952020343916511,202608260073
2,7,0.19844903258261,0.147752061805261,0.0162936135290499,0.19844903258261,0.16912777885527,0.00323345184211489,0.0027557026656944,0.983442929452518,202608260073
3,8,0.129612904841919,0.20009002126211,0.0148437609594621,0.129612904841919,0.103678655956255,0.00192394297673495,0.00153898118561297,0.772046489158144,202608260073
4,9,0.186314206982543,0.0728765757105314,0.0128654391235692,0.186314206982543,0.172736265571432,0.00239701408778998,0.00222232790914194,0.850353572648656,202608260073
5,10,0.201750170462453,0.198140482534487,-0.00455148070946779,0.201750170462453,0.161775294335608,0,0,0.891947592168224,202608260073
6,11,0.172652845490598,0.228333333333333,-0.0108696296787109,0.172652845490598,0.133230445770245,0,0,0.96212186037758,202608260073
1,2,0.244589868627592,0.187630111092207,0.111267568804553,0.244589868627592,0.198697444404969,0.0272149200364172,0.0221085815666187,0.244589868627726,202608260074
1,3,0.287751815003273,0.0973047569685985,0.11990922716241,0.287751815003273,0.259752194577106,0.0345040977516233,0.0311466849054808,0.287751815003358,202608260074
1,4,0.32251405987984,0.0405757131491409,0.110298297057641,0.32251405987984,0.30942782189959,0.0355727515818924,0.0341293618177799,0.322514059879948,202608260074
1,5,0.218962203123698,0.150058580005009,0.11763212168996,0.218962203123698,0.186105045848188,0.0257569885233486,0.0218919314003296,0.218962203124409,202608260074
2,3,0.301500002575534,0.195641825163241,0.12751378107979,0.301500002575534,0.242513991784934,0.0384454053239728,0.0309238760572502,0.301500002575523,202608260074
2,4,0.243034099887686,0.180405220156824,0.10384697515901,0.243034099887686,0.199189479591833,0.0252383561338288,0.0206852249391091,0.243034099887864,202608260074
2,5,0.24210316231798,0.263032375381634,0.0887105439603052,0.24210316231798,0.178422192446077,0.0214771032237381,0.0158279297464817,0.242103162317739,202608260074
3,4,0.266971129109258,0.0742740487492928,0.128362828125307,0.266971129109258,0.247142102451143,0.0342691691602709,0.0317238592194632,0.266971129109392,202608260074
3,5,0.174195984535861,0.164099709457636,0.114491534771055,0.174195984535861,0.145610474084839,0.0199439656204657,0.0166711666567142,0.174195984535844,202608260074
4,5,0.197086525617037,0.141836794185944,0.104894940754656,0.197086525617037,0.16913240464627,0.02067337942814,0.017741133565063,0.197086525617007,202608260074
6,7,0.224299294962358,0.239848827896432,0.0959598499684613,0.224299294962358,0.17050137196764,0.0215237266926195,0.0163612860734316,0.224299294962384,202608260074
6,8,0.230064364540738,0.319626155194391,0.114667297271798,0.230064364540738,0.156529776255341,0.0263808588804401,0.0179488463857592,0.230064364540733,202608260074
6,9,0.209017533086399,0.232306277870372,0.0788423924051869,0.209017533086399,0.16046144796545,0.016479442363162,0.0126511644463965,0.209017533086523,202608260074
6,10,0.083292649376683,0.244667811169479,0.0818782600054371,0.083292649376683,0.0629136191671831,0.00681985720220577,0.00515125766805368,0.0832926493769481,202608260074
7,8,0.312408328666371,0.188126351133802,0.138081897089175,0.312408328666371,0.253636089730557,0.0431379346887109,0.0350225524402755,0.31240832866635,202608260074
7,9,0.176833869494154,0.10903096645408,0.113945380558578,0.176833869494154,0.157553501801392,0.0201494025551574,0.0179524937210962,0.176833869494184,202608260074
7,10,0.284207225150984,0.0937023345655574,0.0955314955228189,0.284207225150984,0.257576344653938,0.027150741257064,0.0246066534160917,0.284207225150811,202608260074
8,9,0.31563166312453,0.181375,0.114891210864352,0.31563166312453,0.258383970225318,0.0362633039635064,0.0296860472071254,0.315631663124482,202608260074
8,10,0.243753119777886,0.203307155322862,0.104062953437656,0.243753119777886,0.194196366394771,0.0253656695537296,0.0202086474339011,0.243753119777486,202608260074
9,10,0.241771898951854,0.0744232249178565,0.0923987582148789,0.241771898951854,0.223778454537343,0.0223394232344045,0.0206768513144952,0.241771898951911,202608260074
11,12,-0.0895328156937055,0.152835387358465,0.0205159410910904,0.0895328156937055,0.0758490331258639,0.00183684997249151,0.00155611429542639,0.112408351657429,202608260074
11,13,-0.0569895252541797,0.175297443812463,0.00319120610371402,0.0569895252541797,0.0469994071530362,0.000181865320838903,0.000149984794977709,0.0459761296322896,202608260074
11,14,0.0164114435217244,0.152945515973383,-0.0111105066738943,0.0164114435217244,0.0139013868244263,0,0,0.163885625583484,202608260074
11,15,-0.0348660910039762,0.149144086400615,0.0176887329940738,0.0348660910039762,0.0296660197148275,0.000616736974316413,0.000524754301732512,0.060328893500839,202608260074
12,13,0.0783377290213924,0.233305097056527,-0.0163759177226013,0.0783377290213924,0.0600611375488686,0,0,0.111501185133814,202608260074
12,14,-0.122086135852417,0.214264696049023,0.024489592858679,0.122086135852417,0.0959273870621995,0.00298983976071508,0.00234922265315018,0.062941577459418,202608260074
12,15,0.0904782662231079,0.194016565631901,0.000250352755914406,0.0904782662231079,0.0729239837461717,2.26514832993123e-05,1.82567203031114e-05,0.0211407539155059,202608260074
13,14,0.0342004698949148,0.22288115988451,0.0100521803015982,0.0342004698949148,0.0265778294961409,0.000343789289783064,0.000267165134120343,0.0674499034571268,202608260074
13,15,0.0585280795900969,0.218432520832918,0.0237670336085692,0.0585280795900969,0.0457436436257224,0.00139103883466284,0.00108719071543095,0.119690510034893,202608260074
14,15,0.116102085871913,0.209262773774886,0.00119499777727687,0.116102085871913,0.0918062413413065,0.000138741734554144,0.000109708254343005,0.0607609862306767,202608260074
1,6,0.042038346181975,0.231433734100475,0.000265698900810431,0.042038346181975,0.0323092547496721,1.11695423724392e-05,8.58453347299208e-06,0.935615988444487,202608260074
2,7,0.137105124936877,0.206329757916668,-0.00386921358733735,0.137105124936877,0.108816257699517,0,0,0.879980606907862,202608260074
3,8,0.195175001540532,0.19300624333008,0.0221047416568111,0.195175001540532,0.157505007701252,0.00431429298692117,0.0034816075048902,0.902273298801169,202608260074
4,9,0.217820089860744,0.056252617877256,-0.0186852796820252,0.217820089860744,0.205567139579818,0,0,0.978800374716124,202608260074
5,10,0.0600792323794992,0.167137711798052,-0.0173032722413958,0.0600792323794992,0.0500377269530063,0,0,0.768440970771707,202608260074
6,11,0.174880504583425,0.235678341085395,0.0208539562799701,0.174880504583425,0.133664957375026,0.00364695039680186,0.00278744317726288,0.983442929452518,202608260074
1,2,0.221262683848085,0.170896918616815,0.0958818183533592,0.221262683848085,0.183449572973561,0.0212150684610989,0.0175894786328523,0.221262683847957,202608260075
1,3,0.20755284272924,0.08289179352302,0.127602574589535,0.20755284272924,0.190348415344612,0.0264842770956279,0.0242889478670107,0.207552842729303,202608260075
1,4,0.308029483187494,0.0736080631204024,0.108624129299004,0.308029483187494,0.285356029546084,0.0334594344096638,0.0309965502496643,0.308029483187611,202608260075
1,5,0.230840095874013,0.122151424736132,0.116558252603763,0.230840095874013,0.202642649276777,0.0269063182059599,0.0236196731026982,0.230840095874034,202608260075
2,3,0.295769916205508,0.160653134826899,0.127225424308363,0.295769916205508,0.248253551979604,0.0376294530868947,0.0315841634866634,0.29576991620538,202608260075
2,4,0.258918590172634,0.181645551637794,0.109190927353757,0.258918590172634,0.211887180031446,0.0282715609700773,0.023136157682006,0.258918590172788,202608260075
2,5,0.199202754218526,0.213023804921273,0.126941531826838,0.199202754218526,0.156767825564098,0.0252871027646248,0.0199003479182692,0.199202754218534,202608260075
3,4,0.257762468463615,0.060087791843858,0.137646872597669,0.257762468463615,0.242274090913414,0.0354801976570718,0.0333482709256747,0.257762468463592,202608260075
3,5,0.340125721893552,0.111034092924721,0.107757805354183,0.340125721893552,0.302360170882735,0.0366512013357562,0.0325816684408392,0.340125721893578,202608260075
4,5,0.289729997509731,0.134063123359886,0.130091165090328,0.289729997509731,0.250887889112524,0.0376913129376588,0.0326382978017014,0.289729997509748,202608260075
6,7,0.176096885147551,0.168702192144099,0.0855498877304217,0.176096885147551,0.146388954593412,0.01506506875405,0.0125235586304402,0.176096885147545,202608260075
6,8,0.331529908318981,0.252497462065744,0.0890786829542541,0.331529908318981,0.24781944786955,0.0295322475929995,0.0220754300266699,0.331529908318888,202608260075
6,9,0.217482060275675,0.168330128130865,0.100665224501729,0.217482060275675,0.180873277203306,0.0218928804227493,0.0182076490560342,0.217482060277146,202608260075
6,10,0.240387720607074,0.188893908322683,0.0819489036532932,0.240387720607074,0.194979944548822,0.0196995101554638,0.0159783926901559,0.240387720607036,202608260075
7,8,0.295254408861766,0.147543287681948,0.126867851569229,0.295254408861766,0.251691602675711,0.037458292518635,0.0319315728894835,0.295254408861755,202608260075
7,9,0.269133035274534,0.0541837216107592,0.115983239255207,0.269133035274534,0.25455040581496,0.0312149212217263,0.0295235806201465,0.269133035274531,202608260075
7,10,0.225473671104618,0.0609225071649238,0.121925186729186,0.225473671104618,0.211737249761246,0.0274909194519456,0.0258161037146641,0.225473671104598,202608260075
8,9,0.214804762788644,0.150074099744249,0.133318328159697,0.214804762788644,0.182568131392361,0.0286374118557223,0.0243396780524695,0.214804762770315,202608260075
8,10,0.204013685215459,0.169499290625561,0.117529955034741,0.204013685215459,0.169433510293532,0.0239777192498447,0.0199135128461771,0.204013685215357,202608260075
9,10,0.343246165608971,0.0584202682563337,0.110484584192055,0.343246165608971,0.323193632536137,0.0379234098828244,0.0357079141042749,0.343246165608978,202608260075
11,12,0.183947901558978,0.183290066878661,0.026522806275698,0.183947901558978,0.150232078380044,0.00487881455786994,0.00398457631126937,0.127349551585833,202608260075
11,13,-0.0526820738277722,0.130736621199682,0.0248736869929546,0.0526820738277722,0.045794597497737,0.00131039741453173,0.00113908048412705,0.0316707755536222,202608260075
11,14,0.152587866261109,0.153880457861883,0.0209820722026672,0.152587866261109,0.129107575536682,0.00320160962714152,0.00270894447182197,0.29748249099346,202608260075
11,15,0.141698566979841,0.177595599235381,0.0235241204956843,0.141698566979841,0.116533525066261,0.00333333416369957,0.00274134868544558,0.0558134442002382,202608260075
12,13,-0.0141525005113025,0.204037387244774,-0.0103707663795936,0.0141525005113025,0.011264861283996,0,0,0.088638588291126,202608260075
12,14,0.0436212253388898,0.214603960657516,0.0351993629130673,0.0436212253388898,0.03425993761243,0.00153543934141627,0.00120592797739897,0.129779819371651,202608260075
12,15,0.0338724839895141,0.229219548421041,0.0362323498241517,0.0338724839895141,0.0261082485055388,0.00122727968932105,0.000945963193148566,0.0815325133095569,202608260075
13,14,-0.0627152686370274,0.190836856354107,0.011502893887985,0.0627152686370274,0.0507468839249338,0.000721407080288202,0.000583736020934406,0.00841090158063246,202608260075
13,15,-0.0583902673516821,0.213893140516582,0.0102838823133538,0.0583902673516821,0.045900989692228,0.000600478637689961,0.000472040376061337,0.110557050185178,202608260075
14,15,0.0535550302647923,0.227791163100709,0.0214485876155874,0.0535550302647923,0.0413556676308816,0.00114867975888983,0.000887020660582077,0.0581049290308364,202608260075
1,6,0.168421945240671,0.179852488890138,-0.0260349205561185,0.168421945240671,0.138130839205418,0,0,0.891152194849145,202608260075
2,7,0.195832869010925,0.161586468764887,-0.0023229509709059,0.195832869010925,0.164188927239353,0,0,0.908167492232542,202608260075
3,8,0.283954648976312,0.149331182837481,0.00370338506255023,0.283954648976312,0.241551365372477,0.00105159340546057,0.000894557718359046,0.952166178001319,202608260075
4,9,0.235948313899406,0.0595697113131619,-0.00216062341753847,0.235948313899406,0.221892940955591,0,0,0.73814569177479,202608260075
5,10,0.113587587916356,0.130166544506882,-0.00815431265639239,0.113587587916356,0.0988022840984126,0,0,0.897521306381091,202608260075
6,11,-0.00406982156445048,0.182364357208909,-0.0384479768106208,0.00406982156445048,0.00332763117089451,0,0,0.904862300800068,202608260075
1,2,0.275426853408302,0.177374356645474,0.153204080058616,0.275426853408302,0.226573192482117,0.0421965176998581,0.0347119375201664,0.275426853408399,202608260076
1,3,0.29608031436412,0.0768939232969683,0.148474711399863,0.29608031436412,0.273313537381663,0.0439604392263934,0.0405801485844181,0.296080314364067,202608260076
1,4,0.240706453285708,0.0566724088429513,0.148831977588469,0.240706453285708,0.227065038753964,0.0358248174608183,0.0337945387589547,0.240706453285532,202608260076
1,5,0.281999003977184,0.158875797630759,0.145546991310551,0.281999003977184,0.237196187289229,0.0410441065814512,0.0345231914102813,0.281999003977165,202608260076
2,3,0.247123728739294,0.184188822571894,0.18051140555774,0.247123728739294,0.201606300113228,0.0446086516213998,0.0363922366027343,0.247123728739341,202608260076
2,4,0.433940959782357,0.20041301288297,0.144908123192302,0.433940959782357,0.346973544619047,0.0628815700583275,0.0502792851481265,0.433940959782316,202608260076
2,5,0.415774972144721,0.275997842167423,0.155461574384086,0.415774972144721,0.301021977005558,0.0646370317591176,0.046797350469494,0.415774972144257,202608260076
3,4,0.344303122291232,0.0646738641833047,0.154452899892432,0.344303122291232,0.322035708922281,0.0531786156798992,0.0497393491119613,0.344303122291252,202608260076
3,5,0.352056512480438,0.161490475396745,0.149674744229601,0.352056512480438,0.295202738913452,0.0526939684598748,0.0441843944427486,0.352056512480508,202608260076
4,5,0.331937283185904,0.179601672131409,0.161366711681451,0.331937283185904,0.272320792082959,0.053563627872184,0.0439435107409152,0.33193728318601,202608260076
6,7,0.216606229246996,0.197156044077937,0.0978563784583551,0.216606229246996,0.17390100196602,0.0211963011456313,0.017017322262674,0.216606229246897,202608260076
6,8,0.278865350342478,0.275311813566472,0.103268119102013,0.278865350342478,0.20209042499884,0.0287979002125916,0.0208694980781567,0.278865350342532,202608260076
6,9,0.234246675740561,0.205249972950825,0.0736322490890136,0.234246675740561,0.18616755188099,0.0172481095764024,0.0137079355523929,0.234246675740613,202608260076
6,10,0.167694552290409,0.228881819153014,0.0671444001071981,0.167694552290409,0.12931231810013,0.0112597501147847,0.0086825980253044,0.167694552290588,202608260076
7,8,0.269599544080906,0.14265814962134,0.118679133684037,0.269599544080906,0.231138971983567,0.0319958403331333,0.0274313729556287,0.269599544080936,202608260076
7,9,0.153132437911972,0.072794023985548,0.111549939021418,0.153132437911972,0.141985311553643,0.0170819141112815,0.0158384528457458,0.153132437912564,202608260076
7,10,0.297636997090729,0.0786832197258653,0.101544844882241,0.297636997090729,0.274217959850093,0.030223502700794,0.0278454201969022,0.297636997090688,202608260076
8,9,0.255730207059062,0.151071240552864,0.107517462543835,0.255730207059062,0.217096727431809,0.0274954629587999,0.0233416892600387,0.255730207059075,202608260076
8,10,0.269852331741276,0.179511885716132,0.102473246267755,0.269852331741276,0.221410630805504,0.0276526444464517,0.0226886660968314,0.269852331741338,202608260076
9,10,0.126695876770851,0.0928816327552668,0.11598838406443,0.126695876770851,0.114928156873015,0.0146952500142772,0.0133303311992043,0.126695876770287,202608260076
11,12,0.0583841660374872,0.193342337293828,-0.0357626566061383,0.0583841660374872,0.0470960349148485,0,0,0.188835402481098,202608260076
11,13,-0.102167950783128,0.154577583563324,0.0253708532579643,0.102167950783128,0.0863750758334556,0.00259208808698567,0.00219140937411614,0.29470659112985,202608260076
11,14,0.0125835315888385,0.158616869624046,0.0028342644212829,0.0125835315888385,0.0105875711994017,3.56650558763345e-05,3.00079763582637e-05,0.0745396558772251,202608260076
11,15,-0.00859159623170825,0.174541117322571,-0.00897215624598214,0.00859159623170825,0.0070920094258415,0,0,0.00444276552396895,202608260076
12,13,-0.0389315426883789,0.216047777697303,-0.0230448691148203,0.0389315426883789,0.0305204694082269,0,0,0.172727303920421,202608260076
12,14,-0.0683778133347494,0.224484709790492,0.000321929116376804,0.0683778133347494,0.0530280397521898,2.20128090266339e-05,1.70712699806165e-05,0.188835402481098,202608260076
12,15,-0.141606717980089,0.238754065902984,0.00728159564479987,0.141606717980089,0.107797538303165,0.00103112286091822,0.000784938085428477,0.232337686873591,202608260076
13,14,0.0741189690956336,0.181497860199715,-0.00828635303626309,0.0741189690956336,0.0606665348045673,0,0,0.039283783631156,202608260076
13,15,0.0707315277930137,0.196781235485369,-0.017746234117857,0.0707315277930137,0.0568128903661367,0,0,0.183541672168868,202608260076
14,15,0.0468545780907558,0.206163638230161,-0.0202708957854626,0.0468545780907558,0.0371948678038264,0,0,0.040565566622913,202608260076
1,6,0.20593907096023,0.199189252929864,-0.00087421823797957,0.20593907096023,0.164918221266591,0,0,0.94575680167045,202608260076
2,7,0.24101687044485,0.176624129541069,0.047241046368873,0.24101687044485,0.198447475497816,0.0113858891523658,0.00937486639177813,0.924300878607881,202608260076
3,8,0.204275616173073,0.152569427351202,0.0240952213321066,0.204275616173073,0.173109402391733,0.00492206618444264,0.00417110936529751,0.865598250881045,202608260076
4,9,0.247872577141541,0.0697704702212301,0.00534047326029538,0.247872577141541,0.230578390879427,0.0013237568701849,0.00123139773089352,0.912168166815149,202608260076
5,10,0.195140815314764,0.191596826245995,0.0325953737270203,0.195140815314764,0.157752454429399,0.00636068780458017,0.005142000208481,0.929656035826482,202608260076
6,11,0.128793472233825,0.226299432146948,0.0202911819845041,0.128793472233825,0.0996475826030768,0.00261337178351272,0.00202196723291494,0.932360051335142,202608260076
1,2,0.222335390162601,0.200241505633974,0.122129146705081,0.222335390162601,0.177814616880725,0.0271536314828997,0.0217163474313338,0.222335390162164,202608260077
1,3,0.223345163526799,0.0815504610332196,0.122419877143339,0.223345163526799,0.205131262471649,0.0273418874795097,0.0251121439500373,0.223345163526931,202608260077
1,4,0.22623246901054,0.0634950819647475,0.107682081085413,0.22623246901054,0.211867819847629,0.0243611830721461,0.0228143677562219,0.226232469010517,202608260077
1,5,0.248385422822191,0.202441823552497,0.103900943933619,0.248385422822191,0.198101824882209,0.0258074798905767,0.0205829666002339,0.248385422821924,202608260077
2,3,0.279952890197515,0.191081642058489,0.118592838321308,0.279952890197515,0.226459032239554,0.0332004078447768,0.0268564193967853,0.27995289019762,202608260077
2,4,0.275689299419479,0.190007666388167,0.0978889624918108,0.275689299419479,0.223306218988595,0.026986939490267,0.0218592140947627,0.275689299419465,202608260077
2,5,0.303010152780067,0.305321950790391,0.10221617469794,0.303010152780067,0.210494501823963,0.030972538711817,0.0215159427713941,0.303010152779996,202608260077
3,4,0.338923831359714,0.0405032640841119,0.11716987931775,0.338923831359714,0.325196309913753,0.039711664418327,0.0381032123871719,0.338923831359731,202608260077
3,5,0.2936592304425,0.194021284288133,0.124525121423422,0.2936592304425,0.236683089408981,0.036567951327961,0.029472990447524,0.293659230442553,202608260077
4,5,0.230957928856847,0.192960640098648,0.119721903707299,0.230957928856847,0.186392139068772,0.0276507229190366,0.0223152217253889,0.2309579288568,202608260077
6,7,0.142199385102151,0.17023844859998,0.0934263920743189,0.142199385102151,0.11799158239049,0.0132851755052807,0.0110235278378832,0.142199385103038,202608260077
6,8,0.171852207464536,0.237571453082827,0.103710087870168,0.171852207464536,0.131025028821695,0.0178228075368294,0.0135886172522893,0.171852207464503,202608260077
6,9,0.20989273836471,0.174987373737374,0.0736847937580541,0.20989273836471,0.173164159311723,0.0154659031377168,0.0127595653651712,0.209892738366512,202608260077
6,10,0.196894887778916,0.180976952184382,0.0882791531145225,0.196894887778916,0.161261451088002,0.0173817139457017,0.0142360243320678,0.196894887779064,202608260077
7,8,0.246459020349481,0.161459222051917,0.117943684331512,0.246459020349481,0.206665938656176,0.029068284896753,0.0243749422309397,0.246459020349465,202608260077
7,9,0.232109593870135,0.101904918572134,0.0992213205783038,0.232109593870135,0.208456484606988,0.0230302204226886,0.0206833276858162,0.23210959387018,202608260077
7,10,0.299430306103734,0.0644142302187689,0.0916300408981858,0.299430306103734,0.280142733431892,0.0274368111944414,0.0256694901216938,0.299430306103751,202608260077
8,9,0.324625510326901,0.163888464519608,0.117626885412578,0.324625510326901,0.271423133895531,0.038184687705222,0.0319266578690524,0.324625510326931,202608260077
8,10,0.300818709587831,0.178881402208358,0.127048218158369,0.300818709587831,0.247007837006251,0.0382184810418338,0.031381905562797,0.300818709587786,202608260077
9,10,0.277224105748821,0.0852949925632127,0.117698768284053,0.277224105748821,0.253578277710632,0.0326289357852842,0.0298458509501328,0.277224105748807,202608260077
11,12,-0.0605405343062181,0.199417145496163,0.00925060248756395,0.0605405343062181,0.0484677137680595,0.000560036417251552,0.000448355553549349,0.0516218332433474,202608260077
11,13,-0.0283648703459184,0.19607003189796,0.00531390058180688,0.0283648703459184,0.0228033693124126,0.000150728101034052,0.000121174837456387,0.0158644596581364,202608260077
11,14,0.0584120261102194,0.147872159932134,0.0013710815866319,0.0584120261102194,0.0497745136432891,8.00876534375839e-05,6.82449191398721e-05,0.016657911395793,202608260077
11,15,-0.0558502710882839,0.1702390321681,-0.00517498936514774,0.0558502710882839,0.0463423749918884,0,0,0.119821543116719,202608260077
12,13,-0.0878652756571389,0.23349151992058,0.0142136832320126,0.0878652756571389,0.0673494788957129,0.00124888919528404,0.000957284158864779,0.00403754421857135,202608260077
12,14,0.0411200703680154,0.216216120790937,0.00244157488553024,0.0411200703680154,0.0322292482663927,0.000100397731101783,7.86901231467436e-05,0.0321155191971304,202608260077
12,15,-0.0352096551561942,0.230336888806041,-0.018364012094826,0.0352096551561942,0.0270995727315829,0,0,0.181164200756344,202608260077
13,14,0.162231649514554,0.202106797697359,-0.00413577950319745,0.162231649514554,0.129443530346007,0,0,0.300510511205853,202608260077
13,15,-0.0216715170230497,0.224252884491517,-0.00734328492853835,0.0216715170230497,0.0168116168193238,0,0,0.0622232264317756,202608260077
14,15,-0.00689583819791152,0.183678052776241,0.0321695329917649,0.00689583819791152,0.00562922406545911,0.000221835894413587,0.000181089509291824,0.218550946705126,202608260077
1,6,0.179676468759563,0.172075158422877,-0.0350158122540911,0.179676468759563,0.148758611932898,0,0,0.842655471882066,202608260077
2,7,0.193292675275736,0.198393127318701,-0.0339144488764969,0.193292675275736,0.154944736939985,0,0,0.965919811070019,202608260077
3,8,0.0754284990063571,0.161515349866683,-0.00885587164494838,0.0754284990063571,0.0632456385994266,0,0,0.88775223703632,202608260077
4,9,0.181452218740734,0.0756540910567309,-0.050862667760275,0.181452218740734,0.167724616061677,0,0,0.85293089187448,202608260077
5,10,0.16996886854044,0.213576101928375,-0.0321299148180136,0.16996886854044,0.133667580148396,0,0,0.884094517024971,202608260077
6,11,0.153290930496908,0.196503899591084,0.013849411688557,0.153290930496908,0.12316866488232,0.00212298920457365,0.00170581354708515,0.830562315707831,202608260077
1,2,0.284495685539867,0.172323527741496,0.093191445588098,0.284495685539867,0.235470385380402,0.0265125641990372,0.0219438256067862,0.28449568554002,202608260078
1,3,0.163566738610992,0.106297039638735,0.107860058205252,0.163566738610992,0.146180078513281,0.0176423179470249,0.0157669917768908,0.163566738611158,202608260078
1,4,0.150286945130822,0.0769774919614148,0.114659130833164,0.150286945130822,0.138718233020108,0.0172317705042714,0.0159053120287979,0.150286945130928,202608260078
1,5,0.277558595176995,0.179235089384591,0.127114461698289,0.277558595176995,0.227810355560985,0.035281711415657,0.0289579907164304,0.277558595176839,202608260078
2,3,0.144837420926405,0.189937983575824,0.0938408205425073,0.144837420926405,0.117327293249321,0.0135916624249944,0.0110100894705477,0.144837420926486,202608260078
2,4,0.220839052272733,0.195274044864145,0.11228636480764,0.220839052272733,0.177714917271472,0.0247972143872697,0.0199549620325042,0.220839052273246,202608260078
2,5,0.326455140811733,0.274270857446608,0.13247292875902,0.326455140811733,0.236918009423446,0.0432464686117687,0.0313852225840811,0.326455140811669,202608260078
3,4,0.148140852687628,0.101732270722561,0.0949625695264066,0.148140852687628,0.133070147356939,0.0140678360230501,0.0126366831202725,0.148140852688586,202608260078
3,5,0.243375379514064,0.19104901258471,0.111234817030816,0.243375379514064,0.196878753570473,0.0270718158100523,0.0218997721306666,0.243375379514191,202608260078
4,5,0.435941197934352,0.208751002435006,0.121870052381085,0.435941197934352,0.344938035862839,0.0531281766273325,0.0420376164988328,0.435941197934465,202608260078
6,7,0.132648532851093,0.224882706171536,0.0857404259389745,0.132648532851093,0.102818171813856,0.0113733417068328,0.00881567384558663,0.132648532851133,202608260078
6,8,0.215693208534943,0.280421576706675,0.0870593077995333,0.215693208534943,0.155208178912653,0.0187781014321125,0.0135123166209617,0.215693208518421,202608260078
6,9,0.210938826732972,0.207500443700718,0.0687203403967288,0.210938826732972,0.167168926592171,0.0144957879759764,0.0114879055391698,0.210938826732909,202608260078
6,10,0.258612698980309,0.242493300732288,0.0680549051933101,0.258612698980309,0.195900851993288,0.017599862710891,0.0133320139096919,0.258612698980358,202608260078
7,8,0.203177246558984,0.166094322564838,0.0830081827963366,0.203177246558984,0.169430659431181,0.0168653740224245,0.0140641311493673,0.203177246558956,202608260078
7,9,0.193197745796474,0.101318008153508,0.0954058851594856,0.193197745796474,0.173623335012627,0.0184322019485298,0.0165646879612216,0.193197745796356,202608260078
7,10,0.17298933621103,0.105441181905356,0.0958791754879598,0.17298933621103,0.154749136143916,0.016586074924123,0.0148372195809527,0.172989336211053,202608260078
8,9,0.165902043594481,0.15385039841092,0.0920523117406303,0.165902043594481,0.140377948090284,0.0152716666353668,0.0129221146391169,0.165902043593438,202608260078
8,10,0.30759810707018,0.189359359603707,0.0853762120474073,0.30759810707018,0.249351526500058,0.0262615612146048,0.0212886888008137,0.307598107070106,202608260078
9,10,0.258230438991811,0.0878133704735375,0.101339123473039,0.258230438991811,0.235554353785079,0.0261688463414881,0.0238708717428379,0.258230438991773,202608260078
11,12,0.104258495811821,0.150923442001697,0.00173287803618068,0.104258495811821,0.0885234447659812,0.000180667257477539,0.000153400333122022,0.183785908643275,202608260078
11,13,-0.123628071952332,0.131713969962572,0.00302871016051494,0.123628071952332,0.107344527796672,0.000374433597646901,0.000325115462013459,0.069897322378534,202608260078
11,14,-0.0694827678138814,0.131738557007829,0.000899515520737923,0.0694827678138814,0.0603292082451706,6.25008280724157e-05,5.42670591703612e-05,0.119694070402152,202608260078
11,15,0.0377283575207836,0.159020979020979,0.00276135486429681,0.0377283575207836,0.0317287571709751,0.000104181383561945,8.76143579521644e-05,0.182445875798254,202608260078
12,13,-0.0676934828435402,0.180797147418761,-0.00414141480160646,0.0676934828435402,0.0554546942465873,0,0,0.0404971331549232,202608260078
12,14,0.0341680818157001,0.180925034548857,-0.00856168262462961,0.0341680818157001,0.0279862204327264,0,0,0.033367275961416,202608260078
12,15,0.00327983782916527,0.203898098167978,0.0297823540035413,0.00327983782916527,0.00261108513349909,9.76812913024065e-05,7.77642617792536e-05,0.0609506535259061,202608260078
13,14,-0.111905256636394,0.177565089916636,-0.00508440127636687,0.111905256636394,0.0920347896796082,0,0,0.0866633422645071,202608260078
13,15,0.118936048343813,0.188516180405017,-0.0196789396175944,0.118936048343813,0.0965146787975706,0,0,0.132767734787467,202608260078
14,15,0.0666175567891253,0.199563318777293,0.00334701616493292,0.0666175567891253,0.0533231360674527,0.000222970039441539,0.000178473398382682,0.170677720091135,202608260078
1,6,0.256482472432287,0.208292168904755,0.00345277472762797,0.256482472432287,0.203059181963312,0.000885576198893738,0.000701117611695732,0.830756483270302,202608260078
2,7,0.0671980633710297,0.193311861740261,-0.0319289364847272,0.0671980633710297,0.0542078806354359,0,0,0.718110994703653,202608260078
3,8,0.221938147292314,0.16562996181279,-0.0204904723789355,0.221938147292314,0.185178540431487,0,0,0.922415350227239,202608260078
4,9,0.200059177877304,0.0728843599959137,-0.0173094305275905,0.200059177877304,0.185477992736408,0,0,0.759436273716898,202608260078
5,10,0.20236771861306,0.211686529433008,-0.0188278791361522,0.20236771861306,0.159529198590585,0,0,0.883019295874834,202608260078
6,11,0.135074607795016,0.216717576896825,0.0325472769179237,0.135074607795016,0.105801566093391,0.00439631066448431,0.0034435528699916,0.933555743113767,202608260078
1,2,0.232273819571049,0.128101324808776,0.145312963215659,0.232273819571049,0.202519235565603,0.0337523969992885,0.0294286702282078,0.232273819571031,202608260079
1,3,0.219336957286369,0.0725175917503722,0.138008554883813,0.219336957286369,0.203431169362108,0.0302703765077044,0.0280752417019887,0.219336957287324,202608260079
1,4,0.373517131051699,0.0810194122530394,0.123291638622232,0.373517131051699,0.343254992627449,0.0460515391408391,0.0423204705063005,0.373517131051818,202608260079
1,5,0.26338000314485,0.163619315339972,0.137363875774166,0.26338000314485,0.22028594735605,0.0361788980333887,0.030259331507411,0.263380003144993,202608260079
2,3,0.299016686653358,0.122725813463532,0.143286569179513,0.299016686653358,0.262319620544655,0.0428450751579852,0.0375868784563153,0.299016686653313,202608260079
2,4,0.280344954398332,0.158215774473455,0.149217389615817,0.280344954398332,0.235989960318475,0.0418323422872846,0.0352138058542632,0.280344954398351,202608260079
2,5,0.307764201885174,0.224271581113321,0.158413576554395,0.307764201885174,0.238741437718307,0.0487540279560393,0.0378198850206953,0.307764201885009,202608260079
3,4,0.29680151856753,0.0811284033579653,0.148937006698714,0.29680151856753,0.272722485251926,0.0442047297590807,0.0406184706128561,0.296801518567501,202608260079
3,5,0.394548886323222,0.156387828734937,0.147326377382538,0.394548886323222,0.332846242661346,0.058127458122315,0.0490370311566852,0.394548886323331,202608260079
4,5,0.409700473099594,0.199775370350487,0.150217165946356,0.409700473099594,0.327852409353353,0.0615440439559023,0.0492490597817453,0.409700473099978,202608260079
6,7,0.281380197406498,0.187204864008383,0.09013174814015,0.281380197406498,0.228704455816363,0.0253612890842682,0.0206135324101705,0.281380197406515,202608260079
6,8,0.209162963036908,0.288825027326474,0.0989994647659588,0.209162963036908,0.148751464522087,0.0207070213895159,0.0147263153708391,0.209162963036033,202608260079
6,9,0.263766106941383,0.19032543662364,0.0861212101751585,0.263766106941383,0.213564707471247,0.0227158563329822,0.0183924510581275,0.263766106941237,202608260079
6,10,0.170383807042204,0.228011011305813,0.0640009244685405,0.170383807042204,0.131534422888377,0.0109047211651705,0.00841832466429208,0.170383807042143,202608260079
7,8,0.242120662385306,0.189920681099074,0.107917235090245,0.242120662385306,0.19613694127693,0.026128992442841,0.0211665564016641,0.242120662385491,202608260079
7,9,0.246642307591749,0.0659465400682924,0.101794668745915,0.246642307591749,0.230377100771614,0.0251068720000303,0.0234511606596908,0.246642307591693,202608260079
7,10,0.137306664342106,0.0992963722380409,0.119444788936634,0.137306664342106,0.123672610688829,0.0164005655419362,0.0147720488809697,0.13730666434201,202608260079
8,9,0.247470393507495,0.192525636321804,0.106215455216331,0.247470393507495,0.199825998526657,0.026285180498963,0.0212246093975667,0.247470393507569,202608260079
8,10,0.18711001065776,0.230507592858831,0.110989379982143,0.18711001065776,0.14397973250125,0.020767224071357,0.0159802212403085,0.187110010657706,202608260079
9,10,0.25375029862334,0.0990321215635726,0.0863698231275681,0.25375029862334,0.228620868203281,0.0219163684106655,0.0197459439499884,0.2537502986233,202608260079
11,12,0.0396652371356252,0.160213805532627,-0.043957601727864,0.0396652371356252,0.0333103185467726,0,0,0.0502357785510573,202608260079
11,13,-0.176122274445563,0.160856731020515,-0.0245244604179161,0.176122274445563,0.147791821118352,0,0,0.141102310802855,202608260079
11,14,-0.133055556092456,0.170927245580101,-0.0080190956289816,0.133055556092456,0.110312736380444,0,0,0.224836513847486,202608260079
11,15,-0.0267195935344746,0.144873005412852,-0.0372612317769732,0.0267195935344746,0.0228486457157255,0,0,0.0371633265191384,202608260079
12,13,-0.0724011563495297,0.207693219979277,-0.0555948341697468,0.0724011563495297,0.0573639270570729,0,0,0.144926907448826,202608260079
12,14,-0.0277897703999943,0.218249162778445,-0.0123158692224849,0.0277897703999943,0.0217246762763903,0,0,0.102622027566393,202608260079
12,15,-0.107691864364943,0.20817164043679,-0.00679602704703842,0.107691864364943,0.0852734722983967,0,0,0.183849114015702,202608260079
13,14,0.0514814024079971,0.214372802540546,-0.0394736124321304,0.0514814024079971,0.0404451898950771,0,0,0.135022230594839,202608260079
13,15,-0.0677172190080458,0.211862128660368,-0.0262863495940597,0.0677172190080458,0.0533705048420409,0,0,0.0930843134232734,202608260079
14,15,0.0955517274260355,0.215609587304161,-0.0282021141274828,0.0955517274260355,0.0749498589095083,0,0,0.148412988639172,202608260079
1,6,0.148121229822988,0.196008439919951,-0.0462144065556401,0.148121229822988,0.11908821864636,0,0,0.884094517025263,202608260079
2,7,0.167558478194628,0.12520884879537,0.0190639860400417,0.167558478194628,0.146578674033975,0.00319433248919301,0.00279437379555151,0.970690217148982,202608260079
3,8,0.165178983624099,0.193195369800323,-0.00813417543211385,0.165178983624099,0.1332671687996,0,0,0.824243786372413,202608260079
4,9,0.104989904946894,0.0886709722562533,-0.0427323105860855,0.104989904946894,0.0956803479981609,0,0,0.802427940821993,202608260079
5,10,0.119413016423075,0.197084734811014,-0.00264073167780832,0.119413016423075,0.0958785337483501,0,0,0.746981074020954,202608260079
6,11,0.140484928720945,0.201139767054908,-0.0120205661326333,0.140484928720945,0.112227822883289,0,0,0.889897646115296,202608260079
1,2,0.247547087202648,0.176923005189305,0.134515080728623,0.247547087202648,0.203750312608897,0.0332988164191998,0.027407489749068,0.24754708720241,202608260080
1,3,0.195084577388274,0.113700487507617,0.0945752937954778,0.195084577388274,0.172903365834009,0.0184501812214626,0.0163523866219784,0.195084577388512,202608260080
1,4,0.274134291023016,0.122032613653213,0.116796300318727,0.274134291023016,0.240680966997507,0.0320178709819856,0.0281106465024425,0.274134291023061,202608260080
1,5,0.297481143904892,0.159008851742136,0.095876064649358,0.297481143904892,0.250179008797638,0.0285213213849904,0.0239861788213946,0.297481143904984,202608260080
2,3,0.20531211558639,0.17326367228114,0.100164557577545,0.20531211558639,0.169738984476082,0.0205649972230206,0.0170018302837086,0.205312115586,202608260080
2,4,0.3280506351564,0.219639494118875,0.135009232732291,0.3280506351564,0.255997759605273,0.0442898645498063,0.0345620611054934,0.328050635156303,202608260080
2,5,0.335837491692277,0.246648480860486,0.109908179961866,0.335837491692277,0.253003684550381,0.0369112874748565,0.0278071744925784,0.335837491692261,202608260080
3,4,0.153292058212143,0.122184234521847,0.10133887861117,0.153292058212143,0.134562185421214,0.0155344452792168,0.0136363809740541,0.153292058212898,202608260080
3,5,0.0780085913823898,0.16360614871123,0.105089703746978,0.0780085913823898,0.065245906179929,0.00819789975809443,0.00685667295115188,0.0780085913830038,202608260080
4,5,0.263374988341328,0.201147752034026,0.133064131007305,0.263374988341328,0.210397701494482,0.0350457639526979,0.0279963873152976,0.263374988341242,202608260080
6,7,0.158645908988255,0.217250691337983,0.0996335702601965,0.158645908988255,0.124179975582614,0.015806458319674,0.0123724943221198,0.158645908987994,202608260080
6,8,0.236699956849492,0.278410932005346,0.113341745501337,0.236699956849492,0.1708001012574,0.0268279862694126,0.0193587816083188,0.236699956849487,202608260080
6,9,0.287555814242247,0.212358766885682,0.112122325126396,0.287555814242247,0.226490816118955,0.0322414264964546,0.0253946769230322,0.287555814242265,202608260080
6,10,0.3018661478954,0.214328999411132,0.0818940784960906,0.3018661478954,0.237167478460886,0.0247210500110584,0.0194226120977957,0.301866147895403,202608260080
7,8,0.205638371406853,0.150389002972641,0.0940624547614443,0.205638371406853,0.174712621758059,0.0193428500076742,0.0164338980803707,0.205638371406594,202608260080
7,9,0.196356346914366,0.0933485459562724,0.111900975652881,0.196356346914366,0.178026767440624,0.0219724667953532,0.0199213689689345,0.196356346914075,202608260080
7,10,0.110812521515566,0.0687602113428929,0.0982981009277762,0.110812521515566,0.103193029116717,0.0108926604239985,0.010143678791158,0.110812521516314,202608260080
8,9,0.33340345264698,0.145288620066345,0.103410318201072,0.33340345264698,0.284963725086545,0.0344773571275601,0.0294681894869623,0.333403452646928,202608260080
8,10,0.244321174348642,0.148317062558636,0.104600686381196,0.244321174348642,0.208084175448375,0.0255561625343278,0.0217657475769653,0.244321174348656,202608260080
9,10,0.262579265274685,0.0673088828249093,0.123184959495502,0.262579265274685,0.244905348276061,0.0323458161572208,0.0301686554076184,0.262579265274906,202608260080
11,12,-0.0326669865312085,0.149364362760068,-0.0103185015506601,0.0326669865312085,0.0277877029046829,0,0,0.0856114780219362,202608260080
11,13,0.0470597972067798,0.175899292580739,-0.00379494830587313,0.0470597972067798,0.0387820121691142,0,0,0.00959368146217734,202608260080
11,14,-0.0295011520722301,0.145562920558401,-0.0214325971558788,0.0295011520722301,0.0252068782167588,0,0,0.0681889374113568,202608260080
11,15,0.047947421344553,0.165726361952726,-0.0128993531773722,0.047947421344553,0.0400012696401058,0,0,0.0177368500405139,202608260080
12,13,-0.0176896918365976,0.225979978925184,0.00575871849491414,0.0176896918365976,0.0136921756481703,0.000101869955548747,7.88493851407314e-05,0.102038620574071,202608260080
12,14,-0.0697862838046947,0.205638037319164,-0.0195635676592976,0.0697862838046947,0.0554355693712991,0,0,0.0459661494268362,202608260080
12,15,-0.0205311222949901,0.220912735936539,-0.0158338033112586,0.0205311222949901,0.0159955358969562,0,0,0.105095791207672,202608260080
13,14,-0.00625383481463762,0.225514969284248,-0.0154785589320195,0.00625383481463762,0.00484350144850586,0,0,0.00239215675373071,202608260080
13,15,0.0130533902439864,0.234576405304062,-0.00346422477899897,0.0130533902439864,0.00999137288352096,0,0,0.0312152280621952,202608260080
14,15,-0.0879258184079067,0.209241759675125,-0.0119680577668543,0.0879258184079067,0.0695280654433608,0,0,0.107669771226513,202608260080
1,6,0.0910978999203486,0.228728520758534,0.00120595499813206,0.0910978999203486,0.0702612120273583,0.000109859967728278,8.47318598192088e-05,0.931401382053715,202608260080
2,7,0.167417457365202,0.173603012273881,-0.00910628619663008,0.167417457365202,0.138353282459369,0,0,0.927285883671553,202608260080
3,8,0.208842794296849,0.151453616118522,-0.0242209741100086,0.208842794296849,0.177212797900295,0,0,0.807673574416721,202608260080
4,9,0.0703728263095931,0.124828965338732,0.0102713150278869,0.0703728263095931,0.0615882592134043,0.000722821468428599,0.000632592412400033,0.895261357029974,202608260080
5,10,0.0910379582271827,0.152447811214387,-0.0229490803291725,0.0910379582271827,0.0771594207580219,0,0,0.924173752299015,202608260080
6,11,0.22471371487899,0.21414379401045,-0.00315095754586494,0.22471371487899,0.176592667408621,0,0,0.790616014429227,202608260080
1,2,0.186268557826364,0.177221689801218,0.0968441916207485,0.186268557826364,0.15325772925154,0.0180390279070568,0.0148421208989969,0.18626855782638,202608260081
1,3,0.255106114105968,0.119471202482085,0.104938148879977,0.255106114105968,0.224628279893196,0.0267703633822446,0.0235720758780854,0.255106114105919,202608260081
1,4,0.14618949737044,0.0850985405347822,0.113293329152576,0.14618949737044,0.133748984502702,0.0165622948442389,0.0151528677250874,0.146189497371526,202608260081
1,5,0.13363272972382,0.178092934850246,0.107394372740094,0.13363272972382,0.109833684695255,0.0143514031862362,0.0117955196735802,0.133632729723703,202608260081
2,3,0.205434196047752,0.178693086899002,0.112194320128031,0.205434196047752,0.168724525401365,0.0230485499566261,0.0189299334163308,0.20543419604813,202608260081
2,4,0.270617307291486,0.179231246285786,0.0882083530393406,0.270617307291486,0.22211423003913,0.0238707069801231,0.0195923304183529,0.270617307291321,202608260081
2,5,0.281235726388066,0.25148858257397,0.06714554401282,0.281235726388066,0.21050815218957,0.0188837258441673,0.0141346843979022,0.281235726388163,202608260081
3,4,0.169665711137667,0.0910720767188185,0.11751166076357,0.169665711137667,0.154213902476385,0.0199376994904194,0.0181219317928312,0.169665711137625,202608260081
3,5,0.278380754136311,0.172955039199018,0.107305968407018,0.278380754136311,0.230233399892414,0.0298719164084728,0.0247054179350956,0.27838075413622,202608260081
4,5,0.329751823398396,0.178912547257294,0.0899550794796749,0.329751823398396,0.270755084711452,0.0296628514823704,0.0243557951647447,0.329751823398433,202608260081
6,7,0.16531573707058,0.189901174863284,0.107145115952289,0.16531573707058,0.133922084377488,0.0177127738171654,0.0143490972591981,0.165315737069817,202608260081
6,8,0.277381251807574,0.250699509189728,0.124046107601836,0.277381251807574,0.207841908120983,0.0344080646084543,0.0257819796989464,0.2773812518075,202608260081
6,9,0.268915698338436,0.183134144211539,0.102493407025911,0.268915698338436,0.219668052058178,0.0275620861254584,0.0225145270701878,0.268915698338238,202608260081
6,10,0.21631364295356,0.212709380282212,0.0855789662431378,0.21631364295356,0.17030170201432,0.0185118979482528,0.0145742436078324,0.216313642952749,202608260081
7,8,0.295734647154087,0.151645260930924,0.130160072227313,0.295734647154087,0.250887889420091,0.0384928430336949,0.0326555858078771,0.295734647154074,202608260081
7,9,0.335459425898673,0.112299300932418,0.12431919502032,0.335459425898673,0.297787566879062,0.0417040457897017,0.0370207106014647,0.335459425898616,202608260081
7,10,0.228924989890443,0.101765575873087,0.114870327070265,0.228924989890443,0.205628306462502,0.0262966884632724,0.0236205908182524,0.228924989890426,202608260081
8,9,0.296064493119098,0.150152557168383,0.139298932232229,0.296064493119098,0.251609652390504,0.0412414677633663,0.0350489559173194,0.29606449311903,202608260081
8,10,0.327760767268128,0.185789589790467,0.107573717521541,0.327760767268128,0.266866228767974,0.0352584441927452,0.028707792309525,0.327760767268194,202608260081
9,10,0.231159410746697,0.0999399366984473,0.123671639398221,0.231159410746697,0.208057353869422,0.0285878632893709,0.0257307940418873,0.231159410746716,202608260081
11,12,-0.0281877409193525,0.138529660849262,-0.0130886649963668,0.0281877409193525,0.0242829027296878,0,0,0.0510412893451744,202608260081
11,13,-0.0361412194809539,0.168343750256322,-0.0108977930266484,0.0361412194809539,0.0300570710546933,0,0,0.108442945249487,202608260081
11,14,-0.0375637844490529,0.114996146397918,-0.0170745007917605,0.0375637844490529,0.0332440939932898,0,0,0.175684785053057,202608260081
11,15,-0.119600619299758,0.14675697887266,-0.025962855493172,0.119600619299758,0.102048393740026,0,0,0.0259314348852892,202608260081
12,13,0.0581919563301459,0.216917469938345,-0.0308138545906365,0.0581919563301459,0.045569104392248,0,0,0.29668645681825,202608260081
12,14,-0.0163428977272325,0.170997480332865,-0.00839776454003677,0.0163428977272325,0.013548303394538,0,0,0.093259936093336,202608260081
12,15,-0.0490975279285395,0.191234790263753,-0.0220445694824745,0.0490975279285395,0.0397083724726565,0,0,0.00272627162632485,202608260081
13,14,-0.0198229012662371,0.201211003119827,-0.0145232396977834,0.0198229012662371,0.0158343154177123,0,0,0.0623980123207398,202608260081
13,15,-0.0942451346202195,0.222373369730058,-0.021030007428075,0.0942451346202195,0.0732875264540583,0,0,0.0620536402020797,202608260081
14,15,-0.0153180492276006,0.174055429302153,-0.0153296964982387,0.0153180492276006,0.0126518595932191,0,0,0.00724368951283531,202608260081
1,6,0.14203791261541,0.191018566358067,0.00832013604420035,0.14203791261541,0.114906034179122,0.00118177475639446,0.000956033836669833,0.82811180201152,202608260081
2,7,0.140402526381519,0.179437305907197,-0.0118989284880135,0.140402526381519,0.115209075305055,0,0,0.690137624918131,202608260081
3,8,0.202351506886889,0.158867168572139,0.00562490649175055,0.202351506886889,0.170204495931463,0.00113820830470357,0.000957384374090018,0.968998041494748,202608260081
4,9,0.139251467593426,0.0803011008272803,-0.00768978794912538,0.139251467593426,0.12806942145386,0,0,0.972415031392265,202608260081
5,10,0.286089738802206,0.202398277662335,-0.0127739174077136,0.286089738802206,0.228185668411772,0,0,0.933555743113772,202608260081
6,11,0.239062553665171,0.185894102803041,-0.00910540221373438,0.239062553665171,0.19462223473778,0,0,0.965919811070019,202608260081
1,2,0.171343817040153,0.153561953029889,0.106675724042861,0.171343817040153,0.145031925855871,0.0182782257430259,0.0154713857000057,0.171343817040138,202608260082
1,3,0.275000052737055,0.0509770444078554,0.0930213622904178,0.275000052737055,0.260981362836516,0.0255808795355376,0.0242768419034625,0.275000052736998,202608260082
1,4,0.386750091548024,0.0757587478690951,0.126540005084332,0.386750091548024,0.357450388874088,0.048939358550853,0.0452317740255237,0.386750091549432,202608260082
1,5,0.305605132532022,0.165852666103867,0.118386844674574,0.305605132532022,0.254919706526561,0.0361796273568212,0.030179139701048,0.305605132532076,202608260082
2,3,0.133346596153542,0.157022521908029,0.0768373064713023,0.133346596153542,0.112408177337661,0.0102459932755547,0.00863714157197437,0.133346596154685,202608260082
2,4,0.245934643935604,0.188601458264633,0.0959039500736824,0.245934643935604,0.199551011451555,0.023586103813389,0.0191377302394028,0.245934643935732,202608260082
2,5,0.14278088184387,0.242473331919395,0.0865017984943137,0.14278088184387,0.108160325688797,0.0123508030700988,0.00935606269781167,0.142780881843568,202608260082
3,4,0.163861657516682,0.0829932146427586,0.119472560665119,0.163861657516682,0.150262251802682,0.0195769718183487,0.0179522159941732,0.163861657517103,202608260082
3,5,0.155975867659111,0.171483180428134,0.104950195187303,0.155975867659111,0.129228629802889,0.0163696977553327,0.0135625699216009,0.155975867657192,202608260082
4,5,0.324581046495558,0.206661403966217,0.116229207640952,0.324581046495558,0.257502671725962,0.0377257978494497,0.0299293315001367,0.324581046495454,202608260082
6,7,0.196999056761286,0.178380821367008,0.103451207148939,0.196999056761286,0.161858203207682,0.0203797902291574,0.016744426508793,0.196999056761461,202608260082
6,8,0.238463406409761,0.255937780721692,0.0991652287335423,0.238463406409761,0.177431611389912,0.0236472782412036,0.0175950463280416,0.238463406409737,202608260082
6,9,0.264821263331463,0.174942067736185,0.0985521499468077,0.264821263331463,0.218492883943748,0.0260987048529454,0.0215329434607347,0.26482126333123,202608260082
6,10,0.274027046999964,0.180514059398801,0.102866591916421,0.274027046999964,0.224561312360934,0.0281882284178073,0.0230998568788482,0.274027047000148,202608260082
7,8,0.274789179094153,0.152924189796706,0.117233093272383,0.274789179094153,0.232767266516278,0.0322143854629864,0.0272880266662604,0.27478917909402,202608260082
7,9,0.288858658946203,0.0578575550406073,0.129955201560344,0.288858658946203,0.272146003187267,0.0375386852458044,0.0353667886980433,0.288858658946239,202608260082
7,10,0.375718874407775,0.0419181600655925,0.120680569175891,0.375718874407775,0.359969430490686,0.0453419676136555,0.0434413157575374,0.375718874407599,202608260082
8,9,0.220103396478456,0.152692285293442,0.121113785900617,0.220103396478456,0.186495305869312,0.0266575556370904,0.022587152546526,0.220103396478643,202608260082
8,10,0.28164959855815,0.157252391889417,0.131002615172329,0.28164959855815,0.237359525510187,0.0368968339733543,0.0310947185778977,0.281649598558166,202608260082
9,10,0.279985955170248,0.0387411081971518,0.135801351776207,0.279985955170248,0.269138988987315,0.0380224711904721,0.0365494385201589,0.279985955170054,202608260082
11,12,-0.0883996699344407,0.132553573194512,-0.000842383669078264,0.0883996699344407,0.0766819778154151,0,0,0.169792822296009,202608260082
11,13,0.0346110621211635,0.106959185690286,0.00792779740902244,0.0346110621211635,0.0309090911008079,0.000274389488607675,0.000245041012344224,0.00845789090305108,202608260082
11,14,0.00710685367332401,0.148272179634222,-0.00516373743770402,0.00710685367332401,0.00605310498883878,0,0,0.114472435658362,202608260082
11,15,0.0451541755702004,0.139606592340012,0.00679003472144723,0.0451541755702004,0.0388503549889221,0.000306598419939985,0.000263795259315332,0.00845789090305146,202608260082
12,13,0.00454943194442212,0.176955535330352,-0.00891601008135374,0.00454943194442212,0.0037443847792479,0,0,0.0865352086043891,202608260082
12,14,-0.0204136868870574,0.206628176247714,-0.0139756526488931,0.0204136868870574,0.0161956439950928,0,0,0.151913645586731,202608260082
12,15,-0.0450855339532591,0.200240434332989,-0.00716154154797217,0.0450855339532591,0.0360575870523238,0,0,0.0457522336577795,202608260082
13,14,-0.0115587864023236,0.192397502662541,3.32836847497646e-05,0.0115587864023236,0.00933490476470683,3.84719002704806e-07,3.10700027357578e-07,0.0719073929866014,202608260082
13,15,-5.8282360251869e-06,0.183333333333333,0.00255024974691845,5.8282360251869e-06,4.75972608723597e-06,1.48634574482139e-08,1.21384902493747e-08,0.14828599637177,202608260082
14,15,-0.00988355215304401,0.207496215620703,-0.00258137616648155,0.00988355215304401,0.00783275248439752,0,0,0.159799004598054,202608260082
1,6,0.0361004358752025,0.177703796572298,-0.0301882684915044,0.0361004358752025,0.0296852513622642,0,0,0.771436419475283,202608260082
2,7,0.0805156762442719,0.159723538540321,-0.0190352225024267,0.0805156762442719,0.06765542752657,0,0,0.826194146040514,202608260082
3,8,0.0935504029232859,0.156271412257328,-0.0345659511866648,0.0935504029232859,0.078931149341222,0,0,0.943065922528478,202608260082
4,9,0.199892213320029,0.0815199165963219,0.00944709858751958,0.199892213320029,0.183597016761926,0.00188840144611181,0.0017344591177244,0.74840446539388,202608260082
5,10,0.15067970547545,0.172179512635738,0.0172221963661675,0.15067970547545,0.12473574722259,0.00259503547609448,0.00214822353254808,0.927285883671553,202608260082
6,11,0.0708240404089437,0.172267904465171,-0.00768128753336638,0.0708240404089437,0.0586233313819384,0,0,0.862414861477548,202608260082
1,2,0.244776456405138,0.162677079117056,0.0906039268971383,0.244776456405138,0.204956937440527,0.0221777081622717,0.0185699033769229,0.244776456405109,202608260083
1,3,0.290239762619211,0.0539658672816918,0.088896319785743,0.290239762619211,0.274576722109833,0.0258012467523355,0.0244088600943968,0.290239762619153,202608260083
1,4,0.249022056048514,0.0609650980729302,0.103180218645813,0.249022056048514,0.233840401979194,0.0256941501907155,0.0241277038044379,0.249022056048721,202608260083
1,5,0.206683811827915,0.179998607140029,0.106451249118372,0.206683811827915,0.169481013580499,0.0220017499416281,0.0180414655974919,0.206683811826939,202608260083
2,3,0.211040571016157,0.168604635679706,0.0865131196369507,0.211040571016157,0.175458152426341,0.0182577781685712,0.0151794321321383,0.211040571015589,202608260083
2,4,0.198501379185378,0.188094327257901,0.0988484798094413,0.198501379185378,0.161164395807739,0.0196215595725521,0.0159308555250021,0.198501379184796,202608260083
2,5,0.184382200998901,0.266407316151291,0.114079496471504,0.184382200998901,0.135261433684716,0.0210342286482623,0.0154305562467661,0.184382200998961,202608260083
3,4,0.218613261186253,0.0667536263182034,0.0985528342655203,0.218613261186253,0.204020033240822,0.0215449564979337,0.0201067525228286,0.218613261187878,202608260083
3,5,0.150410396448174,0.186936654443576,0.106781970511645,0.150410396448174,0.122293180142621,0.0160611185181738,0.0130587067557646,0.150410396447759,202608260083
4,5,0.241317169149193,0.206095714261829,0.089252192679108,0.241317169149193,0.191582734809747,0.0215380864776806,0.01709917916123,0.241317169149175,202608260083
6,7,0.141369138082491,0.239162965537475,0.0771621978171634,0.141369138082491,0.107558875783206,0.0109083533979631,0.00829947925017543,0.141369138082209,202608260083
6,8,0.230798731963575,0.321703526834468,0.0915711118457233,0.230798731963575,0.15654996590197,0.0211344964984876,0.0143354544370534,0.230798731963613,202608260083
6,9,0.0911169075939544,0.256838543724582,0.0757803578771283,0.0911169075939544,0.0677145737388359,0.00690487186612709,0.00513143463142617,0.0911169075940162,202608260083
6,10,0.286821841072205,0.24530674747189,0.0810187403328875,0.286821841072205,0.216462508134883,0.0232379442636297,0.0175375197383856,0.286821841072198,202608260083
7,8,0.273933428502495,0.170004790291675,0.0993540111491834,0.273933428502495,0.227363433436049,0.0272163849095709,0.0225894691005218,0.273933428502558,202608260083
7,9,0.20162876219369,0.106913378852909,0.088196729298766,0.20162876219369,0.180071949953633,0.0177829973580422,0.0158817570243615,0.201628762193565,202608260083
7,10,0.214417380882841,0.0556936050623178,0.108197181790827,0.214417380882841,0.202475703953455,0.0231993563384937,0.0219073005488776,0.21441738087701,202608260083
8,9,0.273063434354075,0.181494548520313,0.10271000322529,0.273063434354075,0.223503909618576,0.0280463462232157,0.0229560872777888,0.273063434353953,202608260083
8,10,0.336778828686842,0.18111024414068,0.117458228989012,0.336778828686842,0.275784732801956,0.0395574447785503,0.0323931862971256,0.336778828686839,202608260083
9,10,0.225842010515864,0.0920630260607989,0.104527705147348,0.225842010515864,0.205050311616119,0.0236067470850866,0.0214334385129816,0.225842010515873,202608260083
11,12,-0.0874578978843747,0.12270480316292,0.0131319854852077,0.0874578978843747,0.0767263937394297,0.00114849584558438,0.00100756988891852,0.00197822505402372,202608260083
11,13,0.0600954614799306,0.149845233133955,-0.0034742012207426,0.0600954614799306,0.0510904430441778,0,0,0.136373632484102,202608260083
11,14,-0.00717700576863953,0.16018387377314,0.00360649625547931,0.00717700576863953,0.00602736518252668,2.58838444301519e-05,2.17376699611889e-05,0.0681887315898211,202608260083
11,15,0.0229416661646709,0.204401509318525,0.0015632850550214,0.0229416661646709,0.0182523549743304,3.58643638525201e-05,2.85336337503163e-05,0.0567299968437436,202608260083
12,13,0.0901499292261061,0.186688628284526,-0.0238185667656718,0.0901499292261061,0.0733199625989373,0,0,0.14048350085859,202608260083
12,14,-0.030957662523939,0.194545431182786,-0.00033779540266876,0.030957662523939,0.0249349907198081,0,0,0.159615514946091,202608260083
12,15,-0.0648255661034649,0.241763657990721,0.00331152236256293,0.0648255661034649,0.049153100110972,0.000214671311817426,0.000162771590206778,0.198257810362845,202608260083
13,14,-0.00846358076127094,0.204854503006546,0.0176928299981329,0.00846358076127094,0.00672977813076502,0.000149744695584635,0.000119068820392778,0.14410875085658,202608260083
13,15,-0.00934579615252905,0.249927337119131,0.0169454179300624,0.00934579615252905,0.00701002620686925,0.000158368421693774,0.000118787823776089,0.106161254070494,202608260083
14,15,0.0618445904903813,0.260398946942082,-0.00529946225500847,0.0618445904903813,0.0457403242526217,0,0,0.0431582142799131,202608260083
1,6,0.144708051129742,0.231013509516293,-0.00556184846412782,0.144708051129742,0.111278536382997,0,0,0.938234248184174,202608260083
2,7,0.177048945019533,0.171457818204799,-0.0190854939497355,0.177048945019533,0.146692519191022,0,0,0.892112859557213,202608260083
3,8,0.126749278172385,0.172582729083904,-0.0224145629468231,0.126749278172385,0.10487454183598,0,0,0.977224153508569,202608260083
4,9,0.167431301046913,0.100663624642858,-0.0349601903476342,0.167431301046913,0.150577059404862,0,0,0.939284790369912,202608260083
5,10,0.108619193550741,0.191551700884343,-0.000176225072223655,0.108619193550741,0.0878130022774106,0,0,0.805560317999898,202608260083
6,11,0.163599818949192,0.245781723257194,0.00382914488191372,0.163599818949192,0.123389973523294,0.000626447409411308,0.000472478085596192,0.910658535518837,202608260083
1,2,0.280319355630442,0.125895570513396,0.141010731435102,0.280319355630442,0.2450283904274,0.0395280373728652,0.0345516325565334,0.280319355630412,202608260084
1,3,0.237849692880715,0.0693663843925929,0.126179442176643,0.237849692880715,0.221350919656691,0.0300117415695746,0.0279299355675683,0.237849692876435,202608260084
1,4,0.255624269494483,0.0647182224200005,0.132821783930539,0.255624269494483,0.239080721165388,0.0339524714901979,0.0317551278885866,0.255624269494497,202608260084
1,5,0.283841838374587,0.159144919031503,0.118420959031284,0.283841838374587,0.238669851988711,0.0336128227135213,0.0282635127643577,0.283841838374626,202608260084
2,3,0.29947111650364,0.133734355396969,0.145284685621432,0.29947111650364,0.259421539778016,0.0435085670139305,0.0376899768500767,0.299471116503687,202608260084
2,4,0.349906524325132,0.158159223232404,0.154222275552915,0.349906524325132,0.294565580233919,0.0539633804122331,0.0454285740832396,0.349906524325103,202608260084
2,5,0.333544584516023,0.233775941442874,0.150256140262162,0.333544584516023,0.255569885257618,0.0501171218747243,0.0384009445260534,0.333544584515988,202608260084
3,4,0.252195155348385,0.0740029130590587,0.134985152226395,0.252195155348385,0.233531979193223,0.0340426014354611,0.0315233497611285,0.252195155348279,202608260084
3,5,0.220440749929452,0.170259567505492,0.132632146738295,0.220440749929452,0.182908603185877,0.0292375298917428,0.0242595606974458,0.220440749929716,202608260084
4,5,0.294445362780217,0.189870712813449,0.116040534679675,0.294445362780217,0.238538811864522,0.0341675973309673,0.0276801712706136,0.294445362780165,202608260084
6,7,0.172199879001318,0.210835528203848,0.099654875635159,0.172199879001318,0.135894026555436,0.0171605575262658,0.013542502315943,0.172199879001368,202608260084
6,8,0.186748651248285,0.252825133353094,0.108970924023255,0.186748651248285,0.139533898592927,0.0203501730866223,0.0152051378622385,0.186748651248289,202608260084
6,9,0.254499152046411,0.204897482298786,0.0980930899030174,0.254499152046411,0.202352916544926,0.0249646082019303,0.0198494228347792,0.254499152046538,202608260084
6,10,0.252615731107805,0.19967717414314,0.100180004490713,0.252615731107805,0.202174135776095,0.0253070450768046,0.0202538058299552,0.252615731107832,202608260084
7,8,0.345083239982204,0.131479494463507,0.13849024127713,0.345083239982204,0.299711870041515,0.0477906611658293,0.0415071691956694,0.345083239982317,202608260084
7,9,0.220268096791089,0.11376155417527,0.159874170991408,0.220268096791089,0.195210055764906,0.0352151793703305,0.0312090458346008,0.220268096792427,202608260084
7,10,0.326211058156857,0.0783266322691361,0.126179087797022,0.326211058156857,0.300660044562479,0.0411610137475333,0.0379370101599054,0.326211058156856,202608260084
8,9,0.388224437424144,0.127821196467255,0.125776969509835,0.388224437424144,0.338601125334762,0.0488296932288695,0.0425882234172263,0.388224437424349,202608260084
8,10,0.319712570381811,0.130519844932908,0.128785738180823,0.319712570381811,0.277983735272475,0.0411744193823098,0.0358003405493283,0.319712570381696,202608260084
9,10,0.206295760342543,0.0756418769366978,0.128360674112654,0.206295760342543,0.19069116182615,0.0264802628641514,0.0244772460793298,0.206295760341706,202608260084
11,12,0.0985973853028446,0.146233525072982,-0.00992857367529,0.0985973853028446,0.0841791420870306,0,0,0.0709819617363526,202608260084
11,13,0.00133297725223463,0.125016836013841,0.0161323738287709,0.00133297725223463,0.00116633265368183,2.1504087338297e-05,1.88157143778978e-05,0.298752700386285,202608260084
11,14,-0.0171351238676101,0.130218832891247,0.00714708105501774,0.0171351238676101,0.014903808036123,0.000122466119169579,0.000106518724062596,0.165055895651918,202608260084
11,15,-0.0777986709527062,0.125975068450418,-0.0156412526223381,0.0777986709527062,0.0679979780540875,0,0,0.251398553721638,202608260084
12,13,0.031093017516295,0.194747761519982,0.0123206329091147,0.031093017516295,0.0250377219560949,0.000383085654854943,0.000308480581101526,0.139576041287466,202608260084
12,14,0.0609561566850153,0.190279834389817,-0.00853920595268627,0.0609561566850153,0.0493574292859508,0,0,0.17502469858302,202608260084
12,15,-0.156959020693278,0.203462111890894,0.00626068624930323,0.156959020693278,0.125023806862697,0.000982671182558506,0.000782734828460831,0.339656878170846,202608260084
13,14,0.0204007748859305,0.176003071124207,0.0032674393781951,0.0204007748859305,0.0168101758526932,6.66582952079831e-05,5.49262305354741e-05,0.0067703217272199,202608260084
13,15,0.0106699050504938,0.171719213017864,-0.0245760656649847,0.0106699050504938,0.00883767735224765,0,0,0.104094186479941,202608260084
14,15,-0.054849458900669,0.173434035682764,-0.0269100444175051,0.054849458900669,0.0453366958885101,0,0,0.132657694333348,202608260084
1,6,0.179032389571109,0.192760223547746,0.00686918747638858,0.179032389571109,0.144522066135095,0.00122980704830978,0.000992749166756997,0.846087687306503,202608260084
2,7,0.157025896804732,0.146642294173747,0.0302985714699563,0.157025896804732,0.133999259052596,0.00475766035697214,0.00405998612732626,0.943365039032209,202608260084
3,8,0.193771731838747,0.132984153382279,0.00939846189878297,0.193771731838747,0.168003162130753,0.00182115623874765,0.00157897131816094,0.571640493491323,202608260084
4,9,0.205824697087921,0.087052036159839,0.0083309196265877,0.205824697087921,0.187907238114435,0.00171470900860623,0.00156544009798544,0.933682939782287,202608260084
5,10,0.265010129946972,0.168143543136434,-0.00834030514640768,0.265010129946972,0.220450387730641,0,0,0.864823468418381,202608260084
6,11,0.184391326477786,0.19562076672177,0.0226459387274182,0.184391326477786,0.148320553815357,0.0041757146812833,0.00335885817371931,0.903127403485053,202608260084
1,2,0.348699807381726,0.156294754371357,0.150931056820754,0.348699807381726,0.294199856637659,0.0526296304413172,0.0444038952788362,0.348699807381666,202608260085
1,3,0.38897292455238,0.118608208195333,0.152089272700901,0.38897292455238,0.342837542934723,0.059158609195514,0.0521419125595062,0.388972924551449,202608260085
1,4,0.211718318040984,0.0835041767008398,0.142400383159122,0.211718318040984,0.194038954200485,0.030148769610841,0.0276312214259444,0.211718318038863,202608260085
1,5,0.315535894839926,0.15819029852903,0.146054815295683,0.315535894839926,0.265621177438573,0.0460855368400033,0.0387952520094126,0.3155358948399,202608260085
2,3,0.384892715065353,0.152663889142087,0.142326582381004,0.384892715065353,0.326133496281019,0.0547804647185974,0.0464174659256454,0.384892715065019,202608260085
2,4,0.272560292034129,0.160412520846216,0.143046227604617,0.272560292034129,0.228838208506354,0.0389887215702948,0.0327344424586326,0.272560292034147,202608260085
2,5,0.348317039955635,0.235374254498006,0.121649054784588,0.348317039955635,0.266332176347125,0.0423724386759684,0.0323990575113498,0.348317039955696,202608260085
3,4,0.271984191155662,0.0753206763720047,0.141734097555055,0.271984191155662,0.251498157915325,0.0385494338826893,0.0356458644488873,0.271984191155723,202608260085
3,5,0.219071529606428,0.161093826041471,0.142553243202821,0.219071529606428,0.183780458725371,0.0312293570387991,0.0261985004286038,0.219071529606774,202608260085
4,5,0.261812761675383,0.16021344016586,0.125186870247043,0.261812761675383,0.219866838448045,0.0327755202248763,0.0275244413764231,0.261812761675454,202608260085
6,7,0.196916133117555,0.184940823400118,0.0839020317789242,0.196916133117555,0.160498301318027,0.016521663658612,0.0134661335776485,0.196916133117676,202608260085
6,8,0.256702141637613,0.253621908127208,0.0846574378384678,0.256702141637613,0.191596854655141,0.0217317455986877,0.0162200988130135,0.256702141637614,202608260085
6,9,0.1973555761844,0.18676112622577,0.0878058151303643,0.1973555761844,0.160497226509266,0.017328967237394,0.0140925897998088,0.197355576184316,202608260085
6,10,0.164918697332812,0.200735936195136,0.108468773039277,0.164918697332812,0.131813588227628,0.0178885287509259,0.0142976581849552,0.164918697333516,202608260085
7,8,0.20103314516184,0.151480430670741,0.115619232408998,0.20103314516184,0.170580557753631,0.0232432979323786,0.0197223931513735,0.201033145161612,202608260085
7,9,0.250973787717405,0.0874244465537832,0.121988596864022,0.250973787717405,0.229032543226704,0.030615940213295,0.027939358584424,0.250973787717323,202608260085
7,10,0.250701646870159,0.072974312712428,0.118553479622028,0.250701646870159,0.232406866493936,0.0297215525834304,0.0275526427109083,0.250701646870001,202608260085
8,9,0.288671829206406,0.149681202510737,0.120256286597573,0.288671829206406,0.245463082679817,0.0347146022256913,0.029518478819868,0.288671829206331,202608260085
8,10,0.312023962981849,0.172039696990132,0.102135603902424,0.312023962981849,0.258343454936791,0.0318687558911786,0.0263860647842077,0.312023962981899,202608260085
9,10,0.299460423371514,0.0725295490156976,0.114979957344652,0.299460423371514,0.277740693916328,0.034431946705668,0.0319346131393734,0.299460423371554,202608260085
11,12,-0.0854252509484321,0.13016547441522,0.022296824584664,0.0854252509484321,0.0743058326316902,0.00190471183549809,0.0016567841158062,0.0359667451484603,202608260085
11,13,-0.0317313918439298,0.171642402386359,0.00814650090605065,0.0317313918439298,0.0262849395167748,0.000258499812406822,0.000214130283588892,0.0859346771696674,202608260085
11,14,0.102434503286098,0.131351404547458,-0.00545471800649856,0.102434503286098,0.0889795874053482,0,0,0.0403401230578834,202608260085
11,15,0.102588931685972,0.176330132364391,0.00615103483620677,0.102588931685972,0.0844994117826628,0.000631028092609648,0.00051975882551414,0.181261750099594,202608260085
12,13,0.0567091904747881,0.211456334835138,0.00606750769396363,0.0567091904747881,0.0447176729055217,0.000344083449524226,0.000271324824410402,0.0594195473468363,202608260085
12,14,-0.0216459773065969,0.170690541289446,-0.000681322005096392,0.0216459773065969,0.0179512137233948,0,0,0.094726046687747,202608260085
12,15,-0.0164754868841834,0.215329232644806,0.00472915977696138,0.0164754868841834,0.0129278329359627,7.7915209878535e-05,6.11377875240311e-05,0.0572657650751972,202608260085
13,14,-0.0139746135892061,0.209333728792758,0.0109757065511042,0.0139746135892061,0.0110492556181396,0.000153381257920199,0.00012127338727284,0.0410441294171747,202608260085
13,15,0.0296386507627674,0.231299728193723,0.00473538437182363,0.0296386507627674,0.0227832388973106,0.000140350403623947,0.000107887393413849,0.107330567429265,202608260085
14,15,-0.0507484354857855,0.211295919953416,0.00654658948460374,0.0507484354857855,0.0400254981236199,0.000332229174111335,0.000262030505132117,0.107108204077223,202608260085
1,6,0.253482480143395,0.189935607717354,0.012706386004498,0.253482480143395,0.205337131231657,0.00322084623807949,0.00260909285048571,0.948148640211312,202608260085
2,7,0.153405000487379,0.158184637302826,0.00115617455672063,0.153405000487379,0.129138686124843,0.000177362958437224,0.000149306863185875,0.847015890150799,202608260085
3,8,0.109248852818422,0.161149883597161,-0.00738121820350023,0.109248852818422,0.0916434129036104,0,0,0.879968471128657,202608260085
4,9,0.258528689482591,0.0656655988851635,-0.00429996207306158,0.258528689482591,0.24155224825872,0,0,0.928025406218719,202608260085
5,10,0.20923440875455,0.17381527726659,0.00663586648552343,0.20923440875455,0.172866271983166,0.00138845160067263,0.00114711750073047,0.9086621011192,202608260085
6,11,0.243104253794878,0.193615288220551,0.0330128613004127,0.243104253794878,0.196035553628741,0.00802556701207064,0.00647169454189524,0.963580897449958,202608260085
1,2,0.20829178532557,0.168211851313278,0.116508291985596,0.20829178532557,0.173254638502608,0.0242677201429127,0.0201856020105208,0.20829178532545,202608260086
1,3,0.288419780439215,0.0862091090080483,0.0927583835876476,0.288419780439215,0.263555368147253,0.0267533526282458,0.0244469699351866,0.288419780439283,202608260086
1,4,0.16966571113776,0.0910720767188187,0.109712769574478,0.16966571113776,0.154213902476469,0.0186144950707469,0.0169192343475818,0.169665711137631,202608260086
1,5,0.229046010310999,0.164241821192393,0.139821474593669,0.229046010310999,0.191427076440669,0.0320255509114807,0.0267656161050894,0.229046010310951,202608260086
2,3,0.272487091517264,0.171402482228088,0.124592145634119,0.272487091517264,0.225782127656093,0.0339497513897364,0.0281306797305091,0.272487091517348,202608260086
2,4,0.132683912753247,0.196954305670802,0.109731185537767,0.132683912753247,0.106551244843246,0.0145595630482034,0.0116919944171743,0.132683912752482,202608260086
2,5,0.308063987055577,0.255349355754147,0.123081255839003,0.308063987055577,0.229400046429882,0.0379169024055707,0.0282348458041154,0.308063987055477,202608260086
3,4,0.231797399043653,0.0948679287429495,0.11967028091153,0.231797399043653,0.209807259908379,0.027739259858116,0.0251076937305141,0.231797399043708,202608260086
3,5,0.236354026647565,0.169661032945652,0.141488598206237,0.236354026647565,0.196253958345675,0.0334413999107636,0.0277676974587548,0.236354026647613,202608260086
4,5,0.342650236362475,0.202468706536857,0.103455579788277,0.342650236362475,0.273274286211617,0.0354490788674699,0.0282717497212502,0.34265023636254,202608260086
6,7,0.149697439120137,0.210293545393374,0.0761665582527284,0.149697439120137,0.118217033911254,0.0114019387170282,0.00900418459986633,0.149697439119118,202608260086
6,8,0.160102575842409,0.280555740557941,0.0639137702214676,0.160102575842409,0.115184879111708,0.0102327592442568,0.00736189989653321,0.160102575842305,202608260086
6,9,0.234193045500401,0.202451638924682,0.0723334223180158,0.234193045500401,0.186780279614083,0.0169399844641228,0.0135104568460025,0.234193045500411,202608260086
6,10,0.245496594369668,0.210963153277353,0.086336925689423,0.245496594369668,0.193705858702591,0.0211954212251004,0.0167239683284115,0.245496594369869,202608260086
7,8,0.231986316848236,0.18155713013615,0.0853432087488448,0.231986316848236,0.189867546930415,0.0197984566656547,0.0162039056923135,0.231986316848129,202608260086
7,9,0.165162427459438,0.0943362621880999,0.104054258581081,0.165162427459438,0.149581621399001,0.0171858539347433,0.015564604712029,0.165162427459732,202608260086
7,10,0.154375718564185,0.0791970781661544,0.101621811492714,0.154375718564185,0.142149612714101,0.0156879401709818,0.0144455011469946,0.1543757185641,202608260086
8,9,0.257748921513017,0.176561640985893,0.114665126321344,0.257748921513017,0.212240348968335,0.0295548126444803,0.0243365664249402,0.257748921512995,202608260086
8,10,0.149870713249333,0.183702568140425,0.116667679961486,0.149870713249333,0.122339078336393,0.0174850684089728,0.0142730164381335,0.149870713250113,202608260086
9,10,0.290857519949099,0.0634638363306013,0.0917932166476747,0.290857519949099,0.272398585907525,0.026698747342293,0.0250043424107297,0.290857519949078,202608260086
11,12,0.021926742424056,0.133520264499172,-0.0142547681053971,0.021926742424056,0.0189990779759908,0,0,0.160994488263968,202608260086
11,13,-0.00103743590363008,0.143324390648763,-0.0213723784345809,0.00103743590363008,0.000888746034905148,0,0,0.124961124353322,202608260086
11,14,-0.055007072083868,0.133797736522272,-0.02677643384894,0.055007072083868,0.047647250346329,0,0,0.0626081437817011,202608260086
11,15,0.00255848982087548,0.159977818390967,-0.000232991640655053,0.00255848982087548,0.00214918820095633,0,0,0.0238089575898254,202608260086
12,13,-0.0869748840071372,0.192840252785714,-0.0036763281394448,0.0869748840071372,0.0702026253891927,0,0,0.0054443985964218,202608260086
12,14,-0.142366195532909,0.200989482444435,-0.0164109224971354,0.142366195532909,0.113752087575166,0,0,0.150501271696797,202608260086
12,15,0.0436771160677737,0.213116963177377,-0.0239165027060752,0.0436771160677737,0.034368781731064,0,0,0.0183155069892486,202608260086
13,14,-0.053920142080311,0.204263556365672,-0.0310851302675719,0.053920142080311,0.0429062220992443,0,0,0.0125451087453831,202608260086
13,15,0.0189539446275759,0.220017592551967,-0.0122940950408618,0.0189539446275759,0.0147837433612534,0,0,0.0983806365357208,202608260086
14,15,-0.0317009338856289,0.214098998435975,-0.0125418743920683,0.0317009338856289,0.0249137956912307,0,0,0.134282158461082,202608260086
1,6,0.184829720639091,0.20056403883731,0.00260610976492208,0.184829720639091,0.147759525370543,0.000481686539805356,0.000385077541928425,0.957427527495584,202608260086
2,7,0.250078261489248,0.174040910093419,0.0122212186799057,0.250078261489248,0.206554413265079,0.00305626112075074,0.00252434665381215,0.958859423501085,202608260086
3,8,0.162735870745639,0.182772670804323,0.0237764529166171,0.162735870745639,0.132992201013792,0.00386928176862837,0.00316208280568169,0.947570512359067,202608260086
4,9,0.217460540226789,0.0931429977300973,-0.0106517056358495,0.217460540226789,0.197205613622059,0,0,0.744511319174713,202608260086
5,10,0.184337493533596,0.174501298828604,0.0265867893806982,0.184337493533596,0.152170361489174,0.00490094211554353,0.00404572135089738,0.968830610897781,202608260086
6,11,0.290447748118448,0.194013005729063,0.00901299663518268,0.290447748118448,0.234097107498751,0.00261780457648796,0.00210991644219224,0.966502293031389,202608260086
1,2,0.196277740878705,0.182422042548364,0.0999791131099732,0.196277740878705,0.160472354480833,0.0196236744562821,0.0160438836796629,0.196277740878928,202608260087
1,3,0.221021959643363,0.0991376769482688,0.116377291724434,0.221021959643363,0.199110356009766,0.0257219370749217,0.0231719239867045,0.221021959643157,202608260087
1,4,0.203362719320861,0.0699152481440328,0.116447234945012,0.203362719320861,0.189144564336298,0.023681026355813,0.0220253615218409,0.203362719320505,202608260087
1,5,0.214593541606817,0.1833305254113,0.103261913219099,0.214593541606817,0.175251994874168,0.0221593396707824,0.0180968562861704,0.214593541601298,202608260087
2,3,0.158158957546374,0.186603474383053,0.122387004920745,0.158158957546374,0.128645946563419,0.0193566011154879,0.015744592095091,0.158158957546211,202608260087
2,4,0.346503464028099,0.1874749751296,0.0948316360504653,0.346503464028099,0.281542735727111,0.0328594903909382,0.0266991582471257,0.346503464027961,202608260087
2,5,0.285127403435592,0.271279946264071,0.0913738453819651,0.285127403435592,0.20777805675317,0.0260531872756849,0.0189854800315294,0.285127403435499,202608260087
3,4,0.257505120141571,0.0750965995561408,0.120388629009592,0.257505120141571,0.238167361250644,0.0310006883767941,0.0286726420957973,0.257505120141619,202608260087
3,5,0.280343468244869,0.182579860608667,0.102753558336933,0.280343468244869,0.229158396890171,0.0288062889186772,0.0235468407032522,0.280343468244884,202608260087
4,5,0.231728830258252,0.186813023236033,0.131660852883138,0.231728830258252,0.188438866906758,0.0305096154294134,0.024810021933276,0.231728830258166,202608260087
6,7,0.25681056103793,0.177724019079665,0.108186700023463,0.25681056103793,0.211169155988166,0.0277834871298677,0.0228456941330995,0.256810561037922,202608260087
6,8,0.22991934682166,0.26360099565505,0.105662346796985,0.22991934682166,0.169312378079111,0.0242938177592066,0.0178899432096174,0.229919346821715,202608260087
6,9,0.257253120585757,0.179325510157921,0.112013894309143,0.257253120585757,0.211121073496999,0.0288159238599903,0.0236484936131257,0.257253120585731,202608260087
6,10,0.223758637893698,0.196599196606505,0.0936465302084549,0.223758637893698,0.179767869450031,0.0209542200429149,0.0168346372169619,0.223758637893452,202608260087
7,8,0.306526210123842,0.174139911605102,0.134006710877879,0.306526210123842,0.253147762988229,0.0410765692165578,0.0339234990841456,0.306526210123877,202608260087
7,9,0.261244706267151,0.0877069860374504,0.118820997114815,0.261244706267151,0.23833172046222,0.0310413564896298,0.0283188126694103,0.261244706267078,202608260087
7,10,0.306657355951825,0.0691305028492704,0.119170557039664,0.306657355951825,0.285457978732447,0.0365445279290894,0.0340181863369622,0.30665735595186,202608260087
8,9,0.216165526210664,0.179344487109161,0.143053979687207,0.216165526210664,0.177397430781731,0.0309233387956147,0.0253774084596123,0.216165526208214,202608260087
8,10,0.306413238984427,0.197464351205627,0.127603188668382,0.306413238984427,0.245907547547552,0.0390993063446197,0.0313785871846893,0.306413238984444,202608260087
9,10,0.220900089587141,0.0741701125609375,0.133493494692227,0.220900089587141,0.204515905077742,0.0294887249368135,0.0273015428889716,0.220900089586728,202608260087
11,12,-0.218445848673394,0.180624069680043,-0.00976080729028987,0.218445848673394,0.178989270481295,0,0,0.123966346043943,202608260087
11,13,-0.0108937417984553,0.167024017667796,-0.0127066624712121,0.0108937417984553,0.00907422527584171,0,0,0.138637591409012,202608260087
11,14,-0.0455071528232283,0.196130498947742,-0.0104709945908525,0.0455071528232283,0.0365818122343174,0,0,0.0224176028546992,202608260087
11,15,0.170805701160143,0.162983375700021,-0.0255233803479974,0.170805701160143,0.142967211396254,0,0,0.191841889126877,202608260087
12,13,-0.103331896485757,0.214348225116233,-0.01753741303386,0.103331896485757,0.0811828878761406,0,0,0.0136454749792235,202608260087
12,14,0.00048125078826693,0.23828430134449,-0.0523131375858521,0.00048125078826693,0.00036657628041326,0,0,0.000636698696284994,202608260087
12,15,-0.0259454937620867,0.227230326850222,-0.0227827056323202,0.0259454937620867,0.0200498907342374,0,0,0.132102281003121,202608260087
13,14,-0.0625266421779821,0.23185937477868,-0.0246199655211939,0.0625266421779821,0.0480292540155849,0,0,0.159107467206071,202608260087
13,15,-0.0125884325212702,0.204391720326749,-0.00941196811285631,0.0125884325212702,0.0100154611420306,0,0,0.0372475270410224,202608260087
14,15,-0.0623066536926151,0.222846690683904,0.0030396680221291,0.0623066536926151,0.0484218221096278,0.000189391542795314,0.000147186264239859,0.0148770373308705,202608260087
1,6,0.138660282193963,0.184744441360675,0.00786799692193191,0.138660282193963,0.113043565821126,0.00109097867349631,0.000889426427924826,0.641485266875774,202608260087
2,7,0.199741464625866,0.179842277282348,-0.0122550571299845,0.199741464625866,0.163819504759838,0,0,0.965919811070019,202608260087
3,8,0.20901070242336,0.182627599849678,0.0195706670479915,0.20901070242336,0.170839579496886,0.0040904788665944,0.00334344452895243,0.997830651051012,202608260087
4,9,0.218475019692432,0.0678400591612323,0.0081366460854102,0.218475019692432,0.203653661431246,0.00177765391374035,0.001657057767064,0.865312396464224,202608260087
5,10,0.0589180835606495,0.192879366709508,-0.00101639419044588,0.0589180835606495,0.0475540009157335,0,0,0.859856606856313,202608260087
6,11,0.187614095179408,0.20362732521734,0.0112579342045642,0.187614095179408,0.149410738804954,0.00211214713937863,0.00168205626692151,0.979191683203003,202608260087
1,2,0.122059692083014,0.148636867334911,0.108930813833514,0.122059692083014,0.103917121823931,0.0132960615948708,0.0113197766515172,0.122059692083647,202608260088
1,3,0.301659272922384,0.0496027697431525,0.085798236070015,0.301659272922384,0.286696137466728,0.0258818335109038,0.0245980228827318,0.301659272922317,202608260088
1,4,0.223250839573936,0.0957682866961216,0.116206221839555,0.223250839573936,0.20187048916447,0.0259431365893956,0.0234586068467058,0.223250839574638,202608260088
1,5,0.17965867130242,0.17294531228246,0.0871326231568506,0.17965867130242,0.148587546289771,0.0156541313034542,0.0129468226766677,0.179658671302401,202608260088
2,3,0.182396193964584,0.156079896129508,0.0981587437759512,0.182396193964584,0.153927814956174,0.0179037812690783,0.0151093609482752,0.182396193964585,202608260088
2,4,0.332402445367138,0.204077769479404,0.0857679115723411,0.332402445367138,0.264566495747113,0.0285094635406786,0.0226913158122425,0.332402445367212,202608260088
2,5,0.231416469040415,0.25704951938815,0.0789105456723638,0.231416469040415,0.171930976895074,0.0182611998495509,0.0135671672047729,0.231416469040458,202608260088
3,4,0.21030319711033,0.103653810916394,0.11498242348137,0.21030319711033,0.188504469281943,0.024181171269626,0.0216747007151072,0.210303197107989,202608260088
3,5,0.245530808848008,0.179276876199454,0.105819627788462,0.245530808848008,0.201512812427012,0.0259819788028963,0.0213240108056326,0.245530808848044,202608260088
4,5,0.276272395293878,0.22640297083674,0.0760414789020701,0.276272395293878,0.213723504239162,0.0210081615179638,0.0162518513384787,0.276272395293893,202608260088
6,7,0.182197707782021,0.184486183513553,0.0639385432389948,0.182197707782021,0.148584748028399,0.0116494560170665,0.00950029233646891,0.182197707781929,202608260088
6,8,0.139788780030581,0.23122182406628,0.0621893106647404,0.139788780030581,0.10746656332791,0.00869336786876687,0.00668327149287141,0.139788780030586,202608260088
6,9,0.128525032407302,0.192489152928459,0.0745840290213402,0.128525032407302,0.103785357789117,0.00958591474703488,0.00774073013733371,0.128525032406811,202608260088
6,10,0.134053981743272,0.176529645524014,0.0544809951758705,0.134053981743272,0.11038947986505,0.00730339433266145,0.00601412871999463,0.134053981743397,202608260088
7,8,0.175309422812692,0.146491709027992,0.0782819704484399,0.175309422812692,0.14962804585615,0.0137235670559562,0.0117131782639689,0.175309422812711,202608260088
7,9,0.160665318578764,0.117167984199168,0.0764279200101494,0.160665318578764,0.141840487070173,0.0122793161167429,0.0108405733999998,0.16066531857863,202608260088
7,10,0.264482396922338,0.0739338409704442,0.0689071803163313,0.264482396922338,0.2449281974488,0.018224736215223,0.0168773114661584,0.264482396922379,202608260088
8,9,0.231976672385552,0.148382487669302,0.0679970667764346,0.231976672385552,0.197555396655737,0.0157737332827755,0.0134331874984452,0.231976672385585,202608260088
8,10,0.195928161741059,0.139198493627248,0.086302127377622,0.195928161741059,0.168655256767548,0.0169090171714402,0.0145553074524585,0.195928161741202,202608260088
9,10,0.14240524554478,0.0898043339164505,0.0664771974640684,0.14240524554478,0.129616637322423,0.00946670162799952,0.00861655079391124,0.142405245545657,202608260088
11,12,-0.0597854720198263,0.209317882660372,0.00539802998278617,0.0597854720198263,0.0472713036027854,0.000322723770498046,0.000255171914173224,0.0795364876153693,202608260088
11,13,-0.00957553150561642,0.177965050394548,-0.00518123578762277,0.00957553150561642,0.00787142155866481,0,0,0.0259809430222059,202608260088
11,14,-0.0127584128735644,0.137151570687223,0.0218849224766427,0.0127584128735644,0.011008576508479,0.000279216876662958,0.000240921843466253,0.0657920412485984,202608260088
11,15,0.0603209497447735,0.162646732238138,0.00125648484840338,0.0603209497447735,0.0505099443832851,7.57923593956098e-05,6.34649798112954e-05,0.0833854936337471,202608260088
12,13,-0.116473597039214,0.244553304345028,-0.00541283480144073,0.116473597039214,0.0879895940143232,0,0,0.151889750075032,202608260088
12,14,0.0869591760012684,0.228947847665912,-0.00993032951123966,0.0869591760012684,0.0670500598209767,0,0,0.0990018237793107,202608260088
12,15,0.0713931436143579,0.242937763527242,-0.0129623614036544,0.0713931436143579,0.0540490529735066,0,0,0.0684233305975779,202608260088
13,14,0.140744316684812,0.191729717260924,-0.0111722054516408,0.140744316684812,0.113759448640751,0,0,0.165755637741578,202608260088
13,15,0.024116785293187,0.213757314827729,0.00617738305733766,0.024116785293187,0.0189616460266385,0.000148978620867583,0.000117133350904191,0.0390519895938553,202608260088
14,15,-0.0825626765807112,0.182606573256734,0.0277091683239027,0.0825626765807112,0.0674861891314035,0.00228774310264687,0.00186998617418079,0.0737467083343577,202608260088
1,6,0.143558791046626,0.166713011204065,-0.0129129547902251,0.143558791046626,0.119625672706428,0,0,0.913838907606179,202608260088
2,7,0.108144900215628,0.169528889086017,-0.0312810006562313,0.108144900215628,0.0898112154217541,0,0,0.986675910186279,202608260088
3,8,0.18497703298383,0.136018301299418,-0.0145082494236557,0.18497703298383,0.159816771177963,0,0,0.888928583667972,202608260088
4,9,0.106701252119842,0.123673822121394,-0.0352395104775481,0.106701252119842,0.0935051004450431,0,0,0.939284790369912,202608260088
5,10,0.0881006763409626,0.182408827090901,-0.0360582571987119,0.0881006763409626,0.0720303353036924,0,0,0.96212186037758,202608260088
6,11,0.0602870262850322,0.192278905422325,0.0029390995087881,0.0602870262850322,0.0486951028597793,0.000177189569340633,0.000143119752895563,0.977230737009268,202608260088
1,2,0.170968038081572,0.178612389945357,0.136365762705876,0.170968038081572,0.140431028195553,0.0233141869113208,0.019149984267457,0.17096803808163,202608260089
1,3,0.25739712623093,0.103691240799671,0.112287535416412,0.25739712623093,0.230707298833775,0.0289024889277382,0.0259055539886223,0.25739712623103,202608260089
1,4,0.243357668054575,0.0882521972207597,0.0949595206975816,0.243357668054575,0.221880819138238,0.0231091275165436,0.0210696962373539,0.243357668054334,202608260089
1,5,0.299319963838044,0.131933633683729,0.123041379975558,0.299319963838044,0.259829593374808,0.0368287414048671,0.0319697917273246,0.299319963837951,202608260089
2,3,0.324953791549268,0.165534217344917,0.116474126639209,0.324953791549268,0.271162819991897,0.0378487090688007,0.0315834526355813,0.32495379154924,202608260089
2,4,0.225060657458614,0.18662192393736,0.105242008792918,0.225060657458614,0.18305940456108,0.0236858356911994,0.0192655394644436,0.225060657458583,202608260089
2,5,0.349537752394613,0.230109262679429,0.119780435929681,0.349537752394613,0.269105877912463,0.0418677843557076,0.0322336193675944,0.34953775239469,202608260089
3,4,0.240324603686325,0.0722562638860764,0.110998481616292,0.240324603686325,0.222959645704049,0.0266756661042191,0.0247481821348558,0.240324603685799,202608260089
3,5,0.202475166962791,0.1303751379794,0.131416701936477,0.202475166962791,0.176077439132615,0.0266086186662874,0.0231395163362289,0.202475166963023,202608260089
4,5,0.11306371666894,0.143001195659075,0.122537452976819,0.11306371666894,0.0968954699996224,0.0138545398647046,0.0118733240987455,0.113063716668375,202608260089
6,7,0.106569087447977,0.206893900449961,0.0785421659545317,0.106569087447977,0.0845205932784724,0.00837016695196205,0.00663843046385326,0.106569087447874,202608260089
6,8,0.166630912286735,0.305520102783004,0.0733805966680019,0.166630912286735,0.115721818838066,0.0122274757669341,0.00849173611384372,0.166630912286681,202608260089
6,9,0.159917944789629,0.213975786792108,0.0840110396306997,0.159917944789629,0.125699376731091,0.0134348727973816,0.0105601353201099,0.159917944787783,202608260089
6,10,0.30207277818889,0.232397004660758,0.0984404241971364,0.30207277818889,0.231871969348239,0.0297361724233218,0.022825575022066,0.30207277818899,202608260089
7,8,0.239749305897152,0.18497284553444,0.10556340471902,0.239749305897152,0.195402194570449,0.0253087530095252,0.020627320948425,0.239749305897407,202608260089
7,9,0.34570506443138,0.0539918482543229,0.105514400185683,0.34570506443138,0.32703980905185,0.0364768625146299,0.0345074092889462,0.345705064431348,202608260089
7,10,0.25733955023265,0.0564137037337005,0.130217747881371,0.25733955023265,0.242822073086862,0.0335101766721006,0.0316197434932568,0.257339550232495,202608260089
8,9,0.323535239920836,0.189065297215463,0.117397303483659,0.323535239920836,0.262365953625527,0.0379821647486447,0.0308010554815555,0.323535239920825,202608260089
8,10,0.278524811194651,0.211678227389844,0.145607654529762,0.278524811194651,0.219567172876876,0.0405553444863979,0.0319706610543327,0.278524811194685,202608260089
9,10,0.285166863268377,0.0619753119937736,0.128981803776103,0.285166863268377,0.267493557947033,0.0367813364015285,0.0345018016024959,0.285166863268348,202608260089
11,12,0.0193332205216089,0.151548359709325,0.00457110538590059,0.0193332205216089,0.0164033026636604,8.83741884531303e-05,7.49812251524156e-05,0.0180752664260634,202608260089
11,13,0.11109446161752,0.181518050567462,0.00649889881189187,0.11109446161752,0.0909288115158663,0.00072199166461387,0.000590937145127203,0.163251723709384,202608260089
11,14,-0.0333842218874395,0.190403342637478,0.00538232079496359,0.0333842218874395,0.0270277544487198,0.000179684591688444,0.000145472044810514,0.193561979563898,202608260089
11,15,-0.0839654527408505,0.142210379674713,0.00240209972755675,0.0839654527408505,0.072024693827015,0.000201693391152976,0.000173010497419231,0.0835071479798569,202608260089
12,13,0.0608464633100395,0.213781629709312,0.0316937092482202,0.0608464633100395,0.0478386072215714,0.00192845011693089,0.00151618290812029,0.162106458562371,202608260089
12,14,0.0261196140784824,0.218802991806814,0.00124072528359628,0.0261196140784824,0.0204045643732711,3.24072655849505e-05,2.53164589186853e-05,0.0534368924744973,202608260089
12,15,0.0174912938639655,0.175439798032333,0.00112167989625654,0.0174912938639655,0.0144226248011473,1.96196326867255e-05,1.61775682906978e-05,0.0824644822781608,202608260089
13,14,-0.0154370017049478,0.23560872824353,0.0153870641515999,0.0154370017049478,0.0117999093653518,0.000237530135542388,0.000181565962387733,0.141167340005837,202608260089
13,15,0.0151143399343107,0.202273480812331,0.00809862394506327,0.0151143399343107,0.0120571097856169,0.000122405355305835,9.76459980180537e-05,0.0762010367660153,202608260089
14,15,-0.0185132463453216,0.213699731903485,0.00279516965261854,0.0185132463453216,0.0145569705646632,5.1747664355894e-05,4.06892023564079e-05,0.0267103405489808,202608260089
1,6,0.242498745238003,0.221598159741475,0.00365086403656891,0.242498745238003,0.188761469553645,0.00088532994790251,0.000689142460683298,0.916619742564716,202608260089
2,7,0.283931471260746,0.157641789240616,0.0173584867019442,0.283931471260746,0.239172006109481,0.0049286206681431,0.00415166408752874,0.942191527929555,202608260089
3,8,0.206229231489799,0.196858343386188,0.0191760496987681,0.206229231489799,0.165631286620911,0.00395466199238713,0.00317615378391348,0.905297652601875,202608260089
4,9,0.146492856577981,0.0710858285468285,-0.0151239084767364,0.146492856577981,0.136079290491943,0,0,0.945750322584876,202608260089
5,10,0.271856493078255,0.144700543614035,0.0318335417558558,0.271856493078255,0.232518710744826,0.00865415502400716,0.00740189408751319,0.897521306381091,202608260089
6,11,0.156792753075161,0.233174817153567,-0.00451296613146847,0.156792753075161,0.120232631545856,0,0,0.981399293891274,202608260089
1,2,0.122889897387998,0.132702353186739,0.109615631078751,0.122889897387998,0.106582118821734,0.0134706536553884,0.0116830662163548,0.122889897388081,202608260090
1,3,0.24477910949369,0.074727901895538,0.0963635909088923,0.24477910949369,0.226487280213368,0.0235877939702929,0.0218251276165487,0.244779109493936,202608260090
1,4,0.208205793049389,0.067048292289128,0.1222656609356,0.208205793049389,0.194245950180724,0.0254564188978043,0.0237496094829098,0.208205793049537,202608260090
1,5,0.286534914582935,0.15142328217567,0.106742172746953,0.286534914582935,0.243146857358862,0.0305853593504452,0.0259540238510785,0.286534914582996,202608260090
2,3,0.236222037945522,0.13352233922587,0.117501425123225,0.236222037945522,0.204681118862333,0.0277564261041113,0.0240503231621403,0.236222037945894,202608260090
2,4,0.30568149315557,0.152889960482785,0.10348335442492,0.30568149315557,0.258945861746696,0.0316329462973565,0.0267965863879996,0.305681493155544,202608260090
2,5,0.152313251661354,0.20914026874202,0.128168929723996,0.152313251661354,0.120458417275927,0.0195218264482174,0.0154390264185022,0.152313251660981,202608260090
3,4,0.165642544170532,0.072766109307802,0.145692879177459,0.165642544170532,0.153589380695396,0.0241329391744842,0.0223768790845952,0.165642544171074,202608260090
3,5,0.336965296744856,0.152935868403768,0.117631885067513,0.336965296744856,0.285431216465248,0.0396378630584315,0.0335758120499206,0.33696529674492,202608260090
4,5,0.418051150789228,0.179436704745983,0.121436592731844,0.418051150789228,0.343037429876343,0.0507667073394703,0.0416572966636721,0.418051150789346,202608260090
6,7,0.184817074110061,0.200991270007016,0.0999565648715881,0.184817074110061,0.147670455665699,0.0184736798576594,0.0147606314813654,0.18481707410994,202608260090
6,8,0.186507427535646,0.267436496156584,0.0727407028437088,0.186507427535646,0.136628534608335,0.013566681364515,0.00993845563591626,0.186507427535561,202608260090
6,9,0.333399638078355,0.195613524387133,0.103936159609333,0.333399638078355,0.268182159844453,0.0346522779970056,0.0278738237699686,0.333399638078298,202608260090
6,10,0.214827239926667,0.207968743872169,0.101059505620289,0.214827239926667,0.170149888689593,0.0217103346607602,0.0171952636323175,0.21482723995328,202608260090
7,8,0.110907409277245,0.162039929894079,0.125975189428915,0.110907409277245,0.0929359804532262,0.0139715818927711,0.0117076277423571,0.110907409278092,202608260090
7,9,0.381670865826972,0.0904464073027169,0.108135557614175,0.381670865826972,0.347150107240805,0.0412721919012846,0.0375392704223051,0.381670865827237,202608260090
7,10,0.234945932370111,0.0657472826343395,0.101765093900777,0.234945932370111,0.219498875750785,0.02390929486925,0.0223373237018937,0.234945932370152,202608260090
8,9,0.274725729765678,0.156421845574388,0.118592027886083,0.274725729765678,0.23175262408896,0.0325802814053957,0.0274840136586308,0.2747257297656,202608260090
8,10,0.232871979168913,0.166665819844669,0.0943934047383598,0.232871979168913,0.194060179841876,0.0219815789819141,0.0183180010994131,0.232871979168953,202608260090
9,10,0.209519331072714,0.0682018416887937,0.14058914730173,0.209519331072714,0.195229726824151,0.0294561440987416,0.0274471808221569,0.20951933107342,202608260090
11,12,-0.0758464662987363,0.137457738999864,0.0219342437662749,0.0758464662987363,0.0654207825301826,0.00166363488060703,0.00143495539139748,0.011793199572033,202608260090
11,13,0.0641929644456934,0.165243172204732,0.0134426827752411,0.0641929644456934,0.0535855153674615,0.000862925657445786,0.000720333084432591,0.195278875044785,202608260090
11,14,0.0413938467316651,0.159008676160517,0.0223852262340276,0.0413938467316651,0.0348118659616717,0.00092661062378499,0.000779271495180668,0.0650470546460611,202608260090
11,15,0.0403786047830348,0.190714396404773,0.00839756107163437,0.0403786047830348,0.0326778235441715,0.000339081799652923,0.000274414018900271,0.0195322662021097,202608260090
12,13,0.00328203991685879,0.181888796257361,0.0373648797590121,0.00328203991685879,0.00268507362711273,0.000122633026857707,0.000100327453221162,0.0939967024151825,202608260090
12,14,0.116044349572039,0.171867183947249,0.00920264393211596,0.116044349572039,0.0961001339981026,0.00106791482944547,0.00088437531501317,0.0169563635033066,202608260090
12,15,-0.00432299965424918,0.211959603093908,0.0212871670143555,0.00432299965424918,0.00340669836335943,9.20244156430032e-05,7.25189570283635e-05,0.243826127907311,202608260090
13,14,0.0964496660751421,0.183701267452098,0.0351737660748861,0.0964496660751421,0.0787317401718068,0.00339249799252793,0.00276929181147185,0.217392827844755,202608260090
13,15,0.0867778411747464,0.215267562316589,0.0230280236746247,0.0867778411747464,0.0680973868419626,0.00199832218100488,0.00156814823637679,0.120005703136046,202608260090
14,15,0.0295243048645276,0.224017298898331,0.0477515881241588,0.0295243048645276,0.0229103498369253,0.00140983244554302,0.00109400558919325,0.0790338315186639,202608260090
1,6,0.11983049346348,0.197751844588762,-0.00329632012417167,0.11983049346348,0.096133792343095,0,0,0.96212186037758,202608260090
2,7,0.210434950702616,0.135072997349559,-0.00131512026643456,0.210434950702616,0.182010871164107,0,0,0.80599479860121,202608260090
3,8,0.0923755570236042,0.161959139659025,0.0103744254596465,0.0923755570236042,0.077414491282538,0.000958343330634711,0.000803130869307148,0.76517017639336,202608260090
4,9,0.229950089134658,0.0715627517906237,0.00899006613616533,0.229950089134658,0.213494227981682,0.00206726650933769,0.00191932722924488,0.912168166815149,202608260090
5,10,0.111844328913566,0.163726992130056,0.0086228411017279,0.111844328913566,0.0935323933537433,0.000964415876351072,0.000806514965753639,0.903932225500253,202608260090
6,11,0.239985501574345,0.225720120867941,0.0192220401114832,0.239985501574345,0.18581594515243,0.00461301093743648,0.00357176155107319,0.839977178477887,202608260090
1,2,0.257016557244212,0.141069786313227,0.112158120234208,0.257016557244212,0.220759286434809,0.0288264939295784,0.0247599465907732,0.257016557244206,202608260091
1,3,0.230330611223748,0.0868524353464653,0.100720223791634,0.230330611223748,0.210325836704126,0.0231989507085199,0.0211840653420023,0.230330611223792,202608260091
1,4,0.160700950646775,0.0598004367819975,0.122126632159539,0.160700950646775,0.151090963606816,0.0196258658873269,0.0184522305350399,0.160700950647422,202608260091
1,5,0.279561011222465,0.168526187272636,0.100044354724445,0.279561011222465,0.232447659891061,0.0279685009738648,0.0232550761410083,0.279561011222464,202608260091
2,3,0.223323212203675,0.14407398039074,0.0878657245511606,0.223323212203675,0.191148148107845,0.0196224558493685,0.0167953705301084,0.223323212203538,202608260091
2,4,0.273439535810109,0.141565750866898,0.0947946283922971,0.273439535810109,0.234729862606455,0.0259205991848815,0.0222511300983539,0.273439535809992,202608260091
2,5,0.175929758630856,0.229130688448075,0.102594100291297,0.175929758630856,0.135618851917265,0.0180493553011977,0.0139136940949904,0.175929758630746,202608260091
3,4,0.1669858822148,0.0646880235568867,0.0870624709004741,0.1669858822148,0.156183895532422,0.0145382035111161,0.0135977558599142,0.166985882214774,202608260091
3,5,0.143690198373629,0.175542332127782,0.0815329108956855,0.143690198373629,0.118466485847218,0.0117154801405805,0.00965891743470625,0.143690198374408,202608260091
4,5,0.303194118290837,0.170342639262063,0.082666122371233,0.303194118290837,0.251547231972442,0.0250638820848684,0.0207944342603788,0.303194118290821,202608260091
6,7,0.0909627296934823,0.214040986906893,0.0784525856606199,0.0909627296934823,0.0714929772581444,0.00713626134320173,0.00560880892247732,0.0909627296934011,202608260091
6,8,0.163547449668859,0.281920347905699,0.0822358073320056,0.163547449668859,0.117440095759124,0.0134494565606092,0.00965778108789964,0.163547449668289,202608260091
6,9,0.208755561096472,0.196769042390846,0.0725589394817017,0.208755561096472,0.167678929245756,0.0151470821240676,0.0121666052794993,0.208755561095244,202608260091
6,10,0.207330929860717,0.235731199661154,0.0820020152256899,0.207330929860717,0.158456561037788,0.017001554067195,0.0129937573308312,0.207330929860581,202608260091
7,8,0.272615795272497,0.158389515440073,0.101691487375273,0.272615795272497,0.229436311557976,0.0277227057032532,0.0233317197802272,0.272615795272582,202608260091
7,9,0.243715233394585,0.0465567192172776,0.111544037186671,0.243715233394585,0.23236865170446,0.0271849810567238,0.0259193375267389,0.243715233394911,202608260091
7,10,0.235283461184563,0.0796357157594074,0.112022357657044,0.235283461184563,0.21654649434678,0.0263570080396045,0.0242580488390941,0.23528346118475,202608260091
8,9,0.282288628736203,0.146496537324666,0.0882835386613112,0.282288628736203,0.240934322100221,0.0249214390686811,0.0212705345399716,0.282288628736047,202608260091
8,10,0.335834155795133,0.190243335154089,0.106855934264043,0.335834155795133,0.271943945938009,0.0358858724752653,0.0290588244106565,0.335834155795134,202608260091
9,10,0.264417486535022,0.0665742420902085,0.122187614056546,0.264417486535022,0.246814092773555,0.0323085417945432,0.0301576251115317,0.264417486534822,202608260091
11,12,-0.0360316246633761,0.1668610911526,0.0131565303185138,0.0360316246633761,0.0300193484560442,0.000474051162309017,0.000394950468103976,0.0307570557191574,202608260091
11,13,0.0677003270348723,0.149343387409847,0.00870418685996511,0.0677003270348723,0.0575897308667301,0.000589276296992277,0.000501271778679119,0.0307570557191574,202608260091
11,14,-0.0402607496746708,0.176609908769777,0.00584158675696086,0.0402607496746708,0.0331503023476244,0.000235186662124873,0.000193650367183131,0.069940225858951,202608260091
11,15,0.0389711286145931,0.185069154477096,0.000275530566690209,0.0389711286145931,0.0317587747928722,1.07377371517359e-05,8.75051321606681e-06,0.134726319855417,202608260091
12,13,0.024032975338296,0.195906463659097,0.0316512504689081,0.024032975338296,0.0193247601285641,0.000760673721945497,0.000611652823080752,0.0478629267568084,202608260091
12,14,0.0328541549743695,0.208796533265394,0.0113460415464806,0.0328541549743695,0.0259943213123572,0.000372764607313708,0.00029493264958257,0.0324324471509235,202608260091
12,15,0.0509097784132598,0.218864340394343,0.00130254654538663,0.0509097784132598,0.0397674433412195,6.63123559985905e-05,5.17989459429642e-05,0.0890684104540864,202608260091
13,14,0.122052940200982,0.191605947856351,0.000319721121575637,0.122052940200982,0.0986668709051179,3.9022902932662e-05,3.15458826281429e-05,0.0549459438313557,202608260091
13,15,-0.0507786065571146,0.216153846153846,0.0280606594675956,0.0507786065571146,0.0398026154474614,0.00142488118683821,0.00111688763799087,0.0473307009649866,202608260091
14,15,-0.0100757197825785,0.225749962588977,0.0159922773926171,0.0100757197825785,0.00780112641860438,0.000161133705693275,0.000124757777661195,0.0288197644073505,202608260091
1,6,0.386900177705247,0.205877593397058,0.0133692093230665,0.386900177705247,0.307246100234397,0.00517254946287309,0.00410763742772953,0.973787026847356,202608260091
2,7,0.130193703364612,0.142908304770792,0.00887204269673847,0.130193703364612,0.111587941924944,0.00115508409509734,0.000990012985199273,0.912055266742639,202608260091
3,8,0.122320020627488,0.168030767048854,-0.0413577752700942,0.122320020627488,0.101766493736019,0,0,0.947572095418806,202608260091
4,9,0.11596126799653,0.0271162854949774,-0.0127399830881815,0.11596126799653,0.112816829147176,0,0,0.921469212695005,202608260091
5,10,0.0973020637927665,0.189768283055739,-0.000589724295536432,0.0973020637927665,0.0788372182090332,0,0,0.712432228539785,202608260091
6,11,0.144809707716856,0.232360321831,0.00731012652728651,0.144809707716856,0.111161677427514,0.00105857728578959,0.000812605926980536,0.978881959850636,202608260091
1,2,0.187895149919759,0.143207344369053,0.104332286523226,0.187895149919759,0.160987184479926,0.0196035306177529,0.0167961610577271,0.187895149919642,202608260092
1,3,0.189074355505713,0.10273629381448,0.0988723002693529,0.189074355505713,0.169649556965694,0.0186942164507952,0.0167736419368748,0.18907435550557,202608260092
1,4,0.229742167981381,0.0949110932116772,0.102252140232004,0.229742167981381,0.207937087661447,0.0234916283776367,0.0212620122469927,0.229742167981359,202608260092
1,5,0.158580522987297,0.194292910364398,0.107814315881604,0.158580522987297,0.127769451648986,0.0170972505980224,0.0137753760201031,0.158580522986839,202608260092
2,3,0.291314482494142,0.144042037676419,0.0999067985638459,0.291314482494142,0.249352950831035,0.0291042973212733,0.0249120550299767,0.291314482494176,202608260092
2,4,0.246145708570882,0.172879727487117,0.0972797867285889,0.246145708570882,0.203592105551024,0.0239450020339328,0.019805396607628,0.246145708571054,202608260092
2,5,0.251094701361334,0.253412303475874,0.135301441689771,0.251094701361334,0.187464214698771,0.033973475094851,0.0253641785139846,0.251094701361353,202608260092
3,4,0.22899493326555,0.100667311225824,0.111832292452979,0.22899493326555,0.20594262904937,0.0256090283472034,0.0230310363203845,0.228994933265495,202608260092
3,5,0.180311658765605,0.19979726821152,0.116381850733519,0.180311658765605,0.144285881917549,0.0209850045559719,0.0167922579722824,0.180311658765499,202608260092
4,5,0.321507647818092,0.226171590798287,0.101988459066089,0.321507647818092,0.248791751657259,0.0327900695789299,0.0253738873798768,0.321507647818234,202608260092
6,7,0.128182771623269,0.230676463664186,0.0576662294692761,0.128182771623269,0.0986140231625391,0.00739181712243523,0.00568669888857949,0.12818277162253,202608260092
6,8,0.219902623871238,0.275503751339764,0.07146713208735,0.219902623871238,0.159318626065254,0.0157158098665606,0.0113860452929807,0.219902623870666,202608260092
6,9,0.107073590901097,0.209749489124201,0.0710041337132788,0.107073590901097,0.0846149599108981,0.0076026675655024,0.00600801192765714,0.107073590900922,202608260092
6,10,0.239242609531749,0.208424743918069,0.0649462075728033,0.239242609531749,0.189378529905804,0.0155379001789081,0.0122994173130947,0.239242609531838,202608260092
7,8,0.17095685595582,0.164691054301708,0.0917942302795301,0.17095685595582,0.142801791108351,0.015692853003473,0.0131083804973293,0.170956855955708,202608260092
7,9,0.165553992535209,0.113021204945642,0.0742557846640022,0.165553992535209,0.146842880815318,0.0122933416199603,0.010903933337264,0.165553992535224,202608260092
7,10,0.19562830457684,0.0985546960803199,0.107310918614105,0.19562830457684,0.176348216474561,0.0209930530710605,0.0189240891058441,0.195628304576965,202608260092
8,9,0.248725110536156,0.142541681608862,0.0886136739428866,0.248725110536156,0.213271415021982,0.0220404458464593,0.018898763632096,0.248725110536191,202608260092
8,10,0.285744483745425,0.145626345664513,0.093731743757673,0.285744483745425,0.244132558783786,0.0267833287305947,0.0228829704428269,0.285744483745547,202608260092
9,10,0.250834820218757,0.0459330304172128,0.101629900509703,0.250834820218757,0.239313216791953,0.0254923178232014,0.024321378413223,0.250834820218776,202608260092
11,12,0.0765138203721042,0.177557081580879,0.00594308030228047,0.0765138203721042,0.0629282497262298,0.000454727778705678,0.000373987641404942,0.080578035897125,202608260092
11,13,0.00674030902273116,0.148561747097088,-0.00721502840588838,0.00674030902273116,0.00573895693833995,0,0,0.0331895968548847,202608260092
11,14,0.00678129612043752,0.154769123862322,0.0112962797727904,0.00678129612043752,0.00573176086122644,7.66034181986004e-05,6.47475742791439e-05,0.0512548893094688,202608260092
11,15,-0.00857014563947115,0.175291583024709,-0.0140280949644665,0.00857014563947115,0.00706787124357594,0,0,0.0379678015770974,202608260092
12,13,0.130667261395947,0.218892507992409,-0.0272440518782363,0.130667261395947,0.102065176836488,0,0,0.112492989947056,202608260092
12,14,-0.00685712391036915,0.21305738436762,0.00900601069884577,0.00685712391036915,0.00539616302574123,6.17553313000957e-05,4.85979019425415e-05,0.241179595658339,202608260092
12,15,-0.0578238879277302,0.227844647540208,-0.00259661874295294,0.0578238879277302,0.044649024563432,0,0,0.0623343081997008,202608260092
13,14,-0.00730660900520148,0.189730069745043,-0.00793092263134473,0.00730660900520148,0.00592032556904484,0,0,0.0976274288070223,202608260092
13,15,-0.1651762140841,0.221350736728501,0.00219880553811427,0.1651762140841,0.12861433740656,0.000363190374292868,0.000282797917370441,0.270513771191288,202608260092
14,15,-0.0526829910584487,0.208151563843077,-0.0228190093856377,0.0526829910584487,0.0417169440817018,0,0,0.0264592583574995,202608260092
1,6,0.194732668249327,0.212889317159808,0.000629028118448594,0.194732668249327,0.15327616347702,0.000122492323909348,9.6415016714969e-05,0.947572095418806,202608260092
2,7,0.165869272561412,0.15834805661814,-0.0196183091221335,0.165869272561412,0.139604195598648,0,0,0.869492549880057,202608260092
3,8,0.15144829339487,0.157920048091373,-0.0168235011819193,0.15144829339487,0.127531571618596,0,0,0.808223926666033,202608260092
4,9,0.173761516997654,0.0913390775409579,-0.0226930150510168,0.173761516997654,0.15789030032297,0,0,0.733469868238245,202608260092
5,10,0.247432153542667,0.188507462334884,0.0161800655367314,0.247432153542667,0.200789346178283,0.00400346846021493,0.00324878478024207,0.704190851789423,202608260092
6,11,0.128988761932904,0.224298334325921,-0.00347866429048935,0.128988761932904,0.100056797484591,0,0,0.990548482768912,202608260092
1,2,0.232510539633622,0.162298259282991,0.107056996923472,0.232510539633622,0.194774483786136,0.0248918801262315,0.0208519713114632,0.232510539633645,202608260093
1,3,0.286238749389544,0.0644667910011423,0.135262421570229,0.286238749389544,0.26778585575622,0.0387173463896637,0.0362213633118424,0.286238749389499,202608260093
1,4,0.326453601474938,0.022766078144538,0.100914222499888,0.326453601474938,0.319021533273194,0.0329438113751316,0.0321938099909865,0.326453601475026,202608260093
1,5,0.169784448844468,0.139742923812111,0.138155397603903,0.169784448844468,0.146058273545114,0.023456638037067,0.0201787388549649,0.169784448844399,202608260093
2,3,0.240532403144151,0.174459655127024,0.135148292628802,0.240532403144151,0.198569203044748,0.0325075436068346,0.0268362887601596,0.240532403144324,202608260093
2,4,0.211746640222295,0.168203613144641,0.124882857582518,0.211746640222295,0.176130090265667,0.0264435255144575,0.0219956289786433,0.211746640221822,202608260093
2,5,0.340951101917197,0.249706654733037,0.0945336516679058,0.340951101917197,0.255813342829911,0.0322313527044289,0.0241829694430853,0.340951101917264,202608260093
3,4,0.221391905424703,0.0597096369045624,0.130672821480155,0.221391905424703,0.208172675138184,0.0289299049347136,0.0272025108153783,0.221391905425142,202608260093
3,5,0.303377685667731,0.14856914177926,0.120148225116197,0.303377685667731,0.258305123273098,0.0364502904728374,0.0310349020996832,0.303377685667798,202608260093
4,5,0.263668931746914,0.145392497303554,0.125815403654026,0.263668931746914,0.22533344729887,0.0331736130787638,0.0283504186286605,0.26366893174698,202608260093
6,7,0.220821544516116,0.177490537322609,0.0722050833615206,0.220821544516116,0.181627809927543,0.0159444380298059,0.0131144511565886,0.220821544516663,202608260093
6,8,0.357660797410755,0.280242620298013,0.121460656534072,0.357660797410755,0.257428998366488,0.0434417152700102,0.0312674951525023,0.357660797410758,202608260093
6,9,0.216698518329969,0.174713963543196,0.104076081924106,0.216698518329969,0.178838261298602,0.0225531327465423,0.018612785534078,0.216698518330868,202608260093
6,10,0.238118661146946,0.188359456635319,0.118158709497858,0.238118661146946,0.193266759518578,0.0281357937084808,0.022836150893548,0.238118661146343,202608260093
7,8,0.227330584060595,0.187218039908373,0.117249777714724,0.227330584060595,0.184770197701545,0.0266544604488631,0.0216642646088117,0.22733058406055,202608260093
7,9,0.179329539894788,0.0833830940491429,0.107196009125454,0.179329539894788,0.164376488003951,0.0192234109950251,0.0176205035080816,0.179329539895065,202608260093
7,10,0.170179077496708,0.0729853111379883,0.110941092316698,0.170179077496708,0.157758504576435,0.0188798527469328,0.0175019008199585,0.170179077496824,202608260093
8,9,0.234026134136792,0.184105763211594,0.130372854696672,0.234026134136792,0.190940574100079,0.0305106551810399,0.0248934677228488,0.234026134136819,202608260093
8,10,0.336827572520602,0.20093183359476,0.122595014729412,0.336827572520602,0.269148190768765,0.0412933812144352,0.0329962264116913,0.33682757252056,202608260093
9,10,0.26605748021568,0.0613338986367489,0.110109848533945,0.26605748021568,0.249739137692583,0.0292955488478716,0.0274987386243284,0.266057480215851,202608260093
11,12,-0.106269558097184,0.181920435382982,-0.0308864373132373,0.106269558097184,0.0869369538201874,0,0,0.211538339823743,202608260093
11,13,-0.0686916798924865,0.132744027579282,-0.0342217422635733,0.0686916798924865,0.0595732696423711,0,0,0.106786998558427,202608260093
11,14,-0.0418349479368703,0.163342098600979,-0.0246776307416946,0.0418349479368703,0.0350015397459992,0,0,0.122219321946048,202608260093
11,15,-0.125224350486352,0.173300748740803,-0.0274307587132783,0.125224350486352,0.103522876786486,0,0,0.134563128968715,202608260093
12,13,-0.035635556678882,0.224796369362274,-0.00467220445980098,0.035635556678882,0.0276248129172658,0,0,0.0395475690471054,202608260093
12,14,-0.0820137744291658,0.249116058942435,-0.00479368756695518,0.0820137744291658,0.0615828261643782,0,0,0.120401329321603,202608260093
12,15,0.0835037480824314,0.237461870773523,-0.038627072854467,0.0835037480824314,0.0636747918461763,0,0,0.234730941080449,202608260093
13,14,0.0461358143930986,0.202325247430452,-0.0291823039475655,0.0461358143930986,0.0368013743306095,0,0,0.113756726522282,202608260093
13,15,-0.0472523224891436,0.217667533234681,-0.0134685677302336,0.0472523224891436,0.0369670260133221,0,0,0.0301550291574464,202608260093
14,15,-0.00168722466339883,0.228175073492131,-0.0422351825215622,0.00168722466339883,0.00130224205183006,0,0,0.190561660326756,202608260093
1,6,0.148759161370495,0.164985417057711,0.00292710123209031,0.148759161370495,0.124216069090629,0.000435433124532297,0.000363593008880594,0.896440958183503,202608260093
2,7,0.168381868404585,0.17791417194155,0.00174130968831629,0.168381868404585,0.138424347717412,0.000293204978789704,0.000241039657779194,0.864823468418381,202608260093
3,8,0.254010772994907,0.185577674492783,0.0322094567522537,0.254010772994907,0.206872044446398,0.008181549007386,0.00666323616884657,0.879968471128657,202608260093
4,9,0.230432732166181,0.0529192623121408,-0.0123767360392264,0.230432732166181,0.218238401967376,0,0,0.854482505050888,202608260093
5,10,0.136326112996687,0.160581526764615,0.00299324266604496,0.136326112996687,0.114434657633793,0.00040805713791775,0.000342530699703719,0.923088399630539,202608260093
6,11,0.169978417530463,0.177479164243904,-0.0100631614816892,0.169978417530463,0.139810790047655,0,0,0.940499447619356,202608260093
1,2,0.308503721517167,0.157897301536097,0.112263059891401,0.308503721517167,0.259791816375763,0.0346335717654019,0.0291650242410882,0.308503721517022,202608260094
1,3,0.20916782734485,0.100013100516482,0.126724412252271,0.20916782734485,0.188248304403796,0.0265066699823607,0.0238556557330576,0.209167827344855,202608260094
1,4,0.178617404125336,0.0551710168746262,0.119988080895027,0.178617404125336,0.168762900308235,0.0214319595354506,0.0202495365342639,0.178617404125255,202608260094
1,5,0.246470581755815,0.146489427500097,0.102501159555577,0.246470581755815,0.21036524733879,0.0252635204263086,0.0215626817824216,0.246470581755768,202608260094
2,3,0.320762695241449,0.167156063303014,0.130809747088865,0.320762695241449,0.267145265850424,0.0419588870400766,0.0349452046618815,0.320762695241508,202608260094
2,4,0.325756788946339,0.174332325679841,0.115287461631322,0.325756788946339,0.268966850323326,0.0375556733067936,0.0310085054367479,0.325756788946266,202608260094
2,5,0.410511225793156,0.244534939298346,0.110163738773599,0.410511225793156,0.310126888112537,0.0452234514419072,0.0341647374886987,0.410511225793103,202608260094
3,4,0.247786362570607,0.0881310505454806,0.122435964955364,0.247786362570607,0.225948690126416,0.030337962404112,0.0276642459060283,0.247786362570418,202608260094
3,5,0.242811779475228,0.158303162034243,0.127894507382286,0.242811779475228,0.204373907005138,0.0310542929226005,0.0261383001582152,0.242811779475132,202608260094
4,5,0.282885711105024,0.160040481946203,0.124677263291058,0.282885711105024,0.237612545564082,0.0352694162847193,0.0296248819045515,0.282885711105145,202608260094
6,7,0.131034073216356,0.200967401219453,0.0699327961433028,0.131034073216356,0.104700496050865,0.00916357913006602,0.00732199844642783,0.131034073215514,202608260094
6,8,0.190046585223734,0.286292965534556,0.0829870186092672,0.190046585223734,0.135637584750315,0.0157713995045897,0.0112561587697905,0.190046585223751,202608260094
6,9,0.129453416841047,0.205821691977454,0.0455571988357002,0.129453416841047,0.10280909555456,0.00589753505098834,0.00468369440829758,0.129453416840094,202608260094
6,10,0.215067829576383,0.224718921314746,0.0536016170124414,0.215067829576383,0.166738018904474,0.0115279834326503,0.00893742743073085,0.215067829594525,202608260094
7,8,0.277043861283368,0.164784054437129,0.087152758618996,0.277043861283368,0.231391450564177,0.024145136769304,0.0201664032375191,0.277043861283459,202608260094
7,9,0.228605062410573,0.0552952310326775,0.0940953474809892,0.228605062410573,0.215964292669341,0.0215106727834361,0.0203212351622077,0.22860506241056,202608260094
7,10,0.193729983592233,0.0648202650159795,0.0831127549363776,0.193729983592233,0.181172354714243,0.0161014326501297,0.0150577335186114,0.193729983592255,202608260094
8,9,0.262519723345681,0.168790540534374,0.100729234501113,0.262519723345681,0.218208877341229,0.0264434107740544,0.0219800131759292,0.26251972334577,202608260094
8,10,0.218846513238542,0.191436256918344,0.108595504707167,0.218846513238542,0.176951355904524,0.0237657475585432,0.0192161218030694,0.218846513237091,202608260094
9,10,0.245086980414506,0.0676601426430612,0.0945999544220589,0.245086980414506,0.228504360359703,0.0231852171766523,0.0216165020752696,0.245086980414653,202608260094
11,12,0.050883807349272,0.170254785199724,0.028642934206917,0.050883807349272,0.0422205956588775,0.00145746154610264,0.00120932174363407,0.145791388860477,202608260094
11,13,0.0396439543086224,0.169835201007542,-0.00625662458938341,0.0396439543086224,0.0329110153598837,0,0,0.03895584935476,202608260094
11,14,-0.0272077712244004,0.157699593011981,0.0186318079519811,0.0272077712244004,0.0229171167755493,0.000506929968254464,0.000426987318575159,0.045762609037265,202608260094
11,15,0.0291991387801214,0.143873797396717,0.00325000292880818,0.0291991387801214,0.0249981478031116,9.4897286554071e-05,8.12440535748923e-05,0.018455783248232,202608260094
12,13,-0.173137511933536,0.191544022312818,0.0348230839982428,0.173137511933536,0.139974056484553,0.00602918212130828,0.00487432832653637,0.225070337667926,202608260094
12,14,0.0472563217002996,0.197821658701315,-0.00335217349413327,0.0472563217002996,0.0379079977574234,0,0,0.093302861300511,202608260094
12,15,0.00635581232258739,0.195369803380079,0.00424280938216704,0.00635581232258739,0.00511407851880281,2.69665001535667e-05,2.16980603207155e-05,0.0399524811035065,202608260094
13,14,0.0236796614736981,0.199752993598348,-0.00424962256044747,0.0236796614736981,0.0189495782069314,0,0,0.0215908882528899,202608260094
13,15,-0.0169433843046444,0.197061134203665,0.00112617563198593,0.0169433843046444,0.0136045017763226,1.90812265272635e-05,1.53210583858039e-05,0.15050901340899,202608260094
14,15,0.0774911885801303,0.189695586902533,0.00897273918041541,0.0774911885801303,0.0627914520826477,0.000695308223909895,0.00056341132229715,0.0437714297171237,202608260094
1,6,0.137737857780401,0.206278998567765,-0.0323284670861104,0.137737857780401,0.10932543041259,0,0,0.893516265683387,202608260094
2,7,0.194838090619789,0.156439935889918,-0.0434841584317282,0.194838090619789,0.164357632214315,0,0,0.885836186882817,202608260094
3,8,0.0643062160340432,0.191028283614103,-0.0194647014795741,0.0643062160340432,0.0520219099593422,0,0,0.822915173847045,202608260094
4,9,0.152010157575611,0.055265676721445,-0.0211766761747483,0.152010157575611,0.143609213348662,0,0,0.841566751003486,202608260094
5,10,0.16780779836792,0.166456590814547,-0.0411819232930084,0.16780779836792,0.139875084339501,0,0,0.880484425628739,202608260094
6,11,0.191276908129511,0.22703664579089,0.00163543257879458,0.191276908129511,0.147850040490535,0.000312820487126101,0.000241798772994318,0.963740741469956,202608260094
1,2,0.293441413875664,0.153183616937079,0.142616862662725,0.293441413875664,0.248490996739059,0.0418496938222613,0.035439006354858,0.293441413875653,202608260095
1,3,0.242394631061219,0.0823022196497294,0.122737156509064,0.242394631061219,0.222445014893704,0.0297508277695177,0.0273022686076696,0.242394631061271,202608260095
1,4,0.34348951616753,0.0546772701924878,0.109121417223065,0.34348951616753,0.324708447083751,0.0374820628054659,0.0354326459300797,0.343489516167625,202608260095
1,5,0.325016255411959,0.132064452478495,0.122845997289746,0.325016255411959,0.282093161594368,0.039926946031461,0.0346540157646777,0.325016255412111,202608260095
2,3,0.219158515360215,0.158650519935204,0.125020297797681,0.219158515360215,0.184388902950089,0.0273992628552318,0.0230523555574079,0.219158515360992,202608260095
2,4,0.332112787432639,0.166634345035943,0.0991870501177767,0.332112787432639,0.27677139062074,0.0329412876918357,0.0274521377926661,0.332112787432796,202608260095
2,5,0.369862263317883,0.225542955824457,0.115069486563409,0.369862263317883,0.286442435201244,0.0425598607391693,0.0329607839485798,0.369862263318095,202608260095
3,4,0.166363336403245,0.0682092788341833,0.103404505779401,0.166363336403245,0.155015813202731,0.0172027185805898,0.0160293335522204,0.166363336403117,202608260095
3,5,0.240904388107516,0.137796305804398,0.120759451060548,0.240904388107516,0.207708653374231,0.0290914816659407,0.0250827829619977,0.240904388107549,202608260095
4,5,0.204630713343453,0.143900570991211,0.127743568349283,0.204630713343453,0.175184236850991,0.026140257516352,0.0223786595338916,0.204630713343635,202608260095
6,7,0.186782530425689,0.189268209359069,0.0756341195368091,0.186782530425689,0.151430535352463,0.0141271322336043,0.0114533152123712,0.186782530425642,202608260095
6,8,0.119709719862078,0.252424242424242,0.079315621929322,0.119709719862078,0.0894920845150744,0.0094948508818456,0.00709812034106457,0.119709719861824,202608260095
6,9,0.145095615991593,0.193773341533836,0.0845104240098833,0.145095615991593,0.116979953638992,0.0122620920294247,0.0098860254826877,0.145095615991539,202608260095
6,10,0.173871989982418,0.189179749758815,0.0705832621262489,0.173871989982418,0.140978930427477,0.0122724522453416,0.00995075280064083,0.173871989982454,202608260095
7,8,0.310991136367525,0.145688613934305,0.110464623785065,0.310991136367525,0.265683268764286,0.0343535188793285,0.0293486023300332,0.31099113636755,202608260095
7,9,0.286065409497562,0.0722615529113897,0.103320160439314,0.286065409497562,0.265393878773036,0.0295563240054261,0.0274205381344419,0.286065409497661,202608260095
7,10,0.199403382226014,0.0468291879502873,0.110054421414533,0.199403382226014,0.190065483761829,0.0219452238589849,0.0209175468462814,0.199403382226082,202608260095
8,9,0.335613770834222,0.14711528991223,0.0905260542465093,0.335613770834222,0.286239853639408,0.0303817904244143,0.0259121645180739,0.335613770834201,202608260095
8,10,0.270264302712933,0.150430965091602,0.121270201889176,0.270264302712933,0.229608182826018,0.0327750065534348,0.0278446306867181,0.270264302713061,202608260095
9,10,0.288289621506109,0.0535891790512302,0.0947500740547775,0.288289621506109,0.272840417360607,0.0273154629869276,0.0258516497500539,0.288289621505942,202608260095
11,12,0.118311621245496,0.200124675125974,-0.0142877076920547,0.118311621245496,0.0946345464801142,0,0,0.0542064416798534,202608260095
11,13,-0.0332826854899701,0.196828180286208,-0.0246499014056873,0.0332826854899701,0.0267317150699411,0,0,0.104730605564922,202608260095
11,14,-0.0705734474160092,0.174752751193988,0.0111498497771588,0.0705734474160092,0.0582405433188173,0.000786883336944722,0.000649373308944926,0.115509243016652,202608260095
11,15,0.0020012901238009,0.158243619635159,0.0164509436954042,0.0020012901238009,0.00168459873067055,3.29231111448171e-05,2.77132388676106e-05,0.0103044906629075,202608260095
12,13,-0.0460314182498678,0.238618522365739,-0.0204910306094193,0.0460314182498678,0.035047469244685,0,0,0.0505898315311158,202608260095
12,14,-0.0227468173999574,0.230290013075528,-0.00564853376004612,0.0227468173999574,0.0175084525234945,0,0,0.090135231920752,202608260095
12,15,0.0340904840955341,0.218974948891457,0.0147392622832051,0.0340904840955341,0.0266255220830295,0.00050246858644551,0.000392440553409042,0.0659956445878938,202608260095
13,14,-0.127580967329326,0.242341571217354,-0.00960410293181307,0.127580967329326,0.0966627952493072,0,0,0.104730605564922,202608260095
13,15,0.0492866854551442,0.221091334620395,-0.0147764643002918,0.0492866854551442,0.0383898263888508,0,0,0.153050838159155,202608260095
14,15,0.0453299830910402,0.201832174219001,-0.00999991304722506,0.0453299830910402,0.036180934046465,0,0,0.137384762780927,202608260095
1,6,0.0669556128992932,0.195517435773536,-0.0204017250376709,0.0669556128992932,0.0538646231545779,0,0,0.809650815315115,202608260095
2,7,0.131458087868366,0.155798757280597,-0.0298916070341191,0.131458087868366,0.110977081143991,0,0,0.928802151666386,202608260095
3,8,0.132636941549211,0.156955065337633,-0.0224369524178229,0.132636941549211,0.111818901722171,0,0,0.919458731825313,202608260095
4,9,0.132909082063122,0.0624456957481714,-0.0698867672413874,0.132909082063122,0.124609481962439,0,0,0.928935341663857,202608260095
5,10,0.167400679429158,0.134054439700724,-0.0236853659640884,0.167400679429158,0.144959875142762,0,0,0.940499447619358,202608260095
6,11,0.130478739238457,0.215651367309327,-0.000475996321345871,0.130478739238457,0.102340820716886,0,0,0.870312859859155,202608260095
1,2,0.217724858389045,0.156664931565322,0.12886656129194,0.217724858389045,0.183615008349456,0.0280574538083708,0.0236618347275852,0.217724858389957,202608260096
1,3,0.289312716790653,0.0545318093736658,0.117775262625081,0.289312716790653,0.273535970869248,0.0340738812007949,0.0322157708065322,0.289312716790616,202608260096
1,4,0.249952023609189,0.0875498459819453,0.111279772969584,0.249952023609189,0.228068762439329,0.0278146044405186,0.0253794401057025,0.249952023609107,202608260096
1,5,0.145889198278318,0.145067684984536,0.140757238159018,0.145889198278318,0.124725390019832,0.0205349606268894,0.017556001427498,0.145889198277819,202608260096
2,3,0.276730213914902,0.154663810905111,0.146246071300181,0.276730213914902,0.233930064438237,0.0404707065951132,0.0342113528830904,0.276730213914917,202608260096
2,4,0.22329569027731,0.193597260349717,0.121726034041598,0.22329569027731,0.180066256391724,0.027180898796038,0.0219187512552821,0.22329569027755,202608260096
2,5,0.337942129040393,0.236644824343849,0.133927096717507,0.337942129040393,0.257969873275243,0.0452596082009131,0.0345491561683366,0.337942129040406,202608260096
3,4,0.356843219078018,0.0843121944746501,0.133784378287011,0.356843219078018,0.326756984194152,0.0477400482102882,0.0437149799813532,0.356843219078062,202608260096
3,5,0.356156452451922,0.13932547752969,0.135211690641091,0.356156452451922,0.306534784638778,0.0481565160687579,0.041447086471312,0.356156452451972,202608260096
4,5,0.313145289432217,0.184039096340127,0.109249097546656,0.313145289432217,0.255514313341944,0.034210840271456,0.0279147081428608,0.313145289432217,202608260096
6,7,0.222560839677899,0.20872680443845,0.0857302083808763,0.222560839677899,0.176106426818793,0.0190801871630091,0.0150976406683867,0.222560839677691,202608260096
6,8,0.211678470034302,0.270708380926524,0.104998174462435,0.211678470034302,0.154375334134313,0.0222258529266029,0.0162091282661312,0.211678470035394,202608260096
6,9,0.154383781100516,0.211411754012978,0.0776605612215645,0.154383781100516,0.121745235146901,0.0119895310837733,0.00945480328755964,0.154383781100613,202608260096
6,10,0.35272043727185,0.22275424930628,0.0821669818452346,0.35272043727185,0.274150461052376,0.0289819737657593,0.0225261159561532,0.352720437271815,202608260096
7,8,0.282836028117832,0.157327112623444,0.108890934132428,0.282836028117832,0.23833825246817,0.0307982793080565,0.0259528749507496,0.282836028117879,202608260096
7,9,0.147565658173467,0.107654970383378,0.0971050872230413,0.147565658173467,0.131679481613198,0.01432937610806,0.0127867475475345,0.147565658174171,202608260096
7,10,0.220686494482445,0.0869342440107144,0.118746712805547,0.220686494482445,0.201501280921239,0.0262057957803699,0.0239276147355042,0.220686494482279,202608260096
8,9,0.264409672294265,0.157758891633777,0.098612242543035,0.264409672294265,0.222696695455871,0.0260740307350064,0.0219606205458268,0.264409672294437,202608260096
8,10,0.282538033810954,0.17224945475866,0.122085698249931,0.282538033810954,0.233871011538433,0.034493853139973,0.0285523057440874,0.28253803381096,202608260096
9,10,0.214689966661228,0.0855036626676939,0.107639440159754,0.214689966661228,0.196333188173688,0.0231091078193309,0.0211331944597955,0.214689966667296,202608260096
11,12,0.0278688803352412,0.17380975073799,0.00309980091514888,0.0278688803352412,0.023024997190826,8.63879807673552e-05,7.13729073634229e-05,0.0358051898476204,202608260096
11,13,-0.0474652697160495,0.152507251313494,0.0102887743536204,0.0474652697160495,0.0402264718988011,0.000488359449742167,0.000413881092409018,0.062874721399219,202608260096
11,14,0.0475990789912161,0.177500434979382,0.00183764979934699,0.0475990789912161,0.0391502217656573,8.747043795731e-05,7.19443971720504e-05,0.293588107656963,202608260096
11,15,0.0119815949734557,0.143127491982628,0.00092339388825676,0.0119815949734557,0.0102666993349533,1.10637315700569e-05,9.48020741846561e-06,0.0126077010826122,202608260096
12,13,-0.0664338104377022,0.22400234741784,0.0133726726581473,0.0664338104377022,0.0515524809517451,0.000888397600416801,0.000689394452483061,0.0359749361622003,202608260096
12,14,0.0670353474396024,0.23809547137768,-0.0108102055803483,0.0670353474396024,0.0510745347920038,0,0,0.0113088830048786,202608260096
12,15,-0.0302925938436901,0.2274749498998,0.0149872364424635,0.0302925938436901,0.0234017875767617,0.000454002266390898,0.000350728123589233,0.114512585083842,202608260096
13,14,-0.15234331201769,0.247973370560509,0.0091823491945337,0.15234331201769,0.114566227454312,0.00139886948839823,0.00105198710638587,0.262499123939365,202608260096
13,15,0.0345187639013267,0.202128765601719,-0.0219803018927192,0.0345187639013267,0.0275415287638544,0,0,0.10827830417661,202608260096
14,15,0.067851597772559,0.235489197837996,-0.00102228240220893,0.067851597772559,0.0518732794410728,0,0,0.000724487916966466,202608260096
1,6,0.0496009654442492,0.200577780193499,-0.0131374063654279,0.0496009654442492,0.0396521138999872,0,0,0.930222149701094,202608260096
2,7,0.204543559331697,0.169657212576025,-0.0142840728575125,0.204543559331697,0.169841269205103,0,0,0.869492549880049,202608260096
3,8,0.112719519881345,0.150126273936034,0.00406972677768076,0.112719519881345,0.0957973583616997,0.000458737648428427,0.000389869074555689,0.924173752299015,202608260096
4,9,0.0223699179875581,0.109045252891074,-0.0304017900989365,0.0223699179875581,0.0199305846234523,0,0,0.896440958183503,202608260096
5,10,0.136582774484327,0.162809119558829,0.00768994784170232,0.136582774484327,0.114345853223631,0.00105031441185946,0.000879313647204675,0.945557214393048,202608260096
6,11,0.100366895786211,0.200027551441592,-0.0121452354572033,0.100366895786211,0.0802907513763022,0,0,0.9637882092744,202608260096
1,2,0.303390673571367,0.185652559273211,0.136948780480283,0.303390673571367,0.247065418563219,0.0415489827546904,0.0338353077710836,0.30339067357138,202608260097
1,3,0.281539124203078,0.0416372335882316,0.141511642284199,0.281539124203078,0.269816613924408,0.0398410638332327,0.0381821921520047,0.281539124202991,202608260097
1,4,0.36207498448791,0.101396605252852,0.12115107768722,0.36207498448791,0.325361810213857,0.0438657745742937,0.0394179339456735,0.362074984487962,202608260097
1,5,0.256510146305091,0.171392739055813,0.127420708875426,0.256510146305091,0.212546169734254,0.0326847046759338,0.0270827836162952,0.256510146305236,202608260097
2,3,0.297395448061488,0.188160502462767,0.122916170689357,0.297395448061488,0.241437371124098,0.0365547096561636,0.0296765571198793,0.297395448061532,202608260097
2,4,0.276361403067377,0.244193826635585,0.122671782144964,0.276361403067377,0.208875654517975,0.0339017458303577,0.0256231487864157,0.276361403067158,202608260097
2,5,0.29126278237443,0.29075478032012,0.100864212583404,0.29126278237443,0.206576736069725,0.0293779911990481,0.0208361998217225,0.291262782374356,202608260097
3,4,0.311251163497751,0.104556492934007,0.127843482414462,0.311251163497751,0.278707833420797,0.0397914326471054,0.0356309800007043,0.311251163497878,202608260097
3,5,0.192783245888231,0.175417374895698,0.125617741147606,0.192783245888231,0.158965714970646,0.0242169958795832,0.0199689140345268,0.192783245888092,202608260097
4,5,0.286884267747173,0.22970651603053,0.106196047884017,0.286884267747173,0.220985082099,0.03046597543485,0.0234677423602389,0.286884267746963,202608260097
6,7,0.243024386662847,0.228245789819462,0.1042554476885,0.243024386662847,0.187555093583595,0.0253366162307582,0.0195536402478162,0.243024386662859,202608260097
6,8,0.289298427043193,0.288365481675073,0.13073923561123,0.289298427043193,0.205874746781042,0.0378226552151583,0.0269159070258089,0.28929842704318,202608260097
6,9,0.229232099568472,0.208980702763438,0.0956856238726014,0.229232099568472,0.181327014304714,0.0219342164588355,0.0173503884887027,0.229232099568446,202608260097
6,10,0.214527860044003,0.248548730805784,0.12261881179894,0.214527860044003,0.161207232707585,0.026305151296365,0.0197670393279993,0.214527860043248,202608260097
7,8,0.326268215900946,0.146815766873369,0.136209679859689,0.326268215900946,0.278366897577043,0.0444408892362597,0.0379162660025038,0.326268215900993,202608260097
7,9,0.14612744312975,0.0848216909220849,0.113251292890626,0.14612744312975,0.133732666313363,0.0165491218612455,0.0151453973616991,0.146127443129721,202608260097
7,10,0.281995829701122,0.0966874637604329,0.123158439415402,0.281995829701122,0.254730368136302,0.0347301663076418,0.0313721946113779,0.281995829701202,202608260097
8,9,0.329430520825906,0.131047439406738,0.137803066441821,0.329430520825906,0.286259494609243,0.0453965359493359,0.0394474361552395,0.329430520825866,202608260097
8,10,0.420499404450217,0.179660077043537,0.136466679401569,0.420499404450217,0.34495244904993,0.0573841574156585,0.0470745152732829,0.420499404450528,202608260097
9,10,0.234768903551079,0.0772941206405875,0.122669328328916,0.234768903551079,0.216622647597344,0.028798943711127,0.0265729546815977,0.234768903551114,202608260097
11,12,-0.103698065098152,0.100189401587128,0.00683906498623013,0.103698065098152,0.0933086180102247,0.000709197806152581,0.00063814370234725,0.108314721158796,202608260097
11,13,0.0783157584874079,0.177023402611349,0.00133571131814852,0.0783157584874079,0.0644520364418783,0.000104607245001017,8.60893145531379e-05,0.122484437267683,202608260097
11,14,0.0613900926842066,0.155171693748882,-0.00328746139592674,0.0613900926842066,0.0518640880229974,0,0,0.0591317556294385,202608260097
11,15,-0.0436993415931745,0.194115144547729,0.0230401463888173,0.0436993415931745,0.0352166375831748,0.00100683922740167,0.000811396485238272,0.105326499026557,202608260097
12,13,-0.0975999299216244,0.177693973402627,0.0049790579883051,0.0975999299216244,0.0802570105700331,0.000485955710734282,0.00039960430959621,0.178593813647216,202608260097
12,14,0.0312392920388425,0.164327813046615,-0.000317347722008516,0.0312392920388425,0.026105807496975,0,0,0.00856124700267809,202608260097
12,15,0.0449277624354341,0.198651349896802,0.00216744921505957,0.0449277624354341,0.0360028017797922,9.73786434250643e-05,7.8034244457556e-05,0.13313981997867,202608260097
13,14,0.0138044286046567,0.208039747745032,0.0226261599862952,0.0138044286046567,0.0109325587599797,0.000312341210128353,0.000247361823562872,0.0947327964047935,202608260097
13,15,0.0951729984736648,0.226867918202601,0.00459392576069739,0.0951729984736648,0.0735812984408451,0.000437217689410982,0.000338027022412961,0.284874499803012,202608260097
14,15,0.0472092191833902,0.231291401018844,0.00647355840186803,0.0472092191833902,0.0362901327374581,0.000305611637490265,0.000234926293687478,0.0386446113273054,202608260097
1,6,0.138278775405968,0.21144510490158,-0.0030567822413988,0.138278775405968,0.109040405234591,0,0,0.910168672086905,202608260097
2,7,0.198216577024985,0.207397298107728,-0.00616494172501341,0.198216577024985,0.15710699450984,0,0,0.961412169305144,202608260097
3,8,0.194590433259093,0.137067145342836,0.00842169802296704,0.194590433259093,0.167918478061244,0.00163878186706641,0.00141415871470801,0.856247585058594,202608260097
4,9,0.150419323471783,0.103315110674644,-0.024410737413529,0.150419323471783,0.13487873441969,0,0,0.913917322645406,202608260097
5,10,0.19455749318092,0.209295339186218,0.000599318529045012,0.19455749318092,0.153837516654399,0.000116601910627874,9.21976741932519e-05,0.972987704429803,202608260097
6,11,0.197517597744253,0.239588241202421,0.00497168229858443,0.197517597744253,0.15019470389418,0.000981994744364023,0.000746720350691826,0.922532071934875,202608260097
1,2,0.277022361526182,0.1497037838603,0.133912703850997,0.277022361526182,0.235551065791796,0.0370968134591593,0.0315432801151635,0.277022361526106,202608260098
1,3,0.262809143877092,0.0382170818642993,0.131347211525534,0.262809143877092,0.252765345310855,0.034519248211669,0.0332000232768696,0.26280914387713,202608260098
1,4,0.300950856350408,0.0861943986820428,0.138106473270581,0.300950856350408,0.275010578254439,0.0415632613983161,0.0379807410748237,0.300950856350406,202608260098
1,5,0.259836090809203,0.129841974519628,0.135895050968977,0.259836090809203,0.226098459727075,0.0353104388040964,0.030725661708618,0.259836090809205,202608260098
2,3,0.294032822064973,0.155902549985608,0.132904639706021,0.294032822064973,0.248192355325579,0.0390783262782897,0.0329859155623348,0.294032822065114,202608260098
2,4,0.309649764115201,0.203459653060887,0.150692222987924,0.309649764115201,0.246648530537936,0.0466618113022058,0.0371680153634665,0.309649764115335,202608260098
2,5,0.362067764406324,0.236453287236464,0.125013381193711,0.362067764406324,0.276455651310091,0.0452633154496825,0.034560655720384,0.362067764406186,202608260098
3,4,0.277351347720081,0.0930039585900062,0.144345793563948,0.277351347720081,0.25155657446184,0.0400345003826856,0.0363111333669227,0.277351347720142,202608260098
3,5,0.23022797781283,0.137460592920407,0.133339997910157,0.23022797781283,0.198580703475812,0.0306985980804224,0.0264787505864623,0.230227977812859,202608260098
4,5,0.315066994931621,0.183659575841699,0.135237842715658,0.315066994931621,0.257201924280761,0.0426089807054575,0.034783433382046,0.315066994931741,202608260098
6,7,0.0793862783957911,0.181470989587545,0.0549460619788274,0.0793862783957911,0.0649799718956346,0.00436196337300358,0.00357039356316,0.0793862783953666,202608260098
6,8,0.15131085338421,0.245161642806342,0.0680591197146907,0.15131085338421,0.114215235994107,0.0102980834846079,0.0077733884197646,0.151310853384765,202608260098
6,9,0.241460520639565,0.183934290184543,0.0615943082517648,0.241460520639565,0.197047651168136,0.014872593738905,0.0121370137663364,0.24146052063982,202608260098
6,10,0.114028672221483,0.179275150978795,0.0575740911552426,0.114028672221483,0.0935861647930648,0.00656509716879092,0.00538813838266547,0.114028672221626,202608260098
7,8,0.238099945433824,0.164001550549919,0.0522770215485183,0.238099945433824,0.199051185196826,0.0124471559781451,0.0104058030977926,0.238099945426973,202608260098
7,9,0.172278973588769,0.107884695306558,0.0679431133455239,0.172278973588769,0.153692709015418,0.0117051698295922,0.0104423611490152,0.172278973588789,202608260098
7,10,0.027964312218084,0.0693416386423753,0.058570979826321,0.027964312218084,0.0260252209853751,0.00163789716678234,0.00152432269330995,0.0279643122169943,202608260098
8,9,0.215042874708197,0.173763672252169,0.0860552177689285,0.215042874708197,0.177676235107238,0.0185055614126703,0.0152899671045167,0.215042874712723,202608260098
8,10,0.0875186628037754,0.167011169007442,0.0740979516258913,0.0875186628037754,0.0729020686189487,0.00648495364279685,0.00540189395395428,0.0875186628039566,202608260098
9,10,0.167567709915464,0.0908626724390884,0.0695324354054592,0.167567709915464,0.152342059978047,0.0116513909657377,0.0105927144449582,0.167567709915511,202608260098
11,12,-0.0297811341214333,0.163912003031155,-0.0226233885047323,0.0297811341214333,0.0248996487750497,0,0,0.0585960217047761,202608260098
11,13,0.0662082036740236,0.165684412644132,-0.0573360222791158,0.0662082036740236,0.0552385363360699,0,0,0.0777129660287823,202608260098
11,14,-0.11077060959774,0.167217737894232,0.00363385038085766,0.11077060959774,0.0922477988356406,0.000402523821874582,0.000335214698932173,0.082739037772556,202608260098
11,15,-0.106164174064844,0.183738700479849,0.00938264464517868,0.106164174064844,0.086657706684653,0.000996100719299325,0.000813078467588224,0.119346825641111,202608260098
12,13,-0.173303583574134,0.188571860787567,-0.00107329696193297,0.173303583574134,0.140623404338406,0,0,0.196191241970236,202608260098
12,14,0.0422774110089542,0.200507336854123,-0.0255937438848748,0.0422774110089542,0.0338004799184616,0,0,0.0293693371669809,202608260098
12,15,0.0474219071669556,0.215841031113443,-0.022720687904784,0.0474219071669556,0.0371863138266739,0,0,0.132788182380273,202608260098
13,14,-0.0595114383863643,0.207506380688093,-0.0141233502963508,0.0595114383863643,0.0471624351972674,0,0,0.129316231459164,202608260098
13,15,-0.0444066147741068,0.222917658183601,-0.0137964178986841,0.0444066147741068,0.0345075962008016,0,0,0.0294799932885881,202608260098
14,15,0.0800301158874312,0.225862105430915,-0.00701013839744978,0.0800301158874312,0.0619543454152158,0,0,0.18039360751519,202608260098
1,6,0.13012984817755,0.162454405137593,-0.0132699733179795,0.13012984817755,0.108989681101221,0,0,0.863835250929201,202608260098
2,7,0.170572914605855,0.166547493811652,-0.0274900513575727,0.170572914605855,0.142164423166101,0,0,0.889134267610725,202608260098
3,8,0.172081338314242,0.158799356075896,-0.00641177798200721,0.172081338314242,0.144754932597262,0,0,0.935130869149728,202608260098
4,9,0.183360647911335,0.112182708938228,0.00713930528697034,0.183360647911335,0.162790753715973,0.0013090676430557,0.00116221288867433,0.876808484824944,202608260098
5,10,0.210783887544836,0.149663865750781,-0.006202722190964,0.210783887544836,0.179237156096898,0,0,0.883019295874834,202608260098
6,11,0.216948038607298,0.194095559777082,0.00670723378994106,0.216948038607298,0.174839387611275,0.00145512121520831,0.00117268864839894,0.968998041494748,202608260098
1,2,0.183876648688079,0.173521070088905,0.105888097315887,0.183876648688079,0.151970175843362,0.0194703484704024,0.0160918327688143,0.18387664868798,202608260099
1,3,0.188663122798337,0.0777646145101953,0.120544278535346,0.188663122798337,0.173991807781634,0.0227422600239509,0.0209737169400977,0.188663122798247,202608260099
1,4,0.256413053943544,0.0601825556093252,0.10071087868616,0.256413053943544,0.24098146106563,0.0258235839692562,0.0242694546909943,0.256413053943298,202608260099
1,5,0.202148446340309,0.163105853167638,0.0911315006652701,0.202148446340309,0.169176851533461,0.0184220912721452,0.0154173403580699,0.202148446340014,202608260099
2,3,0.340762321247743,0.176610481569631,0.113073835971042,0.340762321247743,0.280580123591394,0.0385313028178789,0.031726270871708,0.340762321247758,202608260099
2,4,0.212198403366718,0.193100758315875,0.124287709006993,0.212198403366718,0.171222730763187,0.0263736534093911,0.0212808809364776,0.212198403363794,202608260099
2,5,0.161141413983734,0.252324365685517,0.103893942633158,0.161141413983734,0.120481508914621,0.0167416168202519,0.0125172989755319,0.1611414139844,202608260099
3,4,0.318322574810655,0.071999351776342,0.116609213918997,0.318322574810655,0.295403555768511,0.0371193452213414,0.0344467764270426,0.318322574810621,202608260099
3,5,0.276903060205712,0.169537681716157,0.131136100922089,0.276903060205712,0.229957557318326,0.0363119876487715,0.030155737444293,0.276903060205833,202608260099
4,5,0.246297581683667,0.184050712186234,0.116148824871794,0.246297581683667,0.200966336365041,0.0286071746813226,0.0233420038075892,0.246297581683435,202608260099
6,7,0.199133337179238,0.176315249020141,0.0904008052052275,0.199133337179238,0.164023093246269,0.0180018140242071,0.0148278197017148,0.199133337179423,202608260099
6,8,0.250822574547694,0.259568357061189,0.0755407323991079,0.250822574547694,0.185716970958491,0.0189473209835626,0.0140291960051483,0.250822574547445,202608260099
6,9,0.174137600883285,0.162970400565665,0.0833889212267165,0.174137600883285,0.145758326313792,0.0145211466826656,0.0121546295911188,0.174137600883195,202608260099
6,10,0.176903877305605,0.19187135016364,0.092175367855403,0.176903877305605,0.142961091517796,0.0163061799656912,0.0131774911996627,0.176903877305612,202608260099
7,8,0.27461320631858,0.187022555174555,0.114172684770831,0.27461320631858,0.223254342788202,0.0313533270389184,0.0254895477028764,0.274613206318312,202608260099
7,9,0.292321090081516,0.102402452220917,0.120076472838156,0.292321090081516,0.262386693621277,0.0351008854331932,0.0315064686897088,0.29232109008169,202608260099
7,10,0.245972212140508,0.100329337896748,0.113308915175949,0.245972212140508,0.221293982955452,0.0278708445210694,0.0250745811436473,0.245972212140345,202608260099
8,9,0.322440211675639,0.173657371437478,0.113552475410001,0.322440211675639,0.266446092070304,0.0366138842074934,0.0302556133179039,0.322440211675624,202608260099
8,10,0.267651094896492,0.210587580685638,0.13638683182373,0.267651094896492,0.211287098354378,0.0365040848670851,0.0288167779497824,0.267651094896577,202608260099
9,10,0.281970610811641,0.0832411866380303,0.113687896791025,0.281970610811641,0.25849904257063,0.0320566457000561,0.0293882124723485,0.281970610811699,202608260099
11,12,-0.0359163971206404,0.124380021744567,-0.0282597021258007,0.0359163971206404,0.0314491148657886,0,0,0.0876097459129942,202608260099
11,13,-0.0574294139683205,0.170660336829408,-0.00664041650279119,0.0574294139683205,0.0476284908365714,0,0,0.0542165667636803,202608260099
11,14,0.00771087843252599,0.11986843732903,-0.0111652166097448,0.00771087843252599,0.00678658748438499,0,0,0.0711104703082125,202608260099
11,15,-0.0863478370834558,0.15811252826307,0.00431836801055797,0.0863478370834558,0.0726951622521429,0.000372881737442067,0.000313924463191975,0.0363645509280844,202608260099
12,13,-0.0428470423074427,0.211091543227215,-0.0224442470743124,0.0428470423074427,0.0338023940240428,0,0,0.0171457457036547,202608260099
12,14,-0.07159772141844,0.169747082714147,-0.00227090657611376,0.07159772141844,0.0594442170786796,0,0,0.159366111657269,202608260099
12,15,-0.0800329817738951,0.204711669753697,-0.0072381859135725,0.0800329817738951,0.0636492964395939,0,0,0.0832356080697672,202608260099
13,14,0.0311363368250043,0.209537700443535,-3.18232594253883e-05,0.0311363368250043,0.0246121004064575,0,0,0.132786118700188,202608260099
13,15,0.0748424810930307,0.223067984456834,-0.015503399796196,0.0748424810930307,0.0581475196838597,0,0,0.124124920731389,202608260099
14,15,0.101913463677127,0.203374036401019,0.000798041836413807,0.101913463677127,0.0811869112055012,8.13312077081864e-05,6.47905517112029e-05,0.071262040113264,202608260099
1,6,0.234151836533215,0.159023063380829,-0.0191371791719933,0.234151836533215,0.196916294191456,0,0,0.895261357029974,202608260099
2,7,0.220982855585079,0.188423850031503,-0.0139768370424234,0.220982855585079,0.179344415144783,0,0,0.986436223027752,202608260099
3,8,0.222400172973188,0.183587635241005,0.0153411843668246,0.222400172973188,0.18157025113985,0.00341188205679535,0.00278550269826708,0.925649531834545,202608260099
4,9,0.217558167946596,0.0634499587295094,-0.0189361821482662,0.217558167946596,0.203754111169117,0,0,0.849437419699414,202608260099
5,10,0.242511175486309,0.197889133865075,0.0286089181243288,0.242511175486309,0.194520849016722,0.00693798236372255,0.00556503104299433,0.838808246238971,202608260099
6,11,0.0577835081308868,0.162643243762481,-0.0002153129097109,0.0577835081308868,0.0483854109325037,0,0,0.940499447619356,202608260099
1,2,0.245271028331859,0.143174276108882,0.120372584494471,0.245271028331859,0.210154526399964,0.0295239075819226,0.0252968434859753,0.245271028331824,202608260100
1,3,0.165908856330619,0.0896931760384772,0.101499890644759,0.165908856330619,0.151027964073414,0.0168397307745549,0.0153293218377522,0.165908856330582,202608260100
1,4,0.341462749932771,0.0672979401226006,0.126189904788628,0.341462749932771,0.318483010233697,0.0430891519028795,0.0401893407381859,0.341462749932767,202608260100
1,5,0.19013098060164,0.165397981465701,0.11878481192401,0.19013098060164,0.158683700196034,0.0225846727716934,0.018849213483192,0.190130980601696,202608260100
2,3,0.208349924906346,0.145278706800446,0.0950344874839038,0.208349924906346,0.178081117253982,0.0198004283307845,0.0169238477087932,0.208349924905732,202608260100
2,4,0.339709933384762,0.158730071849424,0.1303239980074,0.339709933384762,0.285787751250636,0.0442723566815297,0.0372450023245272,0.339709933384884,202608260100
2,5,0.342652957651408,0.232320030029457,0.122376054029648,0.342652957651408,0.26304781224015,0.0419325168589675,0.0321907532830814,0.342652957651331,202608260100
3,4,0.171470952934637,0.0752503831102216,0.119304683638017,0.171470952934637,0.158567698034031,0.0204572877929761,0.0189178690491586,0.17147095293463,202608260100
3,5,0.152371163578929,0.167544001133641,0.106604528224447,0.152371163578929,0.126842289175527,0.0162434560083418,0.0135219623964659,0.152371163578429,202608260100
4,5,0.37094983768774,0.179575561759357,0.129291400055797,0.37094983768774,0.304336312200422,0.0479606238651185,0.0393480678922106,0.370949837687646,202608260100
6,7,0.20013993407012,0.192225745011534,0.0862727231541331,0.20013993407012,0.161667886136932,0.0172666171241179,0.0139475287836054,0.200139934070125,202608260100
6,8,0.192810555299349,0.26255461068932,0.102023315406212,0.192810555299349,0.142187255015937,0.0196711720969524,0.0145064151652345,0.192810555299506,202608260100
6,9,0.249169802218826,0.201272316509331,0.0997208927403753,0.249169802218826,0.199018818922071,0.024847435121204,0.019846334295044,0.24916980221831,202608260100
6,10,0.199743751133141,0.203230531656402,0.093273224628967,0.199743751133141,0.159149722395309,0.0186307437676739,0.0148444078066154,0.199743751132954,202608260100
7,8,0.262945551421337,0.148790523160716,0.0924692982929936,0.262945551421337,0.223821745262574,0.0243143906291953,0.0206966397271433,0.262945551421254,202608260100
7,9,0.210620356673958,0.0940011185552447,0.12193019888846,0.210620356673958,0.190821807556102,0.0256809819792142,0.023266940947571,0.210620356672705,202608260100
7,10,0.235166291280351,0.052944630322115,0.099481512730852,0.235166291280351,0.22271549892429,0.0233946983998735,0.0221560747415948,0.235166291280618,202608260100
8,9,0.33444581247406,0.1550042357864,0.0956140131894326,0.33444581247406,0.282605294899557,0.0319777063250453,0.0270210263939297,0.334445812474158,202608260100
8,10,0.174540127153673,0.160926927876891,0.102782036341138,0.174540127153673,0.146451920699591,0.0179395896920957,0.0150526266355748,0.174540127153556,202608260100
9,10,0.271907867327493,0.0823927390023533,0.124519329027232,0.271907867327493,0.249504633382092,0.0338577851968449,0.0310681495379236,0.271907867327434,202608260100
11,12,0.0444196027914131,0.176915565127753,0.0197174197065709,0.0444196027914131,0.0365610836608199,0.000875839951437458,0.000720890231467436,0.0232854725214323,202608260100
11,13,0.0456114742469801,0.145270742852377,0.0262505291377466,0.0456114742469801,0.0389854615005292,0.00119732533373593,0.00102338899306814,0.0431720723528297,202608260100
11,14,0.0519536880969177,0.154535943473003,0.0126554998862962,0.0519536880969177,0.0439249758899584,0.000657499893803211,0.000555892527380933,0.107022786085068,202608260100
11,15,-0.0397938160653223,0.121795199068163,0.0151203140350953,0.0397938160653223,0.0349471203159645,0.000601694995562492,0.000528411433799641,0.252558667318949,202608260100
12,13,0.0446772208275638,0.222663814862163,0.0425102614692506,0.0446772208275638,0.0347292204006591,0.00189924033909919,0.00147634823985525,0.0499872143691012,202608260100
12,14,-0.00185805448097277,0.225160149180091,0.0209541275596051,0.00185805448097277,0.00143969465685221,3.89339106069993e-05,3.0167545486563e-05,0.0847334213685384,202608260100
12,15,0.0359557640365327,0.205152036132208,0.0177405536957107,0.0359557640365327,0.0285793658337488,0.000637875162560411,0.000507013774162979,0.165374935875451,202608260100
13,14,-0.0263164072977372,0.201235647073122,0.0210968757677992,0.0263164072977372,0.0210206080465372,0.000555193975415168,0.000443469156521397,0.0505162033230694,202608260100
13,15,0.0299297253773872,0.173884774120894,0.0154581310271541,0.0299297253773872,0.0247254018406399,0.000462657616490392,0.000382208501351649,0.0630821813617676,202608260100
14,15,0.0477915412173994,0.190543340606727,-0.0218127210975891,0.0477915412173994,0.038685181301092,0,0,0.051329485720771,202608260100
1,6,0.222459391562712,0.197406111619605,0.00262224995204494,0.222459391562712,0.178544548081054,0.000583344128857268,0.000468188432643429,0.963788209274389,202608260100
2,7,0.208238987290081,0.13870088371463,-0.0327343963038652,0.208238987290081,0.179356055729107,0,0,0.933555743113772,202608260100
3,8,0.0973413873499523,0.161369015581136,-0.0408511488215352,0.0973413873499523,0.0816335034979885,0,0,0.740266408489986,202608260100
4,9,0.332949718850221,0.082643773551307,0.010466848593981,0.332949718850221,0.305433497681592,0.00348493429661379,0.00319692617576325,0.938238813087349,202608260100
5,10,0.201276066560984,0.169886971196145,-0.00142496534012931,0.201276066560984,0.167081885238665,0,0,0.938271155293124,202608260100
6,11,0.11542221806034,0.20027358158412,0.0134743748214531,0.11542221806034,0.0923061970550127,0.00155524222886852,0.00124376829746215,0.980028032007556,202608260100
