"i","j","rho","gini","o_bar","raw","gini","over","cw","oracle","seed"
1,2,0.249264486548649,0.163460130838556,0.141366897710007,0.249264486548649,0.208519680964001,0.0352377471726602,0.0294777804093612,0.249264486548811,202608250001
1,3,0.313820126578555,0.136052975102191,0.167478225846915,0.313820126578555,0.271123964710597,0.0525580380344305,0.0454073605943122,0.313820126578522,202608250001
1,4,0.271308497782034,0.10459688940055,0.131539073061161,0.271308497782034,0.242930472846097,0.0356876683118647,0.0319548492164851,0.271308497781943,202608250001
1,5,0.288419558345596,0.154069444490349,0.154679763630745,0.288419558345596,0.243982917211138,0.0446126691113806,0.0377392199641584,0.288419558345505,202608250001
2,3,0.199062526658747,0.157044879551204,0.156788723335951,0.199062526658747,0.167800776136466,0.0312107594188537,0.0263092694652182,0.19906252665861,202608250001
2,4,0.286850433345635,0.16124177845305,0.120611876332017,0.286850433345635,0.240598159322957,0.0345975689924692,0.0290189954379714,0.286850433345605,202608250001
2,5,0.369008042343037,0.223560239429445,0.119009760089424,0.369008042343037,0.286512516045437,0.0439155585903129,0.0340977857971847,0.369008042343186,202608250001
3,4,0.281132223396076,0.077610258690979,0.136354750579692,0.281132223396076,0.259313478811936,0.0383337142010862,0.0353586247253539,0.281132223396187,202608250001
3,5,0.454922073035301,0.137054518793774,0.148440034821115,0.454922073035301,0.392572947226781,0.0675286483622537,0.058273541956171,0.454922073035302,202608250001
4,5,0.223021767186656,0.153084416014409,0.144636345810765,0.223021767186656,0.188880610198385,0.0322570534421371,0.027319001253602,0.223021767186755,202608250001
6,7,0.210245863150888,0.211689553629856,0.119092496775476,0.210245863150888,0.165739010227953,0.0250387047793543,0.0197382725411431,0.210245863152358,202608250001
6,8,0.271085783279657,0.283624344406401,0.0956891878862265,0.271085783279657,0.194199255719069,0.025939978449532,0.0185827690678673,0.271085783279585,202608250001
6,9,0.114160482109239,0.215223218574634,0.101435604277916,0.114160482109239,0.0895904957156569,0.0115799374874089,0.00908766607047566,0.114160482108373,202608250001
6,10,0.246358708195793,0.210685029192851,0.111152287083758,0.246358708195793,0.194454616567649,0.0273833338589625,0.0216140753654894,0.246358708195979,202608250001
7,8,0.254366371586753,0.153374536244858,0.139994837564124,0.254366371586753,0.215353047308348,0.0356099788720632,0.0301483148768713,0.254366371586488,202608250001
7,9,0.337461520902088,0.0875856656821481,0.119760972085422,0.337461520902088,0.307904728951769,0.040414719784659,0.0368749696489621,0.337461520902089,202608250001
7,10,0.295813209825995,0.0594214577127405,0.135959594049626,0.295813209825995,0.27823555768745,0.0402186439224591,0.0378287934733569,0.295813209825953,202608250001
8,9,0.243302930077178,0.153805078912478,0.122333323673654,0.243302930077178,0.205881703717021,0.0297640560958798,0.0251861930992976,0.24330293007714,202608250001
8,10,0.346985908038034,0.155416938452009,0.131578872480387,0.346985908038034,0.293058420524772,0.0456560145462278,0.0385602965435327,0.346985908038166,202608250001
9,10,0.275488901902237,0.0598473761578713,0.121420152631324,0.275488901902237,0.259001613962775,0.0334499045172054,0.0314480154991194,0.27548890190224,202608250001
11,12,0.010638389138398,0.136757636984929,0.0940760356542555,0.010638389138398,0.00918350817850454,0.00100081747588777,0.000863948042832141,0.261374511450411,202608250001
11,13,0.0831393166317156,0.109026157822293,0.0984727462162931,0.0831393166317156,0.0740749563753885,0.00818695682727097,0.00729436438013662,0.341954797834405,202608250001
11,14,0.236295779688299,0.132807732639828,0.0799595593505036,0.236295779688299,0.204913872955536,0.0188941064202601,0.0163848229863297,0.708833120007503,202608250001
11,15,0.15721630969074,0.12025050517676,0.106446324259347,0.15721630969074,0.138310969028402,0.0167350982801984,0.0147226942578218,0.464471540281193,202608250001
12,13,0.263871327724765,0.196681811019788,0.0896739448172398,0.263871327724765,0.211972637111662,0.0236623828812423,0.019008422563116,0.484297833037517,202608250001
12,14,0.111520372947311,0.184795079981263,0.115521309946705,0.111520372947311,0.0909119567089722,0.0128829795686184,0.0105022683288386,0.421673338035625,202608250001
12,15,0.156237182637478,0.175557612685797,0.108626258470068,0.156237182637478,0.128808555840888,0.0169714605838139,0.0139919914799284,0.528972758592919,202608250001
13,14,0.158465639251746,0.168433431318101,0.126592182068973,0.158465639251746,0.131774727886558,0.0200605110558332,0.0166816503447045,0.57745139673327,202608250001
13,15,0.215193653096009,0.150973853413825,0.115707764918399,0.215193653096009,0.182705038057907,0.0248995766243646,0.0211403915930115,0.554465586426247,202608250001
14,15,0.271893208264448,0.204257357356536,0.127399684908178,0.271893208264448,0.216357020061161,0.0346391090615642,0.0275638161834643,0.649415573470517,202608250001
1,6,0.248015177700578,0.223541966802952,0.0358798904431505,0.248015177700578,0.192573377080407,0.00889875740413523,0.00690951167191252,0.951198703077283,202608250001
2,7,0.130257129046699,0.15468688521279,0.0160090710762834,0.130257129046699,0.110108059477705,0.00208529563710124,0.00176272775025023,0.876808484824944,202608250001
3,8,0.144921678402029,0.162881004292333,0.0273157253796603,0.144921678402029,0.121316689880176,0.00395864076878927,0.0033138533847363,0.948030447777397,202608250001
4,9,0.224565401843471,0.0660706772555475,-0.0106658301133234,0.224565401843471,0.209728213655509,0,0,0.944741069604073,202608250001
5,10,0.229506128426687,0.143681873414555,0.00998629727476189,0.229506128426687,0.196530257934219,0.00229191642484858,0.00196260957921674,0.970868897872992,202608250001
6,11,0.088577967725555,0.200755698083125,0.0233697924281632,0.088577967725555,0.0707954359800267,0.00207004871945476,0.00165447464371454,0.758218747422539,202608250001
1,2,0.341211892999734,0.16013806564309,0.15630356588616,0.341211892999734,0.286570880480339,0.0533326355986252,0.0447920504982135,0.341211892999668,202608250002
1,3,0.308884869135227,0.102146634567612,0.139749141266043,0.308884869135227,0.277333319284206,0.043166395211722,0.0387570932144291,0.308884869135241,202608250002
1,4,0.233005156273452,0.109969532177615,0.141179462429043,0.233005156273452,0.207381688243089,0.0328955427058812,0.0292780352637867,0.233005156273559,202608250002
1,5,0.281432601002969,0.152132137109863,0.128135701921029,0.281432601002969,0.23861765796,0.0360615638729762,0.0305754410934565,0.28143260100293,202608250002
2,3,0.304918456225834,0.14991865219532,0.139707733392743,0.304918456225834,0.259205492238979,0.0425994663889257,0.0362130118036581,0.304918456225809,202608250002
2,4,0.384969771522938,0.200105774728416,0.128403961834776,0.384969771522938,0.307935097145319,0.0494316438501738,0.0395400864614357,0.384969771522613,202608250002
2,5,0.337671401897506,0.229299556703101,0.103567078889289,0.337671401897506,0.260243499131093,0.0349716407189758,0.0269526590049345,0.337671401897402,202608250002
3,4,0.310385634399037,0.0931139449615213,0.136000046344431,0.310385634399037,0.281484403520758,0.0422124606629148,0.0382818919240577,0.310385634399068,202608250002
3,5,0.195700375347114,0.141158807195866,0.125042214478467,0.195700375347114,0.168075543795332,0.0244708083076702,0.0210165381958408,0.195700375347414,202608250002
4,5,0.277426630292211,0.183625709875232,0.114314108722083,0.277426630292211,0.22648396836651,0.0317137779776248,0.025890312983658,0.277426630292239,202608250002
6,7,0.344117555033079,0.197066754423228,0.106948114106046,0.344117555033079,0.276303425322654,0.0368027235415713,0.0295501302592985,0.344117555033013,202608250002
6,8,0.21560569484322,0.283551868429576,0.0938751340389426,0.21560569484322,0.154470297226368,0.0202400135029666,0.0145009198571606,0.215605694843231,202608250002
6,9,0.212853480543768,0.199191599610064,0.0807879272444216,0.212853480543768,0.170454855271685,0.0171959914998919,0.0137706944461473,0.212853480543767,202608250002
6,10,0.237384589686275,0.255466215037091,0.109141012961478,0.237384589686275,0.17674084705099,0.0259083945798048,0.0192896750788146,0.237384589685977,202608250002
7,8,0.275397361850292,0.147913650447996,0.113862197485257,0.275397361850292,0.234662332735268,0.0313573488019167,0.0267191688722541,0.275397361850544,202608250002
7,9,0.201531845731998,0.0259793014340679,0.131527339356053,0.201531845731998,0.196296189163162,0.0265069474646443,0.0258183154863633,0.201531845732417,202608250002
7,10,0.281496352035476,0.101188591172248,0.119053615704827,0.281496352035476,0.253012132752879,0.0335131585175422,0.0301220092214199,0.281496352035278,202608250002
8,9,0.271616362530098,0.148473043472631,0.110313313313707,0.271616362530098,0.231288654528289,0.0299629009009121,0.0255142178128848,0.27161636253012,202608250002
8,10,0.278304319136215,0.207528847516689,0.100483453779234,0.278304319136215,0.220548144526959,0.0279649791884851,0.0221614392866706,0.278304319136007,202608250002
9,10,0.308551460647654,0.101335641234501,0.0982576695718864,0.308551460647654,0.277284200529082,0.0303175474662401,0.0272452993530912,0.308551460647758,202608250002
11,12,0.224091309832411,0.141932427035512,0.0810013442167757,0.224091309832411,0.19228548635033,0.0181516973237233,0.0155753828677532,0.413945844578811,202608250002
11,13,0.158403117716068,0.174277445761246,0.0702993333896431,0.158403117716068,0.130797026959893,0.0111356335822807,0.00919494380462768,0.426992340093505,202608250002
11,14,0.0997747328204596,0.138238655527703,0.0707770343662144,0.0997747328204596,0.0859820078997235,0.00706175969371353,0.00608555152799485,0.256937758077861,202608250002
11,15,0.0838759383837522,0.118530812419165,0.0693149347196433,0.0838759383837522,0.0739340552647062,0.00581385519361861,0.00512473421423161,0.45080450664184,202608250002
12,13,0.16668605857274,0.233467171552306,0.125186817501117,0.16668605857274,0.12777033594056,0.0208668971945261,0.0159951617274474,0.603157622335397,202608250002
12,14,0.21001349961865,0.171431345495427,0.0865421560465481,0.21001349961865,0.174010602806821,0.0181750210558789,0.0150592527418618,0.549571346804297,202608250002
12,15,0.0744673792359732,0.173180395964827,0.097491498099196,0.0744673792359732,0.0615710890134244,0.00725993636123599,0.00600265770751769,0.506859435229628,202608250002
13,14,0.114996949206645,0.212127342249445,0.0925578626795522,0.114996949206645,0.0906029520046451,0.0106438718332361,0.008386015590008,0.517323440363775,202608250002
13,15,0.10236261061881,0.204521201424144,0.0788032576149114,0.10236261061881,0.0814272865141392,0.00806650717472895,0.00641673543605691,0.468381312023359,202608250002
14,15,0.146175209446268,0.18949661027688,0.0658539373671563,0.146175209446268,0.118475502749687,0.00962621308750549,0.00780207833762026,0.573026305242751,202608250002
1,6,0.202341337950835,0.221710953646294,0.0103182998318963,0.202341337950835,0.157480046951689,0.00208781859336378,0.00162492634198863,0.861192356776068,202608250002
2,7,0.208600663852245,0.145341263283028,-0.0146587952529936,0.208600663852245,0.178282379846282,0,0,0.830398952489831,202608250002
3,8,0.240833709379436,0.154980710337018,-0.00211329397182647,0.240833709379436,0.203509130026712,0,0,0.868000435602631,202608250002
4,9,0.169006889239085,0.0897634039305477,-0.0280301537908166,0.169006889239085,0.153836255573272,0,0,0.908496971529586,202608250002
5,10,0.102531577073325,0.182780047667688,-0.0309108091578184,0.102531577073325,0.0837908505284198,0,0,0.982231510315481,202608250002
6,11,0.153062578314254,0.20922259907176,-0.0208127391919862,0.153062578314254,0.121038427858721,0,0,0.96125885725522,202608250002
1,2,0.308655169148072,0.143843051638128,0.125997406840257,0.308655169148072,0.264257267713931,0.0388897509204981,0.0332957304706469,0.308655169148033,202608250003
1,3,0.126079868366102,0.0433333333333332,0.125907849488849,0.126079868366102,0.120616407403571,0.0158744450898131,0.0151865524692545,0.12607986836531,202608250003
1,4,0.20759586514591,0.0905264209570247,0.114326774342066,0.20759586514591,0.188802954468773,0.0237337656288823,0.0215852327706667,0.207595865146059,202608250003
1,5,0.304904142134548,0.137306894297827,0.092078958553323,0.304904142134548,0.26303870131951,0.0280752558663436,0.0242203296767191,0.304904142134539,202608250003
2,3,0.374079534863329,0.131666666666667,0.120650411463565,0.374079534863329,0.324825729439657,0.0451328498013597,0.0391903579108473,0.374079534863454,202608250003
2,4,0.351048811123198,0.184421142394751,0.123656779866131,0.351048811123198,0.286307988339539,0.0434095655593284,0.0354039238880172,0.351048811123272,202608250003
2,5,0.185242652372487,0.208120033855055,0.126028326886193,0.185242652372487,0.146689945289325,0.0233458215464651,0.0184870883758407,0.185242652372369,202608250003
3,4,0.248018468522794,0.075,0.107792651444826,0.248018468522794,0.229417083383584,0.0267345683293571,0.0247294757046554,0.248018468522785,202608250003
3,5,0.213336639083239,0.125,0.11450038396167,0.213336639083239,0.186669559197834,0.0244271270881231,0.0213737362021077,0.213336639083237,202608250003
4,5,0.159854161896258,0.169791666666667,0.106763866909222,0.159854161896258,0.132712257324289,0.0170666484655773,0.0141688737781929,0.159854161896133,202608250003
6,7,0.237934706019379,0.212859391847334,0.0947306507067597,0.237934706019379,0.18728806919672,0.0225397095269374,0.0177419206646179,0.2379347060208,202608250003
6,8,0.23278899593546,0.277063614052277,0.106806811046753,0.23278899593546,0.168291635409981,0.0248634503026421,0.0179746929039829,0.232788995935447,202608250003
6,9,0.13174481830851,0.207323010686371,0.0808214935745157,0.13174481830851,0.104431085934461,0.010647812986397,0.00844027634083173,0.131744818307934,202608250003
6,10,0.204344647354052,0.204403731212526,0.0890214508040578,0.204344647354052,0.162575838981576,0.0181910569715012,0.0144727370518268,0.204344647354035,202608250003
7,8,0.273012522245389,0.144829315263721,0.123342111824215,0.273012522245389,0.233472305590168,0.0336739410482018,0.0287969672239598,0.273012522245417,202608250003
7,9,0.231191028889843,0.072461161585474,0.099528171492367,0.231191028889843,0.214438658388345,0.0230100203708451,0.0213426875666683,0.231191028889739,202608250003
7,10,0.199473969691941,0.0587924267243818,0.115812044852644,0.199473969691941,0.187746410945406,0.0231014883248982,0.0217432957653324,0.199473969692482,202608250003
8,9,0.251154613405375,0.138083823953095,0.11359677541934,0.251154613405375,0.2164742239829,0.0285303542145416,0.0245907738058614,0.251154613405266,202608250003
8,10,0.365601695511628,0.139030746457489,0.104234947715076,0.365601695511628,0.314771818878523,0.0381084736161978,0.0328102240829823,0.365601695511643,202608250003
9,10,0.165018034923278,0.0358337134478834,0.104392260528324,0.165018034923278,0.159104825946104,0.0172266056935828,0.0166093124414793,0.165018034923616,202608250003
11,12,0.157288757970288,0.141859691238938,0.0965586812772925,0.157288757970288,0.134975823329267,0.0151875950493542,0.0130330875049908,0.412806586770619,202608250003
11,13,0.16962491673183,0.128782157574217,0.0913942718473516,0.16962491673183,0.147780253976758,0.0155027457518733,0.0135062687056225,0.532396394130042,202608250003
11,14,0.12532905747219,0.110281218786589,0.0931147476526718,0.12532905747219,0.111507616264783,0.0116699835600702,0.0103830035498462,0.393373023232112,202608250003
11,15,0.0979621201964595,0.160955554535052,0.0838967074082851,0.0979621201964595,0.0821945728168089,0.00821869933521761,0.0068958540261608,0.595035961449018,202608250003
12,13,0.172374121404897,0.184451448438118,0.130450562951296,0.172374121404897,0.140579465038516,0.022486301175504,0.0183386703536665,0.545692720749719,202608250003
12,14,0.241192500252949,0.151790165070269,0.105056642972158,0.241192500252949,0.204581850825843,0.0253388743866363,0.0214926824607939,0.379889823681498,202608250003
12,15,0.188596312851048,0.189825221132078,0.107334660406063,0.188596312851048,0.152795976059403,0.0202429211937028,0.016400304201749,0.65441826525726,202608250003
13,14,0.196730018245418,0.141535792516496,0.109738573594643,0.196730018245418,0.168885679201268,0.0215888715855003,0.0185332735361097,0.570762462356223,202608250003
13,15,0.18458338245091,0.185120982839593,0.103615877853535,0.18458338245091,0.150413125275741,0.0191257692098258,0.0155851880161396,0.638493173945972,202608250003
14,15,0.157001268518052,0.201578824597682,0.126352771388364,0.157001268518052,0.125353137349838,0.0198375453887446,0.0158387163063783,0.435605076684501,202608250003
1,6,0.163030783895466,0.211858768840343,-0.00652174264472004,0.163030783895466,0.128491282736296,0,0,0.968556742119666,202608250003
2,7,0.186715755867454,0.151582462546401,0.00110730571866334,0.186715755867454,0.158412921796852,0.00020675142423658,0.000175411534215824,0.939284790369912,202608250003
3,8,0.235562663261294,0.128333333333333,0.000644780571370913,0.235562663261294,0.205332121476095,0.000151886228611271,0.000132394162606158,0.984994256055669,202608250003
4,9,0.18998208948256,0.0861287786126159,-0.0152334138572095,0.18998208948256,0.173619164157154,0,0,0.870616372539696,202608250003
5,10,0.152301539215136,0.133906224995999,-0.00261308116603678,0.152301539215136,0.131907415037757,0,0,0.809938452044059,202608250003
6,11,0.0622820050766185,0.214793924693444,-0.000272804838395473,0.0622820050766185,0.0489042087684346,0,0,0.864823468418381,202608250003
1,2,0.320103133789537,0.189632010664488,0.125970547510812,0.320103133789537,0.259401332909024,0.0403235670233946,0.0326769279315841,0.320103133789514,202608250004
1,3,0.219717165586653,0.0963004855576508,0.133777712247115,0.219717165586653,0.198558295855308,0.0293932597536031,0.026562674567209,0.219717165585794,202608250004
1,4,0.303595876628166,0.0685384323247769,0.10112335881634,0.303595876628166,0.282787891183805,0.0307006347674313,0.0285964613890961,0.303595876628141,202608250004
1,5,0.301619082317721,0.143602477722234,0.0969909736732442,0.301619082317721,0.25830583476859,0.0292543284724262,0.0250533344196857,0.301619082317677,202608250004
2,3,0.272740524140975,0.200028387827008,0.115378578106833,0.272740524140975,0.218184676801963,0.0314684138674981,0.0251738377741094,0.272740524141034,202608250004
2,4,0.270845889896851,0.215865050021888,0.12661726241943,0.270845889896851,0.212379728326045,0.0342937651162937,0.0268909397940261,0.270845889896686,202608250004
2,5,0.192471008220317,0.259454644061444,0.103276791202213,0.192471008220317,0.142533511290367,0.0198777881284491,0.0147204036848535,0.192471008220398,202608250004
3,4,0.164887679834077,0.092059144538295,0.107176271480322,0.164887679834077,0.149708261083648,0.0176720467376574,0.0160451732327479,0.164887679832799,202608250004
3,5,0.158091441099621,0.159259527324767,0.097973314391784,0.158091441099621,0.132913872916004,0.0154887424615033,0.0130220126582293,0.158091441099292,202608250004
4,5,0.166804062420278,0.165757434785519,0.102912393725027,0.166804062420278,0.139155048921689,0.0171662053467296,0.0143207791834542,0.166804062420284,202608250004
6,7,0.196938205899813,0.175742228284447,0.0943914749149215,0.196938205899813,0.162327846760639,0.0185892877219819,0.0153223648755001,0.196938205900064,202608250004
6,8,0.285463943928888,0.215684606858495,0.0897995061680392,0.285463943928888,0.22389376541031,0.025634521193595,0.0201055495679487,0.285463943928922,202608250004
6,9,0.153663209546367,0.164499573869871,0.0782679807513001,0.153663209546367,0.128385677056513,0.0120269091269581,0.0100484877006018,0.153663209545367,202608250004
6,10,0.206879409346268,0.1683469467209,0.0814819073773873,0.206879409346268,0.172051892443401,0.0168569288706412,0.0140191163641774,0.206879409346981,202608250004
7,8,0.253203751424921,0.137076440825044,0.114518605661615,0.253203751424921,0.218495482376044,0.0289965405614722,0.0250217979850666,0.253203751424909,202608250004
7,9,0.179217206411685,0.120774750384353,0.107005725529796,0.179217206411685,0.157572293042733,0.0191772671995055,0.0168611375404312,0.179217206411607,202608250004
7,10,0.146715355246491,0.104410306449055,0.0952899101425712,0.146715355246491,0.131396760044423,0.0139804930179735,0.012520785457658,0.14671535524687,202608250004
8,9,0.250802704441948,0.125735103680608,0.0933092041628052,0.250802704441948,0.219268000395563,0.0234022007533574,0.0204597226152796,0.250802704442122,202608250004
8,10,0.257607751227501,0.134451314581564,0.0980446763625731,0.257607751227501,0.222972050428563,0.0252570685975906,0.0218612225221678,0.25760775122728,202608250004
9,10,0.193198318828935,0.0680840380996555,0.0952568740555001,0.193198318828935,0.180044597128996,0.0184034679244222,0.01715048551309,0.193198318828745,202608250004
11,12,0.26642696521999,0.144083419324194,0.0962652357749121,0.26642696521999,0.228039257070926,0.0256476546236966,0.0219522528478684,0.640785871050927,202608250004
11,13,0.0701785721651013,0.124326504986656,0.101343094885034,0.0701785721651013,0.0614535155628604,0.00711211369782408,0.00622788945870589,0.520284820273141,202608250004
11,14,0.231524300243035,0.124183482578852,0.109675079266603,0.231524300243035,0.202772806337223,0.0253924459812997,0.0222391236081465,0.559380296033608,202608250004
11,15,0.114953677189985,0.164315214473284,0.0798668657529425,0.114953677189985,0.0960650390680202,0.00918098990393964,0.00767241357879674,0.304520644157503,202608250004
12,13,0.237718140975738,0.1818626062524,0.111848599628627,0.237718140975738,0.194486100304415,0.0265884411744568,0.0217529979662814,0.648719845998577,202608250004
12,14,0.224706895791414,0.154842802351661,0.144365541751081,0.224706895791414,0.189912650339329,0.0324399327461312,0.0274168426516208,0.63114317036298,202608250004
12,15,0.144881781632624,0.193813927031246,0.113820991297583,0.144881781632624,0.116801674579122,0.0164905880063852,0.0132944823858133,0.545237747703996,202608250004
13,14,0.294542438013484,0.139915144157512,0.107424599472566,0.294542438013484,0.253331490338323,0.0316411034312716,0.0272140338833825,0.733504375525808,202608250004
13,15,0.0634515119564042,0.193325458962559,0.108720010813515,0.0634515119564042,0.0511847192855641,0.00689844906603411,0.00556480323421323,0.486085621982992,202608250004
14,15,0.187944662393357,0.214134167533513,0.102597891093571,0.187944662393357,0.147699288569389,0.0192827260038517,0.0151536355232401,0.491092765514998,202608250004
1,6,0.136114895254709,0.160371734912235,0.000788169461908586,0.136114895254709,0.114285913355314,0.000107281603750647,9.0076666832989e-05,0.968830610897781,202608250004
2,7,0.221769235776171,0.209141203726422,0.026028735407957,0.221769235776171,0.175388150856454,0.00577237275964278,0.00456513177233348,0.910168672086905,202608250004
3,8,0.210120783050724,0.133317804437407,0.0107053724775754,0.210120783050724,0.182107941587733,0.00224942124783782,0.00194953334582123,0.946804489815989,202608250004
4,9,0.147146446981223,0.0780934812488565,-0.0126880472845382,0.147146446981223,0.135655268683059,0,0,0.953767418776986,202608250004
5,10,0.125734441559988,0.154773505546847,-0.00128552706903249,0.125734441559988,0.106274081271774,0,0,0.850353572648656,202608250004
6,11,0.210845293686002,0.169481854320193,0.0106477466373293,0.210845293686002,0.175110842337413,0.00224502726684182,0.00186453588265808,0.966462152913272,202608250004
1,2,0.275789760638931,0.138930678579287,0.135052614565809,0.275789760638931,0.237474102048145,0.0372461282447662,0.0320714983732696,0.275789760638655,202608250005
1,3,0.258721386328626,0.0584946513077762,0.114744060511824,0.258721386328626,0.243587569049469,0.0296867424085949,0.0279502267629404,0.258721386328919,202608250005
1,4,0.286334179399002,0.0652729781921977,0.122069589525724,0.286334179399002,0.26764429475141,0.0349526957464213,0.0326712291992066,0.286334179398927,202608250005
1,5,0.296477354596494,0.174931963544781,0.111854068873876,0.296477354596494,0.244613988810367,0.0331621984405808,0.0273610699519083,0.296477354596367,202608250005
2,3,0.270561067306753,0.135453189907318,0.107422313858448,0.270561067306753,0.233912707675325,0.0290642958901026,0.0251274442993781,0.270561067306639,202608250005
2,4,0.219396671316441,0.160358528318837,0.143117031991156,0.219396671316441,0.184214543986085,0.0313994004275481,0.0263642387848927,0.219396671315905,202608250005
2,5,0.28748725979657,0.248092094432648,0.156490862020678,0.28748725979657,0.216163943390936,0.0449891291055279,0.0338276818390367,0.287487259796492,202608250005
3,4,0.286738843037945,0.0617762851571753,0.128377948040381,0.286738843037945,0.269025182504794,0.0368109442926841,0.0345369009011543,0.286738843037938,202608250005
3,5,0.220447859763893,0.173174288807473,0.124206466288779,0.220447859763893,0.182271958430151,0.0273810496621974,0.0226393558601442,0.220447859763842,202608250005
4,5,0.335100426387901,0.200506287957726,0.147910648293292,0.335100426387901,0.267910683799812,0.0495649213103931,0.0396268429255294,0.335100426387861,202608250005
6,7,0.213745759586586,0.205269332172314,0.0949171327008827,0.213745759586586,0.169870310261584,0.020288134626931,0.0161236027810389,0.213745759605068,202608250005
6,8,0.277974012997732,0.291837331269882,0.0641265115884515,0.277974012997732,0.196850818882094,0.0178255037657874,0.0126233563182388,0.277974012997578,202608250005
6,9,0.147036152657008,0.215406697464892,0.0730439269695983,0.147036152657008,0.115363580605218,0.0107400979965692,0.0084266089566789,0.147036152656778,202608250005
6,10,0.176521918287726,0.222471543388967,0.0549735657524203,0.176521918287726,0.137250814684275,0.0097040392817337,0.00754516668561924,0.176521918287684,202608250005
7,8,0.260744251900952,0.167111118761547,0.0773858615655494,0.260744251900952,0.217170988255141,0.0201779185816198,0.0168059640331659,0.260744251900986,202608250005
7,9,0.152358655812134,0.0890152506133342,0.0994985517431305,0.152358655812134,0.138796411881906,0.0151594655988374,0.0138100419693927,0.152358655810802,202608250005
7,10,0.194506330700119,0.0692731253871,0.0995144106168391,0.194506330700119,0.181032269264945,0.0193561828608664,0.01801531957853,0.194506330699772,202608250005
8,9,0.261432839843234,0.173499181777461,0.0858662265969705,0.261432839843234,0.216074456040675,0.0224482514658686,0.0185534982042057,0.261432839843437,202608250005
8,10,0.159705772210466,0.185222534032444,0.0742165954249045,0.159705772210466,0.130124664382035,0.0118528186831661,0.00965740957124299,0.15970577220986,202608250005
9,10,0.21322888167694,0.082226398834536,0.0938244742040758,0.21322888167694,0.19569583860913,0.020006087708462,0.0183610591614273,0.213228881676939,202608250005
11,12,0.158164831692949,0.166740473738414,0.0892287039122267,0.158164831692949,0.13179235272771,0.0141128429364573,0.0117596608194366,0.386493743146313,202608250005
11,13,0.163794966475773,0.183652546230685,0.0639244332490298,0.163794966475773,0.133713603822727,0.0104705004010076,0.00854756634205315,0.531651602429922,202608250005
11,14,0.148064613945412,0.143089457330732,0.0901776602536308,0.148064613945412,0.126878128686079,0.0133521204519544,0.0114415727822697,0.328433465502933,202608250005
11,15,0.0829138672511277,0.169538634288393,0.0990958614068165,0.0829138672511277,0.0688567634338024,0.00821642109782094,0.00682342028615803,0.584042507040844,202608250005
12,13,0.144014394647616,0.215135515663499,0.107302430953391,0.144014394647616,0.113031783592134,0.0154530946379701,0.0121285851544336,0.660600221357252,202608250005
12,14,0.145747998617824,0.171392999144396,0.110808254606347,0.145747998617824,0.120767812015422,0.0161500813392093,0.0133820704620563,0.691019944742411,202608250005
12,15,0.252340142954609,0.179258401002213,0.0865624836284068,0.252340142954609,0.207106052419896,0.0218431894932982,0.0179276142719412,0.584042507040844,202608250005
13,14,0.126370062658397,0.189600084984612,0.091682844530751,0.126370062658397,0.102410288038854,0.0115859668080511,0.00938926651661569,0.678671560250255,202608250005
13,15,0.056847961807559,0.205772319356979,0.103317542850132,0.056847961807559,0.0451502248557007,0.00587339172999517,0.00466481029122196,0.536638649631033,202608250005
14,15,0.2333515880482,0.211812314507087,0.116784410264136,0.2333515880482,0.183924848089807,0.0272518275944086,0.0214795549170889,0.623076970079777,202608250005
1,6,0.25619007633831,0.202816913546771,-0.0220417059440218,0.25619007633831,0.204230395774063,0,0,0.939404610965841,202608250005
2,7,0.158492888753825,0.143714164398699,-0.00157311961821029,0.158492888753825,0.135715215683433,0,0,0.940499447619356,202608250005
3,8,0.035263656799902,0.166848840569292,-0.0516205389599317,0.035263656799902,0.0293799565486049,0,0,0.854670348919245,202608250005
4,9,0.223747961247053,0.0818118107975749,-0.00566042580950235,0.223747961247053,0.205442735375166,0,0,0.922532071934875,202608250005
5,10,0.0779859234613527,0.192613278997193,0.0042033861249378,0.0779859234613527,0.0629647990278374,0.000327804948617911,0.000264665362593109,0.896174381112623,202608250005
6,11,0.213476215084448,0.234086997856709,0.021524279567364,0.213476215084448,0.163504208781517,0.0045949217344604,0.00351931030025402,0.867984834657986,202608250005
1,2,0.302725684024992,0.166441916581519,0.111625786350364,0.302725684024992,0.252339440977421,0.0337919925277416,0.0281675885263159,0.302725684024904,202608250006
1,3,0.247056863507427,0.103396569121253,0.135806746144565,0.247056863507427,0.221512031442901,0.0335519887456257,0.0300828282221331,0.247056863507174,202608250006
1,4,0.106784251166877,0.0667034647584235,0.116881609335971,0.106784251166877,0.0996613716324121,0.0124811151281211,0.0116485815050266,0.106784251167386,202608250006
1,5,0.236143983235664,0.12075906214941,0.108715298847975,0.236143983235664,0.207627457287899,0.0256724637086163,0.022572281068099,0.236143983235327,202608250006
2,3,0.34144631569023,0.169619328726427,0.108345996277992,0.34144631569023,0.283530420826742,0.0369943412489077,0.0307193859195916,0.341446315690239,202608250006
2,4,0.222299846087098,0.173876830276243,0.0851062414767972,0.222299846087098,0.183647053478577,0.0189191043813434,0.0156295104798501,0.222299846087321,202608250006
2,5,0.296788214382411,0.221342749648383,0.111398738951632,0.296788214382411,0.231096294947774,0.0330618328179073,0.0257438358335765,0.296788214382283,202608250006
3,4,0.2537739109213,0.0813272178474995,0.105768268871024,0.2537739109213,0.233135184783791,0.0268412272427754,0.024658304907508,0.25377391092131,202608250006
3,5,0.309671832684415,0.123025242960157,0.121634942586159,0.309671832684415,0.271574380230497,0.0376669155891194,0.0330329341472083,0.309671832684381,202608250006
4,5,0.144315698600521,0.123925568306287,0.0940720623709042,0.144315698600521,0.126431293635933,0.0135760753998488,0.0118936525405536,0.144315698600759,202608250006
6,7,0.359491149004594,0.198347801407039,0.0943576618868945,0.359491149004594,0.288186869974243,0.0339207442891067,0.027192639237272,0.359491149004536,202608250006
6,8,0.28047954974616,0.266615522513972,0.0908416593155608,0.28047954974616,0.205699348036104,0.0254792277030225,0.0186860700957287,0.28047954974626,202608250006
6,9,0.209357120378084,0.192357648507233,0.0922410758288773,0.209357120378084,0.16908567700391,0.0193113260161103,0.0155966447540947,0.20935712037825,202608250006
6,10,0.202906494287187,0.22744243932794,0.0767565815135443,0.202906494287187,0.156756946271028,0.015574408868382,0.0120321273242665,0.202906494287931,202608250006
7,8,0.190480458403771,0.127963831212324,0.0890729437900939,0.190480458403771,0.166105849175345,0.0169666551645104,0.0147955369668013,0.190480458403737,202608250006
7,9,0.303762785998324,0.0395156948883453,0.0846418013981054,0.303762785998324,0.291759388428381,0.0257110294046053,0.0246950402113877,0.303762785998284,202608250006
7,10,0.166991268803737,0.0735658043458935,0.0945285424165718,0.166991268803737,0.154706421795449,0.0157854412363112,0.0146241725548071,0.166991268803691,202608250006
8,9,0.119576724570835,0.117800792954796,0.085116207859296,0.119576724570835,0.105490491597453,0.0101779173437049,0.00897895060998813,0.119576724571229,202608250006
8,10,0.135847213025703,0.149992946728564,0.0765763609023687,0.135847213025703,0.115471089239115,0.0104026852122372,0.00884235580336408,0.135847213025285,202608250006
9,10,0.192093989355651,0.0624611446333883,0.0680477442402469,0.192093989355651,0.180095578903303,0.013071562657762,0.0122550978920112,0.192093989355643,202608250006
11,12,0.146763948370555,0.13674137224973,0.0822989966709298,0.146763948370555,0.126695244673577,0.0120785256983608,0.0104268915196133,0.458064760876757,202608250006
11,13,0.0461074690129262,0.158311937081278,0.100042520877635,0.0461074690129262,0.0388081062795749,0.00461270743134058,0.00388246078269584,0.409934816237195,202608250006
11,14,0.156498076904334,0.154052678517007,0.0603203538612647,0.156498076904334,0.132389128974461,0.00944001937747684,0.00798575910712408,0.491311497469066,202608250006
11,15,0.144796347335581,0.131192794977531,0.0621402471025052,0.144796347335581,0.125800109826088,0.00899768080297315,0.00781724991011543,0.376521786022451,202608250006
12,13,0.197780353878661,0.192280981478204,0.102166929009501,0.197780353878661,0.159750953317766,0.0202066113741951,0.0163212643068163,0.504590420817238,202608250006
12,14,0.157262679120854,0.172514333866402,0.0878121768049577,0.157262679120854,0.130132612790274,0.0138095781837817,0.0114272280024306,0.53987293690638,202608250006
12,15,0.126538881874285,0.151371910884679,0.0961759026597687,0.126538881874285,0.107384449523764,0.0121699911858172,0.0103277963645704,0.453093442074417,202608250006
13,14,0.15445375869276,0.18268457499757,0.0870596328709699,0.15445375869276,0.126237439429196,0.013446687527333,0.0109901851312771,0.407621995723451,202608250006
13,15,0.222698167077838,0.166101875730364,0.0743020396141615,0.222698167077838,0.185707583804495,0.0165469280322187,0.0137984522484918,0.657173225597278,202608250006
14,15,0.0509766536453859,0.189286708891622,0.119055904265902,0.0509766536453859,0.0413274506465427,0.0060690715962011,0.00492027700772857,0.31624442463756,202608250006
1,6,0.231775595341389,0.207538324449866,0.0315181305838226,0.231775595341389,0.183673276635867,0.00730513348011313,0.00578903831776783,0.964027448981667,202608250006
2,7,0.149468125803727,0.165640944121177,-0.0375809515443228,0.149468125803727,0.124710084329575,0,0,0.958665604033702,202608250006
3,8,0.214317829610587,0.139769801884395,0.00248720456588863,0.214317829610587,0.184362669025621,0.000533052284358791,0.000458547672179939,0.904459981714736,202608250006
4,9,0.205069900998915,0.0373988481744942,-0.025753363442968,0.205069900998915,0.197400522906298,0,0,0.922532071934974,202608250006
5,10,0.18768083428121,0.140125837203128,-0.0154669024669697,0.18768083428121,0.161381900250574,0,0,0.929656112798146,202608250006
6,11,0.125284726964903,0.22276464787664,-0.000154650367763182,0.125284726964903,0.0973757188782456,0,0,0.884094517024971,202608250006
1,2,0.287369501098309,0.152066708795003,0.120140019970982,0.287369501098309,0.243670166858227,0.0345245776010019,0.0292745387126799,0.287369501098283,202608250007
1,3,0.162566583269526,0.104260419945421,0.115615297317293,0.162566583269526,0.145617323028753,0.0187951838585627,0.0168355900965176,0.162566583270293,202608250007
1,4,0.302423794743943,0.0640529640194418,0.116593669776594,0.302423794743943,0.283052654300586,0.0352607000569598,0.033002147704911,0.302423794743911,202608250007
1,5,0.170572914605855,0.166547493811652,0.114104619876623,0.170572914605855,0.142164423166101,0.0194631575823488,0.0162216174653473,0.170572914605804,202608250007
2,3,0.316039165818097,0.156962057229295,0.110721310644906,0.316039165818097,0.266433008186258,0.0349922706545024,0.0294998118654474,0.316039165818112,202608250007
2,4,0.40548331592299,0.168438227414467,0.126089746991034,0.40548331592299,0.337184424942781,0.0511272887138153,0.0425154988303526,0.405483315923348,202608250007
2,5,0.255901270494737,0.235703083549832,0.121661405042408,0.255901270494737,0.195584551954808,0.0311333081205269,0.0237950913954117,0.255901270494918,202608250007
3,4,0.222749933077085,0.0883748377967748,0.133165267440153,0.222749933077085,0.203064443872156,0.0296625544104863,0.0270411309758216,0.22274993307693,202608250007
3,5,0.256758223297847,0.170310227357674,0.1199890378859,0.256758223297847,0.213029671912038,0.0308081721828018,0.0255612253738745,0.256758223297786,202608250007
4,5,0.290651351244719,0.175802688848365,0.12292195550781,0.290651351244719,0.239554062178487,0.0357274324659881,0.029446453772819,0.290651351244754,202608250007
6,7,0.115491951439106,0.183532499850859,0.0671058117404059,0.115491951439106,0.0942954248788331,0.00775018115080478,0.00632777102990057,0.115491951438743,202608250007
6,8,0.180123186941668,0.238788563889535,0.0575934033722144,0.180123186941668,0.137111829808661,0.0103739073622203,0.00789673692127263,0.180123186941638,202608250007
6,9,0.26014436858195,0.187276025310354,0.0669013744071377,0.26014436858195,0.211425565227051,0.0174040158024095,0.0141446608984957,0.260144368582015,202608250007
6,10,0.15891121508452,0.183594747233732,0.0774455768193584,0.15891121508452,0.129735950718473,0.0123069707152858,0.0100474755376,0.158911215083252,202608250007
7,8,0.182571536941982,0.146114232209738,0.0705817828742972,0.182571536941982,0.155895236998353,0.0128862245794657,0.0110033637689549,0.182571536941883,202608250007
7,9,0.192575574591752,0.111819731435774,0.0849988488194148,0.192575574591752,0.171041825559813,0.0163687021510363,0.0145383582725552,0.192575574591642,202608250007
7,10,0.102092135174208,0.0675370254872425,0.0743645764513961,0.102092135174208,0.0951971360389001,0.00759203839124862,0.00707929470091874,0.10209213517355,202608250007
8,9,0.315000012909872,0.148890881066969,0.0996470345072741,0.315000012909872,0.268099383451614,0.0313888171562218,0.026715308514182,0.315000012909759,202608250007
8,10,0.264384245845747,0.150768031842251,0.0910971096407091,0.264384245845747,0.224523553449486,0.0240846406310862,0.0204534467655094,0.264384245845744,202608250007
9,10,0.189853287271656,0.0936081734699314,0.0984596586114897,0.189853287271656,0.172081467822894,0.0186928898510363,0.0169430825752062,0.189853287271552,202608250007
11,12,0.132271469721125,0.166872370507822,0.122241969771699,0.132271469721125,0.110199016018207,0.0161691250033079,0.0134709447849686,0.490601067103377,202608250007
11,13,0.234354908286585,0.136064134935103,0.111972160564695,0.234354908286585,0.202467610422776,0.02624122541979,0.0226707357834092,0.478298895528828,202608250007
11,14,0.108337177702391,0.158555802599412,0.111625339526031,0.108337177702391,0.0911596895404333,0.0120931742443213,0.0101757312960384,0.35101246144405,202608250007
11,15,0.180388154913125,0.178015610063917,0.089063472324213,0.180388154913125,0.148276247467961,0.0160659954427209,0.0132059974627009,0.418030336254619,202608250007
12,13,0.313280998446335,0.215650698573654,0.148018113165929,0.313280998446335,0.245721732281531,0.0463712622807649,0.0363712671761758,0.676257406839868,202608250007
12,14,0.269589780128268,0.185776255707763,0.128391157207003,0.269589780128268,0.219506400198959,0.0346129438418498,0.0281826807358879,0.505972522873436,202608250007
12,15,0.206518076685693,0.212865430528594,0.133322109402581,0.206518076685693,0.162557517380056,0.0275334256135006,0.0216725111163557,0.505972522873436,202608250007
13,14,0.228352474552082,0.177334347756525,0.136816586320273,0.228352474552082,0.1878577374188,0.031242406046003,0.0257020543474905,0.596262942048299,202608250007
13,15,0.161238241479924,0.204201339018895,0.142354871821264,0.161238241479924,0.128313176668672,0.0229530491985606,0.0182660058176479,0.438841536025548,202608250007
14,15,0.225155838482385,0.250486062048364,0.131279407092191,0.225155838482385,0.168757439153735,0.0295583249793126,0.0221543765544988,0.689492823547944,202608250007
1,6,0.0924215145399194,0.184347483666135,-0.0285096257647726,0.0924215145399194,0.0753838408978721,0,0,0.945750322584876,202608250007
2,7,0.0419774362007446,0.161095253566534,-0.05414002466074,0.0419774362007446,0.0352150704719126,0,0,0.837334466959445,202608250007
3,8,0.197293082922826,0.153529004788398,-0.0176634672736261,0.197293082922826,0.16700287225005,0,0,0.915365850564366,202608250007
4,9,0.225363911304913,0.0949572624382853,-0.0232372849438793,0.225363911304913,0.203963971235014,0,0,0.939248667845926,202608250007
5,10,0.198788505548341,0.169432336978249,-0.00864071787405594,0.198788505548341,0.165107304488872,0,0,0.971243927128349,202608250007
6,11,0.241381707513147,0.189639334273792,-0.00619342158213902,0.241381707513147,0.195606241194483,0,0,0.891947592168309,202608250007
1,2,0.273755908172215,0.171256308700157,0.137727030981699,0.273755908172215,0.226873481853782,0.0377035884462578,0.0312466110642018,0.273755908172002,202608250008
1,3,0.292006903721113,0.0467310785504362,0.123419950427827,0.292006903721113,0.278361106166052,0.036039477581843,0.0343553139240492,0.292006903721098,202608250008
1,4,0.22623246901051,0.0634950819647475,0.111507547796651,0.22623246901051,0.211867819847601,0.0252266278513438,0.0236248610482285,0.226232469010517,202608250008
1,5,0.263401817553094,0.159714992155001,0.136428824258208,0.263401817553094,0.221332598328988,0.0359356002762435,0.030196146160038,0.26340181755314,202608250008
2,3,0.2944291766527,0.177346886662738,0.125212824384125,0.2944291766527,0.24221307883067,0.0368663087897771,0.030328183703163,0.294429176652783,202608250008
2,4,0.236408608479082,0.204139306406919,0.115895596521394,0.236408608479082,0.188148319115537,0.0273987167024758,0.0218055616783927,0.236408608479031,202608250008
2,5,0.355969597056809,0.276076956263819,0.118166185937284,0.355969597056809,0.257694594178907,0.0420635695938349,0.0304507873307776,0.35596959705682,202608250008
3,4,0.156693694126021,0.0728142263562517,0.12235147018516,0.156693694126021,0.145284164013332,0.0191717038450625,0.0177757310616531,0.156693694125534,202608250008
3,5,0.380967296035964,0.163117604865306,0.13124319361889,0.380967296035964,0.318824823174565,0.0499993645961128,0.0418435879984077,0.380967296036162,202608250008
4,5,0.187987702171708,0.190836143388492,0.143617736698646,0.187987702171708,0.152112854084795,0.0269983683130798,0.0218461038264296,0.187987702171916,202608250008
6,7,0.228883616527508,0.206582183555867,0.116781444927973,0.228883616527508,0.181600339245092,0.0267293594584226,0.021207550016452,0.22888361652754,202608250008
6,8,0.349021306559316,0.275172461162905,0.111126199951903,0.349021306559316,0.252980254635096,0.038785411500185,0.0281127343604631,0.349021306559337,202608250008
6,9,0.235727163683787,0.190172711571676,0.110613041742251,0.235727163683787,0.190898289774941,0.0260744985963371,0.0211158404953998,0.235727163683879,202608250008
6,10,0.197954943346467,0.214692948377159,0.123123301195657,0.197954943346467,0.15545541291358,0.0243728661128163,0.019140183626654,0.197954943346709,202608250008
7,8,0.288692215208643,0.173919179256896,0.144530587436386,0.288692215208643,0.238483102081701,0.0417248554524167,0.0344681028375198,0.288692215208591,202608250008
7,9,0.289465420103604,0.130166504034819,0.133096372950047,0.289465420103604,0.251786718329748,0.0385267975102512,0.0335118989666845,0.289465420103666,202608250008
7,10,0.27062423643002,0.11743621465245,0.134861548672048,0.27062423643002,0.238843150510469,0.036496803633143,0.0322107571675529,0.270624236430054,202608250008
8,9,0.246459020349481,0.161459222051917,0.135083565560606,0.246459020349481,0.206665938656176,0.0332925632333819,0.0279171718736058,0.246459020349465,202608250008
8,10,0.38165164996846,0.193016116631976,0.133747123421605,0.38165164996846,0.307986730585362,0.0510448103323908,0.041192339267817,0.381651649968531,202608250008
9,10,0.265348294413348,0.0824186479759343,0.138365136888779,0.265348294413348,0.24347864674508,0.0367149530797069,0.0336889562863776,0.2653482944133,202608250008
11,12,0.0327229159173967,0.159096113048631,0.0850114767028558,0.0327229159173967,0.0275168271873217,0.00278182340416128,0.00233924611337151,0.355427947793419,202608250008
11,13,0.222170041116527,0.13989167561033,0.079148851233251,0.222170041116527,0.19109030179432,0.0175845035328172,0.0151245778688357,0.439936295172646,202608250008
11,14,0.251589344556016,0.115257593184796,0.0990787490923171,0.251589344556016,0.222591762231549,0.024927157543566,0.0220541133601564,0.553555087047604,202608250008
11,15,0.110423643846528,0.163974398526875,0.0971848453111323,0.110423643846528,0.092316993263648,0.0107315047459164,0.00897181270991648,0.606266224649502,202608250008
12,13,0.219955010039416,0.213666343355965,0.0887662699873498,0.219955010039416,0.172958027341469,0.019524585806229,0.0153528389514723,0.548363148294184,202608250008
12,14,0.181967593137954,0.179050865431958,0.11161539067431,0.181967593137954,0.149386138106033,0.0203103839981567,0.0166737921660313,0.63286444152821,202608250008
12,15,0.0960987032356576,0.209580719285357,0.10614582124177,0.0960987032356576,0.0759582678891384,0.010200475775218,0.00806265272519496,0.445577571772724,202608250008
13,14,0.218241119342265,0.153005392079312,0.14121843677869,0.218241119342265,0.184849051309474,0.0308196697143463,0.0261040940659478,0.554066055684211,202608250008
13,15,0.223634104775935,0.188973621765905,0.121052366439082,0.223634104775935,0.181373158046051,0.0270714375996126,0.0219556499900041,0.573433257616781,202608250008
14,15,0.254292078882676,0.215588273623786,0.1272301574796,0.254292078882676,0.199469688600156,0.0323536212420579,0.0253785598930048,0.577597478995844,202608250008
1,6,0.185590493890857,0.17891558536124,0.0203479806373327,0.185590493890857,0.152385462038893,0.00377639177616418,0.00310073643097839,0.938234248184174,202608250008
2,7,0.138812241297323,0.206102538648647,0.016397736046283,0.138812241297323,0.110202685970436,0.00227620649278645,0.00180707455613463,0.850893871859899,202608250008
3,8,0.254467213216087,0.156826129623288,0.0159247328874528,0.254467213216087,0.214560105051384,0.00405232239908068,0.0034168123612471,0.952166178001319,202608250008
4,9,0.151689520355983,0.0782607147942476,0.00819480034005815,0.151689520355983,0.139818190066128,0.00124306533299647,0.00114578215150022,0.951198703077433,202608250008
5,10,0.185383445985482,0.195843076948619,0.0408191489838202,0.185383445985482,0.149077381508347,0.0075671945008154,0.00608521184590704,0.855057756500848,202608250008
6,11,0.163877009496968,0.195381537210632,0.0275606618654767,0.163877009496968,0.131858467467969,0.00451655884627145,0.00363410663598466,0.921469212695003,202608250008
1,2,0.186483108355851,0.149098903649451,0.130383339475695,0.186483108355851,0.158678681350852,0.0243142904232437,0.0206890563781237,0.186483108355928,202608250009
1,3,0.315332854409455,0.0911230482348597,0.122246627601388,0.315332854409455,0.286598763507066,0.0385483780234754,0.0350357323134666,0.315332854409522,202608250009
1,4,0.207571135880568,0.0398981334907387,0.135390475912134,0.207571135880568,0.199289434992381,0.0281031548724925,0.0269818914478789,0.207571135879815,202608250009
1,5,0.255927597097408,0.165702290858209,0.11434934183734,0.255927597097408,0.213519807964531,0.0292651522861004,0.0244158495099792,0.255927597097393,202608250009
2,3,0.271750770886342,0.157909295869863,0.118783863993295,0.271750770886342,0.228838798003587,0.0322796066090363,0.0271823566584472,0.271750770886305,202608250009
2,4,0.338464774780585,0.149480892520855,0.129864994504197,0.338464774780585,0.287870758159513,0.043954726116745,0.0373843344263042,0.33846477478046,202608250009
2,5,0.22157923380886,0.241423664687266,0.108818470126835,0.22157923380886,0.168084763164129,0.0241119132349564,0.0182907267791518,0.221579233807291,202608250009
3,4,0.219245682956696,0.0747374391231515,0.139933144658737,0.219245682956696,0.202859822073706,0.0306797378689829,0.0283868128276856,0.219245682956131,202608250009
3,5,0.302747150036497,0.174606677985286,0.123095642433842,0.302747150036497,0.249885475899112,0.0372668549287574,0.0307598131906875,0.302747150036574,202608250009
4,5,0.337132932353679,0.167821734801554,0.114075720886868,0.337132932353679,0.28055469878735,0.0384586822929497,0.0320044795123651,0.337132932353627,202608250009
6,7,0.136740307927432,0.215394103261989,0.0903620826355899,0.136740307927432,0.107287251921634,0.0123561390045546,0.00969469952388807,0.136740307927201,202608250009
6,8,0.248502956672451,0.298653051507133,0.122092793473896,0.248502956672451,0.174286790353679,0.0303404201666621,0.0212791610998799,0.248502956672567,202608250009
6,9,0.286617753162485,0.21797119383568,0.0927098818754497,0.286617753162485,0.224143339331158,0.0265722980391008,0.0207803025125605,0.286617753162446,202608250009
6,10,0.264104862804208,0.244397704251195,0.0957698855475566,0.264104862804208,0.199558240653283,0.0252932924833122,0.0191116698674367,0.264104862804267,202608250009
7,8,0.2727299979654,0.175452368736104,0.106065568914213,0.2727299979654,0.224878873796978,0.0289272623941724,0.023851905686064,0.272729997965456,202608250009
7,9,0.209817057105669,0.107948150934855,0.125080628986737,0.209817057105669,0.187167693756519,0.0262440494749232,0.0234110528610624,0.209817057107472,202608250009
7,10,0.179442659998045,0.0939411061079194,0.0955378647740502,0.179442659998045,0.162585618034881,0.0171435685855891,0.0155330827900219,0.179442659998191,202608250009
8,9,0.294763785021049,0.182508096777738,0.120378125713634,0.294763785021049,0.240967007617855,0.0354831119690904,0.0290071567358603,0.294763785021088,202608250009
8,10,0.308815248131154,0.211132439569368,0.111556226394525,0.308815248131154,0.243614331417004,0.0344502637346005,0.0271766955085061,0.308815248131216,202608250009
9,10,0.215991706835971,0.103106151995045,0.113867673492899,0.215991706835971,0.193721633081272,0.0245944731511723,0.0220586316642094,0.215991706836355,202608250009
11,12,0.13973576965657,0.159161848267873,0.117302293073331,0.13973576965657,0.117495166288897,0.0163913262050825,0.0137824524307199,0.378651259790298,202608250009
11,13,0.308620418046169,0.14969568238155,0.110863123390506,0.308620418046169,0.262421273969868,0.0342146234866819,0.0290928420764153,0.628258458165424,202608250009
11,14,0.189037244015348,0.168351632075635,0.0991252095724651,0.189037244015348,0.157212515462284,0.0187383564300226,0.0155837235426133,0.299159417957845,202608250009
11,15,0.159787731657866,0.167904224258125,0.101558236083667,0.159787731657866,0.132958696527887,0.0162277601749832,0.0135030506913558,0.473097040696464,202608250009
12,13,0.216918811540648,0.194260316459998,0.146813533844625,0.216918811540648,0.174780094564635,0.0318466172796587,0.0256600833287318,0.605423347458418,202608250009
12,14,0.196511495768263,0.192669690662268,0.110679117490829,0.196511495768263,0.158649686667012,0.0217497189284341,0.0175592073105014,0.455301110497728,202608250009
12,15,0.141029668256162,0.195858980622049,0.11110302027144,0.141029668256162,0.113407741194045,0.0156688220911389,0.0125999425688202,0.489111644619195,202608250009
13,14,0.207773610531826,0.186226621630074,0.132514628524827,0.207773610531826,0.169080632978601,0.027533042816887,0.022405657269902,0.514005024437589,202608250009
13,15,0.200233361099628,0.185154689868218,0.120033723140956,0.200233361099628,0.163159215223955,0.0240347558298158,0.0195846080680879,0.443812363631601,202608250009
14,15,0.163067465173102,0.233498523663209,0.114093853743143,0.163067465173102,0.124991452797681,0.0186049955217249,0.0142607565346415,0.412014346352116,202608250009
1,6,0.184276381386379,0.207443770720104,0.0233352353637501,0.184276381386379,0.146049393976933,0.00430013273163133,0.00340809698318478,0.937041197325027,202608250009
2,7,0.169346495145936,0.155953343812402,0.00576382651837486,0.169346495145936,0.142936342965017,0.000976083819515988,0.000823860284021289,0.956517772458066,202608250009
3,8,0.289778616752976,0.180291649007338,0.0117533408803903,0.289778616752976,0.237533952091516,0.00340586686254571,0.0027918175095979,0.770084695657238,202608250009
4,9,0.236739843696768,0.0828296927883689,0.00944182813161325,0.236739843696768,0.217130755172598,0.00223525691608986,0.00205011127242706,0.84423661099985,202608250009
5,10,0.000292815491913776,0.19251381705279,-0.0209533797587528,0.000292815491913776,0.000236444463873265,0,0,0.938234248184174,202608250009
6,11,0.121889789748666,0.228613313108343,-0.0152797455932103,0.121889789748666,0.0940241610801438,0,0,0.848509477875511,202608250009
1,2,0.335532932765218,0.116400539949118,0.133835709471481,0.335532932765218,0.296476718220636,0.0449062881076796,0.0396791719248351,0.335532932765187,202608250010
1,3,0.301548597812138,0.0457277345276232,0.138142835891806,0.301548597812138,0.287759463584207,0.0416567784609663,0.0397519083542272,0.301548597812106,202608250010
1,4,0.30718113709305,0.053496122201993,0.139082536828064,0.30718113709305,0.290748137444973,0.0427235318126306,0.0404379885338814,0.30718113709303,202608250010
1,5,0.333496207793745,0.12476212072248,0.114251160319475,0.333496207793745,0.291888513656493,0.0381023287025802,0.0333486013691813,0.333496207793741,202608250010
2,3,0.310805090543728,0.120964446231838,0.131282097447079,0.310805090543728,0.27320872488007,0.0408031441838098,0.0358674144430974,0.310805090543819,202608250010
2,4,0.309430686993943,0.144590731598922,0.130658081909253,0.309430686993943,0.264689877582332,0.0404296200464911,0.0345838717057025,0.309430686994043,202608250010
2,5,0.326460678785534,0.197016075290578,0.141574965784057,0.326460678785534,0.26214267711451,0.0462186594289019,0.0371128405430278,0.326460678785499,202608250010
3,4,0.266802871808737,0.0587863481016528,0.140411667026152,0.266802871808737,0.251118505312068,0.0374622359980295,0.035259967951983,0.266802871808722,202608250010
3,5,0.245178943607041,0.130992907801418,0.150246981546746,0.245178943607041,0.213062240852274,0.0368373962157777,0.03201195856964,0.245178943607081,202608250010
4,5,0.208040859625838,0.150219844928867,0.142617279939185,0.208040859625838,0.176788993953977,0.0296702215160469,0.0252131654409012,0.20804085962588,202608250010
6,7,0.357525014484543,0.22997542723476,0.103544389067481,0.357525014484543,0.275303046531346,0.0370197092011444,0.0285060857615047,0.35752501448463,202608250010
6,8,0.23111766313587,0.292613332923748,0.106668072699628,0.23111766313587,0.163489553428135,0.024652875693545,0.0174391155707019,0.231117663135974,202608250010
6,9,0.251001614810611,0.228980012851142,0.12275061312217,0.251001614810611,0.19352726182562,0.0308106021126572,0.0237555900449496,0.251001614810749,202608250010
6,10,0.191385578877001,0.254916767861242,0.120999061055877,0.191385578877001,0.142598185694423,0.0231574753437527,0.0172542465772968,0.191385578877092,202608250010
7,8,0.423594287508584,0.140777619550361,0.134349974633153,0.423594287508584,0.363961692057994,0.0569098817815266,0.0488982440954308,0.423594287512144,202608250010
7,9,0.296775902089413,0.110925563382918,0.162155588823213,0.296775902089413,0.263855867951671,0.0481238711518492,0.0427857036321633,0.29677590208932,202608250010
7,10,0.296723424571958,0.0953771144660851,0.153558095698044,0.296723424571958,0.268422800541789,0.045564284026272,0.041218494093133,0.296723424571994,202608250010
8,9,0.374316106801418,0.138841431961209,0.162134604069346,0.374316106801418,0.322345522526964,0.0606895937730269,0.0522633636684357,0.374316106801298,202608250010
8,10,0.355397548311938,0.176062271062271,0.168247809909963,0.355397548311938,0.292825448826175,0.0597948591508538,0.0492672404509058,0.355397548312016,202608250010
9,10,0.381484325733272,0.0818104979831398,0.139334202682748,0.381484325733272,0.350274903072271,0.0531538143620111,0.0488052743393516,0.381484325733074,202608250010
11,12,0.130722058933679,0.138575696594257,0.105371473155722,0.130722058933679,0.112607158556709,0.0137743759237909,0.0118655821850004,0.477715646284817,202608250010
11,13,0.237877815699557,0.141958783842276,0.10558467674778,0.237877815699557,0.204108970279791,0.0251162522761057,0.0215507796483139,0.549438033121799,202608250010
11,14,0.10463959743554,0.155370190753314,0.0990878737977957,0.10463959743554,0.0883817232216301,0.0103685152249449,0.00875755703661659,0.376046996386411,202608250010
11,15,0.0759216006757586,0.15477076515901,0.0989325591423237,0.0759216006757586,0.0641711564470747,0.00751111824903437,0.00634861673043152,0.385794151310687,202608250010
12,13,0.28812422468417,0.178025014250746,0.151725579045583,0.28812422468417,0.236830905478786,0.0437158148272654,0.0359333062696585,0.641800539471338,202608250010
12,14,0.252825385958314,0.166486008897759,0.117176179031875,0.252825385958314,0.210733496502079,0.0296251126888544,0.0246929459141407,0.738696952532777,202608250010
12,15,0.188008458499353,0.169853985531293,0.130599045285599,0.188008458499353,0.156074472509643,0.0245537251856327,0.0203831771032129,0.562046660124667,202608250010
13,14,0.206831783720566,0.170081970344486,0.144664860835695,0.206831783720566,0.171653426415507,0.0299212912083341,0.0248322190443695,0.384607208020968,202608250010
13,15,0.291143933398049,0.16172808924797,0.127997875128694,0.291143933398049,0.244057781353444,0.0372658048315603,0.0312388774218643,0.686809591619462,202608250010
14,15,0.209680422099609,0.212987840735843,0.111894074039454,0.209680422099609,0.165021041752033,0.0234619966750377,0.0184648766638699,0.457250641361055,202608250010
1,6,0.211777911929548,0.218114389788748,-0.00405546130690275,0.211777911929548,0.165586101898299,0,0,0.733469868238092,202608250010
2,7,0.133593410981243,0.142522605753814,-0.0442479873022575,0.133593410981243,0.114553329936656,0,0,0.822269004284607,202608250010
3,8,0.160643868205494,0.139721808056479,-0.000687809566977423,0.160643868205494,0.138198416486635,0,0,0.966462152913049,202608250010
4,9,0.201737830700863,0.0708591316829761,0.00163906626237774,0.201737830700863,0.187442863189793,0.000330661672147058,0.000307231273177876,0.956802877897642,202608250010
5,10,0.11046737177305,0.159767642739915,0.0019289303709033,0.11046737177305,0.0928182601851956,0.000213083868406901,0.000179039961045628,0.955677772707043,202608250010
6,11,0.0985444372554223,0.242599268772373,-0.0021407638153537,0.0985444372554223,0.0746376288356719,0,0,0.886058584056642,202608250010
1,2,0.256784294554241,0.141570058461656,0.130258809141557,0.256784294554241,0.220431326962162,0.0334484164148902,0.0287131221475844,0.25678429455402,202608250011
1,3,0.278260002549171,0.0992622657890569,0.123409064700584,0.278260002549171,0.250639284217672,0.0343398066581752,0.0309311596425266,0.27826000254912,202608250011
1,4,0.231476970967962,0.0708559725976776,0.13539602378081,0.231476970967962,0.215075445056063,0.0313410614658881,0.029120360073479,0.231476970967865,202608250011
1,5,0.193674870328935,0.159210891276903,0.117748797746132,0.193674870328935,0.162839721605926,0.02280498313487,0.0191741814444126,0.193674870329047,202608250011
2,3,0.310446827562044,0.140631869914086,0.158231974739357,0.310446827562044,0.266788109693098,0.0491226145767108,0.042214409433719,0.310446827562144,202608250011
2,4,0.329002467064505,0.152178600162491,0.133564746224567,0.329002467064505,0.278935332176623,0.0439431310207272,0.037255926855236,0.329002467064465,202608250011
2,5,0.287784727682842,0.220840727220353,0.131966531359598,0.287784727682842,0.224230139138452,0.0379779522905711,0.0295908736883815,0.287784727682788,202608250011
3,4,0.259242571349905,0.0749818058809211,0.146070741787302,0.259242571349905,0.239804095188876,0.0378677546999282,0.0350283620678719,0.259242571350049,202608250011
3,5,0.282440739252303,0.156977978471919,0.141499413522137,0.282440739252303,0.238103762966362,0.0399651989589597,0.0336915428171541,0.282440739252299,202608250011
4,5,0.365804778134636,0.168023783753391,0.116509622165741,0.365804778134636,0.304340875197384,0.0426197764868892,0.0354586403788383,0.365804778134712,202608250011
6,7,0.145195507038392,0.237845470769098,0.0671568113584623,0.145195507038392,0.110661413313288,0.0097508672762736,0.00743166765854131,0.145195507038568,202608250011
6,8,0.224017137022042,0.292966559943081,0.0780050904356759,0.224017137022042,0.158387607020397,0.0174744770325456,0.0123550396095163,0.224017137022803,202608250011
6,9,0.139415439601026,0.232016506922258,0.0894238578655417,0.139415439601026,0.107068756293765,0.0124670664551442,0.00957450124465396,0.139415439600691,202608250011
6,10,0.123525818047539,0.223757497857755,0.0659037541252306,0.123525818047539,0.0958859900803893,0.00814081514072298,0.00631924671431228,0.123525818047608,202608250011
7,8,0.213043060329033,0.159354509181809,0.113909999636417,0.213043060329033,0.17909368801571,0.0242677349246213,0.0204005619367541,0.213043060329036,202608250011
7,9,0.106614042464935,0.106331100055449,0.0946207671970734,0.106614042464935,0.0952776540482805,0.0100879024920136,0.00901524472278565,0.106614042464679,202608250011
7,10,0.161480133399958,0.0837706544255661,0.0919674836438073,0.161480133399958,0.147952836948316,0.0148509215272604,0.0136068501120991,0.161480133399213,202608250011
8,9,0.281088380134397,0.151023029253412,0.105107376639425,0.281088380134397,0.238637561478566,0.029544462239752,0.0250825680546416,0.281088380134233,202608250011
8,10,0.336072176803827,0.151922728606232,0.108059815308835,0.336072176803827,0.285015174695154,0.0363158973558598,0.0307986871377738,0.336072176803761,202608250011
9,10,0.267018502768693,0.0666889611305077,0.0812452841613901,0.267018502768693,0.249211316216426,0.0216939941337914,0.0202472442022375,0.267018502768889,202608250011
11,12,0.108827502091821,0.179105522504311,0.0894299021764148,0.108827502091821,0.0893358954668266,0.00973243286617516,0.00798930039244072,0.587738509078088,202608250011
11,13,0.0886473610070638,0.168508370347282,0.095880159443698,0.0886473610070638,0.0737095386681763,0.00849952310762034,0.00706728232002617,0.459722230975036,202608250011
11,14,0.17480846424288,0.146790695942045,0.0932168744438036,0.17480846424288,0.149148208120107,0.0162950986630426,0.0139031297898503,0.661238251984616,202608250011
11,15,0.115909710061432,0.127127483125457,0.074971261524779,0.115909710061432,0.101174400351521,0.00868989718627691,0.00758517242836654,0.629640650149316,202608250011
12,13,0.0970670474218445,0.230980947882223,0.0898372281216711,0.0970670474218445,0.0746464088002182,0.00872023448233332,0.00670602645584872,0.422920804882451,202608250011
12,14,0.140140544465753,0.20396855345912,0.105867495674398,0.140140544465753,0.1115562803301,0.0148363284850359,0.0118101840252988,0.596790316637646,202608250011
12,15,0.0965615911234817,0.198272500112854,0.0988217731000364,0.0965615911234817,0.0774160830365538,0.0095423876481832,0.0076503945921319,0.487147136148014,202608250011
13,14,0.224748609290171,0.186293115018118,0.101824530304903,0.224748609290171,0.182879490769515,0.0228849215776517,0.0186216182500056,0.527289720265385,202608250011
13,15,0.146447007024217,0.184641904887997,0.0995210409918763,0.146447007024217,0.11940675268212,0.0145745585891947,0.0118834843283841,0.561915322775894,202608250011
14,15,0.3042942446542,0.200642154746691,0.090812561019646,0.3042942446542,0.243239991729764,0.0276337396605866,0.0220892465913774,0.674295462250873,202608250011
1,6,0.241539620435222,0.227147995489365,0.00516018060088402,0.241539620435222,0.186674379822099,0.00124638806371472,0.000963273513440051,0.946539766274268,202608250011
2,7,0.195071107814849,0.150313758186003,0.0293230802733664,0.195071107814849,0.165749236485693,0.00572008575346934,0.00486027816671915,0.942629565533646,202608250011
3,8,0.206917523224884,0.155471146486817,0.0391610092709048,0.206917523224884,0.174747818660899,0.00810309904532235,0.00684330094664985,0.916720342329642,202608250011
4,9,0.216448733998892,0.0729892945374691,-0.000919023066304624,0.216448733998892,0.200650293600785,0,0,0.972819939455247,202608250011
5,10,0.191673979436,0.15478139488649,-0.01147852901619,0.191673979436,0.162006413535451,0,0,0.913583353336841,202608250011
6,11,0.157605589017663,0.23725708154732,0.0355809005479148,0.157605589017663,0.120212546931786,0.005607748788633,0.00427727067699141,0.932360051335142,202608250011
1,2,0.178032397655474,0.148836654798069,0.134011078586174,0.178032397655474,0.151534651142753,0.0238583136330927,0.02030732204282,0.178032397655471,202608250012
1,3,0.163281883772854,0.102319036958486,0.126875650113029,0.163281883772854,0.146575038672448,0.0207164951553608,0.0185968033219091,0.163281883772927,202608250012
1,4,0.187176610001366,0.0370367958135802,0.1314736857905,0.187176610001366,0.180244188115667,0.0246087988106505,0.023697367753883,0.187176610001521,202608250012
1,5,0.329587749494041,0.154464117880867,0.106350615545477,0.329587749494041,0.278678268504104,0.0350518600349397,0.0296376053945591,0.329587749494074,202608250012
2,3,0.353085327905481,0.161921139196356,0.125830679752086,0.353085327905481,0.295913349377506,0.0444289668208349,0.0372349778998882,0.353085327905581,202608250012
2,4,0.351264408420669,0.159990062274272,0.131667760329681,0.351264408420669,0.295065593842711,0.0462501979402799,0.0388506258916171,0.351264408420628,202608250012
2,5,0.257717952349601,0.239683354859872,0.156742025603967,0.257717952349601,0.195947248922832,0.0403952338857832,0.0307131687076895,0.257717952349753,202608250012
3,4,0.333856430456366,0.095707230861598,0.122891463102417,0.333856430456366,0.301903955992049,0.0410281052049332,0.0371014188682707,0.333856430456393,202608250012
3,5,0.218394462073294,0.179369371789302,0.127628124576216,0.218394462073294,0.179221184608945,0.027873275612246,0.0228736636759673,0.218394462073426,202608250012
4,5,0.228709152686122,0.166418968061602,0.137951536665319,0.228709152686122,0.190647611509855,0.0315507790624736,0.0263001309693572,0.228709152686101,202608250012
6,7,0.243587010309529,0.213765088207985,0.107201151639461,0.243587010309529,0.191516611564393,0.0261128080295948,0.0205308013177903,0.243587010309318,202608250012
6,8,0.12234779340988,0.26740875509979,0.104908413203807,0.12234779340988,0.0896309222849378,0.0128353128656177,0.00940303783090657,0.122347793409699,202608250012
6,9,0.173140368135211,0.201831533947996,0.118222495038218,0.173140368135211,0.13819518204616,0.0204690863127803,0.0163377792237579,0.173140368135272,202608250012
6,10,0.31187015325082,0.193037233843766,0.125808354588691,0.31187015325082,0.25166760154885,0.0392358708258085,0.0316618868541431,0.311870153250874,202608250012
7,8,0.354177115955953,0.148052739449781,0.14149241780755,0.354177115955953,0.301740223688251,0.0501133764687129,0.0426939537994417,0.354177115955904,202608250012
7,9,0.332958736990652,0.0851507243224956,0.148809608952671,0.332958736990652,0.304607059366395,0.0495474594489541,0.0453284573885362,0.332958736990604,202608250012
7,10,0.346427606228807,0.0701703616240168,0.153772045609219,0.346427606228807,0.322118655823189,0.0532708816653085,0.0495328446348236,0.346427606228807,202608250012
8,9,0.292682244911465,0.139471887136524,0.136085053910013,0.292682244911465,0.251861299882309,0.0398296790772804,0.03427455857233,0.292682244911405,202608250012
8,10,0.33144602875276,0.13296833471521,0.148696918561712,0.33144602875276,0.287374202261536,0.0492850031450519,0.0427316583504204,0.33144602875282,202608250012
9,10,0.323814503906472,0.0301066925711506,0.154039489298866,0.323814503906472,0.31406552018728,0.0498802208093187,0.0483784923360314,0.323814503906447,202608250012
11,12,0.115350993555394,0.158800335415123,0.0899608402578722,0.115350993555394,0.09703321708833,0.0103770723048237,0.00872918974219069,0.423559632368133,202608250012
11,13,0.163029185179722,0.168641964226323,0.0871023980948381,0.163029185179722,0.135535623164797,0.0142002329886013,0.0118054778049321,0.404122289697473,202608250012
11,14,0.180288618682451,0.150162981681168,0.0835966211217161,0.180288618682451,0.153215942137915,0.0150715193485544,0.01280833506471,0.368122473326821,202608250012
11,15,0.0883519102070992,0.196887904517155,0.0866999610232384,0.0883519102070992,0.0709564877463356,0.00766010717128416,0.00615192472195319,0.429377220007514,202608250012
12,13,0.150640861020804,0.212589488009332,0.108737356302058,0.150640861020804,0.118616197503106,0.016380288978468,0.0128980117310906,0.530306285447391,202608250012
12,14,0.240826807135409,0.173093874105747,0.0944952287027032,0.240826807135409,0.199141162099824,0.0227569842180023,0.0188178896567449,0.516303959155818,202608250012
12,15,0.17080248171777,0.222915881223587,0.0920554854040433,0.17080248171777,0.132727895990478,0.0157233053627446,0.0122183308920608,0.425612110672442,202608250012
13,14,0.126054049960718,0.190895084119252,0.10597075427698,0.126054049960718,0.101990951489895,0.0133580427540055,0.0108080580588111,0.529277642087096,202608250012
13,15,0.126797181187727,0.230298443233455,0.0881513408369246,0.126797181187727,0.0975959877538033,0.0111773415360406,0.00860321718080183,0.47994151490994,202608250012
14,15,0.162469382997049,0.251166063306016,0.117440335001862,0.162469382997049,0.121662587661923,0.0190804587667192,0.0142880950522096,0.62213575897791,202608250012
1,6,0.180272449355759,0.200436818272,0.0216441170984861,0.180272449355759,0.14413921318479,0.00390183800348694,0.00311976600865525,0.995523747658882,202608250012
2,7,0.255611229227098,0.161535051315495,0.026062096194842,0.255611229227098,0.214321056197082,0.00666176444459845,0.0055856559831885,0.751300719817057,202608250012
3,8,0.193293032965773,0.164306907987435,0.0136100342608801,0.193293032965773,0.161533652383653,0.0026307248010536,0.00219847854322662,0.835011611322098,202608250012
4,9,0.239315703422067,0.0372512904363438,0.0237249644867184,0.239315703422067,0.230400884647914,0.00567775656480257,0.00546625280598025,0.848509477875511,202608250012
5,10,0.150960205190212,0.150320420956187,0.0199253860271622,0.150960205190212,0.128267803598387,0.00300794036315458,0.00255578550155408,0.897521306381091,202608250012
6,11,0.193819597883093,0.224682406545833,0.0108318211592616,0.193819597883093,0.150271744194974,0.00209941922142966,0.00162771665841027,0.846087687306508,202608250012
1,2,0.202077957068493,0.150845345559254,0.111654452543065,0.202077957068493,0.171595437804588,0.0225629036675035,0.0191593946669588,0.202077957068775,202608250013
1,3,0.261617726688216,0.0939352737930554,0.0961403662922975,0.261617726688216,0.237042593902641,0.0251520240723632,0.0227893618046762,0.261617726688303,202608250013
1,4,0.230367240472634,0.0883050316108471,0.108537592807232,0.230367240472634,0.210024654020595,0.0250035057425445,0.0227955703775671,0.230367240472632,202608250013
1,5,0.187878189137614,0.173186775155034,0.101804517756841,0.187878189137614,0.155340171438903,0.0191268484421833,0.0158143312416025,0.187878189137853,202608250013
2,3,0.239280344665783,0.140601760404755,0.0936340160159231,0.239280344665783,0.205637106975517,0.0224047796247315,0.0192546281680137,0.239280344665013,202608250013
2,4,0.244145412872994,0.167543614329471,0.102220654192299,0.244145412872994,0.203240407978292,0.0249567038219264,0.0207753674618507,0.244145412873426,202608250013
2,5,0.27947156229435,0.23250451924818,0.0925852859231345,0.27947156229435,0.214493161059564,0.0258749545024075,0.0198589106452567,0.27947156229432,202608250013
3,4,0.244283575515805,0.077122505310677,0.1053829982085,0.244283575515805,0.225443814165776,0.0257433356009481,0.0237579450643494,0.244283575515719,202608250013
3,5,0.166413153659981,0.164477442106019,0.0959139578785591,0.166413153659981,0.139041943813192,0.0159613442105816,0.0133360631422515,0.166413153660098,202608250013
4,5,0.256250184515712,0.189673885877672,0.0947168616808699,0.256250184515712,0.207646216261747,0.0242712132824721,0.0196675979442198,0.256250184515773,202608250013
6,7,0.269476383760662,0.192944032326156,0.097613562991327,0.269476383760662,0.217482523661209,0.0263045499608964,0.0212292440229162,0.269476383760852,202608250013
6,8,0.270803310740931,0.264738605576347,0.0896961535674506,0.270803310740931,0.199111219869918,0.0242900153467926,0.0178595105544546,0.270803310741176,202608250013
6,9,0.270544799615753,0.194474219510038,0.118320972259584,0.270544799615753,0.21793081086798,0.0320111237303101,0.0257857854272188,0.270544799615743,202608250013
6,10,0.197127734574578,0.212063410942698,0.0993977310154572,0.197127734574578,0.155324154789286,0.0195940495369303,0.0154388685579487,0.197127734574875,202608250013
7,8,0.321293755987576,0.139619430730297,0.106569971428061,0.321293755987576,0.276434904679391,0.0342402663956102,0.0294596598934014,0.32129375598757,202608250013
7,9,0.213651722201144,0.0728207315759275,0.140354636780088,0.213651722201144,0.198093447488,0.0299870098669819,0.0278033338706937,0.21365172220116,202608250013
7,10,0.182833755073918,0.0673450090693877,0.118569541498716,0.182833755073918,0.170520814180275,0.0216785145096031,0.020218574753343,0.182833755073925,202608250013
8,9,0.374118391064974,0.138972842997493,0.113667278586658,0.374118391064974,0.322126094641026,0.0425250193815747,0.0366151965395937,0.374118391065082,202608250013
8,10,0.220417317105769,0.161005866595634,0.0929780102768626,0.220417317105769,0.18492883595247,0.0204939635750587,0.017194315209677,0.22041731710682,202608250013
9,10,0.273119813789996,0.0660814973622827,0.107445657814298,0.273119813789996,0.255071647535445,0.0293455380547846,0.0274063409592226,0.273119813790022,202608250013
11,12,0.177542124064803,0.158123586996434,0.0987620408921007,0.177542124064803,0.14946852656471,0.0175344225169585,0.0147618167326659,0.369017686669743,202608250013
11,13,0.167541878256099,0.154440562215718,0.0940401815545945,0.167541878256099,0.141666616383549,0.0157556686492013,0.0133223543249341,0.335732662098255,202608250013
11,14,0.0813272221813816,0.181798931087537,0.0792091260545073,0.0813272221813816,0.0665420201204878,0.00644185819342798,0.00527073525964528,0.460812442026026,202608250013
11,15,0.12543489170885,0.133346965063259,0.0857793146166948,0.12543489170885,0.108708529586437,0.0107597190398045,0.00932494316091321,0.384506940388144,202608250013
12,13,0.174410757114262,0.193304536986494,0.125367387487327,0.174410757114262,0.140696366464826,0.0218654209691017,0.0176387358926548,0.542170127233475,202608250013
12,14,0.0754264898967076,0.20988812865336,0.101452802262499,0.0754264898967076,0.059595365081396,0.00765222876484503,0.00604611678936429,0.490207502283413,202608250013
12,15,0.204963726678193,0.160822125804425,0.0887379926073252,0.204963726678193,0.172001024441009,0.0181880696627393,0.0152630256352986,0.526184600975528,202608250013
13,14,0.16726559762944,0.200983079003362,0.0841864231834299,0.16726559762944,0.133648042806537,0.0140814923860613,0.0112513506893483,0.647069046355396,202608250013
13,15,0.133463461683731,0.162946815596009,0.10423267095482,0.133463461683731,0.111716015603947,0.0139112530861716,0.0116444586948298,0.483591992456933,202608250013
14,15,0.161960799986052,0.219829758971758,0.0992639911792236,0.161960799986052,0.126356996362245,0.0160768754211954,0.012542699772335,0.511117705070297,202608250013
1,6,0.251730866343788,0.201705653838629,0.00305497706869667,0.251730866343788,0.20095532735655,0.000769032024163421,0.000613913916906693,0.884094517025263,202608250013
2,7,0.184532496959131,0.14228092886481,-0.00070317037029807,0.184532496959131,0.158277041886043,0,0,0.937872859715063,202608250013
3,8,0.046774485171201,0.147901474034107,-0.0307420572744384,0.046774485171201,0.0398564698671939,0,0,0.7801375353553,202608250013
4,9,0.104291385533191,0.0834636803572286,-0.0143637247768774,0.104291385533191,0.095586842667036,0,0,0.938238813087349,202608250013
5,10,0.272254081986403,0.182535512145902,-0.00474263592740294,0.272254081986403,0.222558043697202,0,0,0.986436223027752,202608250013
6,11,0.227250937132954,0.218258721217512,0.0411346457947597,0.227250937132954,0.177651438198834,0.00934788680549127,0.00730762898523869,0.951198703077433,202608250013
1,2,0.271387133883053,0.146357227368426,0.114916327478715,0.271387133883053,0.231667665424465,0.0311868127508149,0.0266223973061473,0.271387133883092,202608250014
1,3,0.14991636770247,0.0563735606400477,0.0978518718324368,0.14991636770247,0.141465048256859,0.0146695971980065,0.0138426197707997,0.149916367702439,202608250014
1,4,0.170007571014666,0.0641333333333334,0.107627818202001,0.170007571014666,0.159104418793592,0.0182975439461302,0.0171240614610518,0.170007571014638,202608250014
1,5,0.301598129735715,0.170478862701085,0.107240906398558,0.301598129735715,0.250182023585596,0.0323436568009681,0.0268297469739448,0.301598129735767,202608250014
2,3,0.191341699988895,0.147315602186552,0.11540279843081,0.191341699988895,0.163154082231633,0.0220813676352271,0.018828437664941,0.191341699988737,202608250014
2,4,0.364169491622021,0.17056042647616,0.0931538516759532,0.364169491622021,0.302056587821363,0.033923790807465,0.0281377345796557,0.364169491622006,202608250014
2,5,0.332228371820731,0.253581387785115,0.146710453717373,0.332228371820731,0.247981440232841,0.0487413751676036,0.0363814696100477,0.332228371820778,202608250014
3,4,0.126856652475177,0.0638603140227396,0.101640686407245,0.126856652475177,0.118755546812239,0.0128937972329023,0.0120703952926636,0.126856652475903,202608250014
3,5,0.207754557208115,0.171900605214153,0.087830288658181,0.207754557208115,0.172041423088042,0.0182471427296413,0.0151104478509869,0.207754557207685,202608250014
4,5,0.173161950636001,0.19030223750436,0.115211970312205,0.173161950636001,0.14020884397935,0.0199503295158785,0.0161537371700575,0.173161950635998,202608250014
6,7,0.114031438705948,0.182458010835479,0.081853117331807,0.114031438705948,0.0932254892269532,0.00933382873191276,0.00763079690800891,0.114031438706185,202608250014
6,8,0.264316953991415,0.265685601114409,0.101330179240916,0.264316953991415,0.194091745185477,0.0267832843243629,0.0196673513288265,0.264316953991322,202608250014
6,9,0.122308752858275,0.187155446854807,0.093703074356544,0.122308752858275,0.0994180035628306,0.0114607061635351,0.00931577258022708,0.122308752858306,202608250014
6,10,0.143777677392844,0.203655886031549,0.106327885836033,0.143777677392844,0.114496507111846,0.0152875764675963,0.0121741715368129,0.143777677392706,202608250014
7,8,0.274720569171502,0.158559600597586,0.126355805800022,0.274720569171502,0.231160985447727,0.0347125388875057,0.0292085325857747,0.274720569171418,202608250014
7,9,0.327600874247163,0.0679993557183738,0.109414523398054,0.327600874247163,0.30532422586558,0.035844293520539,0.0334069046549621,0.327600874247133,202608250014
7,10,0.223809939088826,0.0715393917407341,0.117865141275786,0.223809939088826,0.20779871218088,0.0263793900896295,0.0244922245681259,0.223809939089726,202608250014
8,9,0.33703152228916,0.159955922649893,0.1210965957702,0.33703152228916,0.283121334179299,0.0408133700164655,0.0342850297590302,0.33703152228917,202608250014
8,10,0.366166030552434,0.191084466347145,0.0945137891249077,0.366166030552434,0.29619739000987,0.0346077389963373,0.0279947376587409,0.366166030552452,202608250014
9,10,0.192313617470608,0.0766258736961134,0.116668861020986,0.192313617470608,0.177577418508263,0.0224370107091214,0.0207177551604059,0.192313617470827,202608250014
11,12,0.0879648912489905,0.130721517488708,0.105658130291416,0.0879648912489905,0.0764659871791933,0.00929420594065605,0.00807925323624093,0.514442853630736,202608250014
11,13,0.212328711333276,0.12778931937194,0.0902162826244354,0.212328711333276,0.185195369828875,0.019155507030925,0.0167076378252186,0.569172096727602,202608250014
11,14,0.204842898713505,0.163507702059152,0.0961413588821646,0.204842898713505,0.171349507061725,0.019693874639678,0.0164737744527033,0.678487015685271,202608250014
11,15,0.216402716720957,0.136613015649716,0.0942828643993055,0.216402716720957,0.186839288994916,0.0204030679962433,0.0176157433487703,0.495881395482047,202608250014
12,13,0.178648852888169,0.181860873621233,0.118070474916371,0.178648852888169,0.146159616430495,0.0210931549037709,0.0172571353255431,0.532099607931989,202608250014
12,14,0.226942017552795,0.193116701267076,0.100550496327672,0.226942017552795,0.183115723744104,0.0228191325025369,0.0184123769078706,0.564637437705017,202608250014
12,15,0.187782899582633,0.169664616182328,0.102743240722365,0.187782899582633,0.155922785999341,0.0192934236553621,0.0160200123360321,0.47193385745859,202608250014
13,14,0.178988716194283,0.195153499199767,0.111742399135348,0.178988716194283,0.144058441911695,0.0200006285657052,0.016097435914913,0.512177114572643,202608250014
13,15,0.153846523836358,0.170418900019406,0.113317645389785,0.153846523836358,0.127628168472357,0.0174335258325396,0.0144625235366983,0.539528770053648,202608250014
14,15,0.122192689614914,0.226156496227065,0.119453359815182,0.122192689614914,0.0945580190670438,0.0145963273193552,0.0112952730750264,0.534901273078448,202608250014
1,6,0.244400430681348,0.180421906814304,0.00544466044499714,0.244400430681348,0.200305238951582,0.001330677357671,0.00109059401144538,0.978534776684823,202608250014
2,7,0.180293860071992,0.147582133797867,0.0207726517049889,0.180293860071992,0.153685707491913,0.00374518155982349,0.00319245967376432,0.922554007843034,202608250014
3,8,0.208069706344753,0.160233876460961,-0.00382623376194971,0.208069706344753,0.17472989072304,0,0,0.784293829436585,202608250014
4,9,0.271807304889878,0.0639442387523843,0.00195773471714146,0.271807304889878,0.254426793691357,0.000532126597155568,0.000498100166980559,0.921469212695003,202608250014
5,10,0.117439963965993,0.194370071167532,0.0101928272348349,0.117439963965993,0.0946131498120105,0.0011970452631706,0.000964375490177376,0.903932225500253,202608250014
6,11,0.17352859144283,0.185534653586238,-0.00542376948532721,0.17352859144283,0.141333024342177,0,0,0.846860990363337,202608250014
1,2,0.264015810598305,0.141333590039789,0.159665567481562,0.264015810598305,0.226701508259182,0.0421542342232829,0.0361964249651282,0.264015810598306,202608250015
1,3,0.242242893452303,0.101591834326509,0.14311581525332,0.242242893452303,0.217632993553922,0.0346687891857495,0.0311467232984902,0.24224289345236,202608250015
1,4,0.35621132956782,0.0741926832881441,0.14122377051879,0.35621132956782,0.329783055209546,0.0503055070630791,0.0465732065098986,0.356211329567763,202608250015
1,5,0.358740703575056,0.134120701838321,0.147550478259601,0.358740703575056,0.310626148633596,0.0529323623836851,0.0458330367908249,0.358740703575079,202608250015
2,3,0.290878892507213,0.145234561297943,0.118535994981383,0.290878892507213,0.248633224163097,0.0344796189424251,0.0294719866116018,0.290878892507342,202608250015
2,4,0.298831591956889,0.166656977439652,0.132399594635842,0.298831591956889,0.249029222077875,0.0395651816394753,0.0329713680555896,0.298831591956893,202608250015
2,5,0.258566910625339,0.204430523350039,0.129792158256113,0.258566910625339,0.205707941765198,0.0335599573836782,0.0266992777321279,0.258566910625502,202608250015
3,4,0.240876124396075,0.0889171974522291,0.139029756487777,0.240876124396075,0.219458094481622,0.033488948918506,0.0305112054350515,0.240876124395989,202608250015
3,5,0.321158801264302,0.140276601101363,0.126550168059451,0.321158801264302,0.276107736209158,0.0406427002737692,0.0349414804197834,0.321158801264231,202608250015
4,5,0.351394362565747,0.165054002821331,0.140635117143681,0.351394362565747,0.29339531645542,0.049418387343063,0.0412616846991154,0.351394362565807,202608250015
6,7,0.326948900171823,0.189160401352749,0.136130957973052,0.326948900171823,0.265103114993481,0.044507866988626,0.0360887410057027,0.326948900171861,202608250015
6,8,0.241219937594256,0.267507937196901,0.142036929662145,0.241219937594256,0.176691689677651,0.0342621393091822,0.02509674509863,0.241219937594348,202608250015
6,9,0.304155556507976,0.194444464940926,0.149165085915729,0.304155556507976,0.245014192063973,0.0453693897182587,0.0365475630097955,0.304155556507934,202608250015
6,10,0.217154315706326,0.22483054153319,0.137619212706163,0.217154315706326,0.168331393309803,0.0298846059632502,0.0231656338210267,0.217154315703957,202608250015
7,8,0.316506979721669,0.141093035038681,0.143743906104559,0.316506979721669,0.271850049341812,0.0454959495745491,0.0390767879671092,0.316506979721621,202608250015
7,9,0.36332849219857,0.065083187267357,0.143720806060895,0.36332849219857,0.339681915901244,0.0522178637636682,0.048819358757636,0.363328492198834,202608250015
7,10,0.234363121061214,0.0779155621252472,0.136559821506175,0.234363121061214,0.216102586742302,0.0320045859797495,0.0295109306725515,0.23436312106138,202608250015
8,9,0.322094331506137,0.145500663807808,0.139650947800949,0.322094331506137,0.275229392463262,0.044980778676145,0.0384360455201738,0.322094331506114,202608250015
8,10,0.276493382756082,0.178664363611021,0.136399630370709,0.276493382756082,0.227093868483308,0.0377135952078764,0.0309755197205775,0.276493382756041,202608250015
9,10,0.365839115019666,0.0788774435353952,0.14495170262058,0.365839115019666,0.336982660881664,0.0530290026073069,0.0488462104484107,0.365839115019635,202608250015
11,12,0.16419708718652,0.157999868420265,0.110539419835447,0.16419708718652,0.138253969016059,0.0181502507562682,0.015282513524983,0.545946859397214,202608250015
11,13,0.200018782456792,0.170815479700233,0.111360722634619,0.200018782456792,0.165852478182379,0.0222742361548851,0.0184694518211321,0.490626197231565,202608250015
11,14,0.246003120312695,0.171463929800525,0.102719237409486,0.246003120312695,0.203822458560689,0.025269252918874,0.0209364875102805,0.453306242553541,202608250015
11,15,0.21784034873183,0.13429957314707,0.0926448225592514,0.21784034873183,0.188584482882937,0.0201817804545059,0.0174713759541179,0.48133517839857,202608250015
12,13,0.221175754814636,0.215674059467879,0.106318772457865,0.221175754814636,0.173473881917891,0.0235151347493338,0.0184435301790108,0.4754812048737,202608250015
12,14,0.252187534785386,0.194304396215915,0.103677483188084,0.252187534785386,0.203186388105731,0.0261461688979562,0.0210658533368794,0.461248028670915,202608250015
12,15,0.145747998617824,0.171392999144396,0.108869323836017,0.145747998617824,0.120767812015422,0.0158674860599751,0.0131479100352741,0.390192478940991,202608250015
13,14,0.0552155244131412,0.216813696535909,0.115646043390102,0.0552155244131412,0.0432440424589593,0.00638545693208936,0.00500100241057222,0.438871901437931,202608250015
13,15,0.0807769944452905,0.188134489176217,0.100332761023764,0.0807769944452905,0.0655800558581356,0.00810457887989726,0.00657982807233943,0.341579200968444,202608250015
14,15,0.116197167005831,0.219046704968684,0.145087789536926,0.116197167005831,0.0907445604465075,0.016858790111329,0.0131659276876837,0.309760631362844,202608250015
1,6,0.173018569822568,0.201429081434243,0.0369034927549955,0.173018569822568,0.138167598232142,0.00638498953792684,0.00509886696033499,0.862414861477548,202608250015
2,7,0.0124295452388599,0.138940002021535,-0.00924033615267843,0.0124295452388599,0.010702584198246,0,0,0.905297652601904,202608250015
3,8,0.0672948578408685,0.16450834038053,-0.0218171978335264,0.0672948578408685,0.0562242924613235,0,0,0.866089847725576,202608250015
4,9,0.187661464589433,0.0784443580820751,-0.00244526454528022,0.187661464589433,0.172940481462973,0,0,0.915365850564366,202608250015
5,10,0.133117628412679,0.161408464147145,-0.00591779038014715,0.133117628412679,0.111631316459678,0,0,0.879564898476582,202608250015
6,11,0.210142652450077,0.216210389845121,0.0284513051451266,0.210142652450077,0.164707627640758,0.00597883272886343,0.0046861469737371,0.869492549880049,202608250015
1,2,0.325596040257561,0.167865716236931,0.10732222472598,0.325596040257561,0.270939627755817,0.0349436914024113,0.0290778436171832,0.325596040257521,202608250016
1,3,0.29293808181538,0.0311662828493864,0.127130106158953,0.29293808181538,0.283808290700166,0.0372412494391894,0.0360805781255031,0.292938081815285,202608250016
1,4,0.206737852588834,0.0800347209131038,0.120405515052728,0.206737852588834,0.190191646254712,0.0248923776218536,0.0229001231260249,0.20673785258791,202608250016
1,5,0.216080198008492,0.14652103669336,0.11360807031519,0.216080198008492,0.184419903387381,0.024548454329069,0.0209515893515542,0.216080198011693,202608250016
2,3,0.206251636749487,0.165833265187802,0.134330126794276,0.206251636749487,0.172048254376991,0.0277058085160856,0.0231112638251951,0.20625163674928,202608250016
2,4,0.22911693545233,0.207368711137456,0.101278161500385,0.22911693545233,0.181605251847817,0.0232045419912143,0.0183926460259612,0.229116935452318,202608250016
2,5,0.266793604069665,0.25264045314221,0.102252108149773,0.266793604069665,0.199390747042062,0.027280208456999,0.0203881242306088,0.266793604069674,202608250016
3,4,0.349801430439508,0.0745431573389819,0.123861393136206,0.349801430439508,0.323726127372855,0.0433268924952751,0.0400971691309906,0.349801430439461,202608250016
3,5,0.286540997691286,0.141793061746797,0.127574417339449,0.286540997691286,0.245911472312657,0.0365553008243304,0.0313720127973733,0.286540997691328,202608250016
4,5,0.256594136899371,0.185092617215555,0.11390120707662,0.256594136899371,0.2091004565385,0.0292263819216217,0.0238167944000074,0.256594136899183,202608250016
6,7,0.168163429758505,0.194887185288886,0.106596196691929,0.168163429758505,0.135390532264344,0.0179255820349269,0.014432115807475,0.168163429758608,202608250016
6,8,0.0894671050530507,0.271255252964841,0.0878377705086249,0.0894671050530507,0.0651986828398534,0.0078585910417209,0.00572690694075167,0.0894671050551915,202608250016
6,9,0.317007316927783,0.201234431045981,0.0715034357947386,0.317007316927783,0.253214529868407,0.022667112332408,0.0181057088787406,0.317007316927745,202608250016
6,10,0.161388991113157,0.220300449663736,0.0694607461959745,0.161388991113157,0.125834923800152,0.0112101997505354,0.00874058770467212,0.161388991112589,202608250016
7,8,0.253810328675679,0.168006261032028,0.0843338183281649,0.253810328675679,0.211168604343568,0.0214047941483465,0.0178086547153226,0.253810328675626,202608250016
7,9,0.296549672232505,0.0852076108813082,0.106049870090698,0.296549672232505,0.271281383153938,0.0314490542156961,0.0287693554414999,0.296549672232553,202608250016
7,10,0.238436877543144,0.0717223373873002,0.0962625863339541,0.238436877543144,0.22133562736642,0.0229525505096953,0.0213063399381399,0.238436877544329,202608250016
8,9,0.267180715504819,0.178749413227961,0.10877006056835,0.267180715504819,0.219422319382506,0.0290612626081544,0.0238665789692831,0.267180715504705,202608250016
8,10,0.172726830385513,0.195671499490417,0.0910746760732396,0.172726830385513,0.138929112481753,0.015731040126518,0.0126529239164183,0.172726830385464,202608250016
9,10,0.228695460538276,0.0861454122195557,0.117909314253785,0.228695460538276,0.208994395817465,0.0269653249250218,0.0246423858937215,0.2286954605383,202608250016
11,12,0.0524252141317501,0.168861498540383,0.0585236897264397,0.0524252141317501,0.0435726139121624,0.00306811696568871,0.00255003013716534,0.422063300601623,202608250016
11,13,0.225466077809212,0.19236238116422,0.0650265988579237,0.225466077809212,0.182094886210075,0.014661292197769,0.0118410111196618,0.327082580139476,202608250016
11,14,0.0621362462077119,0.178971067524845,0.0781229298191597,0.0621362462077119,0.051015655891931,0.0048542656017111,0.00398549250492373,0.392847024866878,202608250016
11,15,0.156858539703524,0.161331306114884,0.0487016318261973,0.156858539703524,0.131552346617881,0.00763926684943597,0.00640681395085633,0.449880396532179,202608250016
12,13,0.118392505061343,0.226350209868157,0.0618782224863945,0.118392505061343,0.0915943366938908,0.00732591776890734,0.0056676947444383,0.555384932188689,202608250016
12,14,0.040269556446012,0.21156028210325,0.0746175831638574,0.040269556446012,0.0317501177241209,0.00300481697708195,0.00236911704974186,0.419703102944014,202608250016
12,15,0.11008905966985,0.192065583451572,0.0548295584354212,0.11008905966985,0.0889447401927254,0.00603613453026861,0.00487680082992039,0.499564215690438,202608250016
13,14,0.243476890021749,0.199653820785104,0.064256838502454,0.243476890021749,0.194865798656032,0.0156450552012073,0.0125214601538924,0.377553492577828,202608250016
13,15,0.0197773913566592,0.215799625045979,0.101695450900402,0.0197773913566592,0.0155094377175045,0.00201127073164916,0.00157723926189332,0.522248127135401,202608250016
14,15,0.14153562525456,0.227482028075469,0.0671324661385405,0.14153562525456,0.109338814176723,0.00950163556979888,0.00734018424034701,0.627454219465252,202608250016
1,6,0.205951315127884,0.191670148291425,-0.00973696935612942,0.205951315127884,0.166476596016509,0,0,0.866089847725576,202608250016
2,7,0.142093750445021,0.173791616857806,-0.0247517711502973,0.142093750445021,0.117399047809792,0,0,0.87996847112887,202608250016
3,8,0.205208553853516,0.162510015382275,0.0127363998371536,0.205208553853516,0.171860108610207,0.00261361819188244,0.00218887905931623,0.893984004010196,202608250016
4,9,0.180726362705908,0.0962385492831637,-0.0186354702775725,0.180726362705908,0.163333519741868,0,0,0.910658535518837,202608250016
5,10,0.166477255158884,0.175422349935729,0.0104756866555668,0.166477255158884,0.137273423848062,0.00174396356032331,0.00143803337436911,0.828672379744843,202608250016
6,11,0.0316904778545533,0.218012881887022,0.0214805153565887,0.0316904778545533,0.0247815454491053,0.000680727796212365,0.000532320367579506,0.749908292364626,202608250016
1,2,0.321491698723367,0.165207440935156,0.12865325047912,0.321491698723367,0.268378877895383,0.0413609520428152,0.03452781500118,0.321491698723317,202608250017
1,3,0.257175409820216,0.0673108458398768,0.144330455635683,0.257175409820216,0.239864715456,0.0371182440776452,0.0346197836726879,0.257175409820039,202608250017
1,4,0.30737669773961,0.0589202969926521,0.138936511751091,0.30737669773961,0.289265971420172,0.0427058461775108,0.0401896050374094,0.307376697739594,202608250017
1,5,0.265991231049084,0.131605146570919,0.138637886058309,0.265991231049084,0.23098541610029,0.0368764619826923,0.0320233297984431,0.265991231049116,202608250017
2,3,0.266605975586943,0.171301330646899,0.142483406908006,0.266605975586943,0.220936017210485,0.0379869277036602,0.0314797164408357,0.266605975586858,202608250017
2,4,0.305944562947709,0.190714271581488,0.136419572733057,0.305944562947709,0.24759656848082,0.0417368265573282,0.0337770180823244,0.305944562947733,202608250017
2,5,0.301020472317633,0.238967242850358,0.149465066378034,0.301020472317633,0.229086440006376,0.0449920448761022,0.0342404199618605,0.30102047231764,202608250017
3,4,0.348687887749303,0.0615907392447499,0.128238247925896,0.348687887749303,0.327211942977133,0.0447151237979522,0.0419610862678158,0.348687887749421,202608250017
3,5,0.284602528854803,0.13567017307088,0.135585459648202,0.284602528854803,0.245990454508662,0.0385879646918192,0.0333527288436271,0.284602528854561,202608250017
4,5,0.333504621583281,0.156385686728441,0.145211898173916,0.333504621583281,0.28134927230987,0.0484288391498817,0.0408552618819663,0.333504621583346,202608250017
6,7,0.24164247019546,0.205473884622395,0.0823455495672337,0.24164247019546,0.191991253154648,0.0198981820070291,0.0158096252531214,0.241642470195303,202608250017
6,8,0.192659292132173,0.26630941713957,0.11255157086456,0.192659292132173,0.141352308337932,0.0216841059711302,0.0159094243487659,0.192659292131997,202608250017
6,9,0.21051704080344,0.19568436461322,0.0959853111034699,0.21051704080344,0.169322147433564,0.0202065436541001,0.0162524389981182,0.210517040805393,202608250017
6,10,0.283883243263369,0.23021291990803,0.102320285565047,0.283883243263369,0.218529652918747,0.0290470145178395,0.0223600164910767,0.283883243263236,202608250017
7,8,0.348413809176965,0.127450274138861,0.123559077543544,0.348413809176965,0.304008373683596,0.0430496888653382,0.0375629942178582,0.348413809176981,202608250017
7,9,0.268572983648903,0.0410551368725143,0.12315052613219,0.268572983648903,0.257546683044938,0.0330749042412543,0.0317170095205843,0.268572983648796,202608250017
7,10,0.187178236326928,0.0686806745149495,0.1539687246244,0.187178236326928,0.174322708801476,0.0288195943247016,0.0268402451472338,0.187178236327155,202608250017
8,9,0.29190972507807,0.120283464861263,0.120548344161423,0.29190972507807,0.256797811918981,0.0351892340027774,0.0309565510111096,0.291909725078114,202608250017
8,10,0.376518442717594,0.157760265507628,0.129105368207819,0.376518442717594,0.317118793225948,0.0486105521840897,0.0409417385650553,0.37651844271745,202608250017
9,10,0.289095106636567,0.0569713111618213,0.130960555218144,0.289095106636567,0.272624979361015,0.0378600556759733,0.0357031186634535,0.289095106636617,202608250017
11,12,0.0606360388286029,0.17930403843353,0.0656518486805543,0.0606360388286029,0.0497637521920221,0.00398086804576365,0.00326708232868724,0.390532197623047,202608250017
11,13,0.143988528805875,0.185554371293488,0.0694054332678915,0.143988528805875,0.117270827869827,0.00999358622737802,0.00813923261798964,0.543615977797892,202608250017
11,14,0.109352264251013,0.152583220147234,0.0516020719953113,0.109352264251013,0.0926669436412021,0.00564280341273108,0.00478180629735877,0.485930299643974,202608250017
11,15,0.0598112610691788,0.165620781451653,0.0613380199981389,0.0598112610691788,0.0499052732712926,0.0036687043275752,0.00306109064992713,0.350235687309399,202608250017
12,13,0.0957305159703313,0.204346323115868,0.0769459955261585,0.0957305159703313,0.0761683370218092,0.00736607985356996,0.00586084851971506,0.344349043718452,202608250017
12,14,0.14871418155151,0.175488456430378,0.0647455329419808,0.14871418155151,0.122616559381728,0.00962857894058297,0.00793887448468202,0.561743197042529,202608250017
12,15,0.135719942727256,0.1806204829896,0.0611932244971783,0.135719942727256,0.111206141120538,0.00830514092405314,0.00680506235905397,0.545697259509548,202608250017
13,14,0.0747543431225014,0.18284046692607,0.0756418670544654,0.0747543431225014,0.0610862241212315,0.00565455808421614,0.00462067604383748,0.495644843061874,202608250017
13,15,0.0846273351639418,0.186551794601799,0.0674139352011527,0.0846273351639418,0.0688399539167406,0.00570506168898821,0.00464077219259349,0.395309812893519,202608250017
14,15,0.143299799692955,0.189896065330364,0.0821746235405295,0.143299799692955,0.116087731568633,0.0117756070932018,0.00953946563932649,0.469662239028897,202608250017
1,6,0.109572286476846,0.206834424731379,-0.0253875824000596,0.109572286476846,0.0869089656369056,0,0,0.887556619792859,202608250017
2,7,0.164696828318049,0.170908517624546,0.0016004485704059,0.164696828318049,0.136548737532747,0.000263588803432007,0.000218539231775015,0.917036836308128,202608250017
3,8,0.239607844653332,0.133940714908457,-0.0225609805433968,0.239607844653332,0.20751459864279,0,0,0.918637383301727,202608250017
4,9,0.201361173355566,0.0524164690666091,-0.0157597452775463,0.201361173355566,0.190806531641158,0,0,0.749908292364626,202608250017
5,10,0.121269888051835,0.153275087515862,0.0140014384937672,0.121269888051835,0.102682235347651,0.00169795287870381,0.00143769900262267,0.798879096548094,202608250017
6,11,0.155379626619639,0.247919291666145,-0.0142050605656079,0.155379626619639,0.116858019648748,0,0,0.985088053736219,202608250017
1,2,0.293645996975361,0.152696854762036,0.167339466363298,0.293645996975361,0.248807176823761,0.0491385644335756,0.041635260197047,0.293645996975418,202608250018
1,3,0.26140393466079,0.0731522226215706,0.153914578006808,0.26140393466079,0.242281655838329,0.0402338762926346,0.0372906788171471,0.261403934660849,202608250018
1,4,0.240273500559938,0.0200042949903581,0.148301194211353,0.240273500559938,0.235466998576371,0.0356328470703809,0.0349200370862387,0.240273500559984,202608250018
1,5,0.275906226399431,0.117917233992339,0.150156201565993,0.275906226399431,0.243372127341146,0.0414290309445456,0.0365438342085817,0.275906226399417,202608250018
2,3,0.37487988861632,0.162820471642319,0.154616236523169,0.37487988861632,0.31384176834259,0.0579625175260801,0.0485250330849075,0.374879888616218,202608250018
2,4,0.338820027518567,0.158833819648834,0.165309720108311,0.338820027518567,0.28500394837427,0.0560102439161845,0.0471139229355141,0.338820027518562,202608250018
2,5,0.438538764103993,0.23316649750827,0.143857545456952,0.438538764103993,0.336286216456259,0.0630871101917255,0.0483773096704026,0.438538764104038,202608250018
3,4,0.304058277486183,0.0675929217826967,0.152661120629813,0.304058277486183,0.283506090118678,0.0464178773778114,0.0432803574228942,0.304058277486061,202608250018
3,5,0.363967882618991,0.128363784589802,0.14253427495917,0.363967882618991,0.317247587736881,0.0518778982575221,0.0452186549006219,0.363967882619198,202608250018
4,5,0.316372435122335,0.123623632590739,0.150678861730053,0.316372435122335,0.277261325440934,0.0476706384069983,0.0417774209192056,0.316372435122338,202608250018
6,7,0.212828337275196,0.217772654211279,0.0955838676980053,0.212828337275196,0.166480145375403,0.0203429556324988,0.0159128161899072,0.212828337275197,202608250018
6,8,0.210335214673356,0.282932330960457,0.090695171151985,0.210335214673356,0.150824582102755,0.0190763882940895,0.013679061287736,0.210335214673999,202608250018
6,9,0.331754742474276,0.206581007427067,0.112378548955325,0.331754742474276,0.263220513555233,0.0372821165683065,0.0295803393686124,0.331754742474257,202608250018
6,10,0.131162957011564,0.238081740004362,0.0928366531626354,0.131162957011564,0.0999354519821335,0.0121767299478682,0.00927767289431653,0.131162957012391,202608250018
7,8,0.151039859952844,0.156935605737075,0.0840482032568698,0.151039859952844,0.127336328040702,0.0126946288492058,0.0107023895811484,0.151039859952956,202608250018
7,9,0.281679933916519,0.0760702827115913,0.111523067600588,0.281679933916519,0.260252461709307,0.0314138103119011,0.0290241528804265,0.281679933916345,202608250018
7,10,0.205725250406817,0.0881226350819304,0.0773295952400208,0.205725250406817,0.187596199238078,0.015908650344611,0.0145067381556469,0.205725250406752,202608250018
8,9,0.261075131528861,0.145051752778356,0.0947251043295889,0.261075131528861,0.22320572609376,0.0247303690719326,0.0211431856911931,0.261075131528824,202608250018
8,10,0.0727162269785993,0.172268970781771,0.0736378926046191,0.0727162269785993,0.0601894773978623,0.0053546697128632,0.00443222627255193,0.0727162269783011,202608250018
9,10,0.235981734571637,0.0790063867968507,0.0991267363617551,0.235981734571637,0.217337670373078,0.0233920991890723,0.0215439739525501,0.235981734571521,202608250018
11,12,0.222776195063455,0.195503405419271,0.107433041267082,0.222776195063455,0.179222690282201,0.0239335241575756,0.0192544386810852,0.535074965383537,202608250018
11,13,0.167387838646022,0.15444957446263,0.114530083325686,0.167387838646022,0.141534858196924,0.0191709431078354,0.0162099991027829,0.576962032999472,202608250018
11,14,0.169684164351521,0.167832410955016,0.106449977536849,0.169684164351521,0.141205661947518,0.0180628754835784,0.0150313395423892,0.374126541148191,202608250018
11,15,0.215356042783196,0.143372846869606,0.0926185897190111,0.215356042783196,0.184479833838797,0.0199459729700466,0.0170862620417469,0.549981960280279,202608250018
12,13,0.21309552141093,0.206526044936929,0.148993782579991,0.21309552141093,0.169085746180158,0.0317499077858699,0.025192724903742,0.658622953416827,202608250018
12,14,0.185077930674301,0.192460349193656,0.118973073701314,0.185077930674301,0.149457767508686,0.0220192902866003,0.0177814499890448,0.496390538403373,202608250018
12,15,0.200823975400837,0.182996027159162,0.131282296398191,0.200823975400837,0.164073985744174,0.0263646326624357,0.0215400096276992,0.627251171613863,202608250018
13,14,0.240836255363146,0.16964325483782,0.120125828389613,0.240836255363146,0.199980009120389,0.0289306546817503,0.0240227642569492,0.538830108260547,202608250018
13,15,0.315980418778086,0.14202929777328,0.118167649681729,0.315980418778086,0.271101941788928,0.037338663432455,0.0320354792853506,0.577661373809357,202608250018
14,15,0.0843683337400638,0.197589330832563,0.140489790967669,0.0843683337400638,0.0676980511329062,0.0118528895714321,0.00951088505258054,0.39906150439167,202608250018
1,6,0.271574765462032,0.202931267733449,0.0402757471063685,0.271574765462032,0.216463754022408,0.0109378765742201,0.00871823941470163,0.928510866900188,202608250018
2,7,0.0898617919656099,0.172581927757787,0.00988185705487799,0.0898617919656099,0.0743532706764157,0.000888001382899341,0.000734748392386992,0.73709324641034,202608250018
3,8,0.131072658159436,0.161151073808051,-0.00936668363043638,0.131072658159436,0.109950158550168,0,0,0.990583604775637,202608250018
4,9,0.232222061114508,0.0367622650231147,7.79650196612284e-05,0.232222061114508,0.223685052159603,1.81051975605636e-05,1.74396094895463e-05,0.931401382053715,202608250018
5,10,0.119625224336311,0.152524769535625,-0.00615100064874615,0.119625224336311,0.101379414563768,0,0,0.895261357028941,202608250018
6,11,0.16812552994191,0.249612374269586,-0.013547891541637,0.16812552994191,0.126159317237778,0,0,0.929656035826482,202608250018
1,2,0.204397647423868,0.160582183169703,0.13102618599819,0.204397647423868,0.171575026965792,0.0267814441689523,0.0224808213958644,0.204397647423625,202608250019
1,3,0.217104792857201,0.0858053356719524,0.126339484852345,0.217104792857201,0.198476043230099,0.0274289076885538,0.0250753610572224,0.217104792858765,202608250019
1,4,0.229883430628977,0.0810433830793804,0.108420098909081,0.229883430628977,0.211252899696911,0.0249239842863526,0.0229040602799693,0.229883430629019,202608250019
1,5,0.215428185962147,0.210044811272683,0.116473881348372,0.215428185962147,0.170178613298911,0.0250917569708501,0.0198213636134078,0.215428185965123,202608250019
2,3,0.366670420513796,0.147287176105816,0.117905918374969,0.366670420513796,0.312664569714787,0.0432326126716154,0.0368650032355366,0.366670420513712,202608250019
2,4,0.400136752863225,0.179696338052319,0.119165695247693,0.400136752863225,0.328233643653558,0.0476825743491003,0.0391141903496596,0.4001367528632,202608250019
2,5,0.260612135354184,0.278900051564508,0.120833959282846,0.260612135354184,0.187927397365565,0.031490796152003,0.022708011481402,0.260612135354066,202608250019
3,4,0.261146956418508,0.0688580905569205,0.126193733793103,0.261146956418508,0.243164875644778,0.0329551094991562,0.0306858835849501,0.261146956418652,202608250019
3,5,0.287787946438466,0.199682132924485,0.105424311793762,0.287787946438466,0.230321835463675,0.0303398461958152,0.024281520994834,0.287787946438568,202608250019
4,5,0.201553110778279,0.223653809486506,0.144608654345514,0.201553110778279,0.156474989738861,0.0291463241287992,0.0226276377048648,0.201553110778677,202608250019
6,7,0.0606118905460123,0.217098321342925,0.103887152876181,0.0606118905460123,0.0474531508550519,0.00629679673926793,0.00492977273733525,0.0606118905457833,202608250019
6,8,0.175068500001486,0.264150319059155,0.0994007200697672,0.175068500001486,0.128824099868886,0.0174019349616817,0.0128052082893068,0.175068500001499,202608250019
6,9,0.243226863563869,0.211061973124732,0.0812533603514538,0.243226863563869,0.191890921823139,0.0197629999923089,0.0155917822190681,0.243226863563501,202608250019
6,10,0.197588307356239,0.209221537933328,0.0992381521412725,0.197588307356239,0.156248577813524,0.019608298506755,0.0155058201369159,0.197588307356053,202608250019
7,8,0.36825091223356,0.150546988126267,0.0817175942092524,0.36825091223356,0.312811846522048,0.0300925786130891,0.0255622315379356,0.36825091223371,202608250019
7,9,0.208269861270093,0.129143616966235,0.108709346485263,0.208269861270093,0.181373138080617,0.0226408805112481,0.0197169553107252,0.208269861270198,202608250019
7,10,0.237606447031469,0.0873331780376221,0.102767141034844,0.237606447031469,0.216855520889983,0.0244181352528712,0.0222856218994855,0.237606447029353,202608250019
8,9,0.223393897939199,0.162295330086133,0.119436297969167,0.223393897939199,0.187138111533928,0.0266813401587597,0.0223510832505534,0.22339389793898,202608250019
8,10,0.265552845096881,0.160751424857514,0.114168202670385,0.265552845096881,0.22286484687259,0.0303176910387181,0.0254440790058543,0.26555284509711,202608250019
9,10,0.29378818658941,0.0955331987114765,0.115389473948871,0.29378818658941,0.26572166138088,0.0339000643029448,0.0306614827235597,0.293788186589518,202608250019
11,12,0.130990115002976,0.156566365442543,0.104698514129474,0.130990115002976,0.110481468788059,0.0137144704064606,0.0115672456209517,0.53462645050695,202608250019
11,13,0.144266406359453,0.108523305717297,0.115865348137558,0.144266406359453,0.12861013903737,0.0167154773973925,0.0149014585335847,0.428486742260719,202608250019
11,14,0.201917110017675,0.121157344435343,0.112864622854464,0.201917110017675,0.177453369171874,0.0227892984700083,0.0200282075858376,0.524168750188722,202608250019
11,15,0.155525850820223,0.142483964411339,0.108415350368536,0.155525850820223,0.133365911026912,0.0168613896080392,0.0144589119712016,0.393349041715041,202608250019
12,13,0.154182015516344,0.183814974304144,0.135167305959387,0.154182015516344,0.125841052296046,0.0208403676647326,0.0170095960179509,0.472594028012935,202608250019
12,14,0.202631686975509,0.172072676337091,0.120978357768812,0.202631686975509,0.167764310286933,0.0245140487222211,0.0202958507507307,0.436839942725598,202608250019
12,15,0.154404326977507,0.183692618675013,0.120890943443228,0.154404326977507,0.126041391820256,0.0186660847600274,0.0152372627700482,0.470651250760511,202608250019
13,14,0.287266695769433,0.132109058201375,0.127798086566919,0.287266695769433,0.249316163138712,0.0367121340537347,0.0318621285993332,0.662753442460626,202608250019
13,15,0.292551523546529,0.151784606802112,0.118119099593795,0.292551523546529,0.248146705575661,0.0345559225461089,0.0293108654297635,0.545175797457561,202608250019
14,15,0.212821356909655,0.193583949602848,0.141874112156649,0.212821356909655,0.171622558079246,0.0301938410595306,0.024348798053546,0.536171838264299,202608250019
1,6,0.253175593311783,0.203323858524504,0.00626753131922202,0.253175593311783,0.201698954795401,0.00158678596034422,0.00126415451623452,0.879968471128657,202608250019
2,7,0.108936023251601,0.169737506331802,-0.0164485198274561,0.108936023251601,0.0904454943151714,0,0,0.903828793949269,202608250019
3,8,0.206417335582803,0.147081418603784,-0.0249544121600172,0.206417335582803,0.176057181040871,0,0,0.968998041494748,202608250019
4,9,0.319009171842611,0.0988162594822444,0.00192249724301362,0.319009171842611,0.287485878740595,0.000613294253363477,0.000552690809284143,0.937872859715063,202608250019
5,10,0.109898732806394,0.212047535005139,0.018903112921939,0.109898732806394,0.0865949774146097,0.00207742815621726,0.00163691463654112,0.876775879347661,202608250019
6,11,0.182370139453688,0.207832020186415,0.039064560033437,0.182370139453688,0.14446778494935,0.00712420926099487,0.00564357045805153,0.915554366427021,202608250019
1,2,0.209063638287909,0.150450641608568,0.117696388785736,0.209063638287909,0.177609879770471,0.0246060352528942,0.0209040414616532,0.209063638287606,202608250020
1,3,0.181609258339065,0.0821957952856232,0.129345454671136,0.181609258339065,0.166681740918653,0.0234903320923541,0.0215595255644996,0.181609258338975,202608250020
1,4,0.187648448936714,0.0707847142246656,0.102349038088417,0.187648448936714,0.174365807104027,0.0192056382474561,0.0178461726326077,0.187648448936605,202608250020
1,5,0.319851081678836,0.152074723509084,0.105347337239009,0.319851081678836,0.271209816868446,0.0336954597678822,0.02857123204017,0.319851081678882,202608250020
2,3,0.395009595985729,0.158206213462624,0.105626908751955,0.395009595985729,0.332516623523426,0.0417236425513313,0.0351227030514171,0.39500959598608,202608250020
2,4,0.273345213111459,0.185263868109948,0.120958214483837,0.273345213111459,0.222704221601092,0.0330633489156661,0.0269379050028809,0.273345213111389,202608250020
2,5,0.317710448421339,0.244884700634424,0.119850767662228,0.317710448421339,0.239908020371251,0.0380778411376082,0.0287531604098199,0.317710448421387,202608250020
3,4,0.232088347482707,0.0915591482788281,0.112748364604044,0.232088347482707,0.210838536061749,0.0261675816223304,0.0237717001364731,0.23208834748263,202608250020
3,5,0.264240219417313,0.168830389024432,0.134849510076371,0.264240219417313,0.219628440377187,0.0356326641308976,0.0296167875837012,0.264240219417508,202608250020
4,5,0.229209125499107,0.187043584499765,0.114261525037386,0.229209125499107,0.186337029065697,0.0261897842320135,0.0212911531119822,0.229209125499052,202608250020
6,7,0.316967959490944,0.2278501071429,0.0995540010402836,0.316967959490944,0.244746775960066,0.031555428568898,0.0243655207885345,0.316967959490933,202608250020
6,8,0.243037419537118,0.315155517614032,0.076745459621324,0.243037419537118,0.166442835783319,0.0186520184675566,0.0127737319328673,0.243037419537105,202608250020
6,9,0.192684221811549,0.226870360960835,0.0831226975177274,0.192684221811549,0.148969882857705,0.0160164322860801,0.0123827785120323,0.192684221811585,202608250020
6,10,0.123377157403631,0.253955947891447,0.0966925330744097,0.123377157403631,0.0920447944470398,0.0119296498728773,0.00890004433139764,0.123377157403504,202608250020
7,8,0.288415338716024,0.160366705471478,0.120082605958695,0.288415338716024,0.242163121038695,0.0346336654714798,0.0290795786414173,0.288415338716127,202608250020
7,9,0.250025260825636,0.0501191333387465,0.12932291259105,0.250025260825636,0.237494211440261,0.0323339949513082,0.0307134431469692,0.250025260825638,202608250020
7,10,0.256183613669786,0.0729295304561199,0.114795056694392,0.256183613669786,0.237500263014296,0.0294086124553972,0.0272638561576591,0.256183613669978,202608250020
8,9,0.324998893039003,0.156216479375007,0.0891566850530115,0.324998893039003,0.274228710167676,0.0289758239492558,0.024449322744913,0.32499889303918,202608250020
8,10,0.246554738893514,0.189924894577169,0.110311928682956,0.246554738893514,0.199727856101662,0.0271979287732662,0.0220323650182863,0.246554738893793,202608250020
9,10,0.19393220242902,0.0702545811634343,0.108830804417066,0.19393220242902,0.180307576773267,0.0211057975927236,0.0196230186227266,0.193932202429308,202608250020
11,12,0.153330125340442,0.128492502923871,0.0880577661315054,0.153330125340442,0.133628353761818,0.013501908318143,0.0117670143240962,0.483439578842438,202608250020
11,13,0.163508755966449,0.138666351116785,0.105013850763431,0.163508755966449,0.140835593400937,0.017170684097575,0.0147896879875853,0.621191565986904,202608250020
11,14,0.164882574196186,0.162663282260582,0.0896158814098143,0.164882574196186,0.13806223348986,0.0147760972157103,0.0123725687436014,0.432035391102708,202608250020
11,15,0.148579294535326,0.164657766222088,0.0880957008274455,0.148579294535326,0.124114559790286,0.013089197080537,0.0109339591276151,0.414603586908124,202608250020
12,13,0.309718611175125,0.197682174178686,0.130402965662481,0.309718611175125,0.248492762734423,0.0403882254181011,0.032404193206232,0.606108573492573,202608250020
12,14,0.203105205361882,0.192207858419106,0.116176895546972,0.203105205361882,0.164066788805502,0.0235961322283736,0.0190607701857839,0.679066388503861,202608250020
12,15,0.139481697451621,0.198869158153359,0.115569071614158,0.139481697451621,0.111743089701616,0.0161197702816507,0.0129140451361133,0.629093703840153,202608250020
13,14,0.239744099297965,0.192640012955849,0.119446079602498,0.239744099297965,0.193559792903117,0.028636492768974,0.0231199584309488,0.522052746086061,202608250020
13,15,0.175706993172751,0.199898120051082,0.116999273335202,0.175706993172751,0.14058349555769,0.0205575905211252,0.0164481668231723,0.548297597826673,202608250020
14,15,0.11537062478387,0.239904647227285,0.139866905099187,0.11537062478387,0.0876926757447045,0.0161365322278795,0.0122653031562783,0.55327281471145,202608250020
1,6,0.150132653856302,0.226266459711519,0.0160010738675486,0.150132653856302,0.116162669781141,0.00240228368428579,0.0018587274598197,0.793463661249838,202608250020
2,7,0.151814689345271,0.157253956304208,-0.0044994037955779,0.151814689345271,0.127941228820633,0,0,0.939874925716041,202608250020
3,8,0.0493263640625075,0.182762762762763,-0.00684063399947316,0.0493263640625075,0.0403113414894018,0,0,0.896174381112623,202608250020
4,9,0.115474821174298,0.073216873932598,-0.0100736493122246,0.115474821174298,0.10702011574999,0,0,0.923088399630539,202608250020
5,10,0.290452714861901,0.188084901174555,0.0129905799764146,0.290452714861901,0.235822944691219,0.00377314922178026,0.00306347682328487,0.819660112501051,202608250020
6,11,0.0901738536934485,0.234141495897847,-0.0171512917136139,0.0901738536934485,0.0690604126987909,0,0,0.859856606856313,202608250020
1,2,0.25877767919437,0.155103001735523,0.126218657936906,0.25877767919437,0.218640484369171,0.0326625713719407,0.0275965085077519,0.258777679194314,202608250021
1,3,0.247320446812974,0.112435493665745,0.127702083397113,0.247320446812974,0.219512850281924,0.0315833363247216,0.0280322483134403,0.247320446812734,202608250021
1,4,0.222422908283481,0.0989653443720206,0.127474631515083,0.222422908283481,0.20041074856898,0.0283532782739499,0.0255472863254927,0.22242290828273,202608250021
1,5,0.288248464872394,0.16824077331591,0.12997330924184,0.288248464872394,0.239753320235138,0.0374646068633451,0.0311615324326794,0.28824846487226,202608250021
2,3,0.116388007792442,0.147359875234118,0.112783746361159,0.116388007792442,0.0992370854854001,0.0131266755503433,0.011192330279006,0.116388007792403,202608250021
2,4,0.193190296738222,0.156098043843746,0.121311478263403,0.193190296738222,0.163033669327793,0.0234362004834593,0.0197778554328614,0.19319029673817,202608250021
2,5,0.335810637399288,0.232510601395597,0.0981162145411376,0.335810637399288,0.257731104142541,0.0329484685442647,0.0252876003079738,0.335810637399279,202608250021
3,4,0.305659022029856,0.0577446940204909,0.10815505146976,0.305659022029856,0.288008835328139,0.0330585672598356,0.0311496104086606,0.305659022029987,202608250021
3,5,0.240165475251136,0.158350281011207,0.135482450299395,0.240165475251136,0.202135204755928,0.0325382070643424,0.027385772832103,0.240165475250989,202608250021
4,5,0.251464850832581,0.172602926341652,0.118363665083109,0.251464850832581,0.20806128170681,0.0297643013841215,0.0246268958647072,0.251464850832484,202608250021
6,7,0.291824852382438,0.205075371273309,0.0967095707487764,0.291824852382438,0.231978762433331,0.0282222562077307,0.0224345665377599,0.291824852382389,202608250021
6,8,0.247073037813878,0.252060270995613,0.105901000648008,0.247073037813878,0.184795740946803,0.0261652819376328,0.0195700538817565,0.247073037814001,202608250021
6,9,0.178244584841339,0.194179756003563,0.0979157372943386,0.178244584841339,0.143633094847891,0.017452949943463,0.014063940381899,0.178244584841241,202608250021
6,10,0.22935133558646,0.179738978489738,0.0990103359390026,0.22935133558646,0.188127960812893,0.0227081527844743,0.018626612599604,0.229351335586452,202608250021
7,8,0.277118116732011,0.154517691575815,0.110209066760465,0.277118116732011,0.234298465040743,0.0305409290274526,0.0258218151755498,0.27711811673201,202608250021
7,9,0.258976734186308,0.142603074412006,0.13301341083688,0.258976734186308,0.22204585569016,0.0344473787415169,0.0295350766275418,0.258976734186267,202608250021
7,10,0.233320963122657,0.110047718576,0.135982065797881,0.233320963122657,0.207644523435053,0.03172746655937,0.028235931248315,0.233320963122678,202608250021
8,9,0.276023502078702,0.138556030487131,0.124208891749927,0.276023502078702,0.237778781309521,0.0342845732901293,0.0295342389081039,0.276023502078734,202608250021
8,10,0.331929168180167,0.128616870722092,0.132070962103729,0.331929168180167,0.289237477267447,0.0438382045918451,0.0381998718991671,0.33192916818012,202608250021
9,10,0.270003858304553,0.058107262902608,0.120758797892067,0.270003858304553,0.254314673125332,0.0326053413550779,0.0307107342129291,0.270003858304532,202608250021
11,12,0.30410237837277,0.163353381387301,0.10093955419231,0.30410237837277,0.254426226577658,0.0306959585017685,0.0256816698855803,0.472561528207533,202608250021
11,13,0.133677834871773,0.120487371207342,0.10654478994987,0.133677834871773,0.117571343959384,0.0142426768373664,0.0125266141462765,0.637677155962771,202608250021
11,14,0.197657197069022,0.13871939251788,0.0852631621893374,0.197657197069022,0.17023831076482,0.0168528776515858,0.0145150567015797,0.517397834590425,202608250021
11,15,0.138411494013148,0.192327033524776,0.110438239879409,0.138411494013148,0.111791221963867,0.0152859217778914,0.0123460257876578,0.471478390297139,202608250021
12,13,0.137060148375375,0.186153123578066,0.126807015400123,0.137060148375375,0.111545973637225,0.0173801883457793,0.0141448119968374,0.657989102622186,202608250021
12,14,0.21752921312941,0.174578126439422,0.110826945174606,0.21752921312941,0.179553370655436,0.0241080981773684,0.0198993515655458,0.722756888064172,202608250021
12,15,0.188163039484129,0.222610795227358,0.12105272619138,0.188163039484129,0.14627591563217,0.0227776488980101,0.0177070983634145,0.592914237067061,202608250021
13,14,0.105462462577202,0.161878035487638,0.106801226732203,0.105462462577202,0.0883904063175163,0.0112635203774443,0.00944020382606864,0.638495123295406,202608250021
13,15,0.23612085964386,0.204927793677423,0.0888069609415316,0.23612085964386,0.187733132835827,0.0209691759598731,0.0166720089951827,0.632919558233297,202608250021
14,15,0.118480346808541,0.243032681812808,0.120829785238592,0.118480346808541,0.0896857503815494,0.0143159548598699,0.0108367099575646,0.49155207864518,202608250021
1,6,0.328474987379124,0.195651917197192,0.0191140531962405,0.328474987379124,0.264208226347075,0.00627848838239902,0.00505009009328236,0.927285883671553,202608250021
2,7,0.169235321745769,0.169605003018166,0.0110393180921079,0.169235321745769,0.140532164490298,0.00186824254917177,0.00155137926598083,0.895261357028941,202608250021
3,8,0.256124162262149,0.136152632115667,0.0165546783146734,0.256124162262149,0.221252183421737,0.00424005311486508,0.00366275872296597,0.9038287939493,202608250021
4,9,0.227101335503046,0.0704735916932384,0.0200891739164148,0.227101335503046,0.211096688711815,0.00456227822557077,0.00424075809271094,0.944741069604088,202608250021
5,10,0.190886259368278,0.149503243699942,0.0346316639773514,0.190886259368278,0.162348144414972,0.00661070879233576,0.00562238638472584,0.929656112798146,202608250021
6,11,0.0599038797636604,0.198439103173095,0.0143964587166165,0.0599038797636604,0.0480166075867707,0.000862403731982697,0.00069126910883492,0.829766718890835,202608250021
1,2,0.239003809062703,0.210550077262553,0.120053806783449,0.239003809062703,0.188681538598506,0.0286933171137221,0.0226519369785089,0.239003809062744,202608250022
1,3,0.229184446034455,0.0427276637589056,0.0936448632958725,0.229184446034455,0.219391930085523,0.0214619461184368,0.0205449273010764,0.229184446034494,202608250022
1,4,0.207819893783435,0.0805955297653504,0.104923415261166,0.207819893783435,0.19107053934818,0.0218051730149708,0.0200477735442041,0.207819893783651,202608250022
1,5,0.220792917009955,0.128911250412405,0.134960517065513,0.220792917009955,0.192330225995999,0.0297983262440665,0.0259569867477471,0.220792917010031,202608250022
2,3,0.193548317206747,0.225271930602655,0.13230708694376,0.193548317206747,0.149947314124688,0.0256078140324916,0.0198390923268784,0.193548317206858,202608250022
2,4,0.266735026744558,0.262856333121051,0.0959137411098931,0.266735026744558,0.196622035699538,0.0255835543001179,0.0188587550285856,0.266735026744468,202608250022
2,5,0.325104328541927,0.298695816929527,0.114026733331171,0.325104328541927,0.227997025540771,0.0370705845754598,0.0259977560316377,0.325104328541997,202608250022
3,4,0.208563717542044,0.0948983101540299,0.116251986358763,0.208563717542044,0.188771373187862,0.0242459464466306,0.0219450471007603,0.208563717542761,202608250022
3,5,0.31055479094006,0.13997600004812,0.123325628899358,0.31055479094006,0.267084573508491,0.0382993649003917,0.0329383729972515,0.310554790940071,202608250022
4,5,0.332641745585538,0.183806790734869,0.112756474678146,0.332641745585538,0.271499933865015,0.0375075105630098,0.0306133754179688,0.332641745585598,202608250022
6,7,0.160820784792874,0.204256014753888,0.0712433868628632,0.160820784792874,0.127972172201489,0.011457417386588,0.00911717097183159,0.160820784793417,202608250022
6,8,0.115373844563355,0.272302474900333,0.0670767285779062,0.115373844563355,0.0839572611499874,0.00773890005676572,0.00563157841830209,0.115373844562615,202608250022
6,9,0.247460865807739,0.206364585796484,0.0744602774440771,0.247460865807739,0.196393706734485,0.0184260047245958,0.0146235298917205,0.247460865807791,202608250022
6,10,0.325157705962404,0.223628063178885,0.0860394600706679,0.325157705962404,0.252443317950342,0.0279763934588222,0.0217200867748954,0.325157705962202,202608250022
7,8,0.16513197886239,0.16748030577438,0.105128971350471,0.16513197886239,0.137475624549389,0.0173601550748708,0.0144526709946408,0.165131978862358,202608250022
7,9,0.230725781347351,0.0886783797253246,0.100566517784803,0.230725781347351,0.210265392896609,0.0232032883932811,0.0211456583742655,0.23072578134729,202608250022
7,10,0.262762713845924,0.0675923324848644,0.112453946466795,0.262762713845924,0.245001969127025,0.0295487041562993,0.0275514383204699,0.262762713846003,202608250022
8,9,0.221262683847411,0.170896918616815,0.100340021372246,0.221262683847411,0.183449572973002,0.0222015024261297,0.0184073340728404,0.221262683847178,202608250022
8,10,0.335060682819215,0.187134775428786,0.113664227422481,0.335060682819215,0.272359177184825,0.0380844136522951,0.0309574954561358,0.335060682819159,202608250022
9,10,0.284737039325471,0.0759997561570349,0.125868948688432,0.284737039325471,0.263097093767859,0.0358395517925537,0.0331157545955422,0.284737039325389,202608250022
11,12,0.0380357459097018,0.175808633505805,0.0772033977096636,0.0380357459097018,0.0313487333969431,0.00293648881865042,0.00242022873213841,0.362300860121935,202608250022
11,13,0.104935891177534,0.142172777603677,0.0668605209046356,0.104935891177534,0.090016864058507,0.0070160683457221,0.00601857442115355,0.345125980555608,202608250022
11,14,0.119862177777463,0.150671236274267,0.0661761874776967,0.119862177777463,0.101802395269207,0.0079320219480864,0.0067368943950136,0.595218173068713,202608250022
11,15,0.0556718623167809,0.162119580802419,0.0763301421652788,0.0556718623167809,0.0466463633354943,0.00424944116524571,0.00356052354489153,0.500371728167001,202608250022
12,13,0.127615704726571,0.229641873548129,0.0975696020097864,0.127615704726571,0.0983097951989964,0.0124514135203699,0.00959204759122969,0.498127658093817,202608250022
12,14,0.213655713893405,0.207007237947525,0.0838732056713723,0.213655713893405,0.169427434688625,0.0179199896342455,0.014210422076012,0.556275764104848,202608250022
12,15,0.178110067944596,0.214286943090779,0.0766999471007592,0.178110067944596,0.139943405951058,0.0136610327894631,0.0107336518335462,0.580322127882851,202608250022
13,14,0.165995290686455,0.184702002313638,0.0904091317636904,0.165995290686455,0.135335628122032,0.0150074901078238,0.0122355766352066,0.477902104553832,202608250022
13,15,0.12888998213274,0.197872970391595,0.0851880835620785,0.12888998213274,0.103386138514415,0.0109798905682387,0.00880726700692665,0.569978278598304,202608250022
14,15,0.187639642377297,0.23044718707126,0.093477762686952,0.187639642377297,0.144398614608392,0.0175401339608096,0.0134980594286879,0.564377309420471,202608250022
1,6,0.160823726562847,0.187315319498468,-0.0153997588002039,0.160823726562847,0.130698978838793,0,0,0.932360051335142,202608250022
2,7,0.137503678592011,0.228308406439393,0.00391725190456622,0.137503678592011,0.106110432853114,0.000538636546849416,0.000415661295188208,0.887556619792884,202608250022
3,8,0.195354227406616,0.165274651289484,-0.000418645303160418,0.195354227406616,0.163067125594061,0,0,0.852946644723919,202608250022
4,9,0.14986394189888,0.103995804958384,-0.0217574310455228,0.14986394189888,0.134278720626869,0,0,0.898299141112366,202608250022
5,10,0.115350993555394,0.158800335415123,0.000812066128456492,0.115350993555394,0.09703321708833,9.36726347501388e-05,7.87973889325984e-05,0.903052779513639,202608250022
6,11,0.213832293062848,0.207708138060319,0.00137470447943189,0.213832293062848,0.169417585613596,0.00029395621112069,0.000232899113837546,0.903754272670824,202608250022
1,2,0.332524336836555,0.191786941580756,0.130655510039866,0.332524336836555,0.268750511273503,0.0434461368300481,0.0351137351239142,0.332524336836591,202608250023
1,3,0.299553966150144,0.102629337128745,0.150010295589622,0.299553966150144,0.268810941169868,0.0449361790072267,0.0403244087426164,0.299553966150253,202608250023
1,4,0.268626669417836,0.0866719199490487,0.135007674346816,0.268626669417836,0.245344280229874,0.036266661905633,0.0331233606881288,0.268626669417808,202608250023
1,5,0.468034625538479,0.1454273593711,0.145482772707583,0.468034625538479,0.399969585852176,0.0680909750464933,0.0581886843484783,0.4680346255385,202608250023
2,3,0.331162833035669,0.186044102227625,0.135923560693303,0.331162833035669,0.269551941072392,0.04501283143549,0.0366384596223509,0.331162833035871,202608250023
2,4,0.246827644385538,0.207932055376331,0.128123943998914,0.246827644385538,0.195504264964755,0.0316245312866365,0.0250487774958931,0.246827644385484,202608250023
2,5,0.256491440916257,0.261372519745809,0.174115840595048,0.256491440916257,0.189451626710742,0.0446592228405691,0.03298652923684,0.256491440916427,202608250023
3,4,0.233044546908389,0.0697388745055445,0.139053376450106,0.233044546908389,0.216792282497343,0.0324056311108966,0.0301456988695808,0.233044546908364,202608250023
3,5,0.353495563623257,0.146850160111289,0.152798453769663,0.353495563623257,0.301584683506551,0.0540135755360692,0.0460816733204142,0.353495563623231,202608250023
4,5,0.319772849142738,0.171661260645564,0.151794897727897,0.319772849142738,0.264880238738672,0.0485398869317803,0.0402074687494777,0.319772849142639,202608250023
6,7,0.0645614075881739,0.209196064807021,0.0679119314583869,0.0645614075881739,0.0510554151823258,0.00438448988698505,0.0034672718564416,0.0645614075884297,202608250023
6,8,0.282338974431925,0.290553713620489,0.0479812013460302,0.282338974431925,0.200304336910929,0.0135469631800499,0.00961084271980636,0.282338974431694,202608250023
6,9,0.229670681255569,0.216757495041494,0.0671343104503322,0.229670681255569,0.179887839702139,0.0154187828167507,0.012076646076803,0.229670681255547,202608250023
6,10,0.253059545603576,0.219989148766518,0.0587191864237704,0.253059545603576,0.197389191579004,0.014859450634611,0.0115905327383649,0.25305954560359,202608250023
7,8,0.252423440081645,0.16075735205615,0.0945147083833736,0.252423440081645,0.211844516257215,0.0238577278284446,0.0200224226766675,0.25242344008156,202608250023
7,9,0.220544015376135,0.0975498326620046,0.090805058644278,0.220544015376135,0.199029983581586,0.0200265122498745,0.0180729293310956,0.220544015376312,202608250023
7,10,0.21550150555037,0.056840832325074,0.0953483280676202,0.21550150555037,0.203252220607581,0.0205477082502828,0.0193797594109639,0.215501505549392,202608250023
8,9,0.252377911435594,0.172217601925587,0.106564489078677,0.252377911435594,0.208913992749168,0.0268945231868776,0.0222628128987014,0.252377911435725,202608250023
8,10,0.241834805442897,0.176294837253189,0.113597918821074,0.241834805442897,0.199200577775185,0.0274719305968125,0.0226287710632165,0.241834805442706,202608250023
9,10,0.191126566314319,0.089380353620329,0.116737906353979,0.191126566314319,0.174043606230906,0.0223117152001586,0.0203174862056923,0.19112656631429,202608250023
11,12,0.231059045076437,0.177238549329458,0.113736021042605,0.231059045076437,0.19010647511764,0.0262797364128978,0.0216219540543153,0.556581805850908,202608250023
11,13,0.223530388679451,0.158495548316425,0.119459059672128,0.223530388679451,0.188101817160318,0.0267027300397925,0.0224704662005901,0.509026515854286,202608250023
11,14,0.142786694375821,0.140160359145791,0.0973679274932982,0.142786694375821,0.122773660010865,0.0139028445049926,0.0119542168260248,0.426356714489981,202608250023
11,15,0.167598401201958,0.163517421510745,0.099611142489554,0.167598401201958,0.140193142788091,0.0166946682231497,0.0139647991223229,0.476800615311874,202608250023
12,13,0.228978065293138,0.179245969202257,0.13236428455197,0.228978065293138,0.187934670053611,0.0303085177906204,0.0248758381441568,0.435643482760778,202608250023
12,14,0.154444390334433,0.157048319955903,0.11536811073248,0.154444390334433,0.130189158305796,0.0178179575261132,0.0150196772315915,0.489571543952971,202608250023
12,15,0.21844327357654,0.167718748768861,0.110346033501102,0.21844327357654,0.181806241055309,0.0241043487841673,0.0200615975661985,0.67803655222868,202608250023
13,14,0.156548845997108,0.140568641135904,0.106616553927124,0.156548845997108,0.134542987443901,0.0166906984814797,0.014344509676329,0.501195046520005,202608250023
13,15,0.148081880288861,0.166160050130771,0.113576041182098,0.148081880288861,0.123476587636605,0.0168185537340102,0.01402398200244,0.402524460600186,202608250023
14,15,0.12199397217347,0.185105912654349,0.0913754189297747,0.12199397217347,0.0994121666159708,0.0111472503142581,0.0090838283712509,0.635199374427339,202608250023
1,6,0.11554261652008,0.221289252299254,-0.0411323264060759,0.11554261652008,0.0899742773016523,0,0,0.775885693144075,202608250023
2,7,0.145366737209896,0.188738760393249,-0.0374713705397579,0.145366737209896,0.117930399426489,0,0,0.823863604177834,202608250023
3,8,0.2073462129969,0.165641525521707,-0.0134739304763161,0.2073462129969,0.173001069964944,0,0,0.902040697442266,202608250023
4,9,0.259736413278709,0.0903697661772702,-0.0261666753620718,0.259736413278709,0.236264094342989,0,0,0.841566751003486,202608250023
5,10,0.155408117159609,0.160793003223357,0.00927890375565671,0.155408117159609,0.130419579276228,0.00144201696197184,0.00121015072395736,0.901862431823094,202608250023
6,11,0.133937278099154,0.247020095568736,0.0150213656011814,0.133937278099154,0.100852078862885,0.0020119208219545,0.00151493594823857,0.952206056461469,202608250023
1,2,0.251605218156611,0.160271717453692,0.127335737359915,0.251605218156611,0.21128001772234,0.0320383359775744,0.0269034968460901,0.251605218156597,202608250024
1,3,0.184503168304379,0.04287166207223,0.117751827401856,0.184503168304379,0.176593210821578,0.0217255852292728,0.020794173281002,0.184503168304384,202608250024
1,4,0.216022871840189,0.0644783196944307,0.114290213815802,0.216022871840189,0.202094080048368,0.0246893002117188,0.0230973756196358,0.216022871841552,202608250024
1,5,0.304003597188881,0.192294460163202,0.125206831363089,0.304003597188881,0.245545389579774,0.0380633271270006,0.0307439601850987,0.30400359718883,202608250024
2,3,0.292387670118934,0.155354467333111,0.120090258270988,0.292387670118934,0.246963939372838,0.0351129108198353,0.0296579632629048,0.292387670118859,202608250024
2,4,0.270599062438592,0.185257079047591,0.140898466479873,0.270599062438592,0.220468670538202,0.038126992928489,0.031063697585689,0.270599062438632,202608250024
2,5,0.410612789710081,0.293556661108529,0.164370408195061,0.410612789710081,0.290074670154331,0.0674925918547587,0.047679691940315,0.410612789710339,202608250024
3,4,0.221391905424701,0.0597096369045624,0.133385273043487,0.221391905424701,0.208172675138183,0.0295304197546917,0.0277671691134998,0.22139190542514,202608250024
3,5,0.251392405708752,0.189252612349382,0.139387589178388,0.251392405708752,0.203815736203575,0.0350409813694983,0.0284093841060347,0.251392405708518,202608250024
4,5,0.313824178052179,0.219951749550979,0.154758532629504,0.313824178052179,0.244798001038204,0.0485669692990153,0.0378845794313082,0.313824178052287,202608250024
6,7,0.119638554281603,0.210293020168239,0.113224160679814,0.119638554281603,0.0944794013731631,0.0135459748934809,0.0106973509220076,0.11963855428256,202608250024
6,8,0.272816779132584,0.263930934387978,0.0790639522809313,0.272816779132584,0.200811991699402,0.021569972806776,0.0158769897291603,0.272816779132598,202608250024
6,9,0.198340272593416,0.206368647307658,0.0962997782596897,0.198340272593416,0.15740905883168,0.0191001242707123,0.0151584574615573,0.198340272593371,202608250024
6,10,0.166279734287412,0.235165745856353,0.113482147100433,0.166279734287412,0.127176436552917,0.0188697812662251,0.014432255080607,0.166279734287425,202608250024
7,8,0.296661432373291,0.125720560701281,0.117375700560611,0.296661432373291,0.259364990756876,0.0348208434541294,0.0304431474909847,0.296661432373235,202608250024
7,9,0.258823137078545,0.0777093424709543,0.113908325630381,0.258823137078545,0.238710161279902,0.0294821101790197,0.0271910747823519,0.258823137078475,202608250024
7,10,0.330181422144591,0.0877549549176255,0.11905666258399,0.330181422144591,0.301206366329655,0.0393102981677705,0.0358606247242594,0.330181422144598,202608250024
8,9,0.251124150962206,0.126326286637142,0.129097931944324,0.251124150962206,0.219400569486246,0.0324196085504951,0.0283241597880813,0.251124150961964,202608250024
8,10,0.272041787114244,0.161195439752326,0.128023175224756,0.272041787114244,0.228189891609355,0.0348276533801826,0.0292135944780225,0.272041787114163,202608250024
9,10,0.203221175206419,0.0912688687530347,0.126901926195575,0.203221175206419,0.184673408438667,0.0257891585774229,0.0234354112479689,0.203221175207038,202608250024
11,12,0.281641012105515,0.153345338887469,0.12411812974655,0.281641012105515,0.238452675659585,0.0349567556824619,0.0295963001359284,0.489896919031616,202608250024
11,13,0.206526610196166,0.151871307032464,0.117487917853157,0.206526610196166,0.17516114396869,0.0242643814132182,0.0205793180936586,0.636724390601549,202608250024
11,14,0.183282522450738,0.164794789648633,0.11312353227621,0.183282522450738,0.153078517717198,0.0207335663441212,0.0173167826397758,0.462314688989303,202608250024
11,15,0.0691523421923408,0.1642438950423,0.126357506151233,0.0691523421923408,0.0577944921593727,0.00873791750394085,0.00730276789853531,0.51269604814778,202608250024
12,13,0.293801051312875,0.217385950893506,0.152581489175327,0.293801051312875,0.229932830399714,0.044828601930595,0.0350834936726862,0.660976014573005,202608250024
12,14,0.196546529814042,0.199525181801363,0.166528543394256,0.196546529814042,0.157330547720468,0.0327306073191281,0.02620002694331,0.618280813580457,202608250024
12,15,0.300784692366818,0.186221090593429,0.143478067211231,0.300784692366818,0.24477223892046,0.0431560063075156,0.0351194477472731,0.719367165876318,202608250024
13,14,0.268979280062708,0.192674844404364,0.145828650632183,0.268979280062708,0.217153739128628,0.0392248854595608,0.0316672367568609,0.537660905270236,202608250024
13,15,0.240776864336604,0.192039944382144,0.14813634302983,0.240776864336604,0.194538088700895,0.0356678041690138,0.0288181610401632,0.644090099349019,202608250024
14,15,0.254179987445091,0.248167052975976,0.145471282760848,0.254179987445091,0.191100889035372,0.0369758888257737,0.0277996914647141,0.631698729937007,202608250024
1,6,0.143899901712908,0.202741221300956,0.0192681954128679,0.143899901712908,0.114725459894546,0.0027726914260968,0.00221055258007925,0.876808484824824,202608250024
2,7,0.247603741042381,0.165862325525719,0.0150811327837006,0.247603741042381,0.206535608744224,0.00373414489640116,0.00311479094003407,0.905297652601904,202608250024
3,8,0.144045291813103,0.119059862233797,0.011749791329465,0.144045291813103,0.126895279214407,0.00169250212079586,0.00149099305146349,0.922554007843026,202608250024
4,9,0.242057950036819,0.06830104670176,0.0169524048316047,0.242057950036819,0.225525138686822,0.00410346436173251,0.00382319345072281,0.951469336484685,202608250024
5,10,0.121547705120093,0.226492003931028,0.0414736438484899,0.121547705120093,0.0940181218142251,0.00504102623275199,0.00389927409942711,0.830192024244634,202608250024
6,11,0.124359087831898,0.210235125156229,0.0264039786662932,0.124359087831898,0.0982144394372448,0.00328357470207312,0.00259325196362295,0.987360336369681,202608250024
1,2,0.272265324473243,0.130170284018783,0.114098134543712,0.272265324473243,0.236824469858095,0.0310649656233356,0.0270212302251123,0.272265324473228,202608250025
1,3,0.264812451079049,0.0868751983749128,0.126679333192455,0.264812451079049,0.24180681685941,0.0335462647237536,0.0306319263211401,0.264812451078976,202608250025
1,4,0.184396836901366,0.0825100439023958,0.109087958534797,0.184396836901366,0.169182245793171,0.0201154744978439,0.0184557458139093,0.184396836901143,202608250025
1,5,0.228628428899608,0.190618624894605,0.104757183700805,0.228628428899608,0.185047592170951,0.0239504703254627,0.0193850646064439,0.228628428899657,202608250025
2,3,0.28365662793049,0.120011352482023,0.102319275100402,0.28365662793049,0.249614612372062,0.0290235405472722,0.0255403861923772,0.283656627930496,202608250025
2,4,0.310621998733053,0.141818372904386,0.112113807128908,0.310621998733053,0.266570092284423,0.0348250148559536,0.0298861879127112,0.310621998732899,202608250025
2,5,0.158243545254876,0.233937658752133,0.127696373985836,0.158243545254876,0.121224420765313,0.0202071269357111,0.0154799189702637,0.158243545254784,202608250025
3,4,0.250921702456228,0.0575251098461853,0.0981971958624304,0.250921702456228,0.236487403959641,0.0246398075622287,0.0232223999256226,0.250921702456425,202608250025
3,5,0.160125376205087,0.181378391472868,0.0983022673901816,0.160125376205087,0.13108209303502,0.0157406875476659,0.0128856669595932,0.160125376205074,202608250025
4,5,0.124385369906251,0.195278215923828,0.11928360572035,0.124385369906251,0.100095616783933,0.0148371354212771,0.0119397660867899,0.124385369905541,202608250025
6,7,0.25126924607091,0.208114757127875,0.0881133408557668,0.25126924607091,0.198976407951158,0.0221401727256176,0.0175324760560565,0.251269246070956,202608250025
6,8,0.129029907621733,0.284688653766978,0.0802727644684857,0.129029907621733,0.0922965569252243,0.0103575873839098,0.00740889977531071,0.129029907621257,202608250025
6,9,0.184277012611262,0.21472857510012,0.0852037364527114,0.184277012611262,0.144707472269539,0.015701090016823,0.0123296173299919,0.184277012611107,202608250025
6,10,0.283880953488414,0.233003810436513,0.11702012701015,0.283880953488414,0.217735609615263,0.0332197852329766,0.0254794486918104,0.283880953488472,202608250025
7,8,0.296684640454558,0.14911206170199,0.101420947594413,0.296684640454558,0.252445382041066,0.0300900373716091,0.0256032498624386,0.296684640454672,202608250025
7,9,0.230204249987352,0.047739858338699,0.124927890720769,0.230204249987352,0.219214331703989,0.0287589313858766,0.0273859840755425,0.230204249987371,202608250025
7,10,0.347413036536785,0.0516438706692701,0.134855043744963,0.347413036536785,0.329471282609061,0.0468504002397388,0.0444308642289542,0.347413036536841,202608250025
8,9,0.207585490902367,0.155846612158283,0.0950226801995708,0.207585490902367,0.175233995412019,0.0197253297160866,0.0166512039061294,0.207585490902403,202608250025
8,10,0.298439022095913,0.174897528662949,0.112667377282186,0.298439022095913,0.246242774674751,0.0336243418982069,0.0277435275972925,0.298439022095898,202608250025
9,10,0.317699709603252,0.0562372027048244,0.129865561141685,0.317699709603252,0.29983316663503,0.0412582510621766,0.0389380024339464,0.317699709603228,202608250025
11,12,0.105202945102321,0.122681218835479,0.070515334779378,0.105202945102321,0.092296519572086,0.00741842089366666,0.00650831997659705,0.387115111789733,202608250025
11,13,0.125305742490712,0.139694866906102,0.0686965781431684,0.125305742490712,0.107801173470902,0.00860807573080096,0.00740557173726907,0.487561720708762,202608250025
11,14,0.103542684370883,0.147220460053273,0.0733768964969105,0.103542684370883,0.0882990827426505,0.00759764083409453,0.0064791126551796,0.446153219298782,202608250025
11,15,0.119712178579714,0.145238671353858,0.0729071219519263,0.119712178579714,0.10232534081792,0.00872787040284195,0.00746024610178453,0.448604366756664,202608250025
12,13,0.258278901744772,0.192955416650015,0.0883060265013467,0.258278901744772,0.208442588646702,0.0228075835422126,0.0184067367570449,0.659642108567708,202608250025
12,14,0.163698941220335,0.176690668308046,0.0988343563806502,0.163698941220335,0.134774865894794,0.0161790794957057,0.0133203871270004,0.60318488198509,202608250025
12,15,0.133274945670817,0.177277502384503,0.100931853143081,0.133274945670817,0.109648296171865,0.0134516872440991,0.0110670057266077,0.530704003172203,202608250025
13,14,0.158382373725038,0.183689724761384,0.102203983641585,0.158382373725038,0.129289159088431,0.0161873095333092,0.0132138671005083,0.549168108225489,202608250025
13,15,0.12730382308717,0.184667431649574,0.103567438269689,0.12730382308717,0.103794953038491,0.0131845308390759,0.0107497773915191,0.478582888574998,202608250025
14,15,0.193487408233371,0.217179639595877,0.0702765883087716,0.193487408233371,0.151465882646907,0.0135976349313478,0.0106445054776014,0.56389738740642,202608250025
1,6,0.24348302058281,0.223198532508001,0.0350900807124865,0.24348302058281,0.189137967698112,0.00854383884437082,0.00663686655232241,0.903115508544848,202608250025
2,7,0.101522176679372,0.118656384159847,0.00380756188883488,0.101522176679372,0.0894759222825603,0.000386551970795936,0.000340685111651428,0.97069645204578,202608250025
3,8,0.166888747465249,0.156231994255059,0.00679670997138907,0.166888747465249,0.140815385630024,0.00113429441400969,0.000957081335636583,0.917036836308133,202608250025
4,9,0.204984685416205,0.059270449559772,-0.0139265406522666,0.204984685416205,0.192835150958718,0,0,0.911386238903898,202608250025
5,10,0.192650020914395,0.197160742687936,0.0418500564278877,0.192650020914395,0.154666999712067,0.00806241424610119,0.00647282266548208,0.945756801670269,202608250025
6,11,0.16287212755253,0.218723575798402,-0.0383400031297194,0.16287212755253,0.127248153416348,0,0,0.952020343916449,202608250025
1,2,0.291618138103822,0.158560322717017,0.113527546378641,0.291618138103822,0.245379072015944,0.0331066916984346,0.027857283978638,0.291618138103794,202608250026
1,3,0.322824528985602,0.110525437400057,0.120823565241379,0.322824528985602,0.287144206716001,0.0390048105394092,0.0346937867938347,0.322824528985773,202608250026
1,4,0.257090741132615,0.0575488352315268,0.125190718557668,0.257090741132615,0.242295468431623,0.0321853746169154,0.0303331437962216,0.257090741132576,202608250026
1,5,0.190415374642122,0.190792176202822,0.135496989426518,0.190415374642122,0.154085610931676,0.0258007100045302,0.0208781363951879,0.190415374642318,202608250026
2,3,0.216376607344047,0.169765304575538,0.112700807515218,0.216376607344047,0.179643366695263,0.0243858183750774,0.0202459524913086,0.216376607343255,202608250026
2,4,0.188502274073116,0.15461474208682,0.122705890439161,0.188502274073116,0.159357043584522,0.0231303393899485,0.019554047930791,0.18850227407315,202608250026
2,5,0.295264634306191,0.268186169230437,0.118688330777708,0.295264634306191,0.216078743122388,0.0350444665834921,0.0256460253377413,0.295264634306155,202608250026
3,4,0.241532397265399,0.0810966863899032,0.11091667782429,0.241532397265399,0.221944920191366,0.0267899710916148,0.0246173932076035,0.241532397265435,202608250026
3,5,0.25634751648208,0.195866234084719,0.122608643244118,0.25634751648208,0.206137693811764,0.0314304211948669,0.0252742629597318,0.256347516481843,202608250026
4,5,0.308611533451073,0.184222474425617,0.10282905451351,0.308611533451073,0.251758353122432,0.0317342321967384,0.0258880734174582,0.308611533450951,202608250026
6,7,0.0949146640068731,0.211025777011723,0.0746529746607368,0.0949146640068731,0.0748852232850161,0.00708566200703745,0.00559040467635993,0.0949146640073947,202608250026
6,8,0.26968708716308,0.274580090094392,0.0487628493141459,0.26968708716308,0.195636382472547,0.0131507107933042,0.00953978743887345,0.269687087163305,202608250026
6,9,0.144590015459791,0.212905480089504,0.0794170213807013,0.144590015459791,0.113806008802175,0.0114829083492061,0.00903813423429462,0.144590015460825,202608250026
6,10,0.12681576808893,0.216141623715571,0.066913959406088,0.12681576808893,0.0994056020614512,0.00848574515795451,0.00665162242107768,0.126815768089347,202608250026
7,8,0.211730436445394,0.160847892655243,0.106077639487259,0.211730436445394,0.177674041932177,0.0224598649057346,0.0188472429663257,0.211730436446614,202608250026
7,9,0.339227439990671,0.1174272217591,0.0965093885261865,0.339227439990671,0.299392904168114,0.0327386328048032,0.0288942261103439,0.339227439990677,202608250026
7,10,0.246352633065116,0.0820091710777791,0.107413440302797,0.246352633065116,0.226149457834618,0.0264615838451766,0.0242914912886285,0.24635263306506,202608250026
8,9,0.278381084653737,0.160772300571843,0.0964715240883697,0.278381084653737,0.233625117238271,0.0268558475139195,0.0225381711253,0.278381084653745,202608250026
8,10,0.284940430412456,0.176213832325699,0.103566383461991,0.284940430412456,0.234729985184943,0.0295102498799213,0.0243101356556914,0.284940430412351,202608250026
9,10,0.272108117107452,0.0909001589934679,0.102393090631397,0.272108117107452,0.247373445998971,0.0278619910965222,0.0253293316759737,0.272108117107378,202608250026
11,12,0.115171319116718,0.176423113816029,0.0756183083900721,0.115171319116718,0.0948524363758468,0.00870906032665937,0.00717258078541848,0.275340144940104,202608250026
11,13,0.165716490237435,0.151376927254831,0.089917009348659,0.165716490237435,0.140630837149837,0.0149007312019064,0.0126451042987116,0.409557224781899,202608250026
11,14,0.16179216978296,0.144856704881634,0.104532701421083,0.16179216978296,0.138355489192551,0.0169125725761913,0.0144626730417327,0.485786046861268,202608250026
11,15,0.182752224494942,0.15236396712613,0.0961102511567922,0.182752224494942,0.154907370569768,0.0175643621956714,0.0148881862914987,0.493787016127202,202608250026
12,13,0.136061331819246,0.214002563265503,0.0897699456099448,0.136061331819246,0.106943858048609,0.0122142183570304,0.00960034432034132,0.28570940027649,202608250026
12,14,0.0974685574813995,0.198829568197852,0.104923010440416,0.0974685574813995,0.0780889262845053,0.0102266944742332,0.00819332522783003,0.527458802547376,202608250026
12,15,0.160885479189323,0.196772172225525,0.104165148138036,0.160885479189323,0.129227693969696,0.0167586597730148,0.0134610218858902,0.402469678420254,202608250026
13,14,0.164822174275016,0.16949992221276,0.106953188805591,0.164822174275016,0.136884828556463,0.0176282571245838,0.0146402689132203,0.618456967515611,202608250026
13,15,0.178833076827698,0.176672615343952,0.113763257948783,0.178833076827698,0.147238169434543,0.020344633448924,0.0167502938492886,0.535862567122909,202608250026
14,15,0.280792288477996,0.213694546119155,0.102989421302626,0.280792288477996,0.220788507837932,0.0289186352965888,0.0227388806524989,0.629981418936948,202608250026
1,6,0.22715727744619,0.201057217971755,-0.0053606705478072,0.22715727744619,0.181485667200821,0,0,0.91551834216725,202608250026
2,7,0.164096925533192,0.168016117137938,-0.022100341325899,0.164096925533192,0.136525997270832,0,0,0.896440958183503,202608250026
3,8,0.341456333293911,0.157583063729266,-0.02173250063092,0.341456333293911,0.287648598163695,0,0,0.984634723016127,202608250026
4,9,0.256709312176809,0.0792187111313571,-0.0327728081585967,0.256709312176809,0.236373131330745,0,0,0.971248801121222,202608250026
5,10,0.14676766345178,0.20513560946179,0.00105477588729223,0.14676766345178,0.116660389360317,0.000154806992443159,0.000123050565699385,0.728314600770569,202608250026
6,11,0.0879165058231855,0.213877068757128,0.00906049958298193,0.0879165058231855,0.0691131812623536,0.0007965674643482,0.000626199950006109,0.912168166815244,202608250026
1,2,0.191097776235986,0.170491066258637,0.128953741710416,0.191097776235986,0.158517312605858,0.0246427732781702,0.0204414005864051,0.191097776235935,202608250027
1,3,0.231508121301257,0.121749286908626,0.12101026688576,0.231508121301257,0.203322172619273,0.0280148595448859,0.0246040703724507,0.231508121301239,202608250027
1,4,0.207029968050351,0.099215682204973,0.121901255257795,0.207029968050351,0.186489348533362,0.0252372129813191,0.0227332856784253,0.207029968050222,202608250027
1,5,0.376442010599838,0.194921892947393,0.0951197503096366,0.376442010599838,0.303065221308795,0.0358070700543142,0.0288274881784274,0.376442010599895,202608250027
2,3,0.297426139707096,0.15430516533391,0.101892480127332,0.297426139707096,0.251531750044966,0.0303054870294542,0.0256291938428496,0.297426139707054,202608250027
2,4,0.254976380227546,0.16117201938836,0.0956040800363559,0.254976380227546,0.213881322129938,0.0243767822626547,0.0204479270391923,0.254976380227466,202608250027
2,5,0.199387037933422,0.260761233467457,0.123355545715621,0.199387037933422,0.14739462798448,0.0245954968728984,0.0181819447705765,0.199387037933326,202608250027
3,4,0.212608233054612,0.0674077863172025,0.115526926003214,0.212608233054612,0.198276782711588,0.0245619756077742,0.022906307204477,0.212608233055968,202608250027
3,5,0.18512883296219,0.195572854291417,0.111505290599277,0.18512883296219,0.148922658688136,0.0206428443177541,0.0166056643338375,0.185128832962351,202608250027
4,5,0.211351644378062,0.197022143768372,0.115155345614947,0.211351644378062,0.169710690313726,0.0243382716546432,0.0195430931976284,0.211351644377305,202608250027
6,7,0.174501122847677,0.192548730974234,0.082721818435666,0.174501122847677,0.140901153089778,0.0144350502010254,0.0116555996032686,0.174501122847579,202608250027
6,8,0.237249955657934,0.252599921083212,0.100869980291699,0.237249955657934,0.177320635581744,0.0239313983514222,0.017886329016442,0.237249955656784,202608250027
6,9,0.272461084377689,0.197330809599459,0.108855516278687,0.272461084377689,0.218696118013093,0.0296588920057843,0.02380627883446,0.272461084377608,202608250027
6,10,0.132169611847162,0.210616835994195,0.0932386028198792,0.132169611847162,0.104332466385332,0.0123233099438751,0.00972781339452036,0.132169611846469,202608250027
7,8,0.273098766418832,0.131200851634083,0.126105974567633,0.273098766418832,0.237267975684464,0.0344393860924652,0.0299209093073788,0.273098766418848,202608250027
7,9,0.332671342184955,0.0955338484946053,0.125432722697421,0.332671342184955,0.300889968582161,0.0417278722136642,0.0377414479916018,0.332671342184963,202608250027
7,10,0.237288857094742,0.0723419764656879,0.109927175282817,0.237288857094742,0.220122912179224,0.0260844937865131,0.0241974899508898,0.237288857094411,202608250027
8,9,0.279182631680503,0.138670485142174,0.138449440272107,0.279182631680503,0.240468240702098,0.0386526790898595,0.0332926933284239,0.279182631680617,202608250027
8,10,0.281176015115369,0.157170281725255,0.118040551569928,0.281176015115369,0.236983501605302,0.0331901719124527,0.0279736632424629,0.281176015115257,202608250027
9,10,0.274937301478042,0.0846208029378954,0.127528882754755,0.274937301478042,0.251671886269392,0.0350624468851019,0.0320954344767173,0.274937301477934,202608250027
11,12,0.0455758483738796,0.184052572485305,0.0838607300743806,0.0455758483738796,0.0371874962374668,0.00382202391839281,0.00311857058411225,0.50766255054351,202608250027
11,13,0.121365660668806,0.182883796105792,0.0761452859575087,0.121365660668806,0.0991698479288077,0.00924142293704822,0.00755131642890171,0.541277619037545,202608250027
11,14,0.184507966572922,0.157975140336808,0.0700427372161897,0.184507966572922,0.155360294660306,0.0129234430169607,0.0108818602927216,0.617859991070791,202608250027
11,15,0.0561654204820977,0.158640595903166,0.070857717667801,0.0561654204820977,0.0472553047076659,0.00397975350721381,0.00334840303928169,0.277839920379279,202608250027
12,13,0.2562010499505,0.227968169467088,0.101212850579044,0.2562010499505,0.197795365577739,0.0259308385868342,0.0200194327814471,0.723961873818249,202608250027
12,14,0.125848408462586,0.192854378326077,0.114170462405736,0.125848408462586,0.101577991885208,0.0143681709871994,0.0115972063037803,0.490076506493874,202608250027
12,15,0.22458163422381,0.181718017414601,0.0904976205909217,0.22458163422381,0.183771104904928,0.0203241035256755,0.0166308477272607,0.525218897073425,202608250027
13,14,0.185657334240842,0.182582277338942,0.11198826323872,0.185657334240842,0.151759595350472,0.0207914424191625,0.0169952935131103,0.603557616001981,202608250027
13,15,0.178184526574667,0.180700745606549,0.10874079255945,0.178184526574667,0.145986449767075,0.0193759266415597,0.015874682250612,0.500341817670004,202608250027
14,15,0.203427723908,0.20130581925106,0.113189369396546,0.203427723908,0.162476539288321,0.0230258557869211,0.0183906170237782,0.555508586552529,202608250027
1,6,0.169870590589255,0.2101154628354,0.00624192161314605,0.169870590589255,0.134178152825471,0.00106031891083696,0.000837529512133322,0.879539021148311,202608250027
2,7,0.217528657610636,0.152937956352261,-0.00048405257251514,0.217528657610636,0.184260269267614,0,0,0.904237559130257,202608250027
3,8,0.25234494154433,0.136216180254871,0.0110704938328377,0.25234494154433,0.217971477500523,0.00279358311911431,0.00241305189740407,0.883019295874835,202608250027
4,9,0.293883133169475,0.0769049636376473,0.0108725668045145,0.293883133169475,0.271282061499359,0.00319526399810514,0.00294953233651818,0.940499447619356,202608250027
5,10,0.138342780325273,0.20916324555682,0.00516122335035433,0.138342780325273,0.109406555393085,0.000714017988167737,0.000564671668376622,0.844848131511847,202608250027
6,11,0.223993444884168,0.229580600621332,-0.0178694177038546,0.223993444884168,0.172568895272419,0,0,0.977224153508569,202608250027
1,2,0.332394818312493,0.149225144252924,0.130535078001351,0.332394818312493,0.282793153600887,0.0433891835356661,0.0369144263635397,0.332394818312503,202608250028
1,3,0.226051415400296,0.112310512959775,0.146973324100031,0.226051415400296,0.200663464981406,0.0332235279388985,0.0294921764737474,0.226051415400331,202608250028
1,4,0.289574706007117,0.0775181118136727,0.157532279140157,0.289574706007117,0.267127421568446,0.0456173634186422,0.0420811915405109,0.289574706007028,202608250028
1,5,0.320191048525351,0.133198254079304,0.123032575284165,0.320191048525351,0.277542159889953,0.0393939292830111,0.0341467266811905,0.320191048525431,202608250028
2,3,0.24762467238702,0.154708452029453,0.131248858389322,0.24762467238702,0.209315042637724,0.0325004555598262,0.0274723603899134,0.247624672387091,202608250028
2,4,0.425327780150363,0.158927609629253,0.136418920730278,0.425327780150363,0.357731452742149,0.0580227567247176,0.0488013386943586,0.425327780150156,202608250028
2,5,0.159112780203685,0.20027129187438,0.140497524005203,0.159112780203685,0.127247058158569,0.0223549516562018,0.017877896608225,0.159112780204294,202608250028
3,4,0.290788016741278,0.0808167701466256,0.151864185875144,0.290788016741278,0.267287468430905,0.0441602854246621,0.0405913937878878,0.290788016741288,202608250028
3,5,0.26910317681376,0.136903686069961,0.11327575129395,0.26910317681376,0.23226195997482,0.0304828645291674,0.0263096480131532,0.269103176813692,202608250028
4,5,0.301365976349987,0.139831765605509,0.147929603939206,0.301365976349987,0.259225439783541,0.0445809495222058,0.0383471166381457,0.301365976349976,202608250028
6,7,0.253793052937553,0.208763160828031,0.0726110086496198,0.253793052937553,0.200810413010113,0.0184281695620621,0.0145810466360111,0.253793052937715,202608250028
6,8,0.131551585349566,0.247230613167027,0.0674756764312751,0.131551585349566,0.0990280062404986,0.00887653220706861,0.00668198170671818,0.131551585349836,202608250028
6,9,0.269849843465994,0.203599433468052,0.0765119370279628,0.269849843465994,0.214908568214875,0.0206467342302757,0.0164430708380262,0.269849843465957,202608250028
6,10,0.177425702545215,0.21582105448191,0.0809779362218675,0.177425702545215,0.139133500329713,0.0143675672248264,0.0112667437160247,0.177425702544939,202608250028
7,8,0.118618815165861,0.14303757088327,0.0960697925634285,0.118618815165861,0.101651867983485,0.0113956849671039,0.00976567387085839,0.11861881516602,202608250028
7,9,0.139355235406194,0.116360732000455,0.109563821233427,0.139355235406194,0.123139758206233,0.0152682920999863,0.0134916624548351,0.139355235406015,202608250028
7,10,0.214615589405693,0.097175226779934,0.0833330986098312,0.214615589405693,0.193760270834686,0.0178845820751517,0.0161466437561344,0.214615589401458,202608250028
8,9,0.228852721274655,0.132297161517207,0.104325070941744,0.228852721274655,0.19857615584453,0.0238750763821896,0.0207164715458194,0.228852721274662,202608250028
8,10,0.264710300365267,0.145021107052183,0.0802596103399406,0.264710300365267,0.22632171955818,0.021245545560285,0.0181644930232048,0.264710300365391,202608250028
9,10,0.240193290288332,0.0828227658140823,0.119060592400312,0.240193290288332,0.220299817656667,0.0285975554323088,0.0262290267958834,0.240193290288333,202608250028
11,12,0.178583641564256,0.20200774746779,0.108602776798211,0.178583641564256,0.142508362397266,0.0193946793646146,0.0154768038733088,0.610061962298237,202608250028
11,13,0.17356883861736,0.200106360835034,0.0833941824093115,0.17356883861736,0.138836609967277,0.0144746313882285,0.0115781655767015,0.538190995537184,202608250028
11,14,0.167783016918373,0.129333586140035,0.104598720335041,0.167783016918373,0.146083037646926,0.0175498888636145,0.0152800988005241,0.469232027482452,202608250028
11,15,0.19008334900272,0.107236708254794,0.0911258176735161,0.19008334900272,0.169699436361621,0.0173215006039932,0.0154639998971876,0.463806498540148,202608250028
12,13,0.115370624783882,0.239904647227285,0.116558106729978,0.115370624783882,0.0876926757447132,0.013447381597064,0.0102212922588897,0.502253711599475,202608250028
12,14,0.182362673363203,0.19045772648967,0.110511734572948,0.182362673363203,0.147630293197869,0.0201532153547275,0.0163148797768094,0.696933422008984,202608250028
12,15,0.147129777223617,0.18279853692335,0.107899584227571,0.147129777223617,0.120234669209281,0.0158752417899234,0.012973270817421,0.639978661016429,202608250028
13,14,0.233514546918429,0.185159649080587,0.111052373276641,0.233514546918429,0.190277075355801,0.0259323446299112,0.0211307207984,0.412154861014332,202608250028
13,15,0.209229696477015,0.177886421767101,0.100804300648139,0.209229696477015,0.172010574443302,0.0210912532281878,0.0173394056608417,0.59259567351167,202608250028
14,15,0.18686876289421,0.143256990778291,0.113094416575259,0.18686876289421,0.160098506251523,0.0211338137156611,0.0181062471590865,0.551407425507794,202608250028
1,6,0.266365449626857,0.204301783988048,-0.00845758970827904,0.266365449626857,0.211946513075311,0,0,0.891947592168309,202608250028
2,7,0.284087328063982,0.155307509410701,-0.00085547016331691,0.284087328063982,0.239966432687224,0,0,0.947405651025884,202608250028
3,8,0.150684427142302,0.137961709484041,0.000409149655704647,0.150684427142302,0.129895745981126,6.16524814853248e-05,5.31467997456762e-05,0.880932245950571,202608250028
4,9,0.242499994632139,0.0771810567990432,0.0314146342722118,0.242499994632139,0.223783588772668,0.00761804864238196,0.0070300795974164,0.835033236342415,202608250028
5,10,0.173067142081391,0.147268121968811,0.00274227911799404,0.173067142081391,0.147579869092555,0.000474598409740706,0.000404705193248808,0.958665604033702,202608250028
6,11,0.179705459404618,0.232114403128521,0.0239122822167843,0.179705459404618,0.137993233955979,0.00429716766118011,0.00329973315436211,0.916936385791647,202608250028
1,2,0.241733124010982,0.164977124026171,0.126819017249236,0.241733124010982,0.201852688429788,0.0306563572236603,0.0255987595757819,0.241733124010927,202608250029
1,3,0.238244976277376,0.0699699825958748,0.127488563223677,0.238244976277376,0.221574979433693,0.0303735097208617,0.0282482757743173,0.238244976278985,202608250029
1,4,0.311295909445924,0.0753483864471631,0.152758415862383,0.311295909445924,0.287840264961571,0.0475530699913992,0.0439700228969383,0.31129590944595,202608250029
1,5,0.354673305530067,0.176789967531442,0.13320500178344,0.354673305530067,0.291970623361137,0.0472442582956711,0.0388919474055323,0.35467330553009,202608250029
2,3,0.224719670887584,0.154700277305184,0.113327642044985,0.224719670887584,0.189955475485345,0.025466950422815,0.0215272061302881,0.224719670887612,202608250029
2,4,0.308012502090994,0.187543250854959,0.133628120672805,0.308012502090994,0.250246836144879,0.0411591317981478,0.0334400144183555,0.308012502091047,202608250029
2,5,0.258100079058589,0.259080071632859,0.148769538779179,0.258100079058589,0.191231492087643,0.0383974297204159,0.0284494208779329,0.258100079058479,202608250029
3,4,0.342131583042922,0.0659110297440313,0.128254908267742,0.342131583042922,0.319581338096608,0.0438800547986674,0.0409878752016627,0.342131583042959,202608250029
3,5,0.265291481247169,0.170640003306339,0.134777114044677,0.265291481247169,0.220022142010009,0.035755220223131,0.029653949326037,0.26529148124697,202608250029
4,5,0.392474007277414,0.206966492273545,0.168890597207627,0.392474007277414,0.311245038682666,0.0662851694775529,0.0525663604610263,0.392474007277124,202608250029
6,7,0.235447291498231,0.181207018823577,0.102933566469375,0.235447291498231,0.19278258971575,0.0242354294294675,0.0198437995126445,0.235447291498342,202608250029
6,8,0.315335839470838,0.262383000552443,0.0874613160313626,0.315335839470838,0.232597075728756,0.027579687511974,0.0203432463482835,0.315335839470869,202608250029
6,9,0.232340706606564,0.183554728050983,0.125619604632863,0.232340706606564,0.189693471390223,0.0291865477040366,0.0238292188774752,0.232340706606549,202608250029
6,10,0.24720565494318,0.20783615204375,0.106385442837958,0.24720565494318,0.195827382856335,0.0262990830731777,0.0208331828449696,0.247205654943331,202608250029
7,8,0.19134169998889,0.147315602186552,0.109724696602238,0.19134169998889,0.163154082231628,0.0209949099786373,0.0179020321722819,0.191341699988731,202608250029
7,9,0.23212558875143,0.0612679129404159,0.106434882775302,0.23212558875143,0.217903738388564,0.0247062598279064,0.0231925588516869,0.232125588751411,202608250029
7,10,0.300509606419366,0.0679075067361687,0.120395387122138,0.300509606419366,0.280102748297159,0.036179970398781,0.0337230788152114,0.300509606419411,202608250029
8,9,0.318057897382914,0.145932185276785,0.108806385364405,0.318057897382914,0.271643013373286,0.0346067301508377,0.029556494394642,0.318057897383023,202608250029
8,10,0.278693354798576,0.173784362756349,0.111579537766324,0.278693354798576,0.230260807730476,0.0310964757069713,0.025692394492267,0.27869335479864,202608250029
9,10,0.262448894290456,0.0710160740523735,0.137860272594211,0.262448894290456,0.243810804178562,0.0361812761089315,0.0336118239254702,0.262448894290355,202608250029
11,12,0.0407817670608688,0.146624888690394,0.0582483447685131,0.0407817670608688,0.0348021450049713,0.00237547042803067,0.00202716734093335,0.402397899514796,202608250029
11,13,0.127243820553645,0.17162572104035,0.0509917638572178,0.127243820553645,0.105405508103197,0.00648838684996167,0.00537481277844828,0.426407707829544,202608250029
11,14,0.165579606950962,0.151290252273953,0.0782218029976937,0.165579606950962,0.140529026443929,0.0129519353953537,0.0109924338219547,0.488617917845372,202608250029
11,15,0.124615815224777,0.128108988016477,0.05885676068808,0.124615815224777,0.108651409245483,0.0073344832146347,0.00639486999238402,0.41558471616098,202608250029
12,13,0.141342906085449,0.201436475267053,0.0845629881841221,0.141342906085449,0.112871289279594,0.0119523784972133,0.00954473350167691,0.509190798107287,202608250029
12,14,0.214893051205755,0.16683104088719,0.0732903045184091,0.214893051205755,0.179042219793675,0.0157495771617599,0.0131220588103304,0.475159858720237,202608250029
12,15,0.0951512943477557,0.157846887786893,0.0747005745615735,0.0951512943477557,0.0801319586660679,0.00710785635805475,0.00598590335309953,0.401740392106404,202608250029
13,14,0.173850229884543,0.183637784952831,0.0890199979567378,0.173850229884543,0.141924758755005,0.0154761471091004,0.012634141734381,0.464637246051033,202608250029
13,15,0.129545174430281,0.177139594588473,0.0742753970053072,0.129545174430281,0.106597594750808,0.00962201926093088,0.00791757866992711,0.429317000025249,202608250029
14,15,0.0769411380386189,0.182357291157443,0.118699208339919,0.0769411380386189,0.0629103605273254,0.00913285217395653,0.00746740999097245,0.463860505725649,202608250029
1,6,0.199456576714001,0.190007577099447,-0.00737431140496757,0.199456576714001,0.161558315836024,0,0,0.97687088448423,202608250029
2,7,0.168205413038906,0.15953216374269,-0.0314114306443537,0.168205413038906,0.141371239543576,0,0,0.759436273716898,202608250029
3,8,0.247659058767832,0.142636244872205,-0.0374621155641773,0.247659058767832,0.212333900616604,0,0,0.756621753513515,202608250029
4,9,0.226729535673404,0.0737638161721932,-0.00563396490380313,0.226729535673404,0.210005099883184,0,0,0.928025406218719,202608250029
5,10,0.259030692919433,0.201540812742908,0.0156594198121233,0.259030692919433,0.206825436543092,0.0040562703646506,0.00323876633865394,0.929656112798146,202608250029
6,11,0.156809733842582,0.207770975702354,0.000712473987067169,0.156809733842582,0.124229222442482,0.000111722856281766,8.85100894238496e-05,0.839977178477887,202608250029
1,2,0.223312363657334,0.15754549729641,0.0995672639433477,0.223312363657334,0.188130506272502,0.0222346010540826,0.0187316397738299,0.223312363658053,202608250030
1,3,0.183615825157562,0.0912912786031916,0.124711112246753,0.183615825157562,0.166853301707148,0.0228989337815048,0.0208084608379414,0.183615825157611,202608250030
1,4,0.223605090276597,0.0792322255900528,0.104914728716228,0.223605090276597,0.205888361320717,0.0234594673859369,0.0216007215737918,0.223605090276465,202608250030
1,5,0.194838090619789,0.156439935889918,0.109941993281711,0.194838090619789,0.164357632214315,0.0214208880499423,0.0180698056967042,0.194838090619839,202608250030
2,3,0.248628909926,0.172975847472699,0.103223793713626,0.248628909926,0.205622113525336,0.025664419309445,0.0212250946294991,0.248628909926268,202608250030
2,4,0.239288582318256,0.193351203637517,0.12421611661034,0.239288582318256,0.193021846910306,0.0297234984447674,0.0239764242441538,0.239288582318768,202608250030
2,5,0.195048560602937,0.238865785384333,0.126346492298135,0.195048560602937,0.148458132986433,0.0246437014599813,0.0187571643559658,0.195048560603011,202608250030
3,4,0.265172756345883,0.0970898858623623,0.107108873598232,0.265172756345883,0.239427163698453,0.0284023552411461,0.0256447738125609,0.265172756345948,202608250030
3,5,0.184592371161594,0.174821322443972,0.104527869801678,0.184592371161594,0.152321688722055,0.0192950473391621,0.0159218616467107,0.184592371161457,202608250030
4,5,0.331439816321751,0.195219129315526,0.114158081979215,0.331439816321751,0.266736423958921,0.0378365337228344,0.0304501185531452,0.33143981632176,202608250030
6,7,0.260066173234407,0.202041588270232,0.0893854193837193,0.260066173234407,0.207521990538766,0.0232461239620765,0.0185494401556518,0.260066173234309,202608250030
6,8,0.25366836053561,0.291842202812391,0.119626586063964,0.25366836053561,0.17963722741309,0.0303454799633178,0.0214893882454239,0.25366836053559,202608250030
6,9,0.225874479555919,0.199247500182469,0.106139674111211,0.225874479555919,0.180869554149386,0.0239742436501047,0.0191974355340559,0.225874479555935,202608250030
6,10,0.236837741828885,0.208150352733686,0.109915735993809,0.236837741828885,0.187539882326553,0.0260321947042335,0.0206135841941153,0.236837741828866,202608250030
7,8,0.146140841836522,0.181087427499975,0.120695376065234,0.146140841836522,0.119676572735665,0.0176385238639488,0.0144444089525294,0.146140841835929,202608250030
7,9,0.204260574785087,0.0711549162560126,0.117854918786597,0.204260574785087,0.189726430691849,0.0240731134526,0.0223601930808587,0.20426057478536,202608250030
7,10,0.235948313899137,0.0595697113131619,0.115061768973333,0.235948313899137,0.221892940955338,0.0271486303835101,0.0255313943090166,0.235948313898933,202608250030
8,9,0.319341706184706,0.171629035264004,0.100335847986551,0.319341706184706,0.264533397232664,0.0320414208875145,0.0265421827321025,0.3193417061847,202608250030
8,10,0.273925383204239,0.183806488991889,0.116568216865728,0.273925383204239,0.22357612027171,0.0319309934743795,0.0260618696738309,0.27392538320424,202608250030
9,10,0.32917719300302,0.0454675836618301,0.121228157561057,0.32917719300302,0.314210301440589,0.0399055446188766,0.038091135930347,0.329177193003045,202608250030
11,12,0.131069224274718,0.124085838093264,0.077369162072875,0.131069224274718,0.114805389732355,0.0101407160556766,0.00888239680504217,0.483496545302141,202608250030
11,13,0.10191682219482,0.141902661176764,0.0935340378079292,0.10191682219482,0.0874545539066956,0.00953269190043426,0.00817997755158445,0.462773919103585,202608250030
11,14,0.168682253147646,0.138241583497889,0.104920992407595,0.168682253147646,0.145363351364524,0.0176983094018001,0.0152516670848597,0.443673011498695,202608250030
11,15,0.150066254416009,0.148634892155225,0.0976365879365025,0.150066254416009,0.127761172874747,0.0146519570455902,0.0124741649902559,0.382787613800518,202608250030
12,13,0.107888939351489,0.185415723433821,0.103042336249301,0.107888939351489,0.0878846336111247,0.0111171283662365,0.00905583796770412,0.466910753917885,202608250030
12,14,0.196441710935264,0.165875179033327,0.110342846427441,0.196441710935264,0.163856906964264,0.0216759375416737,0.0180804375212334,0.562366902506678,202608250030
12,15,0.101347046699312,0.182930201229267,0.119469888222359,0.101347046699312,0.0828076110526146,0.012107920340833,0.00989301603641648,0.564592871074512,202608250030
13,14,0.256610352806938,0.167166385063062,0.118597011591876,0.256610352806938,0.213713727758445,0.0304332209864398,0.0253458094483113,0.625762922963547,202608250030
13,15,0.268071318415687,0.176125724076391,0.106023752934872,0.268071318415687,0.220857063355612,0.0284219272326304,0.0234160947191369,0.531221572593592,202608250030
14,15,0.280977975277189,0.220928291418703,0.145724932393629,0.280977975277189,0.218901991272913,0.0409454964513671,0.031899477879076,0.633655607356682,202608250030
1,6,0.176847882687075,0.196763703512983,-0.00186895436495412,0.176847882687075,0.142050638331137,0,0,0.918637383301546,202608250030
2,7,0.184812297343232,0.166432505935139,-0.00349856284572129,0.184812297343232,0.154053523568768,0,0,0.971081825500842,202608250030
3,8,0.189799983942109,0.189533119381148,0.025919770269292,0.189799983942109,0.15382660092707,0.00491957198089478,0.0039871501573357,0.932158720385918,202608250030
4,9,0.218096049360658,0.0828503723475955,-0.0151656982721862,0.218096049360658,0.200026710463588,0,0,0.869492549880049,202608250030
5,10,0.135463972586253,0.166128177621741,0.0239910597781308,0.135463972586253,0.112959589687097,0.00324992426409987,0.00271002026869628,0.904459981714736,202608250030
6,11,0.206577010332451,0.205481127675391,-0.00674762585004822,0.206577010332451,0.164129333297528,0,0,0.904459981714736,202608250030
1,2,0.222325124913175,0.170026761532526,0.129774360235027,0.222325124913175,0.184523903916874,0.0288521008497798,0.0239464715788819,0.222325124912983,202608250031
1,3,0.344831549740683,0.0596465667920332,0.1204108075331,0.344831549740683,0.324263531677075,0.0415214453671662,0.0390448337027717,0.344831549740794,202608250031
1,4,0.193656251800627,0.056226651564844,0.12067152512621,0.193656251800627,0.182767609207279,0.023368795255007,0.0220548461467135,0.193656251800747,202608250031
1,5,0.309585649136668,0.180458384087544,0.121310404169003,0.309585649136668,0.253718323156772,0.0375559602216922,0.0307786723272296,0.309585649136716,202608250031
2,3,0.255910879143055,0.162479460643957,0.128174970918851,0.255910879143055,0.214330617526971,0.0328013694919786,0.0274718206685388,0.255910879142963,202608250031
2,4,0.341904743628898,0.179536915071513,0.114553168005247,0.341904743628898,0.280520220709449,0.0391662715387121,0.0321344799717985,0.341904743628881,202608250031
2,5,0.211147466269857,0.265441569650686,0.137647307474079,0.211147466269857,0.155100151395421,0.0290638802120198,0.0213491182284017,0.211147466271135,202608250031
3,4,0.219382829559853,0.0431519944548699,0.136155086583232,0.219382829559853,0.209916022915193,0.0298700881535962,0.0285811342752257,0.2193828295609,202608250031
3,5,0.284541243133143,0.175287963314015,0.11167277974631,0.284541243133143,0.234664588145496,0.0317755115731487,0.0262056468662305,0.284541243133068,202608250031
4,5,0.278234740621163,0.191673969129041,0.107864671062072,0.278234740621163,0.224904383536715,0.0300116987751426,0.0242592373506059,0.278234740621194,202608250031
6,7,0.190599191915025,0.188446767710368,0.0884842710461172,0.190599191915025,0.15468139027043,0.01686503055858,0.013686870062479,0.190599191914819,202608250031
6,8,0.244352287582718,0.241732500473374,0.101743442165149,0.244352287582718,0.185284398108958,0.0248612428395942,0.0188514724431033,0.244352287582787,202608250031
6,9,0.249019302651567,0.169780940246098,0.0709248223425466,0.249019302651567,0.206740571307957,0.0176616498004273,0.0146630382910134,0.249019302651559,202608250031
6,10,0.295060284134846,0.193757293810078,0.10209980382167,0.295060284134846,0.237890201970046,0.0301255971257339,0.024288542952239,0.295060284134846,202608250031
7,8,0.267385257324139,0.150777819997793,0.105534984917534,0.267385257324139,0.227069491125256,0.0282184990988739,0.023963775321136,0.267385257324171,202608250031
7,9,0.187200600334123,0.0950554034105029,0.123541526216069,0.187200600334123,0.169406171750674,0.023127047873842,0.0209286970084999,0.187200600334217,202608250031
7,10,0.238365783382892,0.0934454685099846,0.109721709546274,0.238365783382892,0.216091581077928,0.0261539012501077,0.0237099376944275,0.238365783383421,202608250031
8,9,0.223321609386573,0.137045677613473,0.120898501919178,0.223321609386573,0.192716348102459,0.0269992480210165,0.0232991177809221,0.223321609385885,202608250031
8,10,0.275455946045802,0.159819494584837,0.111950059666374,0.275455946045802,0.231432715968374,0.0308373095952852,0.0259089063614105,0.275455946045706,202608250031
9,10,0.26093092593861,0.0595421334632245,0.111263155799436,0.26093092593861,0.24539454192169,0.0290319982655987,0.0273033711501643,0.260930925938585,202608250031
11,12,0.0955316978112041,0.133303981615783,0.0926618108170898,0.0955316978112041,0.0827969421224548,0.00885214010961719,0.00767211458718444,0.451409999469836,202608250031
11,13,0.146570786550847,0.154581963663072,0.081134940697886,0.146570786550847,0.123913586550176,0.0118920120748455,0.0100537214964109,0.477676494206436,202608250031
11,14,0.159098749753014,0.148036858893899,0.0820047103759825,0.159098749753014,0.135546270585631,0.0130468468946768,0.0111154326619193,0.62462971682189,202608250031
11,15,0.139878148405541,0.181915905104773,0.0804390025139573,0.139878148405541,0.114432088433967,0.011251658731241,0.00920480304921728,0.649230892553041,202608250031
12,13,0.141560594483868,0.194495923803374,0.11934874399775,0.141560594483868,0.114027635885574,0.0168950791512245,0.013609055123976,0.577904733036926,202608250031
12,14,0.245048859413107,0.168218646253464,0.0905764131473391,0.245048859413107,0.203827072016679,0.0221956467314858,0.0184619250855952,0.467876332642995,202608250031
12,15,0.14865521063653,0.209154736369531,0.0943152489750446,0.14865521063653,0.11756326924589,0.014020453202622,0.0110880090092463,0.588094820887343,202608250031
13,14,0.232919228774649,0.176081853933907,0.103118396477755,0.232919228774649,0.191906379155153,0.0240182573800771,0.0197890780923314,0.591740258020761,202608250031
13,15,0.187967773612971,0.213661157538625,0.0964804495492776,0.187967773612971,0.147806361522865,0.0181352152989563,0.0142604242059691,0.615423583231647,202608250031
14,15,0.107794626286353,0.239571727149926,0.110042235734922,0.107794626286353,0.0819700814894505,0.0118619616767607,0.00902017103047288,0.412723534060724,202608250031
1,6,0.162422851598044,0.176907792688663,-0.0234915868649855,0.162422851598044,0.133688983439635,0,0,0.891996374000416,202608250031
2,7,0.146329444069416,0.185851729694199,0.00264029420995043,0.146329444069416,0.119133863783925,0.000386352783921744,0.000314548450757719,0.875034182374192,202608250031
3,8,0.260718986477568,0.134074055115131,0.00684231098362788,0.260718986477568,0.225763334715014,0.00178392038481579,0.001544742944821,0.856247585058542,202608250031
4,9,0.169324849982733,0.0465767399278487,-0.0104241567650231,0.169324849982733,0.161438250481765,0,0,0.922532071934875,202608250031
5,10,0.109156795686902,0.196740215855409,-0.0185080115243935,0.109156795686902,0.0876812641413759,0,0,0.87996847112887,202608250031
6,11,0.265212318675087,0.187454331526032,0.0017096766774399,0.265212318675087,0.215497120765379,0.000453427315808553,0.000368430401428017,0.930883275127074,202608250031
1,2,0.237581295628875,0.152438093007673,0.102435715399554,0.237581295628875,0.201364855988917,0.0243368099832968,0.0206269530795529,0.237581295628377,202608250032
1,3,0.186962340023268,0.087089866214662,0.102543278789056,0.186962340023268,0.170679814843461,0.0191717313560601,0.0175020678371574,0.186962340023205,202608250032
1,4,0.241120602939806,0.0811119027827258,0.0974967279532378,0.241120602939806,0.22156285203524,0.0235084698287429,0.0216016531094233,0.241120602939992,202608250032
1,5,0.199999789167849,0.147613313419547,0.104621197031654,0.199999789167849,0.170477157605572,0.0209242173488189,0.017835524295249,0.199999789167893,202608250032
2,3,0.281992254773246,0.140047135977047,0.101146259657002,0.281992254773246,0.242500047124543,0.0285224618225582,0.0245279727332942,0.281992254773292,202608250032
2,4,0.226807724512468,0.157569059645118,0.0944973486711528,0.226807724512468,0.191069844640789,0.0214327286245654,0.0180555937295636,0.226807724512485,202608250032
2,5,0.254387086243298,0.210236290682122,0.0994411096290188,0.254387086243298,0.200905688834074,0.0252965341313265,0.0199782846284427,0.254387086243196,202608250032
3,4,0.23967183811574,0.0544751419907417,0.0949062526067649,0.23967183811574,0.226615680703203,0.0227463560109401,0.0215072450374722,0.239671838115321,202608250032
3,5,0.170393502435739,0.136157688432851,0.0955953530216978,0.170393502435739,0.147193117020111,0.016288827017948,0.0140709779839016,0.170393502435754,202608250032
4,5,0.195131035260587,0.150114792000129,0.0807796453656741,0.195131035260587,0.165838980489674,0.015762615828187,0.0133964140317608,0.195131035260448,202608250032
6,7,0.260033442014588,0.193978038040908,0.0898832347098204,0.260033442014588,0.209592665107574,0.0233726469009997,0.0188388667113209,0.26003344201436,202608250032
6,8,0.26767014905781,0.283760172490509,0.103974959338825,0.26767014905781,0.191716021390606,0.0278309928645029,0.0199336655286895,0.267670149057883,202608250032
6,9,0.219011868318017,0.209493173976097,0.0862550284652277,0.219011868318017,0.173130376885641,0.0188908749359933,0.0149333655864666,0.219011868317333,202608250032
6,10,0.277573032222106,0.228294714290201,0.110704974159158,0.277573032222106,0.214204576136296,0.0307287153594275,0.0237135120659421,0.277573032221974,202608250032
7,8,0.248012572409398,0.159263031334818,0.102371830672458,0.248012572409398,0.208513338318331,0.0253895010673356,0.0213458921632731,0.248012572409404,202608250032
7,9,0.162389201302817,0.0869608006191536,0.10302827109355,0.162389201302817,0.148267706345619,0.0167306786544916,0.0152757654437952,0.162389201302292,202608250032
7,10,0.305447881757549,0.0730239616603745,0.0951061172989497,0.305447881757549,0.283142867350843,0.0290499620711491,0.0269286187546302,0.305447881757433,202608250032
8,9,0.20989273836471,0.174987373737374,0.0900575091270141,0.20989273836471,0.173164159311723,0.0189024172009738,0.0155947328576873,0.209892738366512,202608250032
8,10,0.165930688721407,0.189083184617116,0.104415526880739,0.165930688721407,0.134555985672252,0.0173257402885296,0.0140497341389254,0.165930688721527,202608250032
9,10,0.185218458694682,0.094361417134164,0.0889896425970334,0.185218458694682,0.167740982452846,0.0164825244416132,0.014927210077354,0.18521845869457,202608250032
11,12,0.151290794244848,0.190343967908454,0.0505877614455794,0.151290794244848,0.122493504160262,0.00765346260817061,0.00619667216709242,0.476271697880191,202608250032
11,13,0.133241349558462,0.167761520807274,0.0628651153631089,0.133241349558462,0.11088857812212,0.008376232811129,0.00697102325609821,0.263467688172196,202608250032
11,14,0.0412635133115059,0.151910172948825,0.0927080783501025,0.0412635133115059,0.0349951658678789,0.00382546102508358,0.00324433457915414,0.477070622082427,202608250032
11,15,0.11297097456419,0.137847831211269,0.0672185378566563,0.11297097456419,0.0973981707306931,0.00759374373044637,0.00654696262643017,0.469768207148801,202608250032
12,13,0.0878289046276751,0.205597413700973,0.088139660134295,0.0878289046276751,0.0697715089880357,0.00774120980385069,0.00614963708926238,0.582958151602714,202608250032
12,14,0.185531432469346,0.181934894509459,0.0923870666906723,0.185531432469346,0.151776790874847,0.0171407048247615,0.0140222125006507,0.698060415731879,202608250032
12,15,0.174315196737287,0.178968694388862,0.0783510401692722,0.174315196737287,0.143118233565078,0.0136577769816778,0.0112134624670127,0.681995020042749,202608250032
13,14,0.239322018536903,0.155892849484693,0.0696032640483941,0.239322018536903,0.202013427122757,0.0166575936488187,0.0140607939093463,0.641461537481477,202608250032
13,15,0.0365005567503676,0.166785690169912,0.0956058088461245,0.0365005567503676,0.0304127862011715,0.00348966525145277,0.00290763902402726,0.532992489425474,202608250032
14,15,0.180364546172227,0.173563063547309,0.0928058366582996,0.180364546172227,0.149059922983256,0.0167388826110081,0.0138336308646827,0.615612129959727,202608250032
1,6,0.070529801839985,0.215248605115729,-0.00457078020133861,0.070529801839985,0.0553483603748395,0,0,0.982231510315482,202608250032
2,7,0.173837039207983,0.140824600202345,-0.0272471644751676,0.173837039207983,0.149356507661159,0,0,0.96125885725522,202608250032
3,8,0.158308687783721,0.163099334709796,-0.0146059708000549,0.158308687783721,0.132488646127415,0,0,0.948030447777397,202608250032
4,9,0.104989904947504,0.0886709722562533,-0.0396735055135597,0.104989904947504,0.0956803479987168,0,0,0.937872859715063,202608250032
5,10,0.16247565150838,0.162257926074504,-0.0243344471823558,0.16247565150838,0.136112689257026,0,0,0.928935341663857,202608250032
6,11,0.196364046277024,0.237644693793942,-0.00458643279473795,0.196364046277024,0.149699172627381,0,0,0.922532071934875,202608250032
1,2,0.269410028149478,0.175220844980283,0.102306260634755,0.269410028149478,0.222203775370965,0.0275623325574773,0.0227328373571286,0.269410028149304,202608250033
1,3,0.250417957469492,0.106732515324684,0.0747400085155175,0.250417957469492,0.223690218986303,0.0187162402737083,0.0167186088718743,0.250417957469461,202608250033
1,4,0.155881769400278,0.0719755648767408,0.10849047818545,0.155881769400278,0.144662090993708,0.0169116877026302,0.0156944594272144,0.155881769399713,202608250033
1,5,0.160170809878812,0.162489130757606,0.102163579592099,0.160170809878812,0.134144794208862,0.016363623283385,0.0137047123600229,0.160170809878738,202608250033
2,3,0.20824585280965,0.173601550422691,0.103154567687952,0.20824585280965,0.172094049892799,0.0214815109193882,0.0177522873183605,0.208245852810249,202608250033
2,4,0.214004494619449,0.156488131202168,0.105811720697167,0.214004494619449,0.180515331187587,0.0226441838126116,0.0191006378051776,0.214004494614785,202608250033
2,5,0.291937684065755,0.243967004173282,0.0753247306975673,0.291937684065755,0.220714521878947,0.0219901274327245,0.016625261921574,0.291937684065764,202608250033
3,4,0.268404919086016,0.0582259095019315,0.100451234945396,0.268404919086016,0.252776798557441,0.0269616055876095,0.0253917415806386,0.268404919086118,202608250033
3,5,0.113401444712364,0.15908241040234,0.0978939408425626,0.113401444712364,0.0953612695444134,0.0111013143201333,0.00933529047945247,0.113401444712114,202608250033
4,5,0.323517573802691,0.138457209392587,0.0783944886462629,0.323517573802691,0.27872423334451,0.0253619947663416,0.0218504437463645,0.323517573802759,202608250033
6,7,0.165846564491199,0.229714722787613,0.0980595671063666,0.165846564491199,0.127749166903825,0.0162628423200851,0.0125270280047881,0.165846564490951,202608250033
6,8,0.256334785003985,0.308494757298165,0.120028569928829,0.256334785003985,0.177256847717104,0.0307674976670421,0.0212758859415761,0.256334785003965,202608250033
6,9,0.315051234573387,0.227761426805671,0.109289333863337,0.315051234573387,0.243294715870064,0.0344317395593476,0.0265895174299093,0.315051234573346,202608250033
6,10,0.359921865563756,0.250930194058777,0.11022768910007,0.359921865563756,0.269606601991845,0.0396733554976787,0.0297181127036834,0.359921865563814,202608250033
7,8,0.222381307713217,0.164525217298593,0.119421066887551,0.222381307713217,0.185793974738555,0.0265570130229612,0.0221877146845569,0.222381307713865,202608250033
7,9,0.209838005154094,0.0875261049401956,0.114850567181992,0.209838005154094,0.191471701894536,0.0241000139082855,0.0219906335618887,0.209838005154594,202608250033
7,10,0.159658714830744,0.0733350234004637,0.115462790104337,0.159658714830744,0.147950139242543,0.0184346406788303,0.0170827358732692,0.159658714830392,202608250033
8,9,0.396240538603033,0.160612772286689,0.125890425620665,0.396240538603033,0.332599247205629,0.0498828900528974,0.0418710607918295,0.396240538603478,202608250033
8,10,0.344204634690578,0.186890197606835,0.114352987819166,0.344204634690578,0.279876162496067,0.0393608283980721,0.0320046754007877,0.344204634690536,202608250033
9,10,0.274471469264772,0.0752738552918895,0.136151779788254,0.274471469264772,0.253810943605583,0.0373697790414959,0.0345568117016364,0.274471469264666,202608250033
11,12,0.197514201641811,0.188308681084693,0.11309232215789,0.197514201641811,0.160320562835145,0.022337339722834,0.0181310247406864,0.428048630591366,202608250033
11,13,0.206935246357593,0.12516971544857,0.0993978395378647,0.206935246357593,0.181033220454733,0.0205689164121805,0.0179943109977825,0.588143648708838,202608250033
11,14,0.214288607864689,0.147072340924478,0.0990038848148964,0.214288607864689,0.182772680672582,0.0212154046501802,0.0180952054246181,0.634232269139496,202608250033
11,15,0.202958917015272,0.112484313438235,0.101843438227076,0.202958917015272,0.180129222578641,0.0206700339276791,0.0183449793525791,0.597279785714876,202608250033
12,13,0.161840583243713,0.215196099273175,0.120772313062765,0.161840583243713,0.127013121025571,0.0195458615857703,0.0153396684155791,0.392533644070574,202608250033
12,14,0.119207027148386,0.213176663622811,0.128188059346911,0.119207027148386,0.0937948708204991,0.0152809174706661,0.012023382467174,0.517259083305863,202608250033
12,15,0.235670464077259,0.190531457191296,0.114949045832744,0.235670464077259,0.19076782713967,0.027090094976641,0.021928579705291,0.622478917627135,202608250033
13,14,0.147467469734028,0.168191628538117,0.111896076438319,0.147467469734028,0.122664675843066,0.0165010312655243,0.0137256959444174,0.634416288558074,202608250033
13,15,0.093499907151302,0.136693805699197,0.127526673170306,0.093499907151302,0.080719049010269,0.011923732100738,0.0102938317817505,0.573523242089087,202608250033
14,15,0.268567915052888,0.192560556495499,0.112576036324303,0.268567915052888,0.216852327873468,0.0302343113605362,0.0244123755396932,0.68006692808536,202608250033
1,6,0.129741069634193,0.240580065375351,0.0107125704976413,0.129741069634193,0.0985279546197312,0.00138986035489569,0.00105548765985227,0.867960906338907,202608250033
2,7,0.242073703931383,0.168836709694782,-0.00970091828002356,0.242073703931383,0.20120277625598,0,0,0.829397248972324,202608250033
3,8,0.142828808092045,0.171254682436216,-0.0203237613940102,0.142828808092045,0.118368705919499,0,0,0.928873310555171,202608250033
4,9,0.283868504170249,0.059832035826147,-0.0240880351349462,0.283868504170249,0.26688407365882,0,0,0.895267035530372,202608250033
5,10,0.0397331839851914,0.163880311145636,-0.0258786116230512,0.0397331839851914,0.0332216974308915,0,0,0.952166178001248,202608250033
6,11,0.205412369363776,0.241968273270304,0.0177713217113537,0.205412369363776,0.155709093040462,0.00365044929945508,0.00276715638580514,0.955677772707043,202608250033
1,2,0.253496496007298,0.166010846859218,0.109465014286272,0.253496496007298,0.211413328029282,0.0277489975569589,0.0231423629730337,0.253496496007277,202608250034
1,3,0.135836034999576,0.00901582205440321,0.0846551456211181,0.135836034999576,0.134611361479444,0.0114992193234844,0.0113955444082993,0.135836034999554,202608250034
1,4,0.216259653295156,0.0429295970356645,0.0982457542989903,0.216259653295156,0.206975713524122,0.0212465927624207,0.0203344850967491,0.216259653292537,202608250034
1,5,0.203061351934022,0.146331965461229,0.101189465410352,0.203061351934022,0.173346985196302,0.020547669647707,0.01754088876251,0.203061351934602,202608250034
2,3,0.186045153762845,0.164358669654512,0.123442360401111,0.186045153762845,0.155467019794715,0.0229658529216732,0.0191912158879858,0.186045153762921,202608250034
2,4,0.359386268850568,0.191761945423627,0.107011183887628,0.359386268850568,0.290469658777244,0.0384583501026565,0.0310835020691882,0.359386268850623,202608250034
2,5,0.306476227746526,0.260707024171504,0.116904950472627,0.306476227746526,0.226575722431421,0.0358285882257452,0.026487823609145,0.306476227746461,202608250034
3,4,0.193070884815645,0.0410270313750802,0.112215379067913,0.193070884815645,0.185149759566699,0.0216655225265649,0.02077665045411,0.193070884815573,202608250034
3,5,0.269914181979005,0.144437404241917,0.0835388906974875,0.269914181979005,0.230928478165877,0.0225483313460458,0.0192915088964363,0.269914181979077,202608250034
4,5,0.239629704240764,0.169091600705741,0.116148296196113,0.239629704240764,0.19911033397405,0.0278325818655432,0.0231263260461249,0.239629704240832,202608250034
6,7,0.121859675775962,0.199600615684892,0.0903003828919001,0.121859675775962,0.0975364094639187,0.0110039753816522,0.00880757512049301,0.121859675776297,202608250034
6,8,0.244050012758653,0.238385559040853,0.0724629955154477,0.244050012758653,0.185872014033254,0.0176845949800753,0.013468842919339,0.244050012758469,202608250034
6,9,0.110551568834583,0.202258832810982,0.0887609663921671,0.110551568834583,0.0881915375566777,0.00981266408592781,0.00782796610114181,0.1105515688349,202608250034
6,10,0.241246748162673,0.199654675463573,0.0908163683534448,0.241246748162673,0.193080706951612,0.021909153545212,0.0175348886044611,0.241246748162807,202608250034
7,8,0.296212603311376,0.122784492125997,0.104540497071309,0.296212603311376,0.259842289252469,0.0309662127889576,0.0271640420785999,0.296212603311321,202608250034
7,9,0.28258749257144,0.116055169325351,0.0851982274698466,0.28258749257144,0.249791753271835,0.0240759534722351,0.0212818146153456,0.282587492571406,202608250034
7,10,0.209734315963423,0.0821249356919544,0.109923081835001,0.209734315963423,0.192509898752531,0.0230546423772554,0.0211612813546223,0.209734315963792,202608250034
8,9,0.175542359976884,0.13070268095535,0.117493944181362,0.175542359976884,0.152598502906676,0.0206251642445886,0.0179293999826765,0.175542359976966,202608250034
8,10,0.282120298548635,0.132203643534968,0.101824646287151,0.282120298548635,0.244822967165333,0.0287267996101401,0.0249290120345807,0.282120298548503,202608250034
9,10,0.237852499482101,0.0862196920355729,0.107504900383209,0.237852499482101,0.217344930226863,0.0255703092627205,0.0233656450728344,0.237852499477161,202608250034
11,12,0.152388771439885,0.151323084582443,0.0633268137015008,0.152388771439885,0.129328832489873,0.0096502953391742,0.00818998288131878,0.563296498807317,202608250034
11,13,-0.0123450512084359,0.161270307300842,0.0756896659571656,0.0123450512084359,0.0103541610064068,0.000934392802190616,0.00078370298784164,0.238947272814111,202608250034
11,14,0.203566857664737,0.134728340675477,0.058772587738862,0.203566857664737,0.176140632715046,0.0119641510028252,0.0103522407906237,0.609929972621218,202608250034
11,15,0.175526710712585,0.145737504851162,0.0636579126704156,0.175526710712585,0.149945885858601,0.011173664021867,0.00954524210727495,0.581295688557595,202608250034
12,13,0.167434446445984,0.209836060784904,0.0677230509547714,0.167434446445984,0.132300661764057,0.0113391715482453,0.00895980445799723,0.59605445358977,202608250034
12,14,0.10387189051684,0.17207288818933,0.0957304621537716,0.10387189051684,0.0859983543139212,0.00994370408396304,0.00823266220293548,0.444682390639676,202608250034
12,15,0.148225520852513,0.175548548919979,0.0837390321377994,0.148225520852513,0.122204745753946,0.0124122616543106,0.0102333071320813,0.537591454844709,202608250034
13,14,0.123468964180717,0.185526503759505,0.069731899363444,0.123468964180717,0.100562198933461,0.00860972538475843,0.00701239313579474,0.525847384332369,202608250034
13,15,0.0751681233879576,0.193833676339745,0.0746901289678749,0.0751681233879576,0.0605980096881102,0.00561431683011969,0.00452607315880149,0.377900127591384,202608250034
14,15,0.12729516804271,0.19408843537415,0.116589178390974,0.12729516804271,0.102588648046611,0.0148412390552405,0.0119607261879951,0.548855561296355,202608250034
1,6,0.148334400110705,0.174990427541786,-0.0260912639687192,0.148334400110705,0.122377300016178,0,0,0.929656035826482,202608250034
2,7,0.169067890477174,0.189072076443582,-0.0107378555607756,0.169067890477174,0.137101873364719,0,0,0.787281385642162,202608250034
3,8,0.187474974044899,0.104356794759653,-0.0243831349544522,0.187474974044899,0.167910686655924,0,0,0.937041197325027,202608250034
4,9,0.194077986983637,0.0863919971778813,-0.00922228480432568,0.194077986983637,0.177311202079858,0,0,0.9086621011192,202608250034
5,10,0.225746390736332,0.170893342096291,-0.0231827947323674,0.225746390736332,0.187167835557225,0,0,0.990623098891296,202608250034
6,11,0.1771977655934,0.202103424475553,0.00473377855788231,0.1771977655934,0.141385490357557,0.000838814983270691,0.00066928760265028,0.932360051335142,202608250034
1,2,0.231027674067514,0.157086963586372,0.128244714506032,0.231027674067514,0.194736238243826,0.0296280781037808,0.024973893277558,0.231027674067573,202608250035
1,3,0.307434278203269,0.0878292615191334,0.122553758871991,0.307434278203269,0.280432552583008,0.037677226399908,0.0343680634291149,0.307434278203259,202608250035
1,4,0.254053534122461,0.0663193590493114,0.128300048804542,0.254053534122461,0.237204866575247,0.0325950808268781,0.0304333959582791,0.254053534122501,202608250035
1,5,0.311218835383423,0.195356394326622,0.132614360853226,0.311218835383423,0.250420245856387,0.0412720869398579,0.0332093208489523,0.311218835383454,202608250035
2,3,0.246398124674733,0.154246413037662,0.123028172069855,0.246398124674733,0.208392097764448,0.0303139108801727,0.0256380988617627,0.246398124674626,202608250035
2,4,0.21160158126365,0.16031432015478,0.127620399633219,0.21160158126365,0.177678817619691,0.027004678363888,0.0226754417109828,0.211601581263186,202608250035
2,5,0.328925046548461,0.27570410757955,0.123487273616145,0.328925046548461,0.238239060129255,0.0406180572223329,0.0294194920042345,0.328925046548477,202608250035
3,4,0.262285490955319,0.0594314306597326,0.11993364333119,0.262285490955319,0.246697488986554,0.0314568545231813,0.0295873286548136,0.26228549095538,202608250035
3,5,0.232025172928462,0.196400071647962,0.12777076691695,0.232025172928462,0.186455412341181,0.0296460342891077,0.023823551030649,0.232025172928503,202608250035
4,5,0.26258184051782,0.203055535120201,0.109710233544073,0.26258184051782,0.209263144378627,0.0288079150476425,0.0229583084419462,0.262581840517587,202608250035
6,7,0.151316912465622,0.209225557393839,0.0641508929202553,0.151316912465622,0.119657547111888,0.00970711504860578,0.00767613849187512,0.151316912465248,202608250035
6,8,0.155504878682508,0.272647908504492,0.0714889865726452,0.155504878682508,0.113106798747478,0.0111168861841147,0.00808589041693333,0.155504878681519,202608250035
6,9,0.18135783421032,0.211512894314463,0.0755850364719727,0.18135783421032,0.142998313789893,0.013707938513265,0.0108085327632396,0.181357834210402,202608250035
6,10,0.252454719986727,0.260609595689809,0.0828608825901713,0.252454719986727,0.186662597481002,0.0209186209121548,0.0154670275738497,0.25245471998659,202608250035
7,8,0.224516371210801,0.147146951604385,0.0766652274329037,0.224516371210801,0.191479471601853,0.0172125986612863,0.0146798172390883,0.224516371210928,202608250035
7,9,0.193028268074291,0.0729745135373807,0.0895161573225185,0.193028268074291,0.178942124112607,0.0172791488126315,0.0160182113336897,0.193028268073931,202608250035
7,10,0.222029808876279,0.117232602479146,0.104165388504409,0.222029808876279,0.196000676553765,0.0231278213011572,0.0204164866203499,0.222029808877088,202608250035
8,9,0.18277919643542,0.151511921150976,0.0862071529715347,0.18277919643542,0.155085969237058,0.0157568741471225,0.0133695198737578,0.182779196435451,202608250035
8,10,0.233795388257106,0.199386493811416,0.0918320018535226,0.233795388257106,0.187179745523243,0.0214698985277716,0.0171890907378323,0.23379538825715,202608250035
9,10,0.244324396365496,0.119333577100292,0.083748211404291,0.244324396365496,0.215168292174331,0.0204617311980433,0.0180199596205162,0.244324396365313,202608250035
11,12,0.182442469625305,0.186869673380683,0.085608215485522,0.182442469625305,0.148349504915659,0.0156185742533939,0.0126999363839902,0.51476905367486,202608250035
11,13,0.0766570042422156,0.153903277230944,0.0851891834132937,0.0766570042422156,0.0648592400666323,0.00653034759430374,0.00552530569808318,0.389746259397439,202608250035
11,14,0.144805529081611,0.105489493022439,0.0638150279621973,0.144805529081611,0.129530067231946,0.00924076888742381,0.00826596486235194,0.477502979403156,202608250035
11,15,0.0837419368102613,0.117443023706365,0.106391066032206,0.0837419368102613,0.0739070305402369,0.00890939392884535,0.00786304776645062,0.353161203061704,202608250035
12,13,0.232498211558634,0.240286331830125,0.115266190950574,0.232498211558634,0.176632069146146,0.0267991832491845,0.0203597058101946,0.543946909258822,202608250035
12,14,0.219169677542866,0.188728259065531,0.108952436643382,0.219169677542866,0.177806165860247,0.0238790704066395,0.0193724150206912,0.690640071951436,202608250035
12,15,0.25546740570438,0.189686710836424,0.123974938676845,0.25546740570438,0.207008633790402,0.0316715559561334,0.0256638826797427,0.690716907589804,202608250035
13,14,0.0359518900067966,0.169664612608625,0.120054583932971,0.0359518900067966,0.0298521265162455,0.00431618919636991,0.00358388462842227,0.410231906901627,202608250035
13,15,0.295339694068192,0.156736778251861,0.091115589860798,0.295339694068192,0.249049101930053,0.0269100504343309,0.0226922558266588,0.668291315721005,202608250035
14,15,0.185669062139272,0.14969356668072,0.121389416062624,0.185669062139272,0.15787559800538,0.0225382590339813,0.0191644266524107,0.600921991320985,202608250035
1,6,0.203217505050544,0.213165304375151,0.0210167038713411,0.203217505050544,0.159898583732086,0.00427096212512006,0.0033605411837441,0.973184898337314,202608250035
2,7,0.188141388147308,0.153211095315136,0.0019071141874672,0.188141388147308,0.159316039995148,0.000358807110585503,0.000303833880165839,0.966615344055532,202608250035
3,8,0.19387747935378,0.151124523825099,-0.00952551946955288,0.19387747935378,0.16457783760603,0,0,0.975642314725099,202608250035
4,9,0.272533225971022,0.0591546532906777,-0.0219048907517723,0.272533225971022,0.256411617478516,0,0,0.979191683203003,202608250035
5,10,0.188451190439796,0.243472808181923,0.00477728382932014,0.188451190439796,0.142568449898193,0.00090028482470417,0.000681089950269875,0.79303600528567,202608250035
6,11,0.114277528663302,0.220018260327074,-0.00386308709353594,0.114277528663302,0.0891343856123247,0,0,0.886058584056642,202608250035
1,2,0.244530715795169,0.124320738972266,0.101327426287184,0.244530715795169,0.214130476506097,0.0247776680796873,0.0216972900740111,0.244530715795255,202608250036
1,3,0.217998237214581,0.0785395140550924,0.109147217002362,0.217998237214581,0.200876761598881,0.0237939009033921,0.0219251394889647,0.217998237214218,202608250036
1,4,0.169714175164691,0.0661880874909617,0.111787518393563,0.169714175164691,0.158481118490434,0.0189719264778713,0.0177162109482819,0.169714175164711,202608250036
1,5,0.254288696682851,0.168912259640314,0.103348117902074,0.254288696682851,0.21133621832516,0.0262802582059439,0.021841200408447,0.254288696682979,202608250036
2,3,0.339949236074234,0.116897772860358,0.106735905640518,0.339949236074234,0.300209927491576,0.0362847895841856,0.0320431784930876,0.339949236074327,202608250036
2,4,0.225078560023704,0.127829676142587,0.104617263476002,0.225078560023704,0.196306840589234,0.0235471030167989,0.0205370844640654,0.225078560023682,202608250036
2,5,0.136881838483499,0.213930679710569,0.105085247490749,0.136881838483499,0.107598613736691,0.0143842618740271,0.0113070269541817,0.13688183848378,202608250036
3,4,0.249048541109458,0.0509051036682617,0.130283858672582,0.249048541109458,0.236370699305852,0.0324470049325174,0.030795286782703,0.249048541109441,202608250036
3,5,0.194351099817366,0.166356103286733,0.118276356641398,0.194351099817366,0.162019608182258,0.0229871399956467,0.0191630889602643,0.194351099817225,202608250036
4,5,0.327081006462174,0.174764216366158,0.0962520032591996,0.327081006462174,0.269918950679558,0.0314822021000195,0.0259802397205286,0.327081006462278,202608250036
6,7,0.354257736447632,0.216840173278614,0.0966811024518509,0.354257736447632,0.277440427491038,0.0342500285118543,0.0268232463945464,0.354257736447499,202608250036
6,8,0.229446313024507,0.302399416249099,0.0980310395468629,0.229446313024507,0.160061881905388,0.0224928605859874,0.0156910326750124,0.229446313024519,202608250036
6,9,0.24557067030874,0.213117404991217,0.0853997328058967,0.24557067030874,0.193235286310588,0.0209716696293314,0.0165022418195951,0.245570670308792,202608250036
6,10,0.274069066503621,0.222763428392092,0.0991339598682652,0.274069066503621,0.213016501633054,0.0271695518399029,0.0211171693241695,0.2740690665036,202608250036
7,8,0.312836927476726,0.184293175333804,0.135694617178167,0.312836927476726,0.25518321675037,0.0424502871131483,0.0346269889072346,0.31283692747676,202608250036
7,9,0.201808487929786,0.102950509116742,0.136142953636963,0.201808487929786,0.181032201353335,0.0274748036157705,0.0246462585956444,0.201808487930184,202608250036
7,10,0.328573607828,0.0847111141403853,0.123722082235894,0.328573607828,0.300739771431765,0.0406518109282402,0.0372081507326847,0.328573607828038,202608250036
8,9,0.228990216348239,0.178712550393453,0.119630065865684,0.228990216348239,0.188066790769497,0.0273941146643372,0.0224984425669028,0.228990216348216,202608250036
8,10,0.231728830258252,0.186813023236033,0.116407511732212,0.231728830258252,0.188438866906758,0.0269749765269792,0.0219356996102532,0.231728830258173,202608250036
9,10,0.256728134368349,0.056782892194589,0.117610870829541,0.256728134368349,0.242150368391193,0.0301940194495049,0.0284795156981823,0.256728134368347,202608250036
11,12,0.141134195878262,0.150540430389366,0.127990143784985,0.141134195878262,0.119887793288092,0.018063786023437,0.0153444559010074,0.432188737990951,202608250036
11,13,0.162177391968154,0.160981177335422,0.129039630508912,0.162177391968154,0.136069884471932,0.0209273107364696,0.0175584076156485,0.534178386193111,202608250036
11,14,0.153017333640768,0.130568877644557,0.0970793229410106,0.153017333640768,0.133038032127131,0.0148548191480845,0.0129152420843063,0.468524953514409,202608250036
11,15,0.22500119463984,0.118745643665219,0.0917123272684018,0.22500119463984,0.198283282956889,0.0206353831985903,0.0181850213383953,0.439062366392671,202608250036
12,13,0.341939942058185,0.230754158122579,0.141231033577238,0.341939942058185,0.263035878600065,0.0482925314382184,0.0371488290025841,0.637705797073689,202608250036
12,14,0.198642628468698,0.172723004694836,0.147532819474854,0.198642628468698,0.164332476819105,0.029306307045883,0.0242444336364086,0.510790865840175,202608250036
12,15,0.279737391212124,0.162655523424956,0.133632454720621,0.279737391212124,0.234236559422984,0.0373819942648189,0.0313016064210061,0.594833303192002,202608250036
13,14,0.267488869179371,0.176856930601127,0.128145822543066,0.267488869179371,0.220181608806341,0.0342775811621049,0.028215353369344,0.620666909842841,202608250036
13,15,0.127473561398237,0.184369773387062,0.158952371733677,0.127473561398237,0.103971289770402,0.0202622249175883,0.0165264831012149,0.557046436574081,202608250036
14,15,0.218260401334897,0.18390558331622,0.134452673611938,0.218260401334897,0.17812109491257,0.0293456945030914,0.0239488574376808,0.616362845160526,202608250036
1,6,0.0829757636927167,0.222066153456111,-0.0289046719857153,0.0829757636927167,0.0645496550193918,0,0,0.793761969971943,202608250036
2,7,0.256860203332353,0.130839237837997,-0.00781140655042065,0.256860203332353,0.223252810097435,0,0,0.951198703077433,202608250036
3,8,0.251351583128633,0.176322263371091,0.0143209416744857,0.251351583128633,0.207032703089486,0.0035995913617748,0.00296490326565564,0.864823468418381,202608250036
4,9,0.276050933054561,0.0552138038339309,-0.00754821676239779,0.276050933054561,0.260809110988713,0,0,0.948030447777397,202608250036
5,10,0.0245336642764829,0.17057461203342,-0.00385419438432682,0.0245336642764829,0.0203488440107637,0,0,0.923088399630539,202608250036
6,11,0.0580736202568618,0.217136994955345,-0.00374417421588514,0.0580736202568618,0.045463688868109,0,0,0.957427527495584,202608250036
1,2,0.340228457777786,0.169609005811953,0.142131902600366,0.340228457777786,0.282522647305161,0.0483573180227451,0.0401554813891749,0.340228457777815,202608250037
1,3,0.235685877014645,0.117203855584679,0.136266098441432,0.235685877014645,0.208062583521672,0.0321159949185328,0.0283518764881428,0.235685877014622,202608250037
1,4,0.284584087599189,0.0783380208690614,0.122005752080436,0.284584087599189,0.262290333405841,0.0347208956376636,0.0320009293906078,0.284584087599035,202608250037
1,5,0.223395738546018,0.201941993035514,0.136707803346552,0.223395738546018,0.178282757868395,0.0305399406936068,0.0243726442027535,0.223395738545865,202608250037
2,3,0.435187891195677,0.167077908585847,0.154559098513482,0.435187891195677,0.362477608492819,0.0672622481471871,0.0560242123999729,0.4351878911959,202608250037
2,4,0.338124250078532,0.188244750656168,0.141798542237196,0.338124250078532,0.274474134931695,0.0479455257561809,0.0389200322151297,0.338124250078441,202608250037
2,5,0.331410015294436,0.286263104983484,0.14150550138943,0.331410015294436,0.236539555293627,0.0468963403797177,0.0334716483702574,0.331410015294321,202608250037
3,4,0.2698316407586,0.0922490407856262,0.144154057053551,0.2698316407586,0.244939930725008,0.0388973257367687,0.0353090847484257,0.269831640758638,202608250037
3,5,0.289880330107705,0.202790385917591,0.125890632589995,0.289880330107705,0.231095386095244,0.0364932181326556,0.0290927443441595,0.289880330107677,202608250037
4,5,0.239011263603521,0.212236632922039,0.148679372976032,0.239011263603521,0.188284317785868,0.0355360448067807,0.0279939943096229,0.239011263603673,202608250037
6,7,0.178648760475852,0.203916559245952,0.0910112257402106,0.178648760475852,0.142219319926062,0.0162590426678765,0.01294355463041,0.178648760475879,202608250037
6,8,0.320410307653959,0.280089106793128,0.0594849486119648,0.320410307653959,0.23066687077585,0.0190595906855396,0.0137212069545842,0.320410307653854,202608250037
6,9,0.224783867938459,0.200498607804745,0.110262052938133,0.224783867938459,0.179715015359832,0.0247851307462688,0.0198157465373833,0.224783867938185,202608250037
6,10,0.170573333916789,0.223309771257643,0.069579733269256,0.170573333916789,0.132482641737177,0.0118684470767779,0.0092181068748792,0.170573333916687,202608250037
7,8,0.220369862476923,0.155768604712173,0.107480817510391,0.220369862476923,0.186043156478279,0.0236855329736721,0.019996070550499,0.220369862477349,202608250037
7,9,0.27379859750562,0.0797450561740631,0.10817205542676,0.27379859750562,0.251964512967154,0.0296173570651472,0.0272555192622597,0.273798597505666,202608250037
7,10,0.148291044546224,0.0833806582858256,0.0929654242231635,0.148291044546224,0.135926439634067,0.0137859398647358,0.0126364591237253,0.148291044546414,202608250037
8,9,0.330577218301149,0.150193169642429,0.119095752092352,0.330577218301149,0.280926778072922,0.0393703424381731,0.033457185917476,0.330577218301244,202608250037
8,10,0.159520935027442,0.17616574082896,0.0902741224425918,0.159520935027442,0.131418811330604,0.014400612420824,0.0118637178653188,0.159520935027363,202608250037
9,10,0.276989605754542,0.0771010938318628,0.10681176260218,0.276989605754542,0.25563340417081,0.0295857480131254,0.0273046544794796,0.276989605754495,202608250037
11,12,0.146570786550847,0.154581963663072,0.0913023722201183,0.146570786550847,0.123913586550176,0.0133822605102609,0.011313604402334,0.479330882393579,202608250037
11,13,0.0915272420325428,0.153210401423769,0.0895261741795968,0.0915272420325428,0.0775043165395265,0.00819408381238354,0.00693866494218825,0.427333466879172,202608250037
11,14,0.12089171410057,0.150816993464052,0.0838223880614014,0.12089171410057,0.102659189245207,0.010133432172746,0.00860513839898055,0.462549037967737,202608250037
11,15,0.192270570290069,0.147045303242797,0.0622148206345238,0.192270570290069,0.1639980859771,0.0119620790438942,0.0102031115034705,0.606427066602453,202608250037
12,13,0.238792688390491,0.213446835326522,0.0969745814225696,0.238792688390491,0.187823144754428,0.023156821003438,0.0182140708440314,0.487982320222801,202608250037
12,14,0.193510696808535,0.181446510600554,0.104945846576413,0.193510696808535,0.158398856108744,0.0203081438981633,0.0166233020510677,0.415182144633736,202608250037
12,15,0.0913433537071787,0.188939393939394,0.111127481429023,0.0913433537071787,0.0740849958173526,0.0101507568427592,0.00823287899686213,0.478135009856007,202608250037
13,14,0.21714669427222,0.179242754036284,0.0993916615608552,0.21714669427222,0.178224722760992,0.021582570746163,0.0177140513264378,0.465150540827721,202608250037
13,15,0.114936549045786,0.186874728802537,0.105780693298762,0.114936549045786,0.0934578126133553,0.0121580678434304,0.00988603221242652,0.526905150205636,202608250037
14,15,0.18465984530458,0.213820226771316,0.104090846421221,0.18465984530458,0.145175835305998,0.0192213995977655,0.0151114755769092,0.589891186431633,202608250037
1,6,0.209369517746661,0.207587692996228,-0.0246045494063337,0.209369517746661,0.165906982573899,0,0,0.912168166815149,202608250037
2,7,0.177974095133117,0.17230152573054,-0.00505622632125531,0.177974095133117,0.147308887001168,0,0,0.938271155293124,202608250037
3,8,0.214497198945975,0.165463102790764,-0.0210953159443834,0.214497198945975,0.179005826868446,0,0,0.938271155293124,202608250037
4,9,0.240825982817065,0.0650084641192727,-0.00297589087891849,0.240825982817065,0.225170255554113,0,0,0.867984834657986,202608250037
5,10,0.107783605939261,0.21592784287274,0.00363345324162151,0.107783605939261,0.0845101244117513,0.000391626692393665,0.000307063585493715,0.958665604033702,202608250037
6,11,0.168628442734602,0.210182049940465,-0.00279656995540158,0.168628442734602,0.133185770962375,0,0,0.847361861074512,202608250037
1,2,0.197458660459483,0.152448004373886,0.118671632723621,0.197458660459483,0.167356481726094,0.0234327416321459,0.0198604669333164,0.197458660459513,202608250038
1,3,0.249225800451864,0.0561884451554935,0.109701333741471,0.249225800451864,0.23522219023184,0.0273404027123551,0.0258041879940228,0.249225800451796,202608250038
1,4,0.286310417641777,0.0641232429937191,0.116549113767419,0.286310417641777,0.2679512651597,0.0333692254385287,0.0312294824872218,0.286310417641787,202608250038
1,5,0.186359264710465,0.15265026266104,0.113568074442944,0.186359264710465,0.157911474003094,0.0211644628477704,0.0179337020349784,0.186359264710721,202608250038
2,3,0.306547155877422,0.154627527935486,0.100056733315726,0.306547155877422,0.259146526968442,0.0306721070243215,0.025929354938578,0.306547155877384,202608250038
2,4,0.235701350218502,0.179671728099968,0.131554459488361,0.235701350218502,0.193352481309248,0.0310075637286719,0.0254363811693715,0.235701350218563,202608250038
2,5,0.341863190930932,0.243398958853096,0.0944632454413256,0.341863190930932,0.258654046188146,0.0322935065122634,0.0244333006494628,0.34186319093092,202608250038
3,4,0.204736836835839,0.0710806628885141,0.111333551729276,0.204736836835839,0.19018400675585,0.0227940792147512,0.0211738609542334,0.204736836835112,202608250038
3,5,0.083819289350389,0.161126010333163,0.112182510306037,0.083819289350389,0.0703138216683998,0.00940305829139471,0.00788798102397211,0.0838192893495303,202608250038
4,5,0.311164001268551,0.182034551457029,0.105857998141169,0.311164001268551,0.254521401868056,0.0329391982678851,0.0269431260858365,0.311164001268508,202608250038
6,7,0.207685794565862,0.216780137575137,0.113484188385105,0.207685794565862,0.162663639447473,0.0235690538354226,0.0184597511024639,0.207685794566806,202608250038
6,8,0.229446313024507,0.302399416249099,0.100608648999369,0.229446313024507,0.160061881905388,0.0230842835712821,0.0161036096947977,0.229446313024519,202608250038
6,9,0.216289663818036,0.217042928759345,0.103871129727465,0.216289663818036,0.169345521722595,0.022466251729153,0.0175901106556129,0.216289663819653,202608250038
6,10,0.263178259566051,0.233493157310116,0.0732896979646715,0.263178259566051,0.201727936804592,0.0192882551544638,0.0147845795594449,0.263178259565849,202608250038
7,8,0.271352095524095,0.179357591297176,0.116490790244261,0.271352095524095,0.222683037277452,0.0316100200420379,0.0259405229864425,0.271352095523986,202608250038
7,9,0.322074858437769,0.088830657622621,0.109354388546032,0.322074858437769,0.293464736959029,0.035220299210512,0.0320916568699767,0.322074858437639,202608250038
7,10,0.265588965360394,0.0695964644495632,0.110946403496011,0.265588965360394,0.247104912374493,0.0294661405149624,0.027415401314147,0.265588965360397,202608250038
8,9,0.244891316075748,0.180947585157334,0.113431483441934,0.244891316075748,0.20057882380584,0.0277783852645197,0.0227519535313348,0.244891316075847,202608250038
8,10,0.3025562118845,0.199562102273346,0.0937966979359312,0.3025562118845,0.24217745818497,0.0283787736147701,0.0227154458922672,0.302556211884585,202608250038
9,10,0.14583375342574,0.0748087236671837,0.128935193501898,0.14583375342574,0.134924116464366,0.0188031032170559,0.0173964670644057,0.145833753424978,202608250038
11,12,0.0990181407242318,0.193373003728026,0.088125017397446,0.0990181407242318,0.0798707054288227,0.00872597537398569,0.00703860730546129,0.469121939829887,202608250038
11,13,0.0800728324062377,0.182580478072347,0.091070852823001,0.0800728324062377,0.0654530963848999,0.0072923011351893,0.00596086930767891,0.443423846607751,202608250038
11,14,0.0792567266637927,0.143967898487428,0.0767140069219818,0.0792567266637927,0.067846302285014,0.00608010107789982,0.00520476170312343,0.345382239368142,202608250038
11,15,0.137662107909792,0.156244626235264,0.0736251637941678,0.137662107909792,0.116153143312668,0.0101353952431089,0.00855179420160264,0.385830647918365,202608250038
12,13,0.265766944640835,0.250263615791275,0.103175269354067,0.265766944640835,0.19925514811722,0.0274205760987256,0.0205582035771787,0.549991611498837,202608250038
12,14,0.131195154606411,0.20186336595663,0.100898788297949,0.131195154606411,0.10471165910036,0.013237432130349,0.0105652795238943,0.527750013604039,202608250038
12,15,0.204323070440069,0.201533385738588,0.111388115946133,0.204323070440069,0.163145150269778,0.0227591618606483,0.0181724309142993,0.607726220575473,202608250038
13,14,0.145316681173456,0.190760715701263,0.103237914396479,0.145316681173456,0.117595967069475,0.0150021910913656,0.0121403623816896,0.457193621234411,202608250038
13,15,0.21669371485437,0.190380039842823,0.111495815907044,0.21669371485437,0.175439556786706,0.0241604425396163,0.0195607765263039,0.531182120876018,202608250038
14,15,0.234734151963057,0.200826712235109,0.115603724726547,0.234734151963057,0.18759326397502,0.0271361422874566,0.0216864800491226,0.476775894824977,202608250038
1,6,0.286399725567195,0.205727470594974,0.0385210657660563,0.286399725567195,0.227479434447162,0.0110324226639544,0.0087627502547644,0.972987704429803,202608250038
2,7,0.213739801175579,0.161602317060913,-0.0045529793453526,0.213739801175579,0.179198954057467,0,0,0.923088399630629,202608250038
3,8,0.102686070274695,0.180603917319609,0.000655205048339252,0.102686070274695,0.0841405637289282,6.72804316380991e-05,5.51293221253043e-05,0.956517772458067,202608250038
4,9,0.22088623031622,0.0752563409306699,0.0144981810701856,0.22088623031622,0.204263140860652,0.00320244856303527,0.00296144400216256,0.951415319258123,202608250038
5,10,0.172737207531455,0.17561759751297,0.0021701823921054,0.172737207531455,0.142401514143682,0.000374871246246221,0.000309037258603767,0.932360051335142,202608250038
6,11,0.214060451847043,0.241421020985574,0.021360120434917,0.214060451847043,0.162381759009496,0.00457235703180558,0.00346849392887651,0.977135538170729,202608250038
1,2,0.26642225401517,0.147728984640555,0.117375716522097,0.26642225401517,0.227063964943861,0.0312715029624628,0.0266517955816341,0.266422254014981,202608250039
1,3,0.273621045042053,0.0598270600203459,0.133297533079123,0.273621045042053,0.257251102357493,0.0364730103026373,0.0342909373261387,0.27362104504211,202608250039
1,4,0.301858689695742,0.0328575509333278,0.126365360921282,0.301858689695742,0.291940352424396,0.0381444822706276,0.0368911480015951,0.301858689695656,202608250039
1,5,0.250753827307252,0.149753792842375,0.134944157376647,0.250753827307252,0.213202490598249,0.0338377639349464,0.0287704304443833,0.250753827307262,202608250039
2,3,0.276397353331188,0.150571942015115,0.108451661682862,0.276397353331188,0.234779667072273,0.0299757522535123,0.025462245023337,0.27639735333125,202608250039
2,4,0.184819739479623,0.144466281581384,0.126263478232156,0.184819739479623,0.158119518954162,0.0233359831526581,0.0199647204395478,0.184819739479747,202608250039
2,5,0.276078334712565,0.231655537401435,0.112944991504774,0.276078334712565,0.212123259719832,0.0311816651687629,0.0239582597670215,0.276078334712692,202608250039
3,4,0.232094653202658,0.0433973301966006,0.141067827496112,0.232094653202658,0.222022364900757,0.0327410885007625,0.0313202126720988,0.232094653202695,202608250039
3,5,0.293716701484615,0.151699345640594,0.118655048658369,0.293716701484615,0.249160070065685,0.0348509695064328,0.0295641002373666,0.293716701484391,202608250039
4,5,0.351960191993422,0.147068618608201,0.124339190218696,0.351960191993422,0.300197892751872,0.0437624452616789,0.0373263628901268,0.351960191993385,202608250039
6,7,0.128462651503217,0.228441378412881,0.090806072008097,0.128462651503217,0.0991164663192485,0.0116651887827522,0.00900037697777381,0.12846265150342,202608250039
6,8,0.217333615797258,0.293301329394387,0.100297255878062,0.217333615797258,0.153589377361833,0.021797965274522,0.015404593081412,0.217333615797654,202608250039
6,9,0.175683947965296,0.2201821799632,0.0863734491907282,0.175683947965296,0.137001473317756,0.015174428553207,0.0118332897946661,0.175683947965341,202608250039
6,10,0.324804875116457,0.231646977697933,0.0685628151990081,0.324804875116457,0.249564807454175,0.0222695366283466,0.0171108657736567,0.324804875116531,202608250039
7,8,0.256072290656107,0.15826190377965,0.0891326623046401,0.256072290656107,0.215545802431655,0.0228244050086264,0.0192121712193234,0.256072290655916,202608250039
7,9,0.227755298917589,0.0820917766752283,0.0741692662157208,0.227755298917589,0.209058461782247,0.0168924433974597,0.0155057127065765,0.227755298917577,202608250039
7,10,0.167374937853427,0.0715150279417867,0.0993771879403932,0.167374937853427,0.155405114496084,0.0166332506555716,0.0154437232701757,0.16737493785339,202608250039
8,9,0.183327689499963,0.155015962375513,0.107663876977522,0.183327689499963,0.154908971282047,0.0197377698088973,0.0166781004268247,0.183327689500037,202608250039
8,10,0.289652613853388,0.165749234011345,0.0993509497171166,0.289652613853388,0.241642914977805,0.0287772622743794,0.0240074530954574,0.289652613853323,202608250039
9,10,0.19374153279693,0.0541191548858162,0.112203654532048,0.19374153279693,0.183256404775677,0.0217385080144562,0.0205620383322353,0.193741532797056,202608250039
11,12,0.221605718957547,0.186252877022827,0.10332691358076,0.221605718957547,0.180331016236992,0.0228978349717287,0.0186330473306503,0.658956844679186,202608250039
11,13,0.138584773366095,0.178992145320437,0.0966013225466148,0.138584773366095,0.113779187472551,0.0133874723919877,0.0109912199881277,0.425508467415097,202608250039
11,14,0.169475358554993,0.138000325580449,0.11729218174863,0.169475358554993,0.146087703896541,0.0198781345575465,0.0171349455166731,0.569975770900554,202608250039
11,15,0.200762485651654,0.133615786970994,0.0913685914283649,0.200762485651654,0.173937448137055,0.0183433855256489,0.015892419632927,0.575383668529177,202608250039
12,13,0.112126223395542,0.242944908575515,0.129282390059763,0.112126223395542,0.0848857283037946,0.0144959461489507,0.0109742298370783,0.436897627488913,202608250039
12,14,0.267356408006196,0.194635689904537,0.111135990440879,0.267356408006196,0.215319309083511,0.0297129192044843,0.0239297246760417,0.659844791351178,202608250039
12,15,0.214850598519984,0.19805602707031,0.114605565301264,0.214850598519984,0.172298142563438,0.0246230742986978,0.0197463260288406,0.636064265730365,202608250039
13,14,0.159895232721529,0.198918458600804,0.0968854374806244,0.159895232721529,0.128089119490946,0.0154915195732916,0.0124099703783883,0.38945917634498,202608250039
13,15,0.0843654037174002,0.203603093912347,0.102799318839988,0.0843654037174002,0.0671883465013733,0.00867270603580935,0.00690691625432628,0.45459558704585,202608250039
14,15,0.176646513079256,0.19077894942007,0.137289844145469,0.176646513079256,0.142946076895277,0.0242517722494917,0.0196250446181588,0.556924784489202,202608250039
1,6,0.160204653577564,0.216708118534359,-0.0100993087482027,0.160204653577564,0.125487004520321,0,0,0.947572095418806,202608250039
2,7,0.13755792281188,0.161468452589759,-0.028427835684854,0.13755792281188,0.115346657873984,0,0,0.857386596520746,202608250039
3,8,0.138687447429458,0.15628510399888,0.00163838400759028,0.138687447429458,0.117012665284606,0.000227223295921942,0.000191711679487813,0.951466454300084,202608250039
4,9,0.201243880981427,0.0436264794713559,-0.00136848189345233,0.201243880981427,0.192464318939055,0,0,0.922554007843034,202608250039
5,10,0.170183591325422,0.163156440171924,-0.00654830852036665,0.170183591325422,0.142417042389093,0,0,0.793463661250098,202608250039
6,11,0.0942279387097007,0.231122458050257,-0.00625282313163837,0.0942279387097007,0.0724497458981057,0,0,0.910053267355901,202608250039
1,2,0.236849825018213,0.172845214969945,0.127485745241515,0.236849825018213,0.195911466097347,0.0301949764527695,0.0249759192567781,0.236849825018164,202608250040
1,3,0.256112550807435,0.0733786094296278,0.134915965641686,0.256112550807435,0.23731936797171,0.0345536721051404,0.0320181716953779,0.256112550807426,202608250040
1,4,0.285230791345867,0.0516399159979,0.116498037558173,0.285230791345867,0.270501497240752,0.0332288274429582,0.0315128935850951,0.285230791345763,202608250040
1,5,0.269683464077026,0.137033785852812,0.131999778012367,0.269683464077026,0.23272771801265,0.0355981573917736,0.0307200071149946,0.269683464077042,202608250040
2,3,0.207468092133547,0.180160176493446,0.114666315131135,0.207468092133547,0.170090604038009,0.0237896016322407,0.0195036628034674,0.20746809213318,202608250040
2,4,0.314406166495981,0.190258162490509,0.0976377750315384,0.314406166495981,0.254587826982771,0.030697918552863,0.024857388976712,0.314406166495989,202608250040
2,5,0.327270030123521,0.24914860891798,0.109470717071904,0.327270030123521,0.2457311573777,0.0358264848737655,0.0269003660050458,0.327270030123535,202608250040
3,4,0.214168093234425,0.0663921468718645,0.128702875094383,0.214168093234425,0.199949013733138,0.0275640493527524,0.0257340129397412,0.214168093240132,202608250040
3,5,0.193616255288487,0.145702524490184,0.124604555119915,0.193616255288487,0.165405878110618,0.0241254673542057,0.0206103258561924,0.193616255288471,202608250040
4,5,0.276467696943816,0.154326663490551,0.107300711308093,0.276467696943816,0.23380135971156,0.0296651805357817,0.0250870522018497,0.276467696943797,202608250040
6,7,0.0939601118805398,0.202497649298736,0.102660567243809,0.0939601118805398,0.0749334100968843,0.00964599838394801,0.00769270638605914,0.0939601118801403,202608250040
6,8,0.250789041321134,0.271563478630592,0.0768985211929232,0.250789041321134,0.182683896857536,0.0192853064089862,0.014048121514105,0.250789041321068,202608250040
6,9,0.162730618098338,0.211673195634974,0.0743673843437444,0.162730618098338,0.128284908137809,0.0121018504206142,0.00954021306898635,0.162730618099143,202608250040
6,10,0.198259569994689,0.219172450728863,0.0844755366365268,0.198259569994689,0.154806534158502,0.0167480835686284,0.0130773650478803,0.198259569994546,202608250040
7,8,0.224516371210801,0.147146951604385,0.0975035782651434,0.224516371210801,0.191479471601853,0.0218911495721583,0.0186699336454996,0.224516371210928,202608250040
7,9,0.210232190851221,0.0933681587692146,0.0901313339536188,0.210232190851221,0.190603198277424,0.0189485078014123,0.0171793205165703,0.210232190851047,202608250040
7,10,0.230202630416471,0.0686587856110776,0.0968616340775705,0.230202630416471,0.2143971973676,0.0222978029510944,0.0207668628786771,0.230202630416491,202608250040
8,9,0.213593910048748,0.157544241589667,0.108705451700493,0.213593910048748,0.179943419481946,0.0232188224723237,0.0195608306953163,0.213593910054355,202608250040
8,10,0.265510819183045,0.169503661693124,0.114055869744941,0.265510819183045,0.220505763112378,0.030283067408614,0.0251499765955542,0.265510819183153,202608250040
9,10,0.258301246898492,0.0859620624977881,0.0969102673981959,0.258301246898492,0.236097138969348,0.0250320429062203,0.0228802368694685,0.258301246898386,202608250040
11,12,0.291441327466345,0.158589193697316,0.103180296496346,0.291441327466345,0.245221882333382,0.0300710025792663,0.0253020665265505,0.53930963288869,202608250040
11,13,0.134635044767796,0.184159933579254,0.109186430039657,0.134635044767796,0.109840663865919,0.014700319896425,0.0119931099607056,0.486497045261422,202608250040
11,14,0.170757121023914,0.135911716171617,0.10503641396629,0.170757121023914,0.147549227657029,0.0179357156515597,0.0154980417565901,0.447925815175209,202608250040
11,15,0.209247480528695,0.156177784311309,0.106453025154411,0.209247480528695,0.176567672646999,0.0222750273082183,0.0187961628977469,0.536079756282142,202608250040
12,13,0.13423375848776,0.22775735557422,0.132329069796713,0.13423375848776,0.1036610326258,0.0177630283960019,0.0137173680215387,0.564869765370368,202608250040
12,14,0.210984946088893,0.166680407703404,0.118882801921756,0.210984946088893,0.175817889255516,0.0250824815543583,0.0209017233026648,0.599790439248388,202608250040
12,15,0.157798948676321,0.18773694494893,0.135693524509953,0.157798948676321,0.128174256135676,0.0214122955098553,0.0173924165664913,0.535537378960777,202608250040
13,14,0.111356515349415,0.204822346756652,0.118959026972389,0.111356515349415,0.0885482125489047,0.0132468627130023,0.010533609204962,0.515115910864769,202608250040
13,15,0.193331181529579,0.206268597128172,0.108031979125868,0.193331181529579,0.153453029934341,0.020885950167383,0.016577834526668,0.5563752442901,202608250040
14,15,0.259744352266513,0.214587180879957,0.0681806945131159,0.259744352266513,0.204006543964151,0.0177095503333903,0.0139093078526964,0.583785133387087,202608250040
1,6,0.295874581796952,0.194648548351888,0.0304092866644192,0.295874581796952,0.238283023955953,0.00899733497457867,0.00724601678274126,0.974675526620635,202608250040
2,7,0.210685625742256,0.175870939986267,0.0106991364039185,0.210685625742256,0.17363214670137,0.00225415424816131,0.00185771402166314,0.912168166815244,202608250040
3,8,0.285301779746157,0.148817304879956,0.0338852578974237,0.285301779746157,0.242843937806879,0.00966752438529248,0.008228829461412,0.712360530882972,202608250040
4,9,0.209523148522625,0.083202696478667,-0.012503207676551,0.209523148522625,0.192090257590842,0,0,0.928692089558536,202608250040
5,10,0.20189863410365,0.160862990034071,0.0163982592555188,0.20189863410365,0.169420616137942,0.00331078614536679,0.00277820318665971,0.888928583667972,202608250040
6,11,0.221688880535365,0.216751848417481,0.00191947978525266,0.221688880535365,0.173637405905723,0.000425527324802926,0.000333293490599746,0.954345504221809,202608250040
1,2,0.274250214977449,0.204847051821588,0.148663439531932,0.274250214977449,0.218070866977882,0.0407709802509192,0.0324191651466422,0.274250214977355,202608250041
1,3,0.245187479164005,0.0601658670172374,0.124297033639297,0.245187479164005,0.230435561898332,0.0304760763455828,0.0286424567889673,0.245187479164078,202608250041
1,4,0.266044488915204,0.0624771118312437,0.147701401429932,0.266044488915204,0.249422797629163,0.0392951438554856,0.0368400967584016,0.266044488915237,202608250041
1,5,0.335563389297106,0.184208160800464,0.153951583402345,0.335563389297106,0.273749874522716,0.051660515114147,0.0421442266389655,0.335563389297005,202608250041
2,3,0.300920737857951,0.195208474655396,0.138462471656133,0.300920737857951,0.242178459628524,0.041666229136399,0.0335326281020403,0.300920737857973,202608250041
2,4,0.363545085157856,0.22215854465064,0.149106326807396,0.363545085157856,0.282780438124294,0.0542068722767699,0.0421643524216995,0.363545085157806,202608250041
2,5,0.251617551468141,0.301485677573158,0.183180917352064,0.251617551468141,0.17575846347447,0.0460915338998142,0.0321955965716426,0.251617551468297,202608250041
3,4,0.346486882392063,0.0495758207230439,0.144035978200523,0.346486882392063,0.329309510827707,0.0499065770389902,0.0474324175228044,0.346486882392091,202608250041
3,5,0.296911872512925,0.176944619493989,0.143736566280663,0.296911872512925,0.244374914207878,0.0426770930429698,0.0351256110533719,0.296911872512929,202608250041
4,5,0.387483514222655,0.204335253174002,0.161736765229474,0.387483514222655,0.308306972243216,0.0626703301701208,0.0498645723883109,0.387483514222112,202608250041
6,7,0.274444235948918,0.176410740615555,0.0747018587654357,0.274444235948918,0.2260293250275,0.020501494552844,0.016884810715051,0.274444235948826,202608250041
6,8,0.104487980567708,0.243919499663828,0.0866021128333014,0.104487980567708,0.0790013246267489,0.00904887988284846,0.00684168162930599,0.104487980568325,202608250041
6,9,0.126537763147512,0.16828481859833,0.0850465570548334,0.126537763147512,0.105243378630395,0.0107616010931159,0.0089505870053333,0.126537763147501,202608250041
6,10,0.209059284334879,0.207980692046497,0.101650357518412,0.209059284334879,0.165578989700165,0.0212509509951837,0.0168311635005592,0.209059284335221,202608250041
7,8,0.199222029484772,0.187529962159776,0.103984907801184,0.199222029484772,0.161861929834099,0.0207160843679388,0.0168311978503205,0.199222029484504,202608250041
7,9,0.296371205818443,0.106943620178042,0.105402423289185,0.296371205818443,0.264676196151687,0.0312382432864016,0.0278975124613514,0.296371205818382,202608250041
7,10,0.3401397790113,0.110564635958395,0.108850822752058,0.3401397790113,0.302532348169947,0.0370244947960833,0.0329308950074108,0.34013977901143,202608250041
8,9,0.208963174810225,0.172590803531117,0.0888524156063562,0.208963174810225,0.172898052561315,0.0185668828546617,0.0153624096237075,0.208963174808881,202608250041
8,10,0.206421297561716,0.214524052547976,0.0972637513902792,0.206421297561716,0.162138964276565,0.0200773097677016,0.0157702439120732,0.206421297561973,202608250041
9,10,0.258975247002138,0.102789891137321,0.109854475654114,0.258975247002138,0.232355209555528,0.0284495899668146,0.0255252597112243,0.258975247002377,202608250041
11,12,0.164148341859708,0.119312328825028,0.0578732164340805,0.164148341859708,0.14456342091966,0.00949979251574234,0.00836635014733455,0.366753207394564,202608250041
11,13,0.055885266980588,0.119307609681417,0.0705244831235129,0.055885266980588,0.0492177293607262,0.00394127956802549,0.00347105492367816,0.286253654899474,202608250041
11,14,0.140285839933531,0.185974249290956,0.0697962538706235,0.140285839933531,0.114196286165741,0.00979142609845438,0.00797047298030645,0.379660521044303,202608250041
11,15,-0.0097559570228382,0.142820323871799,0.0765851647490611,0.0097559570228382,0.0083626080811571,0.000747161575878823,0.000640451717627246,0.391369295059247,202608250041
12,13,0.197852377455387,0.146325728641276,0.0992947005874713,0.197852377455387,0.168901484160818,0.019645692579952,0.016771022298528,0.625480974658905,202608250041
12,14,0.185944248169297,0.198097190136238,0.100723842856032,0.185944248169297,0.149109215084964,0.0187290192325872,0.0150188531486041,0.488351671218777,202608250041
12,15,0.176201309469271,0.150382687683741,0.0900298956631315,0.176201309469271,0.149703682977887,0.0158633855072256,0.0134778069588857,0.542666121033692,202608250041
13,14,0.190286548606122,0.199071037967201,0.0919898748464183,0.190286548606122,0.152406007863905,0.017504435791234,0.0140198095892428,0.544842442805469,202608250041
13,15,0.212844559570951,0.149243582556105,0.0762349333253735,0.212844559570951,0.181078874973006,0.01622619080756,0.0138045359602008,0.548888668118635,202608250041
14,15,0.106382019640165,0.230988664775422,0.097119330201815,0.106382019640165,0.0818089789673708,0.0103317504929692,0.00794523324180542,0.50852526654207,202608250041
1,6,0.163918208015453,0.170486877246431,-0.0218551440986109,0.163918208015453,0.135972304607068,0,0,0.952166178001319,202608250041
2,7,0.195870641756094,0.219363715104271,-0.0153743239324913,0.195870641756094,0.15290373010062,0,0,0.896583115429647,202608250041
3,8,0.0767980400364315,0.166567123447752,-0.031499850276848,0.0767980400364315,0.0640060114211378,0,0,0.908167492232577,202608250041
4,9,0.195782378700365,0.0596746197785136,-0.0170411921698771,0.195782378700365,0.184099139692088,0,0,0.85293089187448,202608250041
5,10,0.143644740316878,0.224600823340307,0.0152396194416215,0.143644740316878,0.111382013373203,0.00218909117721978,0.00169741949644921,0.85293089187448,202608250041
6,11,0.0715846587688891,0.179823096671854,-0.0130034807077174,0.0715846587688891,0.0587120837548694,0,0,0.904459981714736,202608250041
1,2,0.282785252277813,0.165292817682305,0.120226273442486,0.282785252277813,0.236042881129812,0.0339982170658547,0.028378555970865,0.282785252277842,202608250042
1,3,0.240694030353233,0.101307048474654,0.117448684510995,0.240694030353233,0.216310028552678,0.0282691972346367,0.0254053283000478,0.240694030353228,202608250042
1,4,0.241406182101535,0.0699878478551466,0.106909613645023,0.241406182101535,0.224510682957321,0.0258086416599952,0.0240023503741475,0.241406182101768,202608250042
1,5,0.303299841889558,0.169310539749769,0.108577565947379,0.303299841889558,0.251947981953217,0.0329315585845931,0.0273558986258345,0.303299841889452,202608250042
2,3,0.27162172334661,0.165822366130492,0.104810056292869,0.27162172334661,0.226580766488833,0.0284686881143242,0.023747942890576,0.271621723346461,202608250042
2,4,0.182295668610218,0.161957905178574,0.103806470545451,0.182295668610218,0.15277144399898,0.0189234699541499,0.0158586644016661,0.182295668610365,202608250042
2,5,0.261225296659642,0.247654516328788,0.124513517619035,0.261225296659642,0.196531672162554,0.0325260805781681,0.0244708498245107,0.261225296659565,202608250042
3,4,0.210283147381452,0.0705689847555027,0.0933082193461537,0.210283147381452,0.195443679159551,0.0196211460406681,0.0182365016848387,0.210283147381543,202608250042
3,5,0.212889278381493,0.173525623458291,0.120209856367751,0.212889278381493,0.175947533622758,0.0255913895764733,0.0211506277450518,0.212889278381495,202608250042
4,5,0.165699569442401,0.166718559715791,0.113947319031428,0.165699569442401,0.138074375879437,0.0188810217026235,0.0157332049583995,0.165699569442385,202608250042
6,7,0.253780185852424,0.231566408950908,0.0885759940773228,0.253780185852424,0.195013219551684,0.0224788322390062,0.0172734897800096,0.253780185852355,202608250042
6,8,0.204737669650336,0.309733707077786,0.0898195629194809,0.204737669650336,0.14132351225107,0.0183894480011462,0.012693616100637,0.204737669650268,202608250042
6,9,0.185268831219314,0.2292733814028,0.0758833381303049,0.185268831219314,0.142791619817117,0.0140588173644216,0.0108355047687563,0.185268831219269,202608250042
6,10,0.190574877704482,0.251162010116768,0.103148854104282,0.190574877704482,0.142709708342467,0.019657580256281,0.0147203428850818,0.190574877704669,202608250042
7,8,0.338833037648125,0.17722344367086,0.110344105133877,0.338833037648125,0.278783879886666,0.0373882283290755,0.0307621577518444,0.338833037648205,202608250042
7,9,0.216667943052429,0.0991867427484545,0.11694490842981,0.216667943052429,0.195177355523051,0.0253382127599417,0.0228249979692158,0.216667943054341,202608250042
7,10,0.315871697533607,0.0850487022994884,0.128519292585178,0.315871697533607,0.289007219565237,0.0405956071146986,0.0371430034105336,0.315871697533636,202608250042
8,9,0.234996859356088,0.177444651028957,0.112342483617097,0.234996859356088,0.193297923654746,0.0264001308222805,0.0217155688214022,0.234996859356136,202608250042
8,10,0.30046734376548,0.205166073546857,0.123988785203082,0.30046734376548,0.238821638616063,0.0372545809466785,0.029611204852215,0.300467343765471,202608250042
9,10,0.312724162478304,0.0810269331957369,0.109837120802674,0.312724162478304,0.287385082656482,0.0343487216120445,0.0315655500406264,0.312724162478216,202608250042
11,12,0.143901155351092,0.201479087503434,0.105556662527128,0.143901155351092,0.114908081880264,0.0151897256926591,0.0121293136206747,0.473647395292866,202608250042
11,13,0.164282469360988,0.175658844259419,0.0990525399988232,0.164282469360988,0.135424800660954,0.0162725958674847,0.0134141704843018,0.566171545670918,202608250042
11,14,0.254226860279917,0.120439425965069,0.0801190582269998,0.254226860279917,0.223607923162902,0.020368416621634,0.017915256215907,0.587391349850476,202608250042
11,15,0.172454517743057,0.176492776819981,0.0978736136929224,0.172454517743057,0.142017541031434,0.0168787468491832,0.0138997699485293,0.557567994700599,202608250042
12,13,0.183420121712269,0.238741007194244,0.124100684852348,0.183420121712269,0.139630217114991,0.0227625627201935,0.0173282055700524,0.593237906622113,202608250042
12,14,0.24370881146811,0.190529311983597,0.107491501025323,0.24370881146811,0.197275139294751,0.0261966259578047,0.0212054008377725,0.629857664679297,202608250042
12,15,0.261504593205669,0.206062156951709,0.10269373477062,0.261504593205669,0.20761839267693,0.0268548833359618,0.021321108151067,0.591769508965993,202608250042
13,14,0.116083690101941,0.172619071926993,0.113070411244094,0.116083690101941,0.0960454312506833,0.0131256305785585,0.0108598964096311,0.548352510313957,202608250042
13,15,0.164650082049393,0.199763285892404,0.0996764810998417,0.164650082049393,0.131759040636752,0.0164117407914837,0.0131332775237625,0.643552036018109,202608250042
14,15,0.0681528385661159,0.200775490508874,0.123211345549189,0.0681528385661159,0.0544694189734319,0.00839720294272779,0.00671125040299906,0.428479714940359,202608250042
1,6,0.114910714768072,0.236092408697136,-0.00465414132961707,0.114910714768072,0.0877811673333685,0,0,0.810072979253451,202608250042
2,7,0.226517882848092,0.169645495549329,-0.00673280268480663,0.226517882848092,0.188090144361543,0,0,0.905297652601904,202608250042
3,8,0.212738474805247,0.181860299043213,0.000228612062053055,0.212738474805247,0.174049792159168,4.86345814032496e-05,3.97898818854131e-05,0.943065922528494,202608250042
4,9,0.166266940491613,0.0613677115310596,-0.0284158280611314,0.166266940491613,0.156063518850372,0,0,0.951415319258123,202608250042
5,10,0.130151227164507,0.190346858088021,0.00539587576260559,0.130151227164507,0.105377349997442,0.000702279852130335,0.000568603088778805,0.945756801670269,202608250042
6,11,0.180860511201483,0.254842985146957,0.00419700181927392,0.180860511201483,0.134769478631692,0.000759071894547434,0.00056562774699981,0.844848131511847,202608250042
1,2,0.247123965541699,0.168839789143562,0.136187902315097,0.247123965541699,0.205399607307318,0.0336552944789124,0.0279729416555284,0.247123965541795,202608250043
1,3,0.30397327853614,0.0461836779345806,0.147634565187228,0.30397327853614,0.289934674539509,0.0448769628052191,0.0428043796083407,0.303973278536081,202608250043
1,4,0.395204261865819,0.0647187331829577,0.128505862456762,0.395204261865819,0.369627142689357,0.0507860645176553,0.0474992547587247,0.395204261865819,202608250043
1,5,0.285576652906859,0.166974606224061,0.137898616717304,0.285576652906859,0.237892603740951,0.0393806254026134,0.0328050609831548,0.285576652906909,202608250043
2,3,0.272417321578718,0.179528779253637,0.122682782764764,0.272417321578718,0.223510572388146,0.0334209150846007,0.0274208989979229,0.27241732157875,202608250043
2,4,0.30311937915976,0.209693000134354,0.139086950915334,0.30311937915976,0.239557367144887,0.0421599502106801,0.0333193037654876,0.303119379159721,202608250043
2,5,0.313901793569839,0.279430076890764,0.133692611531955,0.313901793569839,0.22618819125647,0.0419663505469165,0.0302396899867668,0.313901793569878,202608250043
3,4,0.170940757781955,0.0793679262288083,0.150224603169932,0.170940757781955,0.157373544328821,0.0256795075033616,0.0236413782462427,0.170940757782028,202608250043
3,5,0.277009443478545,0.177714947924554,0.130855140950333,0.277009443478545,0.227780724656146,0.0362481097709583,0.0298062788306489,0.277009443478406,202608250043
4,5,0.352014846205924,0.209696229189017,0.125622128412155,0.352014846205924,0.27819866033799,0.0442208542130655,0.0349479078330684,0.35201484620586,202608250043
6,7,0.164146292635621,0.19929699667829,0.0978132198819123,0.164146292635621,0.131432429497466,0.0160556774143687,0.0128558291260495,0.164146292635195,202608250043
6,8,0.348423926334842,0.293845540921397,0.11212606689654,0.348423926334842,0.246041109231023,0.0390674044725757,0.0275876218729367,0.348423926334741,202608250043
6,9,0.199633020692815,0.187852057769396,0.102864316326082,0.199633020692815,0.162131546956949,0.020535114189677,0.0166775507326167,0.199633020692688,202608250043
6,10,0.339106045666306,0.204841441211834,0.0876262396986281,0.339106045666306,0.269643074548374,0.0297145876408097,0.0236278086834509,0.339106045666131,202608250043
7,8,0.180613536740973,0.196850150526247,0.106448573095289,0.180613536740973,0.145059734846434,0.0192260532677701,0.0154414017879839,0.180613536741085,202608250043
7,9,0.226091333179752,0.0920573399779321,0.101091504567742,0.226091333179752,0.205277966455159,0.0228559130408677,0.0207518584835585,0.226091333179734,202608250043
7,10,0.205293117140553,0.082867077883755,0.108708308094029,0.205293117140553,0.188281076413468,0.0223170674276989,0.0204677172630307,0.205293117140252,202608250043
8,9,0.239027601595695,0.18501937959822,0.112046040818194,0.239027601595695,0.194802863041609,0.0267820964050663,0.0218268895438612,0.23902760159611,202608250043
8,10,0.300576530973555,0.202222230916281,0.108731577821893,0.300576530973555,0.239793274319006,0.0326821604689856,0.0260731010677834,0.300576530973547,202608250043
9,10,0.216576330318345,0.059063646446549,0.11493267561635,0.216576330318345,0.203784542515731,0.0248916971186579,0.0234215027205869,0.216576330324605,202608250043
11,12,0.145992051890908,0.182628157826434,0.0982401980794969,0.145992051890908,0.11932979239677,0.014342288095795,0.011722982441844,0.442924892933075,202608250043
11,13,0.193868834349233,0.143664639688355,0.0798229948495427,0.193868834349233,0.166016738115649,0.0154751909657456,0.0132519532315433,0.589074382661562,202608250043
11,14,0.11079739229358,0.129689241010057,0.106222681422479,0.11079739229358,0.0964281625811323,0.0117691961040424,0.0102428579940106,0.408214313221837,202608250043
11,15,0.195388108985239,0.147390269023758,0.09076315625481,0.195388108985239,0.166589803037861,0.0177340414661591,0.0151202163235834,0.454242820958394,202608250043
12,13,0.0769805721642173,0.225738186751074,0.106142766199431,0.0769805721642173,0.0596031173888066,0.00817093087312492,0.00632643975375733,0.595411396355697,202608250043
12,14,0.238044342663865,0.198289656327781,0.0882583445359647,0.238044342663865,0.190842611766274,0.0210093996096646,0.0168434529814112,0.477873025490093,202608250043
12,15,0.229512345016476,0.205957348769565,0.108911077034909,0.229512345016476,0.182242590926997,0.0249964366885521,0.0198482368594916,0.621771380123586,202608250043
13,14,0.173994630774682,0.163473977467058,0.103992353243971,0.173994630774682,0.145551036424033,0.0180941111060751,0.0151361947948341,0.539911638112646,202608250043
13,15,0.229118095296149,0.174645615473993,0.108773349071864,0.229118095296149,0.189103624526924,0.0249219425583287,0.0205694345614219,0.601117534051871,202608250043
14,15,0.159358616627923,0.200961359404097,0.139757850390451,0.159358616627923,0.127333692397619,0.0222716177011145,0.0177958831317702,0.539130006362893,202608250043
1,6,0.272049515320323,0.175376731724024,0.0117757875246233,0.272049515320323,0.224338360456339,0.00320359728858886,0.0026417608663562,0.980829650051549,202608250043
2,7,0.112921781654412,0.195013619339462,0.00114184730914494,0.112921781654412,0.0909004963117245,0.000128939432525943,0.000103794487113482,0.654212460507941,202608250043
3,8,0.131348919339723,0.188826843267108,0.0269598221692503,0.131348919339723,0.106546717534257,0.00354114350752212,0.00287248055744091,0.889134267610816,202608250043
4,9,0.248695914494852,0.0764363369450987,-0.00360549323056295,0.248695914494852,0.229686509777654,0,0,0.913583353336841,202608250043
5,10,0.166541120924165,0.192109066468793,-0.00883585777535418,0.166541120924165,0.134547061654758,0,0,0.969120787771338,202608250043
6,11,0.246953277411011,0.198226520471875,0.0308919181805602,0.246953277411011,0.1980005885107,0.00762886044020213,0.00611661797997533,0.839080227591505,202608250043
1,2,0.329864638116554,0.151440332233314,0.113352571065934,0.329864638116554,0.279909827728161,0.0373910048342454,0.0317284986396099,0.329864638116489,202608250044
1,3,0.222904229910754,0.0602110438860461,0.122135801376135,0.222904229910754,0.209482933541213,0.0272245867502802,0.0255853659626796,0.222904229910269,202608250044
1,4,0.23384505290764,0.0613456767341249,0.124056697272937,0.23384505290764,0.219499669886094,0.0290100449373371,0.0272304040985688,0.233845052907596,202608250044
1,5,0.268819619844277,0.1801670998886,0.125899302287861,0.268819619844277,0.220387168543777,0.0338442025796824,0.0277465907528588,0.268819619844269,202608250044
2,3,0.225464877201308,0.149173827175812,0.107196368564682,0.225464877201308,0.191831418575464,0.024169016074862,0.0205636314479011,0.225464877201296,202608250044
2,4,0.319760909722322,0.172098403949937,0.081071736690916,0.319760909722322,0.264730567513531,0.0259235722770559,0.0214621668634937,0.319760909722235,202608250044
2,5,0.284659024890824,0.260119352088662,0.122660881261167,0.284659024890824,0.210613703770032,0.0349165268520529,0.0258340625101105,0.284659024890812,202608250044
3,4,0.144856422310685,0.0574193133054075,0.126089447053789,0.144856422310685,0.136538866013728,0.0182648661913444,0.0172161101170223,0.144856422310522,202608250044
3,5,0.326861756995798,0.173727964205817,0.0948301336543274,0.326861756995798,0.270076729376181,0.0309963441023998,0.0256114123436669,0.326861756995841,202608250044
4,5,0.276582586050069,0.197716796504954,0.116885123759749,0.276582586050069,0.221897563167193,0.0323283898002537,0.0259365241327841,0.276582586050059,202608250044
6,7,0.283344775828554,0.198503094799843,0.0841662971379911,0.283344775828554,0.227099960931219,0.0238480805948836,0.0191141627917631,0.283344775828537,202608250044
6,8,0.274271674839396,0.298633347493882,0.0850976258343524,0.274271674839396,0.192365006459353,0.0233398683624441,0.0163698053433008,0.274271674839559,202608250044
6,9,0.240312112686629,0.193846479606506,0.0822777515301195,0.240312112686629,0.193728455635524,0.0197723402973086,0.0159395417370935,0.240312112686679,202608250044
6,10,0.211595250019155,0.242560884648132,0.0810095485462311,0.211595250019155,0.160270518987166,0.0171412356785787,0.0129834423884205,0.211595250018932,202608250044
7,8,0.262712237170361,0.185896171004053,0.0938191279039166,0.262712237170361,0.213875038204483,0.0246474329810102,0.0200655695647614,0.262712237170311,202608250044
7,9,0.217582462204967,0.0617983416280372,0.0937509476057384,0.217582462204967,0.204136226873355,0.0203985620141054,0.019137964710037,0.217582462205441,202608250044
7,10,0.220618201879837,0.107358144780433,0.103138605287375,0.220618201879837,0.196933041021223,0.0227542536428951,0.0203113991859304,0.220618201880269,202608250044
8,9,0.187860342565256,0.181560885118014,0.101312936056715,0.187860342565256,0.153752252490535,0.0190326828739063,0.0155770921251494,0.187860342565265,202608250044
8,10,0.227951759492451,0.230044638816463,0.081567944315044,0.227951759492451,0.175512679312433,0.0185935564247966,0.0143162084527407,0.227951759492441,202608250044
9,10,0.171561789666554,0.101908668325242,0.100167184657655,0.171561789666554,0.154078156146141,0.0171848614657275,0.0154335751184014,0.171561789666693,202608250044
11,12,0.198405498025383,0.157900952294713,0.0607418105779832,0.198405498025383,0.167077080946668,0.0120515091786882,0.0101485644027849,0.544385242191472,202608250044
11,13,0.0764763667614935,0.136313933063691,0.0461711042253369,0.0764763667614935,0.066051572421813,0.00353099830052001,0.00304967403453492,0.343982290520301,202608250044
11,14,0.0894568348185796,0.164847426535436,0.078515660624053,0.0894568348185796,0.0747101058127312,0.00702376248311756,0.00586591331317949,0.273284080921322,202608250044
11,15,0.0519908981404155,0.155978355270461,0.063767538028288,0.0519908981404155,0.0438814433594394,0.0033153315742938,0.00279821160815922,0.354427875554219,202608250044
12,13,0.190683643877784,0.198649190487538,0.0938224464505322,0.190683643877784,0.152804492382248,0.0178904059667157,0.0143364913039342,0.554235750843279,202608250044
12,14,0.284561596780941,0.18447183679394,0.0990948265155784,0.284561596780941,0.232067996341744,0.0281985820660033,0.022996737837303,0.652144949057048,202608250044
12,15,0.14207570004363,0.187799074986202,0.0978978565744737,0.14207570004363,0.11539401499742,0.0139089065055893,0.01129682672977,0.613481994386104,202608250044
13,14,0.161062619205525,0.188862665564163,0.0890207084242233,0.161062619205525,0.130643903619624,0.0143379084623367,0.0116300128515249,0.388876639366063,202608250044
13,15,0.0585165381275891,0.186616767002062,0.0805608978130232,0.0585165381275891,0.0475963709660656,0.00471414484846858,0.00383440637766795,0.453768066402881,202608250044
14,15,0.155805722066769,0.225274224636411,0.0773102171453425,0.155805722066769,0.120706708834261,0.0120453742054688,0.00933186187087636,0.585442512253094,202608250044
1,6,0.13397281606337,0.202758766689118,-0.019314326472424,0.13397281606337,0.106808653108493,0,0,0.943765392648326,202608250044
2,7,0.171589058500708,0.157278535446615,-0.0228217323359996,0.171589058500708,0.144601782681053,0,0,0.880577587776089,202608250044
3,8,0.037627780516316,0.184342429308151,-0.0159740922187666,0.037627780516316,0.0306913840464644,0,0,0.821966289630455,202608250044
4,9,0.309669033241393,0.0541269837459653,-0.0100980335781278,0.309669033241393,0.292907582512507,0,0,0.85294664472392,202608250044
5,10,0.280175460652997,0.227702499183041,0.00396730962784924,0.280175460652997,0.21637880805255,0.00111154280253573,0.000858441728449424,0.96212186037758,202608250044
6,11,0.187597969092751,0.212694361272221,-0.0292015979538146,0.187597969092751,0.147696938880603,0,0,0.944741069604088,202608250044
1,2,0.250337592525021,0.145826590753793,0.13255912894561,0.250337592525021,0.213831714869585,0.0331845332074579,0.0283453458640583,0.250337592525088,202608250045
1,3,0.319055168394286,0.0588956686958646,0.119667273988147,0.319055168394286,0.300264200900833,0.0381804622535734,0.035931798398032,0.319055168394265,202608250045
1,4,0.266872925337558,0.0703562528087591,0.129320151812089,0.266872925337558,0.248096746334696,0.0345120472191894,0.0320839089000882,0.266872925337596,202608250045
1,5,0.331626174773801,0.161714971904677,0.109310288707262,0.331626174773801,0.2779972572374,0.0362501529074091,0.0303879604484472,0.331626174773866,202608250045
2,3,0.182050463810498,0.144617070956857,0.0942623877726138,0.182050463810498,0.155722858967886,0.0171605114138893,0.0146788085170909,0.182050463810454,202608250045
2,4,0.273577903620248,0.17195061574556,0.122392490042469,0.273577903620248,0.226536014638367,0.0334838808446809,0.027726306915887,0.273577903620185,202608250045
2,5,0.226873830593574,0.236377484673168,0.109565158729661,0.226873830593574,0.173245965179699,0.0248574672605913,0.0189817216741871,0.226873830593585,202608250045
3,4,0.206320017537534,0.069105806467187,0.114537212818281,0.206320017537534,0.192062106335279,0.023631319757368,0.0219982583476511,0.206320017536983,202608250045
3,5,0.172274526141786,0.16315241892643,0.108080396774901,0.172274526141786,0.144167520482349,0.0186194991396123,0.015581682815786,0.172274526141819,202608250045
4,5,0.265804251672689,0.190068368256515,0.118746322218892,0.265804251672689,0.215283271281617,0.0315632773162766,0.0255640966999441,0.265804251672672,202608250045
6,7,0.265002272536829,0.167749702696642,0.092918712609731,0.265002272536829,0.220548220104842,0.0246236700027753,0.0204930566805095,0.265002272536793,202608250045
6,8,0.156630105497111,0.249583011004168,0.110455329711895,0.156630105497111,0.117537892153241,0.0173006299454923,0.0129826866314275,0.156630105496433,202608250045
6,9,0.194609427514743,0.182857302371833,0.0885357414255622,0.194609427514743,0.15902367258327,0.0172298899534219,0.0140792787563757,0.194609427514133,202608250045
6,10,0.211206378213557,0.180329569720859,0.069985907000399,0.211206378213557,0.173119622908005,0.0147814699435451,0.0121159338287838,0.211206378214884,202608250045
7,8,0.268066934216273,0.162682349191045,0.0972718651725633,0.268066934216273,0.224457175617529,0.0260753706823077,0.0218333681236826,0.268066934216274,202608250045
7,9,0.260757380456793,0.0862892097728518,0.111676427257059,0.260757380456793,0.238256832154737,0.0291204526303243,0.0266076717846259,0.26075738045675,202608250045
7,10,0.0961363125362988,0.0481057110363692,0.108900440750747,0.0961363125362988,0.0915116068653256,0.0104692868073546,0.00996565432144308,0.0961363125366149,202608250045
8,9,0.254029794124257,0.174942874000966,0.104587101062676,0.254029794124257,0.209589091858286,0.0265682397510044,0.021920315531817,0.254029794124304,202608250045
8,10,0.260754475281479,0.176306267277303,0.0836892558996973,0.260754475281479,0.21478182706875,0.021822348008823,0.0179749312881612,0.260754475281482,202608250045
9,10,0.0948193158163824,0.0819876512316542,0.105379248304288,0.0948193158163824,0.0870453028212047,0.00999198822545722,0.00917276857971764,0.094819315816464,202608250045
11,12,0.238468173612121,0.135222945295276,0.0992789308575945,0.238468173612121,0.206221804817104,0.0236748653197746,0.0204734803017657,0.695901528847124,202608250045
11,13,0.168846375111657,0.135436175741697,0.103713648017643,0.168846375111657,0.145978467778686,0.0175116735173853,0.0151399594253534,0.560222478298338,202608250045
11,14,0.234367346524084,0.125730588374559,0.117459768424451,0.234367346524084,0.204900202149827,0.027528734248972,0.0240675302946419,0.638208692815231,202608250045
11,15,0.164689727620676,0.114267084374495,0.0953806331932864,0.164689727620676,0.145871112619032,0.0157082105008899,0.0139132790862124,0.575659915662027,202608250045
12,13,0.145356782864246,0.179050841258229,0.123137175186326,0.145356782864246,0.119330528609813,0.0178988236360754,0.0146940242065034,0.669790977814274,202608250045
12,14,0.363534404110724,0.140145272258836,0.120472908697534,0.363534404110724,0.312586776071172,0.0437960470748436,0.0376582381336788,0.722909031620822,202608250045
12,15,0.103799211158533,0.154865923789975,0.134663487390446,0.103799211158533,0.0877242504337958,0.0139779637629853,0.0118132534921278,0.582138324185297,202608250045
13,14,0.202028198150041,0.154533432339733,0.136428259348538,0.202028198150041,0.170808087260504,0.0275623554129317,0.0233030500276037,0.66872707214782,202608250045
13,15,0.178445467317582,0.151357059219865,0.10354894966273,0.178445467317582,0.151436486153278,0.0184778407128106,0.0156810890817865,0.58236154593828,202608250045
14,15,0.202392748737327,0.175473141230879,0.137932057119334,0.202392748737327,0.166878257354036,0.0279164481793759,0.0230178613253318,0.615502887748088,202608250045
1,6,0.246578663565748,0.170919820046776,0.0171336651284671,0.246578663565748,0.204433482761716,0.00422479624936047,0.00350269483468549,0.978534776684823,202608250045
2,7,0.137865037487629,0.145560551414603,0.0349160940664713,0.137865037487629,0.117797326610135,0.00481370861739563,0.0041130225366983,0.889897646115296,202608250045
3,8,0.234647518231411,0.163444001608954,-0.00617838362503661,0.234647518231411,0.196295788884059,0,0,0.957427527495584,202608250045
4,9,0.254038242432188,0.0855550296447611,0.0285413505899459,0.254038242432188,0.232303993069999,0.00725059454051076,0.00663026970965522,0.935539951238994,202608250045
5,10,0.166880686254439,0.172754664652614,0.0106580316752678,0.166880686254439,0.138051269263555,0.00177861964009025,0.0014713548006219,0.865312396464224,202608250045
6,11,0.259281162574569,0.182375747534738,0.0136469855451629,0.259281162574569,0.211994566728356,0.00353840627778817,0.00289308678779494,0.978800374716124,202608250045
1,2,0.278731989814063,0.192272047368929,0.130168458864643,0.278731989814063,0.225139619465298,0.036282113550372,0.0293060772951701,0.278731989814026,202608250046
1,3,0.295834496821182,0.0495811310873835,0.102542891130958,0.295834496821182,0.281166687854121,0.0303357246003162,0.0288316450622772,0.29583449682117,202608250046
1,4,0.241165881884901,0.0749948613998401,0.124037679593453,0.241165881884901,0.223079679998573,0.0299136563861119,0.027670285871473,0.241165881884896,202608250046
1,5,0.262715945903118,0.142739576410264,0.117872637607146,0.262715945903118,0.225215983068685,0.0309670214850568,0.0265468019555922,0.262715945903376,202608250046
2,3,0.156492594114912,0.190186836480954,0.123456890841527,0.156492594114912,0.126729762707499,0.0193200891091521,0.0156456624809523,0.15649259411484,202608250046
2,4,0.384644241314954,0.227528924284093,0.109298625254981,0.384644241314954,0.297126550856492,0.0420410867879696,0.0324755235353687,0.384644241315293,202608250046
2,5,0.260497352534173,0.267852957744244,0.128692796049391,0.260497352534173,0.19072236617335,0.0335241326610868,0.0245445945720043,0.260497352534198,202608250046
3,4,0.183132816589198,0.0714769535224382,0.12316743937266,0.183132816589198,0.170043040769419,0.0225560000843946,0.0209437659147102,0.183132816589067,202608250046
3,5,0.336074831550956,0.137249509548688,0.105292109159513,0.336074831550956,0.289948725748929,0.0353860278494282,0.030529312882218,0.336074831550919,202608250046
4,5,0.24848625230633,0.17270407500359,0.122086678998951,0.24848625230633,0.205571663950657,0.0303368613209753,0.025097561748024,0.248486252306437,202608250046
6,7,0.321889958026694,0.194134405720944,0.145459723488672,0.321889958026694,0.259400042317642,0.046822024288343,0.037732258428474,0.321889958026757,202608250046
6,8,0.302000671506474,0.300075080640055,0.124202983531209,0.302000671506474,0.211377795650818,0.0375093844295326,0.0262537528720818,0.302000671506562,202608250046
6,9,0.298061759486621,0.197921583423811,0.141255957784415,0.298061759486621,0.239068904090942,0.0421029993151905,0.0337699070238363,0.298061759486523,202608250046
6,10,0.21366535574355,0.22090840163088,0.122483211804407,0.21366535574355,0.166464883522349,0.0261704190228013,0.0203891535864638,0.213665355743551,202608250046
7,8,0.363955719561331,0.170071035251034,0.141652903325978,0.363955719561331,0.30205739355,0.051555384357958,0.0427873067674351,0.363955719561227,202608250046
7,9,0.350664526978923,0.0485463012212799,0.160154107449104,0.350664526978923,0.333641061224587,0.0561603643323718,0.0534339863687957,0.35066452697884,202608250046
7,10,0.278733051536349,0.0582569693453459,0.148632021358117,0.278733051536349,0.262494908697461,0.0414286568691637,0.039015148875918,0.278733051536209,202608250046
8,9,0.405698699695737,0.171668346562513,0.144629861927543,0.405698699695737,0.336053074716409,0.0586761469211782,0.0486033097965604,0.405698699695681,202608250046
8,10,0.27133666700747,0.199211742322418,0.138399435619718,0.27133666700747,0.217283216816954,0.0375528415767692,0.0300718745771032,0.271336667007427,202608250046
9,10,0.328731736472134,0.0604838087691892,0.134006060184191,0.328731736472134,0.30884878898699,0.0440520448621384,0.0413876094048051,0.32873173647211,202608250046
11,12,0.169875283347043,0.166485877600916,0.0752343405407868,0.169875283347043,0.141593447716306,0.0127804549167941,0.0106526896638327,0.337718984861106,202608250046
11,13,0.137922386426827,0.15575712263772,0.0569624020385813,0.137922386426827,0.116439992369656,0.00785639042576546,0.0066327016587297,0.416302833758353,202608250046
11,14,0.0366295292405224,0.159922144136696,0.0740733931373678,0.0366295292405224,0.0307716563856603,0.00271327351986992,0.00227936100094301,0.263819135669779,202608250046
11,15,0.132753934542364,0.159095889330543,0.0639910053425516,0.132753934542364,0.111633329264218,0.00849505773454514,0.00714352896935337,0.395389629128885,202608250046
12,13,0.12384513967317,0.220113199032518,0.105119979071226,0.12384513967317,0.0965851897950794,0.0130185984905166,0.0101530331298491,0.54627434239106,202608250046
12,14,0.201368932418524,0.195016050268074,0.0826391323413183,0.201368932418524,0.162098758571565,0.0166409538555643,0.0133957007619589,0.541579946217351,202608250046
12,15,0.160982185930261,0.199700191109703,0.0847939803281534,0.160982185930261,0.12883401263473,0.0136503203069537,0.0109243487329464,0.559182397943098,202608250046
13,14,0.189058693869485,0.1914546437183,0.0710222278855958,0.189058693869485,0.152862528992856,0.0134273696397517,0.0108566373692991,0.557683271678986,202608250046
13,15,0.0770914953997707,0.203344381450792,0.0875827592237188,0.0770914953997707,0.0614153729525877,0.00675188587979455,0.00537892782194139,0.443287990398764,202608250046
14,15,0.110491207927646,0.223785844226477,0.0767090713081154,0.110491207927646,0.0857648396819546,0.00847567794784162,0.00657894120289214,0.32496677929149,202608250046
1,6,0.189150922567995,0.20128429322689,0.0134902363695961,0.189150922567995,0.151077812805682,0.00255169065496943,0.00203807540495025,0.833742823601288,202608250046
2,7,0.0276982466214668,0.19210613641223,0.0195091866708874,0.0276982466214668,0.0223772434776237,0.000540370263794472,0.000436561820184859,0.877370004104898,202608250046
3,8,0.127900192850214,0.173966837259026,-0.0149737050327205,0.127900192850214,0.105649800815243,0,0,0.811420130062899,202608250046
4,9,0.214395513381328,0.0751055445192759,-0.0187771507067691,0.214395513381328,0.198293221606334,0,0,0.877370004104898,202608250046
5,10,0.0993034586782356,0.160686209528457,-0.0148177798407747,0.0993034586782356,0.0833467623101641,0,0,0.968998041494753,202608250046
6,11,0.137711688189622,0.210800351563821,0.0228658211468108,0.137711688189622,0.108682015904803,0.00314889083196929,0.00248510353755407,0.880484425628968,202608250046
1,2,0.180783483949377,0.162562286913192,0.120937026674283,0.180783483949377,0.151394907362432,0.0218634170206556,0.0183092499500411,0.180783483949284,202608250047
1,3,0.192852899543846,0.0822006207223445,0.123538831750549,0.192852899543846,0.177000271493238,0.0238248219093527,0.0218664067598046,0.19285289954377,202608250047
1,4,0.310955515630387,0.0402996103721618,0.130802882167738,0.310955515630387,0.298424129507408,0.0406738776704098,0.0390347362479673,0.310955515630457,202608250047
1,5,0.379263258377421,0.157418729250896,0.128730660442471,0.379263258377421,0.319560118192093,0.0488228097324888,0.0411371850659421,0.379263258377303,202608250047
2,3,0.296435575390395,0.167974119970345,0.123014912943073,0.296435575390395,0.246642070486291,0.0364659964998793,0.0303406528289704,0.296435575390414,202608250047
2,4,0.324157169527831,0.167291220556745,0.129834000784978,0.324157169527831,0.269928520985301,0.0420866222029329,0.0350458998054936,0.324157169527817,202608250047
2,5,0.254154573129376,0.247582243361078,0.13919964855728,0.254154573129376,0.191230413753528,0.0353782272588345,0.0266192063879542,0.254154573129486,202608250047
3,4,0.373265745068331,0.0673500875091331,0.132970964746719,0.373265745068331,0.348126264473818,0.0496335062286389,0.046290685240755,0.373265745068265,202608250047
3,5,0.240125454434793,0.1706185652935,0.139103632026793,0.240125454434793,0.199155593908679,0.0334023228539638,0.0277032664511503,0.240125454434631,202608250047
4,5,0.291907255262196,0.166849288735102,0.171279920823202,0.291907255262196,0.243202737345083,0.0499978515690272,0.0416557455964518,0.291907255262093,202608250047
6,7,0.0865542624535027,0.205281212469779,0.0695110066978585,0.0865542624535027,0.0687862985126202,0.00601647391713363,0.00478140485663164,0.0865542624536625,202608250047
6,8,0.222955777722868,0.276668624458609,0.0566715745746902,0.222955777722868,0.161270909385183,0.0126352549840796,0.00913947636795048,0.222955777723124,202608250047
6,9,0.142589234115028,0.195117395174289,0.0801238033145522,0.142589234115028,0.114767594174607,0.0114247917490051,0.00919561614253054,0.14258923411493,202608250047
6,10,0.132390837775236,0.220471610671848,0.0702332926663115,0.132390837775236,0.103202416532734,0.00929824445580631,0.00724824552421411,0.132390837774462,202608250047
7,8,0.281197321429265,0.166150010767115,0.0943575542885114,0.281197321429265,0.234476383446108,0.0265330915225458,0.02212461808039,0.281197321429273,202608250047
7,9,0.240502932330716,0.0747584680523479,0.11263357826852,0.240502932330716,0.222523301547574,0.0270887058524803,0.0250635957014282,0.240502932330439,202608250047
7,10,0.161798740451284,0.0875434843725171,0.105143610710563,0.161798740451284,0.147634314945094,0.0170121037794693,0.0155228049381077,0.161798740450569,202608250047
8,9,0.30310450070233,0.1594854619186,0.111352054362839,0.30310450070233,0.254763739398213,0.0337513088398271,0.02836846575915,0.303104500702362,202608250047
8,10,0.236483233320802,0.192776432606941,0.100814160074353,0.236483233320802,0.190894839229863,0.0238408585389038,0.0192449028794872,0.236483233320997,202608250047
9,10,0.338878326975776,0.0752102434877648,0.114344024073927,0.338878326975776,0.313391205491201,0.0387487115778504,0.0358344115452431,0.338878326975822,202608250047
11,12,0.128037646776022,0.18885311572639,0.0834295782592219,0.128037646776022,0.103857338252095,0.0106821268718268,0.00866477392949767,0.575312117083703,202608250047
11,13,0.199415178449221,0.141717007315762,0.113166245971569,0.199415178449221,0.171154656146059,0.0225670671348489,0.0193689299166042,0.575312117083703,202608250047
11,14,0.0395928228970809,0.18654201849618,0.106692976594923,0.0395928228970809,0.0322070977958977,0.0042242761266852,0.00343627113132812,0.451148773275042,202608250047
11,15,0.168990962350971,0.167049868392971,0.0811872275109069,0.168990962350971,0.14076104433064,0.0137199077076754,0.0114279989307445,0.482182608102664,202608250047
12,13,0.23084928247465,0.211055148676223,0.140478229511578,0.23084928247465,0.182127352840164,0.032429298486057,0.0255849280726166,0.551930031445947,202608250047
12,14,0.285281138622491,0.198424866611507,0.101836108038554,0.285281138622491,0.228674266744545,0.0290519208541216,0.0232872973338345,0.571598066131261,202608250047
12,15,0.0960987032356575,0.209580719285357,0.122620275224567,0.0960987032356575,0.0759582678891383,0.0117836494394803,0.00931402371414751,0.571598066131261,202608250047
13,14,0.275991766040383,0.183715077163243,0.115845881202092,0.275991766040383,0.225287917445854,0.0319725093414697,0.0260986773206991,0.663050105500797,202608250047
13,15,0.193761873073319,0.176324668755353,0.123949802338778,0.193761873073319,0.159596874986249,0.0240167458682293,0.0197820011084323,0.540062608045198,202608250047
14,15,0.191046917209444,0.239433371662195,0.133910457447916,0.191046917209444,0.145303909676319,0.0255831800775308,0.0194577130137265,0.513344531332519,202608250047
1,6,0.224348845398621,0.193140167893146,-0.0291156317199484,0.224348845398621,0.181018071731698,0,0,0.900545423371459,202608250047
2,7,0.391608413259984,0.161411872146119,0.00833370145919209,0.391608413259984,0.328398166127519,0.00326354760501662,0.00273677227625291,0.960618767164039,202608250047
3,8,0.126346743679043,0.175655478850393,-0.0213821030319225,0.126346743679043,0.104153245916913,0,0,0.925649531834545,202608250047
4,9,0.157359859271692,0.0431933158731224,0.0113231279220798,0.157359859271692,0.15056296516442,0.00178180581633384,0.00170484371488436,0.928025406218719,202608250047
5,10,0.258405393339738,0.193593922333613,0.0503216372688634,0.258405393339738,0.208379679690938,0.0130033824719603,0.0104860066556093,0.949323562264804,202608250047
6,11,0.197941975380075,0.225105742891454,0.0158360378123618,0.197941975380075,0.153384099962741,0.00313461660677245,0.00242899640682505,0.908496971529586,202608250047
1,2,0.264590515543416,0.150049818022703,0.110270418897159,0.264590515543416,0.224888756835593,0.0291765069851877,0.0247985774215221,0.264590515543372,202608250048
1,3,0.241665292057402,0.0804944284861857,0.0900239258986931,0.241665292057402,0.222212582488295,0.0217556583444616,0.0200044490596835,0.241665292057467,202608250048
1,4,0.221720626735191,0.05093766802773,0.113644904007894,0.221720626735191,0.210426695055654,0.0251974193418908,0.0239139215602981,0.221720626735205,202608250048
1,5,0.217080970223983,0.156003348738923,0.123142456457113,0.217080970223983,0.183215611921548,0.0267318839234747,0.0225616205133125,0.217080970224121,202608250048
2,3,0.123466168902923,0.168147575272628,0.128219877445523,0.123466168902923,0.102705631973696,0.0158308170454011,0.0131689035446324,0.123466168902698,202608250048
2,4,0.270692027562754,0.169216066332849,0.119407254840516,0.270692027562754,0.224886587470922,0.0323225919184817,0.0268530900603543,0.270692027562749,202608250048
2,5,0.335356300105666,0.245080244506374,0.106499991226845,0.335356300105666,0.253167096079016,0.0357154430191205,0.026962293511341,0.335356300105463,202608250048
3,4,0.191997741814594,0.0787360971157147,0.103785827418339,0.191997741814594,0.176880588969082,0.0199266444966803,0.0183576982803993,0.191997741814564,202608250048
3,5,0.200156767262955,0.169710791685124,0.106081135138882,0.200156767262955,0.166188003829624,0.0212328570769833,0.0176294120927114,0.200156767262792,202608250048
4,5,0.232528218803534,0.173333597592128,0.123242710411975,0.232528218803534,0.192223266096628,0.0286574079326162,0.0236901163179906,0.232528218803537,202608250048
6,7,0.275454587072555,0.203653901447062,0.112783544661499,0.275454587072555,0.21935718574374,0.0310667447233122,0.0247398809551498,0.275454587072481,202608250048
6,8,0.173696355571418,0.262010444186563,0.107839013728938,0.173696355571418,0.128186096294563,0.0187312436731325,0.0138234621981683,0.173696355571561,202608250048
6,9,0.332484411541211,0.203204717650749,0.112104272735708,0.332484411541211,0.264922010570704,0.0372729231517874,0.0296988893267104,0.332484411541181,202608250048
6,10,0.30463457632721,0.205419577752002,0.091467793607577,0.30463457632721,0.242056670289415,0.0278642525532289,0.0221403895593695,0.304634576327342,202608250048
7,8,0.330578459976226,0.13486108862481,0.118711051039053,0.330578459976226,0.285996288987919,0.0392433164346493,0.0339509200590246,0.330578459976298,202608250048
7,9,0.23512452647747,0.0886522478677489,0.13261307678354,0.23512452647747,0.214280208676402,0.0311805868834502,0.0284163577663967,0.235124526477452,202608250048
7,10,0.253983861247993,0.0580830644843449,0.121384835441468,0.253983861247993,0.239231700257143,0.0308297892023762,0.0290391005680959,0.253983861248085,202608250048
8,9,0.217482203814384,0.141566728687675,0.129776006602197,0.217482203814384,0.186693959672596,0.0282239719180759,0.0242283965430611,0.217482203816162,202608250048
8,10,0.241355262422898,0.137782959037845,0.105766550971881,0.241355262422898,0.208100620186915,0.0255273136653831,0.0220100848522794,0.241355262422796,202608250048
9,10,0.203889008376946,0.0656869656635737,0.129061712684282,0.203889008376946,0.190496158084509,0.0263142646186285,0.0245857604221625,0.203889008377221,202608250048
11,12,0.151112507778133,0.135499004066417,0.0751165594466679,0.151112507778133,0.130636913472217,0.0113510516736512,0.00981299547676503,0.573324930516842,202608250048
11,13,0.119058364923457,0.125051662994111,0.0974063031075551,0.119058364923457,0.104169918396419,0.0115970351812242,0.0101468066460109,0.490582336890053,202608250048
11,14,0.15692013428777,0.134195400248539,0.0933920417864303,0.15692013428777,0.135862174059968,0.0146550917385357,0.0126884458370038,0.644324517765298,202608250048
11,15,0.218681886160092,0.104823913569223,0.0807630462104815,0.218681886160092,0.195758795026092,0.0176614152773427,0.0158100766088004,0.602148490105324,202608250048
12,13,0.167898319512603,0.188849873030509,0.0786673831600119,0.167898319512603,0.136190743190612,0.01320812143302,0.0107137693774226,0.52569620739017,202608250048
12,14,0.198874272310727,0.169536235196519,0.0973431322537655,0.198874272310727,0.165157876905719,0.0193590445914145,0.0160769850543845,0.664487591563316,202608250048
12,15,0.0743807856421671,0.165331435589189,0.113671381771367,0.0743807856421671,0.0620833035716959,0.00845496668118498,0.00705709490192591,0.559184290278654,202608250048
13,14,0.165510832422248,0.168504946560415,0.10444667424002,0.165510832422248,0.137621438449767,0.017287055997201,0.0143741015502057,0.479575362348329,202608250048
13,15,0.146073060587988,0.150620064887931,0.099247192049221,0.146073060587988,0.124071526723846,0.0144973410973935,0.0123137506406016,0.477049070769262,202608250048
14,15,0.204279490613851,0.185180692065084,0.0860076044135814,0.204279490613851,0.166450873167276,0.017569589618524,0.0143160408536662,0.431045794339931,202608250048
1,6,0.112676319177721,0.199644325223343,-0.01058605977497,0.112676319177721,0.0901811314668352,0,0,0.972819939455247,202608250048
2,7,0.188687066892723,0.160256900862289,0.00979831262219373,0.188687066892723,0.1584486623197,0.00184881486917968,0.00155252952797682,0.943333777069796,202608250048
3,8,0.201476336710368,0.144660151393943,0.0118359533259715,0.201476336710368,0.172330739339549,0.00238466451759164,0.00203969858745307,0.902548758036632,202608250048
4,9,0.210654493953154,0.0715007203407194,0.0146188849309833,0.210654493953154,0.195592545892494,0.00307953380729568,0.00285934492176044,0.963968244943956,202608250048
5,10,0.248170812755396,0.162901562698843,0.00356324841161101,0.248170812755396,0.2077433995413,0.000884294254358878,0.000740241338438209,0.958665604033702,202608250048
6,11,0.221124925521298,0.203173115351108,0.0251979609394872,0.221124925521298,0.176198285521354,0.00557189723603268,0.00443983751617169,0.974836073837312,202608250048
1,2,0.240570848775383,0.162847101713669,0.12841768133678,0.240570848775383,0.201394583295515,0.0308935505969559,0.025862625420597,0.240570848775029,202608250049
1,3,0.264078865966693,0.109862021679767,0.129934614059794,0.264078865966693,0.235066627868692,0.0343129855307303,0.0305432915704557,0.264078865966809,202608250049
1,4,0.347037031112522,0.0825154353540645,0.126424362332756,0.347037031112522,0.318401119406291,0.0438739353642534,0.040253658486976,0.347037031112533,202608250049
1,5,0.242532658526129,0.132749076579081,0.138339398472308,0.242532658526129,0.210336672066516,0.0335518220903944,0.0290978486903489,0.242532658526225,202608250049
2,3,0.274295274924823,0.159549003514531,0.134567899471291,0.274295274924823,0.230531737141823,0.0369113389815337,0.0310221716286429,0.274295274924841,202608250049
2,4,0.332581263424212,0.179348003259983,0.137300811838212,0.332581263424212,0.272933477907397,0.0456636774703226,0.0374739880945124,0.332581263424084,202608250049
2,5,0.323547192737622,0.215723528011633,0.131469832471108,0.323547192737622,0.253750450842002,0.0425366952257124,0.0333605292616661,0.323547192737673,202608250049
3,4,0.246352633065116,0.0820091710777791,0.140846535381335,0.246352633065116,0.226149457834618,0.034697914849291,0.0318523676143732,0.24635263306506,202608250049
3,5,0.24376075305189,0.13101802992422,0.134240747708932,0.24376075305189,0.211823699414187,0.0327226257517781,0.0284353717918326,0.24376075305158,202608250049
4,5,0.283621144732476,0.14779396759316,0.139551887086595,0.283621144732476,0.24170365045915,0.0395798659650772,0.033730200537293,0.283621144732369,202608250049
6,7,0.239223065402078,0.212190528018462,0.118285299665762,0.239223065402078,0.188462196840216,0.0282965719780469,0.0222923074289127,0.239223065402368,202608250049
6,8,0.249271316736217,0.280638379591976,0.119524133948553,0.249271316736217,0.179316218328607,0.0297939382511117,0.0214326156986563,0.249271316736163,202608250049
6,9,0.232651785472193,0.231750477047964,0.114670579089849,0.232651785472193,0.178734623202952,0.0266783149663836,0.0204956027460884,0.232651785472185,202608250049
6,10,0.23493385046497,0.227424331170266,0.135538108324219,0.23493385046497,0.181504176653719,0.0318424896733468,0.0246007327565898,0.23493385046512,202608250049
7,8,0.403027914926021,0.128074313119338,0.141611730238135,0.403027914926021,0.351410391553952,0.0570734803669416,0.0497638335716155,0.403027914925951,202608250049
7,9,0.279231057964276,0.109377481862751,0.14606742009922,0.279231057964276,0.248689467986271,0.0407865602484175,0.0363254289946022,0.279231057964381,202608250049
7,10,0.294375028714297,0.0492457467683531,0.144188824441982,0.294375028714297,0.279878310595306,0.0424455893353891,0.040355324591545,0.294375028714251,202608250049
8,9,0.308344478694266,0.146691812487093,0.153100835335838,0.308344478694266,0.263112868244216,0.0472077972592857,0.0402827999157978,0.308344478694344,202608250049
8,10,0.421809516336062,0.151305329698606,0.13753817921546,0.421809516336062,0.357987488396824,0.0580149128526156,0.0492369473360147,0.421809516335965,202608250049
9,10,0.274031513640196,0.100660590457384,0.141061350241167,0.274031513640196,0.246447339673243,0.0386552553227169,0.0347641944976513,0.274031513640197,202608250049
11,12,0.138328080043859,0.137702723918675,0.0876740604736155,0.138328080043859,0.11927992662738,0.0121277844549645,0.0104577555004173,0.528745422072142,202608250049
11,13,0.143755475084421,0.174528248847455,0.0906942091037115,0.143755475084421,0.118666083755703,0.0130377891171098,0.0107623266136583,0.424902573616365,202608250049
11,14,0.1461917935893,0.13009019441031,0.107471896249777,0.1461917935893,0.127173674740076,0.0157115092731981,0.0136675959773684,0.606847657964494,202608250049
11,15,0.240772117025102,0.120562412573027,0.0823414104691582,0.240772117025102,0.211744049716241,0.0198255157174921,0.0174353037120868,0.597856656700906,202608250049
12,13,0.183036070452056,0.219193159111256,0.0912963158863167,0.183036070452056,0.142915815938359,0.016710518906581,0.0130476874770591,0.480158412041317,202608250049
12,14,0.213406102663717,0.153600949853047,0.103598640838365,0.213406102663717,0.180626722590133,0.0221085821825736,0.0187126829594261,0.436881253363859,202608250049
12,15,0.139123560099865,0.156840029448885,0.111322154275446,0.139123560099865,0.117303416836769,0.0154875344207865,0.0130584690661397,0.439119408818794,202608250049
13,14,0.227148430032711,0.189181437408116,0.100735347815228,0.227148430032711,0.184176163534126,0.0228818761050281,0.0185530498928844,0.390261690976593,202608250049
13,15,0.136366044298179,0.193718303674046,0.112478885803177,0.136366044298179,0.109949445517996,0.0153383007240459,0.0123669911265414,0.524131993155285,202608250049
14,15,0.154184423714048,0.176658226001417,0.129664394842341,0.154184423714048,0.126946476943673,0.0199922299949972,0.0164604381102686,0.574476748580448,202608250049
1,6,0.236664958972518,0.224662666956076,0.0123803300928877,0.236664958972518,0.183495178114702,0.00292999031349949,0.00227173087551323,0.965919811070033,202608250049
2,7,0.257910385504929,0.1501256894929,0.00632253597887054,0.257910385504929,0.219191411053622,0.00163064769167929,0.00138584558264593,0.949883768628274,202608250049
3,8,0.289195216952082,0.14048971383669,0.00230210179090705,0.289195216952082,0.248566263679544,0.00066575682686714,0.000572224840775752,0.877370004104909,202608250049
4,9,0.200073023381938,0.108959889476994,-0.000857288171267912,0.200073023381938,0.178273088866914,0,0,0.876714412246849,202608250049
5,10,0.241637338528557,0.13576477757465,0.0125850785821323,0.241637338528557,0.208831499009497,0.00304102489375921,0.00262816082545901,0.926071433757553,202608250049
6,11,0.250155567192442,0.228858745801499,0.0333511496584849,0.250155567192442,0.192905277829517,0.00834297575933831,0.00643361279080384,0.929656112798146,202608250049
1,2,0.347100600171464,0.135811120376494,0.106586267656101,0.347100600171464,0.299960478778824,0.0369961574734691,0.031971667877372,0.347100600171485,202608250050
1,3,0.26301809845997,0.0615542164284109,0.114409233357395,0.26301809845997,0.246828225502776,0.0300916990039249,0.0282394280507387,0.263018098459845,202608250050
1,4,0.279021604922342,0.0797017590856328,0.140258593611415,0.279021604922342,0.256783092187135,0.0391351778936076,0.0360160353733579,0.279021604922388,202608250050
1,5,0.313545893475109,0.159411507612491,0.118599181692205,0.313545893475109,0.263563069890537,0.0371862863890992,0.0312583644133031,0.313545893475031,202608250050
2,3,0.211460321218468,0.152884404503999,0.109186537363913,0.211460321218468,0.179131335932758,0.0230886202637052,0.0195587303038697,0.211460321218749,202608250050
2,4,0.296830538119845,0.18503248531275,0.134471338204281,0.296830538119845,0.241907245934809,0.0399151996808725,0.0325295910821659,0.296830538119916,202608250050
2,5,0.159824699150065,0.236268750898325,0.137209178910313,0.159824699150065,0.122063117119179,0.0219294157399682,0.0167481800751558,0.159824699150493,202608250050
3,4,0.267545944985944,0.093909453492639,0.114317107449332,0.267545944985944,0.242420851508142,0.0305850785405913,0.0277128505298149,0.267545944986052,202608250050
3,5,0.122544001976007,0.179682428299237,0.115291085344973,0.122544001976007,0.100524998127452,0.0141282309903304,0.0115896361384153,0.122544001976001,202608250050
4,5,0.33481169203673,0.209996842300656,0.139693941167338,0.33481169203673,0.264502293943677,0.0467711648095159,0.036949367888794,0.334811692036809,202608250050
6,7,0.25371415288599,0.1821153744116,0.0848344697965143,0.25371415288599,0.207508904939636,0.0215237056399548,0.0176039079286093,0.253714152885934,202608250050
6,8,0.259438030706602,0.234017453057366,0.0997547570546216,0.259438030706602,0.198725003534424,0.0258801777238665,0.0198237644482553,0.259438030706579,202608250050
6,9,0.26335909237451,0.186912437256332,0.0776379416121279,0.26335909237451,0.214134002545175,0.0204466578367952,0.0166249231867735,0.263359092374392,202608250050
6,10,0.178667883981633,0.17089744272443,0.0921827176330495,0.178667883981633,0.148133999512187,0.0164700910991733,0.0136553946488862,0.178667883981798,202608250050
7,8,0.240636267187335,0.144544620318338,0.10476961591152,0.240636267187335,0.20585358931192,0.0252113692875991,0.0215672014862177,0.240636267187057,202608250050
7,9,0.169308234628224,0.142193463935271,0.130896128105582,0.169308234628224,0.145233710273671,0.022161792369226,0.0190105303452315,0.169308234628288,202608250050
7,10,0.250225803177838,0.0859412017041481,0.105954435071219,0.250225803177838,0.228721096955349,0.02651253361595,0.0242340146167737,0.250225803177746,202608250050
8,9,0.222952780472575,0.151400616639499,0.103131629556684,0.222952780472575,0.189197592027536,0.0229934835643302,0.0195122559740004,0.222952780472299,202608250050
8,10,0.247819342398013,0.133458203124213,0.102945116849623,0.247819342398013,0.21474581826215,0.0255117911607601,0.0221070333539648,0.247819342397843,202608250050
9,10,0.191660594853802,0.103621014221728,0.115653940700311,0.191660594853802,0.171800529628712,0.0221663030718081,0.0198694082659611,0.191660594853611,202608250050
11,12,0.192426573898092,0.112969631774531,0.100372404985971,0.192426573898092,0.17068821470119,0.0193143180053623,0.0171323866123203,0.596160193530205,202608250050
11,13,0.187950503755956,0.144603332660718,0.115562128187778,0.187950503755956,0.160772234537584,0.0217199602080032,0.0185791815766678,0.510219332840901,202608250050
11,14,0.118995989246347,0.102716759712447,0.103040243605152,0.118995989246347,0.106773106812185,0.0122613757199796,0.0110019269364064,0.503454596100302,202608250050
11,15,0.176799395946172,0.14029213822375,0.0952437103555608,0.176799395946172,0.151995830652216,0.0168390304585354,0.0144766468698926,0.487736495986947,202608250050
12,13,0.174185484017664,0.194879734105566,0.139950993295946,0.174185484017664,0.140240263207252,0.0243774315060072,0.0196267641359399,0.490110514140272,202608250050
12,14,0.209461900404478,0.135655766695605,0.114931632669797,0.209461900404478,0.18104718571159,0.024073798195605,0.0208080486441049,0.485401955918314,202608250050
12,15,0.145452524053021,0.174356465653112,0.124585122805109,0.145452524053021,0.120091936038812,0.0181212205714587,0.0149616685992987,0.599057286761987,202608250050
13,14,0.252906533127494,0.164307464295338,0.116607017580675,0.252906533127494,0.21135210196559,0.0294906765546652,0.0246451382696142,0.660921267201328,202608250050
13,15,0.221038213749632,0.180052274882613,0.121403292561226,0.221038213749632,0.181239780528022,0.0268347669310574,0.0220031060991758,0.636247696895441,202608250050
14,15,0.212627121238658,0.192935103244838,0.14381416990473,0.212627121238658,0.171603885649825,0.0305787929401701,0.0246790703671559,0.545647648451686,202608250050
1,6,0.0901633519042417,0.161065549649115,-0.0284470708561558,0.0901633519042417,0.0756411420715784,0,0,0.910053267355901,202608250050
2,7,0.223819670814466,0.160522101285667,-0.00901600402306903,0.223819670814466,0.187891666946261,0,0,0.856949428892334,202608250050
3,8,0.219640304391314,0.137559031275741,-0.0231029574412489,0.219640304391314,0.189426796890136,0,0,0.921121818756775,202608250050
4,9,0.141388191587675,0.12612751374718,-0.00538014718365415,0.141388191587675,0.123555250509512,0,0,0.87452553573102,202608250050
5,10,0.212103936122636,0.171350659780514,-0.00149943326360534,0.212103936122636,0.175759786725978,0,0,0.898227718795799,202608250050
6,11,0.178296666735213,0.167846796327912,7.73928083328734e-05,0.178296666735213,0.148370142427762,1.37988797550285e-05,1.14827819952329e-05,0.937041197325027,202608250050
1,2,0.203619854900753,0.154409138325033,0.108460064909829,0.203619854900753,0.172179088559659,0.0220846226794656,0.0186745551212958,0.203619854899963,202608250051
1,3,0.23606797749979,0.100680901486558,0.117977800300833,0.23606797749979,0.212300440713002,0.0278507807068916,0.0250467389982174,0.23606797749979,202608250051
1,4,0.218115377498959,0.0700138190385575,0.130088469006967,0.218115377498959,0.20284428692922,0.0283742955257163,0.0263877027334322,0.218115377498394,202608250051
1,5,0.3550287975372,0.165938018344982,0.114376007084951,0.3550287975372,0.296116022418475,0.0406067762624764,0.033868568278103,0.355028797537188,202608250051
2,3,0.20299307102537,0.15625337705459,0.127628450698223,0.20299307102537,0.171274718158974,0.0259076911574423,0.0218595269224046,0.202993071025601,202608250051
2,4,0.288357001518758,0.15569703452974,0.111215480916381,0.288357001518758,0.243460671496399,0.0320697625995144,0.0270765956646972,0.288357001518836,202608250051
2,5,0.249545124841884,0.238067694357778,0.143362442911483,0.249545124841884,0.190136492332553,0.0357753987139833,0.0272584320274151,0.249545124842033,202608250051
3,4,0.317442614994804,0.0724570397797399,0.117618798661573,0.317442614994804,0.294441662812341,0.0373372190196772,0.0346318746559036,0.31744261499474,202608250051
3,5,0.288414359269422,0.170525300658044,0.138611217449258,0.288414359269422,0.239232413940907,0.0399774654681821,0.0331602961496738,0.288414359269289,202608250051
4,5,0.337749722760342,0.174956618989429,0.112941387035154,0.337749722760342,0.278658173201576,0.0381459221592917,0.0314720405900681,0.337749722760486,202608250051
6,7,0.0827865627336033,0.209285665848019,0.0620533351080308,0.0827865627336033,0.0654605218286323,0.0051371823197503,0.00406204369737869,0.0827865627328501,202608250051
6,8,0.234223137752706,0.285974576271186,0.0806546665808565,0.234223137752706,0.167241275180968,0.0188911890809666,0.0134887892882783,0.234223137752789,202608250051
6,9,0.0644695664721792,0.213640025869073,0.0611090057934579,0.0644695664721792,0.0506962866232949,0.00393967111105012,0.00309799967296973,0.0644695664726557,202608250051
6,10,0.123805831265426,0.197711768685859,0.0733848353755001,0.123805831265426,0.0993279613923157,0.00908547054594024,0.00728916609495912,0.123805831264988,202608250051
7,8,0.191531453967671,0.166008386282438,0.10884188200184,0.191531453967671,0.159735626372169,0.02084664391239,0.0173859261970896,0.191531453967719,202608250051
7,9,0.1601604377062,0.077543534702081,0.0894542100732514,0.1601604377062,0.147741031247028,0.0143270254399943,0.0132160572456105,0.160160437706399,202608250051
7,10,0.212919840896058,0.0480542364844605,0.0902590494766809,0.212919840896058,0.202688140509405,0.0192179424540043,0.0182944389025749,0.212919840893876,202608250051
8,9,0.262558425598161,0.16637981849141,0.0883844365815382,0.262558425598161,0.218874002403748,0.0232060785162291,0.0193450553848015,0.262558425598101,202608250051
8,10,0.372680683463336,0.159579370112027,0.112237631334578,0.372680683463336,0.313208534743337,0.0418287971560764,0.035153784053366,0.37268068346317,202608250051
9,10,0.219324303767067,0.0563236968942595,0.0883716418437044,0.219324303767067,0.206971148160146,0.019382048820123,0.0182903801771887,0.219324303768121,202608250051
11,12,0.00484922808773954,0.152618516697428,0.0865018474818558,0.00484922808773954,0.00410914608986123,0.000419467188450377,0.00035544872834584,0.376865358655067,202608250051
11,13,0.102203813528457,0.171612932565645,0.104122394822628,0.102203813528457,0.0846643173694463,0.0106417058245882,0.00881545148052973,0.450670649275719,202608250051
11,14,0.189016151222994,0.104249329624293,0.0747538265698484,0.189016151222994,0.169311344169833,0.0141296805874239,0.0126566708583796,0.495622829789409,202608250051
11,15,0.120266726998443,0.156096587559201,0.0896843765439084,0.120266726998443,0.101493501317072,0.0107860464298318,0.00910238138887993,0.575139317037933,202608250051
12,13,0.233698743438367,0.235220762587189,0.0821883000306114,0.233698743438367,0.178727946791126,0.0192073024424894,0.0146893461147242,0.41179355037158,202608250051
12,14,0.150747564735213,0.169302838197253,0.0999406763988235,0.150747564735213,0.125225574174217,0.0150658135851126,0.0125151285854023,0.529194883523769,202608250051
12,15,0.109444490580465,0.197126551973721,0.108506488914707,0.109444490580465,0.0878700755198179,0.011875437403945,0.00953447337532554,0.468209119433691,202608250051
13,14,0.198633664883922,0.182913674001556,0.127210681318577,0.198633664883922,0.16230085145961,0.0252683238426896,0.0206464018927621,0.512410113388902,202608250051
13,15,0.311207855228829,0.18975845410628,0.106381120381313,0.311207855228829,0.252153533714875,0.0331066403107084,0.0268243754246957,0.638704473014797,202608250051
14,15,0.2302554299541,0.197373982871285,0.122098974189291,0.2302554299541,0.184808998666319,0.0281139517989097,0.0225649891581076,0.664113942433237,202608250051
1,6,0.121820041957046,0.214418165514757,-0.0502882583601637,0.121820041957046,0.0956996120376855,0,0,0.943333777069796,202608250051
2,7,0.315024761327813,0.145290179172116,0.0115745111545003,0.315024761327813,0.269254757310842,0.00364625761393256,0.00311649219189661,0.883019295874834,202608250051
3,8,0.168131355045275,0.174497168044846,-0.00462740455491222,0.168131355045275,0.138792909730332,0,0,0.924173752299015,202608250051
4,9,0.216188986172916,0.0633946713882214,-0.0261565053826623,0.216188986172916,0.202483756436731,0,0,0.870312859859155,202608250051
5,10,0.216265362912724,0.160091645931143,-0.00724136549220708,0.216265362912724,0.18164308500613,0,0,0.975642314725097,202608250051
6,11,0.166829893194395,0.213137439878289,0.0442328827017179,0.166829893194395,0.131272196863773,0.00737936709680778,0.00580654768587208,0.928025406218719,202608250051
1,2,0.275289157698201,0.172505365864417,0.114693088484018,0.275289157698201,0.227800300830966,0.0315737637225707,0.026127120059892,0.275289157698269,202608250052
1,3,0.220653139858706,0.136146683503175,0.13073043463685,0.220653139858706,0.190611946662381,0.0288460808777143,0.0249187826341491,0.220653139859609,202608250052
1,4,0.250976607923887,0.0924567386068289,0.135808604893247,0.250976607923887,0.22777212928864,0.0340847829829826,0.0309334151122545,0.250976607923809,202608250052
1,5,0.292457476503731,0.17814352906419,0.130374661331158,0.292457476503731,0.240358069538149,0.0381290444529392,0.0313366019142472,0.292457476503693,202608250052
2,3,0.210671141452148,0.179266556560588,0.122801763186272,0.210671141452148,0.172904851357333,0.0258707876227883,0.0212330206101408,0.210671141451965,202608250052
2,4,0.263645246754982,0.176823849462777,0.123675166104971,0.263645246754982,0.217026479331203,0.0326063696852086,0.0268407858804636,0.263645246754999,202608250052
2,5,0.193754550120198,0.246453922244982,0.14475380317273,0.193754550120198,0.146002981290263,0.0280467080119199,0.0211344868163225,0.193754550120175,202608250052
3,4,0.259721386777463,0.100501623974717,0.102441588354153,0.259721386777463,0.233618965625362,0.0266062713910267,0.0239322979083165,0.259721386777274,202608250052
3,5,0.285803279379866,0.181084905885815,0.116679209159284,0.285803279379866,0.234048619431505,0.0333473006131727,0.0273086078200903,0.285803279379861,202608250052
4,5,0.285307417008702,0.184024617704331,0.13459862112661,0.285307417008702,0.232803828665466,0.0384019849265659,0.0313350743313671,0.285307417008577,202608250052
6,7,0.401831458802853,0.164639058221621,0.12932517288861,0.401831458802853,0.335674305861731,0.0519669228817614,0.0434111376398326,0.401831458803081,202608250052
6,8,0.242993225250927,0.230669475809549,0.121010735707555,0.242993225250927,0.186942105357024,0.0294047889595663,0.0226220017039727,0.242993225250817,202608250052
6,9,0.360039621328338,0.162493275848037,0.120707917686684,0.360039621328338,0.30153560382361,0.0434596329752458,0.0363977348459447,0.360039621328494,202608250052
6,10,0.23058192682305,0.170390856885604,0.131228683148962,0.23058192682305,0.191292874729337,0.0302589626149392,0.0251031120465102,0.230581926823009,202608250052
7,8,0.312759800489883,0.135310260800116,0.151973143360953,0.312759800489883,0.270440190317805,0.0475310899973921,0.0410996458137312,0.312759800490006,202608250052
7,9,0.259358159322455,0.0800369525302111,0.148707530604123,0.259358159322455,0.23859992263644,0.0385685114148729,0.0354816052975998,0.259358159322401,202608250052
7,10,0.337100484052229,0.0618678740797995,0.144319918873026,0.337100484052229,0.316244793752646,0.0486503145104755,0.0456404229783988,0.337100484052119,202608250052
8,9,0.276390971928357,0.131734921016453,0.112105942700101,0.276390971928357,0.239980629071714,0.0309850704618255,0.0269032546518477,0.276390971928504,202608250052
8,10,0.334611482090757,0.138551600626819,0.119396446991728,0.334611482090757,0.28825052565897,0.0399514220842727,0.0344160886071791,0.334611482090746,202608250052
9,10,0.158777242274435,0.0488240718300199,0.150185048754363,0.158777242274435,0.151025090792655,0.0238459678720694,0.0226817106238271,0.158777242274519,202608250052
11,12,0.173067142081391,0.147268121968811,0.100868726970394,0.173067142081391,0.147579869092555,0.0174570623021543,0.0148861935218235,0.622189103648592,202608250052
11,13,0.131999806282135,0.182680599998453,0.09050430272292,0.131999806282135,0.107886002470835,0.0119465504271251,0.00976414742718611,0.545202636482379,202608250052
11,14,0.125088801777775,0.128910039434975,0.0864824214095287,0.125088801777775,0.108963599407728,0.0108179824689585,0.00942343592227819,0.519477200742253,202608250052
11,15,0.176439973886386,0.120319212858645,0.0858362154057148,0.176439973886386,0.155210855111576,0.0151449396046905,0.0133227123926624,0.499769396417031,202608250052
12,13,0.180512653814238,0.221710694344575,0.163206306901647,0.180512653814238,0.140491067999101,0.0294608035780372,0.0229290283608014,0.657376227109957,202608250052
12,14,0.259445213108209,0.149264133807463,0.102786860373402,0.259445213108209,0.22071934810312,0.0266675588943011,0.0226870488151837,0.529719471965615,202608250052
12,15,0.275254498231724,0.145908373995761,0.105743876279812,0.275254498231724,0.235092561959714,0.0291064776064772,0.0248595987861721,0.603736202441262,202608250052
13,14,0.190988021659029,0.191303588884234,0.0963187392632362,0.190988021659029,0.154451327681757,0.0183957254605773,0.0148765571598398,0.495112606720266,202608250052
13,15,0.171135615529423,0.190218081729527,0.109594973230104,0.171135615529423,0.138582527027814,0.0187556032026644,0.0151879483397734,0.470910766582466,202608250052
14,15,0.0291311896304586,0.158500084005377,0.111532371445384,0.0291311896304586,0.0245138936268544,0.00324907066251022,0.00273409268956294,0.427912092518106,202608250052
1,6,0.296698856075039,0.176220529513242,0.0313852966408417,0.296698856075039,0.244414426551523,0.00931198161091352,0.00767101928062076,0.899855680593428,202608250052
2,7,0.248410738325917,0.166367604074894,0.0264466927085139,0.248410738325917,0.207083238964159,0.00656964246200058,0.00547666678596886,0.951198703077433,202608250052
3,8,0.160315259912174,0.15405235907533,-0.00316814532844402,0.160315259912174,0.135618315926929,0,0,0.873495327692966,202608250052
4,9,0.194725655525954,0.0574254605761031,0.00306454474681144,0.194725655525954,0.183543445071393,0.000596745484711477,0.000562477100405211,0.966462152913049,202608250052
5,10,0.191911436962263,0.171465626190719,0.0466937930720204,0.191911436962263,0.159005222250368,0.00896107292566999,0.00742455694512929,0.966462152913272,202608250052
6,11,0.204304993337567,0.186602953937822,-0.004792140674454,0.204304993337567,0.16618107807653,0,0,0.791272414717488,202608250052
1,2,0.243364689826037,0.168281782693071,0.13956871670699,0.243364689826037,0.202410845977565,0.0339660974508147,0.028250222020665,0.243364689826127,202608250053
1,3,0.159350167380073,0.11977956530872,0.127878553573611,0.159350167380073,0.140263273599416,0.0203774689162767,0.0179366645473931,0.159350167379854,202608250053
1,4,0.245477804794206,0.0876917146140079,0.126916752411201,0.245477804794206,0.223951435192119,0.0311552457735115,0.0284231888524114,0.245477804794099,202608250053
1,5,0.321905558499814,0.150123646659098,0.128222236445886,0.321905558499814,0.273579922177988,0.0412754506352082,0.0350790294683532,0.321905558499784,202608250053
2,3,0.262407474947307,0.162859093128658,0.113096644841752,0.262407474947307,0.219672031547207,0.0296774049979364,0.0248441697335606,0.262407474947387,202608250053
2,4,0.249303148744269,0.156830705609413,0.121130734049637,0.249303148744269,0.210204760016057,0.0301982734082792,0.0254622568814728,0.249303148744454,202608250053
2,5,0.309616690885513,0.229040083698424,0.123026652257525,0.309616690885513,0.238702058090666,0.0380911049626978,0.029366715093876,0.309616690885512,202608250053
3,4,0.189843113610878,0.0753234380247301,0.11642153380675,0.189843113610878,0.175543477608387,0.0221018264692275,0.0204370409129393,0.189843113610508,202608250053
3,5,0.27510668030592,0.148880358293144,0.126289266132873,0.27510668030592,0.234148699173137,0.0347430207640855,0.0295704673845423,0.275106680305937,202608250053
4,5,0.311973095238547,0.144292713221288,0.134520667910899,0.311973095238547,0.266957650874534,0.0419668291417199,0.0359113214995669,0.311973095238541,202608250053
6,7,0.264709770694653,0.191881441692942,0.1280282539859,0.264709770694653,0.213916878263555,0.0338903297550445,0.0273874044221973,0.264709770694708,202608250053
6,8,0.3461216779514,0.287626308094076,0.0990875666156621,0.3461216779514,0.246567977570912,0.0342963548211341,0.0244318209028468,0.34612167795133,202608250053
6,9,0.28886065069555,0.192482641392028,0.11788562720432,0.28886065069555,0.233259989655451,0.0340525189818929,0.027498000182206,0.288860650695511,202608250053
6,10,0.30263686787972,0.209546825824518,0.129815044438475,0.30263686787972,0.239220272838051,0.0392868184525269,0.0310543903490558,0.302636867879827,202608250053
7,8,0.190178290551346,0.176238178899878,0.118083877741824,0.190178290551346,0.156661614958285,0.0224569900106143,0.0184992109875709,0.190178290551343,202608250053
7,9,0.231179063406039,0.0841467313212696,0.120827126873336,0.231179063406039,0.211726100870508,0.0279327020246205,0.0255822564522777,0.231179063406123,202608250053
7,10,0.267340534845314,0.0634781224229855,0.121669571494975,0.267340534845314,0.250370259645776,0.0325272083178667,0.0304624422061872,0.267340534845371,202608250053
8,9,0.22454368247505,0.176759728012083,0.123867629205028,0.22454368247505,0.184853402233928,0.027813693601151,0.0228973526852001,0.224543682475219,202608250053
8,10,0.318386470189008,0.191581225851012,0.120261387359675,0.318386470189008,0.257389599935821,0.0382895986214799,0.0309540303802335,0.318386470189044,202608250053
9,10,0.264164727028686,0.068598369666157,0.136416445424204,0.264164727028686,0.246043457431212,0.0360364130677084,0.0335643738826474,0.264164727028563,202608250053
11,12,0.0719725889297067,0.131666666666667,0.0799011778531291,0.0719725889297067,0.062496198053962,0.00575069462862265,0.004993519835854,0.510410765483371,202608250053
11,13,0.18925410245553,0.108333333333333,0.0909904344356187,0.18925410245553,0.168751574689514,0.0172203130011518,0.0153547790926937,0.671510370823943,202608250053
11,14,0.0904459385933185,0.153333333333333,0.0858772921588161,0.0904459385933185,0.076577561342343,0.00776725229315676,0.00657627360820605,0.525962513976628,202608250053
11,15,0.148666792428901,0.128333333333333,0.0889353479065281,0.148666792428901,0.129587887400525,0.0132217329068119,0.0115249438504377,0.63884655717103,202608250053
12,13,0.130569516493583,0.194486279170268,0.0972894873881319,0.130569516493583,0.105175537057685,0.0127030413281769,0.0102324740861137,0.670769493404152,202608250053
12,14,0.115844941768213,0.209180414093536,0.0975293915334702,0.115844941768213,0.0916124488784963,0.0112982866828841,0.0089349063960109,0.445791532068806,202608250053
12,15,0.166239057561039,0.181629670919767,0.0973360988439385,0.166239057561039,0.136045112242216,0.0161810613384845,0.013242100492443,0.638900693897836,202608250053
13,14,0.206535311312813,0.192389151474229,0.109068134684072,0.206535311312813,0.166800158019875,0.0225264211512827,0.0181925821002363,0.708201687700196,202608250053
13,15,0.211215720336344,0.167006194706342,0.115163058757948,0.211215720336344,0.175941386620812,0.0243242484116967,0.0202619482453675,0.688906792182651,202608250053
14,15,0.25268850308839,0.23672370235841,0.119490990291651,0.25268850308839,0.192871145093902,0.0301939994693466,0.023046364125955,0.610438732469756,202608250053
1,6,0.136841017159215,0.209377991600295,0.0265616189206515,0.136841017159215,0.108189519817877,0.00363471895049739,0.00287368879661071,0.971081825501074,202608250053
2,7,0.147727638370215,0.161045894921835,0.0276446779115718,0.147727638370215,0.123936708644195,0.00408388298138176,0.00342619039188908,0.952166178001319,202608250053
3,8,0.160002670926763,0.184504114836564,0.00344522635513788,0.160002670926763,0.130481519755934,0.000551245418769337,0.00044953837072159,0.889897646115296,202608250053
4,9,0.124083829566089,0.0630789997730381,0.0144600518635917,0.124083829566089,0.116256745709052,0.00179425861095872,0.00168107857244529,0.778140885282201,202608250053
5,10,0.102901040378597,0.155585603123361,0.0170826312913241,0.102901040378597,0.0868911199492717,0.00175782053228123,0.00148432896458363,0.940499447619358,202608250053
6,11,0.185258849028901,0.176666666666667,0.00880783600444352,0.185258849028901,0.152529785700462,0.00163172956061852,0.00134345733824259,0.941482266322069,202608250053
1,2,0.31112035845893,0.132418689739831,0.13009914323313,0.31112035845893,0.269922208240412,0.040476492077891,0.035116648031672,0.311120358458923,202608250054
1,3,0.281966771166048,0.0977590385510063,0.137285803529616,0.281966771166048,0.254401970713523,0.0387100347481822,0.0349257789689239,0.28196677116607,202608250054
1,4,0.3795663231674,0.0342475150880177,0.116369514139072,0.3795663231674,0.366567119787822,0.0441699486105445,0.0426572376290679,0.37956632316759,202608250054
1,5,0.260323442479236,0.140142021476992,0.127828967423976,0.260323442479236,0.223841189012346,0.0332768768483757,0.0286133880584034,0.260323442479355,202608250054
2,3,0.286033272942531,0.149025587294584,0.123501465028304,0.286033272942531,0.243406996456478,0.0353255282552433,0.0300611206605142,0.286033272942602,202608250054
2,4,0.29195167532217,0.144060514431961,0.136163039119686,0.29195167532217,0.249892966785986,0.0397530273879505,0.0340261858122145,0.291951675322234,202608250054
2,5,0.274206176355793,0.214352538050841,0.125704060760524,0.274206176355793,0.215429386504712,0.0344688298535396,0.0270803486907908,0.274206176355978,202608250054
3,4,0.274278455001472,0.0887180356240116,0.147789962837244,0.274278455001472,0.249945009259752,0.0405356026717243,0.0369393636298535,0.2742784550015,202608250054
3,5,0.280284353952975,0.156049071220861,0.134673930159032,0.280284353952975,0.236546240840874,0.0377469955089325,0.0318566119183856,0.280284353952985,202608250054
4,5,0.260463446293208,0.150241065649905,0.119782298401408,0.260463446293208,0.22133114055927,0.0311989102465521,0.0265115527239944,0.2604634462935,202608250054
6,7,0.259539077061575,0.209506190613303,0.0964714024821382,0.259539077061575,0.205164033711112,0.0250380987630499,0.0197924620710037,0.259539077061655,202608250054
6,8,0.317862286899378,0.291549818235774,0.10032083093272,0.317862286899378,0.225189594929857,0.0318882087439203,0.0225912072807659,0.317862286899352,202608250054
6,9,0.240765674789955,0.211044691147168,0.0908436895903721,0.240765674789955,0.189953357315069,0.0218720422246351,0.0172560638285792,0.240765674789766,202608250054
6,10,0.233580461357204,0.223585019892752,0.0913944700099815,0.233580461357204,0.181355369258095,0.0213479624704286,0.0165748778568081,0.233580461357098,202608250054
7,8,0.215035360714137,0.143893728362739,0.107794019896942,0.215035360714137,0.184093120931154,0.0231795259513658,0.0198441375405429,0.215035360705633,202608250054
7,9,0.264323861921967,0.0530074264444704,0.0950587862950877,0.264323861921967,0.25031273425362,0.0251263055031325,0.0237944247123539,0.264323861921856,202608250054
7,10,0.226664742093626,0.0469865264413762,0.0976561747432743,0.226664742093626,0.216014553195916,0.0221352116620344,0.0210951549539907,0.226664742093653,202608250054
8,9,0.261910082526215,0.143896227021468,0.128514408806005,0.261910082526215,0.224222209831811,0.0336592194161886,0.0288157847377113,0.261910082526184,202608250054
8,10,0.242821713122942,0.157001934235977,0.12722074496174,0.242821713122942,0.204698234488147,0.0308919592363867,0.026041861883935,0.242821713122769,202608250054
9,10,0.186198999227078,0.0491256235067274,0.0989158428860189,0.186198999227078,0.177051857293719,0.0184180309530796,0.0175132336987433,0.186198999227078,202608250054
11,12,0.188430538799804,0.13455989268192,0.0825130807595982,0.188430538799804,0.163075345720906,0.0155479842655628,0.0134558491713685,0.49392640693228,202608250054
11,13,0.200477869458188,0.183218462994482,0.0964764506701135,0.200477869458188,0.16374662235165,0.0193413932832323,0.0157976929337067,0.437940952171328,202608250054
11,14,0.111493727833678,0.173698574138378,0.0740396741611187,0.111493727833678,0.0921274262835955,0.00825495927981394,0.00682108462333989,0.486082015658189,202608250054
11,15,0.165063278967813,0.177193403366192,0.0754173465091745,0.165063278967813,0.135815154796723,0.0124486345058561,0.0102428185905016,0.512293948214377,202608250054
12,13,0.164124059861277,0.224301088355995,0.103705586850791,0.164124059861277,0.127310854608988,0.017020581944248,0.0132028468897008,0.529307398379142,202608250054
12,14,0.122751881318025,0.202781654688748,0.0842805552498839,0.122751881318025,0.0978600517081989,0.010345596715451,0.00824769949474935,0.463254952757257,202608250054
12,15,0.133423387163623,0.206977475778839,0.0972386274515623,0.133423387163623,0.105807751278634,0.0129739070377291,0.0102886005080706,0.575781185829846,202608250054
13,14,0.129325337099746,0.223389025539463,0.0924487316030154,0.129325337099746,0.100435476067471,0.0119559633790039,0.00928513237038272,0.470323557977616,202608250054
13,15,0.155072046114042,0.224634080507909,0.0971140164710815,0.155072046114042,0.120237579622734,0.0150596692405234,0.0116767542879252,0.53843864299549,202608250054
14,15,0.138136146169214,0.253203118792998,0.0655069208006939,0.138136146169214,0.103159643141124,0.00904887358681981,0.00675767057307345,0.556972309411064,202608250054
1,6,0.134904414010152,0.210888161159075,-0.0426140952492041,0.134904414010152,0.106454670207308,0,0,0.808346804040268,202608250054
2,7,0.162645342522408,0.136705177004593,-0.0519723265516412,0.162645342522408,0.14041088218391,0,0,0.958665604033703,202608250054
3,8,0.219918154802882,0.161333412381592,-0.00632017390602365,0.219918154802882,0.18443800844387,0,0,0.936750911505464,202608250054
4,9,0.147728553103942,0.0447010168711908,-0.0437341866721502,0.147728553103942,0.141124936559286,0,0,0.819660112501051,202608250054
5,10,0.215898766113587,0.154775537085741,-0.0228660028313824,0.215898766113587,0.182482918632208,0,0,0.966502293031389,202608250054
6,11,0.228990109481674,0.225616177031667,0.00371124642895215,0.228990109481674,0.177326236402356,0.000849838726079223,0.000658101361607766,0.922532071934875,202608250054
1,2,0.231574190641461,0.153030131955057,0.119984966269978,0.231574190641461,0.196136361690213,0.0277854214531131,0.0235334147417163,0.231574190641413,202608250055
1,3,0.139034560509764,0.0824205877269633,0.118273313006972,0.139034560509764,0.127575250318189,0.0164440780939581,0.015088747512826,0.139034560509913,202608250055
1,4,0.225857749257818,0.0565458861686563,0.109239341319155,0.225857749257818,0.213086422677976,0.024672551760751,0.0232774204573973,0.225857749257793,202608250055
1,5,0.225264448427857,0.151545068641212,0.093214303899171,0.225264448427857,0.191126732128433,0.0209978687534334,0.0178157452918752,0.225264448427914,202608250055
2,3,0.303944334357438,0.157133399536577,0.134392055710464,0.303944334357438,0.256184527829971,0.0408477039158448,0.0344291653362845,0.303944334357379,202608250055
2,4,0.311986270526267,0.169628434544541,0.128256081622225,0.311986270526267,0.259064527857507,0.0400141365776305,0.0332266012303156,0.31198627052623,202608250055
2,5,0.276078334712565,0.231655537401435,0.113444748140415,0.276078334712565,0.212123259719832,0.031319637148492,0.0240642697736401,0.276078334712692,202608250055
3,4,0.290281241156588,0.0728047178635531,0.117243010689403,0.290281241156588,0.2691473972931,0.034033446659855,0.03155565117786,0.290281241156548,202608250055
3,5,0.219471630517247,0.159315673235029,0.119770965308437,0.219471630517247,0.184506359945403,0.0262863290448672,0.0220985048362067,0.219471630517868,202608250055
4,5,0.176928391004742,0.16467397097732,0.111529165410727,0.176928391004742,0.147792890279363,0.0197326757862216,0.0164832177064965,0.176928391004683,202608250055
6,7,0.186688349454725,0.203837951277615,0.0938072965228764,0.186688349454725,0.148634178774475,0.0175127293546658,0.0139429704817314,0.186688349454523,202608250055
6,8,0.193477110650389,0.265451994743137,0.0979194113960748,0.193477110650389,0.142118225691104,0.0189451647934993,0.0139161330083275,0.193477110650595,202608250055
6,9,0.220334092475707,0.210994898047165,0.0753447615989388,0.220334092475707,0.17384472309748,0.0166010196697006,0.0130982892170132,0.220334092476849,202608250055
6,10,0.123510049987679,0.221994825953246,0.0870774330734125,0.123510049987679,0.0960914579371871,0.0107549381116959,0.00836739749745205,0.123510049988089,202608250055
7,8,0.308724719623759,0.136704119850187,0.128319289780618,0.308724719623759,0.266520778551597,0.0396153367598413,0.0341997570155184,0.308724719623766,202608250055
7,9,0.173620202868888,0.0902076441857733,0.113965649622508,0.173620202868888,0.157958333385029,0.0197867392075444,0.0180018240775136,0.173620202868923,202608250055
7,10,0.216448733996146,0.0729892945374691,0.0969720895428733,0.216448733996146,0.200650293598239,0.0209894860145159,0.0194574782376123,0.216448733995841,202608250055
8,9,0.320300477924342,0.142737601048722,0.119573454874613,0.320300477924342,0.274581556090663,0.0382994347434033,0.0328326653066078,0.32030047792439,202608250055
8,10,0.258858961039303,0.163130081300813,0.116867357058303,0.258858961039303,0.216631277679517,0.0302521626275216,0.0253171248785686,0.258858961039313,202608250055
9,10,0.18472466268118,0.0868793105097521,0.0922621424896708,0.18472466268118,0.168675911353293,0.0170430931496474,0.0155624009678526,0.184724662680853,202608250055
11,12,0.220933619110554,0.15768370213003,0.102806730318016,0.220933619110554,0.186095988124216,0.0227134629980819,0.0191319200643509,0.429000074392624,202608250055
11,13,0.169952549905148,0.167853079487569,0.0978253888251496,0.169952549905148,0.141425491036804,0.0166256742762967,0.0138350036504631,0.427464746336446,202608250055
11,14,0.219274333083683,0.151397084826028,0.101023469735774,0.219274333083683,0.186076838277642,0.0221518539521114,0.0187981278402698,0.389167752744567,202608250055
11,15,0.061373956098031,0.138772013785723,0.10032766501205,0.061373956098031,0.0528569686163107,0.0061575057078675,0.00530301624088964,0.310359710934183,202608250055
12,13,0.298504233954894,0.221014719353106,0.107380252086544,0.298504233954894,0.232530404461639,0.0320534598909771,0.0249691734488768,0.546331720417963,202608250055
12,14,0.181996821122136,0.180608428182539,0.132629805624995,0.181996821122136,0.149126661325049,0.0241382030097959,0.0197786401050456,0.558415379642433,202608250055
12,15,0.180391656103017,0.168599955904123,0.107331283633564,0.180391656103017,0.149977630838577,0.0193616680063213,0.0160972916342252,0.597242457425365,202608250055
13,14,0.16544381175588,0.188663761801017,0.118319129255898,0.16544381175588,0.134230559863316,0.0195751677477323,0.0158820429625592,0.466371058069481,202608250055
13,15,0.0807769944452905,0.188134489176217,0.108962631883093,0.0807769944452905,0.0655800558581356,0.00880167391036484,0.00714577548534271,0.463113687497017,202608250055
14,15,0.174914197112968,0.202991311828604,0.101500628421498,0.174914197112968,0.13940813478356,0.017753900926808,0.0141500132876002,0.455785574554631,202608250055
1,6,0.182002248951681,0.202722175949771,-0.00244182804677577,0.182002248951681,0.145106357016444,0,0,0.850353572648674,202608250055
2,7,0.123528774585564,0.157404781018643,0.0116246826375913,0.123528774585564,0.104084754872422,0.00143598280116774,0.00120995224280339,0.93561598844442,202608250055
3,8,0.277309608127226,0.143375045339137,0.0371512686558074,0.277309608127226,0.237550330489007,0.0103024037523712,0.00882529614727291,0.955744482880734,202608250055
4,9,0.276835194882124,0.0782621468145213,-0.00411133639576031,0.276835194882124,0.255169478216833,0,0,0.848509477875511,202608250055
5,10,0.20234253116308,0.174627494102765,0.01180570134373,0.20234253116308,0.16700796199566,0.00238879549204571,0.00197164612134578,0.924438053869078,202608250055
6,11,0.0731923033568568,0.216562102657462,0.0231512969215234,0.0731923033568568,0.0573416242435531,0.00169449674738481,0.00132753296882492,0.891152194849145,202608250055
1,2,0.303688890909831,0.200032672310927,0.137565413477265,0.303688890909831,0.242941190509996,0.041777087846463,0.0334203053231667,0.303688890909858,202608250056
1,3,0.228837981967788,0.0986329410412266,0.142054485115356,0.228837981967788,0.206267018784366,0.0325074617032712,0.0293011551496925,0.228837981967791,202608250056
1,4,0.407823771361632,0.0775967190873355,0.139471634030042,0.407823771361632,0.376177984738146,0.0568798477881009,0.0524661582175572,0.407823771361561,202608250056
1,5,0.293284840457136,0.195598006427933,0.152677713346056,0.293284840457136,0.235918910348186,0.0447780588000584,0.0360195597670542,0.293284840457077,202608250056
2,3,0.262442223617162,0.194230769230769,0.116596356937873,0.262442223617162,0.211467868645367,0.0305998071804356,0.0246563830934664,0.262442223617079,202608250056
2,4,0.325638765158353,0.206590431406987,0.13639400915708,0.325638765158353,0.258364912181451,0.0444151767169088,0.035239426197945,0.325638765158307,202608250056
2,5,0.269560530431155,0.295377532228361,0.14026730852456,0.269560530431155,0.189938406166232,0.0378105300880308,0.0266421490183821,0.269560530431083,202608250056
3,4,0.24185443455487,0.0577520985305811,0.139477099613094,0.24185443455487,0.227886833420399,0.0337331550602782,0.0317849945654896,0.241854434555035,202608250056
3,5,0.28786780862653,0.18835529357374,0.11371652265865,0.28786780862653,0.233646383022251,0.0327353261823749,0.0265694542090615,0.287867808626665,202608250056
4,5,0.252648709311764,0.200020008977412,0.153480952869029,0.252648709311764,0.202113912207093,0.0387767646462998,0.031020635833632,0.252648709311653,202608250056
6,7,0.149608622210154,0.210677975129431,0.0976026667156596,0.149608622210154,0.118089380621015,0.0146022004913667,0.0115258384594116,0.149608622210723,202608250056
6,8,0.268028793750611,0.275435700393719,0.0999535527676769,0.268028793750611,0.194204095218227,0.0267904301794084,0.019411389279094,0.268028793750648,202608250056
6,9,0.259670220292174,0.196362365605085,0.105194679980224,0.259670220292174,0.208680761558409,0.0273159257240294,0.0219521059301662,0.259670220292168,202608250056
6,10,0.242892681309955,0.210080093217999,0.114338978785254,0.242892681309955,0.19186576417839,0.0277721011353923,0.0219377355400094,0.242892681309758,202608250056
7,8,0.290552971740515,0.175265224374234,0.111879106184122,0.290552971740515,0.239629139955813,0.0325068067774692,0.0268094939939262,0.290552971740444,202608250056
7,9,0.170676048544848,0.122202728163598,0.113138632935585,0.170676048544848,0.149818969780485,0.0193100548072117,0.0169503134287818,0.170676048544878,202608250056
7,10,0.285270665180418,0.100486528365789,0.112193261322528,0.285270665180418,0.256604806391839,0.032005446286238,0.0287893301001362,0.285270665180376,202608250056
8,9,0.262739930449905,0.169570899751484,0.13079973500818,0.262739930449905,0.218186884042872,0.0343663132789152,0.0285387866150682,0.262739930449621,202608250056
8,10,0.266704456038103,0.184046407369993,0.134552690954862,0.266704456038103,0.217618459074722,0.0358858022495795,0.0292811492699544,0.266704456038121,202608250056
9,10,0.325753309119107,0.0754826792664747,0.129918369939541,0.325753309119107,0.301164576566877,0.0423213389231658,0.0391268108711007,0.325753309119106,202608250056
11,12,0.216941999716545,0.133402882570704,0.0792779866000668,0.216941999716545,0.188001311603705,0.01719872494652,0.0149043654621135,0.458008435276983,202608250056
11,13,0.122293516984564,0.203596895947414,0.108267995933086,0.122293516984564,0.0973949365320143,0.0132404739995275,0.0105447545923513,0.364415523501464,202608250056
11,14,0.219306856425761,0.152072961938627,0.0982197369169885,0.219306856425761,0.185956213195646,0.02154026174223,0.0182645703381558,0.510668362878913,202608250056
11,15,0.130130360309496,0.155787863110193,0.111973744215371,0.130130360309496,0.10985762955112,0.0145711836799496,0.0123011701114641,0.529097017155665,202608250056
12,13,0.142821087136962,0.226796202872265,0.121476496062716,0.142821087136962,0.11042980688421,0.017349405229266,0.0134146260011763,0.491600850596351,202608250056
12,14,0.173350634360836,0.168774842753174,0.120340663118509,0.173350634360836,0.144093408305423,0.0208611302909972,0.0173402963064807,0.66734945600751,202608250056
12,15,0.0931521748899567,0.174118999519973,0.121497710970965,0.0931521748899567,0.0769326113950079,0.0113177760210967,0.00934713618351221,0.53477285350696,202608250056
13,14,0.270968652738553,0.211394427420746,0.122081795555869,0.270968652738553,0.213687389543915,0.0330803396656772,0.0260873402031675,0.629725520951501,202608250056
13,15,0.270968652738553,0.211394427420746,0.103623403223037,0.270968652738553,0.213687389543915,0.0280786939635301,0.0221430145303873,0.470394219307459,202608250056
14,15,0.225303897357637,0.215190855976294,0.134287460528007,0.225303897357637,0.176820558830452,0.0302554882232199,0.0237447838144845,0.64201676648976,202608250056
1,6,0.0760279441865916,0.208177865986202,0.0171298575449869,0.0760279441865916,0.0602006090105089,0.00130234785335453,0.00103122785647147,0.959274492854977,202608250056
2,7,0.116212223205496,0.21596903401947,0.00547630154287897,0.116212223205496,0.0911139816185497,0.000636413177241651,0.00049896763811551,0.913917322645406,202608250056
3,8,0.176417057846682,0.167116955424914,-0.00609592053585751,0.176417057846682,0.146934776254323,0,0,0.900545423371459,202608250056
4,9,0.247338341851323,0.074262077638612,0.0190940865997711,0.247338341851323,0.228970482705755,0.00472269971875295,0.00437198222557507,0.780129491554467,202608250056
5,10,0.248614503642814,0.208576736950895,0.0357835798920982,0.248614503642814,0.19675930171433,0.00889631695343699,0.00704075219240817,0.940499447619358,202608250056
6,11,0.0973484267410146,0.209389465833151,-0.0122889326286299,0.0973484267410146,0.0769646916660159,0,0,0.857513371725376,202608250056
1,2,0.31223812338796,0.168448520696171,0.155308714998794,0.31223812338796,0.25964207339831,0.0484933017170189,0.040324676779114,0.312238123388012,202608250057
1,3,0.356226759265605,0.0741864986367728,0.132950839635774,0.356226759265605,0.329799543274965,0.0473606467450928,0.0438471261899013,0.356226759265588,202608250057
1,4,0.285992383381751,0.0944550007364855,0.13918239475652,0.285992383381751,0.258978972598799,0.0398051048011969,0.0360453135978839,0.285992383381836,202608250057
1,5,0.314625414012878,0.146698660652267,0.135397949955454,0.314625414012878,0.268470287170024,0.0425996360612297,0.0363503265067733,0.314625414012779,202608250057
2,3,0.259698734860235,0.166673599994971,0.143139877637041,0.259698734860235,0.21641381180694,0.0371732451303884,0.030977446541011,0.259698734860053,202608250057
2,4,0.369360864728624,0.21210420189931,0.134939879518997,0.369360864728624,0.29101787330252,0.049841510585513,0.0392699167613167,0.369360864728696,202608250057
2,5,0.303371065278703,0.245346419361806,0.161050104850861,0.303371065278703,0.228940060674596,0.0488579418718525,0.0368708207762062,0.303371065278686,202608250057
3,4,0.221526844310443,0.0927562155597079,0.132577411693377,0.221526844310443,0.200978852587322,0.0293694556392802,0.0266452560811318,0.221526844310373,202608250057
3,5,0.210341211626535,0.146375968306745,0.138390570798568,0.210341211626535,0.179552313099887,0.0291092403394585,0.0248483470980965,0.210341211627469,202608250057
4,5,0.240545954889015,0.18479534901869,0.144085546688189,0.240545954889015,0.196094181200265,0.0346591954138162,0.0282543373006131,0.240545954888812,202608250057
6,7,0.209457309598893,0.201604554865425,0.119092470195936,0.209457309598893,0.167229761933899,0.0249447884007272,0.0199158054389864,0.209457309598,202608250057
6,8,0.243354643111568,0.275297186531644,0.112970946400183,0.243354643111568,0.176359794533541,0.0274920043431927,0.019923532895396,0.243354643111368,202608250057
6,9,0.1855857236273,0.194306626464726,0.0993911692111344,0.1855857236273,0.149525187749264,0.0184455820602118,0.0148614832369138,0.18558572362747,202608250057
6,10,0.189672474130583,0.226064449266641,0.103581035650987,0.189672474130583,0.146794270725212,0.0196464713049309,0.0152051025893488,0.189672474130413,202608250057
7,8,0.289701321637228,0.153812071716887,0.12717445285257,0.289701321637228,0.245141761177086,0.0368426070698809,0.0311757693490113,0.289701321637292,202608250057
7,9,0.349208374815755,0.0642032261878571,0.119236837162476,0.349208374815755,0.326788070540765,0.041638502123679,0.0389651759537089,0.349208374815738,202608250057
7,10,0.315201879130522,0.0795395229262259,0.143544787477258,0.315201879130522,0.290130872039031,0.0452455867522233,0.0416467743674343,0.315201879130411,202608250057
8,9,0.196253636518722,0.149138285094347,0.124680561302824,0.196253636518722,0.16698470572479,0.0244690135588747,0.0208197468387538,0.196253636518733,202608250057
8,10,0.33505506823944,0.186359198088709,0.119482526038779,0.33505506823944,0.27261447440678,0.0400332259153439,0.0325726660368563,0.335055068239438,202608250057
9,10,0.258238705761574,0.0746675408620097,0.128581712208923,0.258238705761574,0.238956656646969,0.0332047749454396,0.0307254560553871,0.258238705761574,202608250057
11,12,0.177256375124144,0.130471637985978,0.105178396642604,0.177256375124144,0.15412944551824,0.0186435413302374,0.016211087955022,0.554550218213281,202608250057
11,13,0.124395356054511,0.173437998557908,0.100881766081461,0.124395356054511,0.102820474470518,0.0125492232111112,0.0103727110539196,0.584036336972206,202608250057
11,14,0.246418496084897,0.148664432546422,0.0875661969846723,0.246418496084897,0.209784830195493,0.0215779305688368,0.0183700597652946,0.706336382763099,202608250057
11,15,0.13518911429513,0.134014895171953,0.0735446215661043,0.13518911429513,0.117071759314479,0.00994243225069219,0.00860999823486143,0.622316180338522,202608250057
12,13,0.138141261986049,0.187602300952922,0.112889330470957,0.138141261986049,0.112225643380926,0.0155946745760181,0.0126690777429451,0.476280966297146,202608250057
12,14,0.224917517762433,0.157858716505386,0.100317682740509,0.224917517762433,0.189412327088878,0.0225632041896746,0.0190014057360436,0.544136491204842,202608250057
12,15,0.108979826431887,0.145224036976202,0.10165259556531,0.108979826431887,0.0931533360884825,0.0110780822210582,0.00946927839896187,0.486969873470813,202608250057
13,14,0.126636882690765,0.187783400701953,0.109032323374488,0.126636882690765,0.102856578204799,0.0138075135446766,0.0112146916960189,0.544136491204842,202608250057
13,15,0.128930067707343,0.179262778536214,0.0874051306341565,0.128930067707343,0.105817705533263,0.011269149410631,0.00924901037554154,0.58112035700499,202608250057
14,15,0.179626836038137,0.19156646837953,0.107836199333614,0.179626836038137,0.145216357432122,0.0193702752966749,0.0156595800665516,0.60236707119913,202608250057
1,6,0.194075481629277,0.202744029720396,0.0117562443408043,0.194075481629277,0.154727836413831,0.00228159878259307,0.001819018251205,0.894764605043008,202608250057
2,7,0.237432837395572,0.170665055982004,0.0269375895107189,0.237432837395572,0.19691134890949,0.00639586831012717,0.00530431708692579,0.90067871327447,202608250057
3,8,0.180012836160979,0.153848639316917,0.00757540948596829,0.180012836160979,0.152318106258034,0.00136367094664994,0.00115387202703183,0.790616014429227,202608250057
4,9,0.188681238159452,0.0892948651933021,0.00750134662568408,0.188681238159452,0.171832972433498,0.0014153633691973,0.00128897868794529,0.937041197325118,202608250057
5,10,0.240101584276871,0.176217464315701,0.039770929425444,0.240101584276871,0.197791491917418,0.00954906316321274,0.00786635146600092,0.935130869149728,202608250057
6,11,0.212778154718094,0.226955320011071,-0.00137374806076915,0.212778154718094,0.164487020522683,0,0,0.928802151666386,202608250057
1,2,0.242876838521619,0.177176788765812,0.134062412362793,0.242876838521619,0.199844700206766,0.0325606548792568,0.0267916626076382,0.242876838521266,202608250058
1,3,0.299879108147169,0.103180430056667,0.130172478508688,0.299879108147169,0.268937452803534,0.0390360067604918,0.0350082547952493,0.299879108147243,202608250058
1,4,0.192213757287993,0.0926148501601867,0.126471023161786,0.192213757287993,0.174411908958039,0.0243094705499837,0.0220580525775235,0.19221375728817,202608250058
1,5,0.32114311332759,0.177879020106313,0.119968529179189,0.32114311332759,0.264018491014988,0.0385270669619364,0.0316739100431769,0.321143113327622,202608250058
2,3,0.342366477780033,0.165188931865516,0.125883115203522,0.342366477780033,0.285811325008991,0.0430981587642078,0.0359788199525779,0.342366477779998,202608250058
2,4,0.278084715266255,0.19102987118586,0.123486224277078,0.278084715266255,0.224962227930186,0.0343396315173961,0.027779736132058,0.278084715266177,202608250058
2,5,0.362995942522018,0.267120476741243,0.126113411825379,0.362995942522018,0.266032293300399,0.0457786567902209,0.0335502401638434,0.362995942522015,202608250058
3,4,0.238816906862835,0.0723038578792279,0.138923619070654,0.238816906862835,0.221549523169868,0.0331773089966443,0.0307784615621357,0.238816906863981,202608250058
3,5,0.29572429445329,0.171916315971486,0.14744894985069,0.29572429445329,0.244884463207613,0.0436042366624738,0.0361079569347125,0.295724294453282,202608250058
4,5,0.283087487271637,0.196199309274469,0.127404045791458,0.283087487271637,0.227545917804697,0.0360664911913444,0.0289902705316489,0.283087487271766,202608250058
6,7,0.215546314992157,0.198655283657387,0.107904944417801,0.215546314992157,0.172726900646086,0.0232585131386906,0.018638086613675,0.215546314991617,202608250058
6,8,0.325072904609437,0.271359742977356,0.10483085569376,0.325072904609437,0.236861204765718,0.0340776707530632,0.024830362776245,0.32507290460941,202608250058
6,9,0.201058349654448,0.193714219128652,0.106916515698477,0.201058349654448,0.162110488451841,0.0214964581971397,0.0173322885834491,0.20105834965484,202608250058
6,10,0.262713636604378,0.22659419109172,0.10698488726375,0.262713636604378,0.203184252629245,0.0281063887947692,0.0217376443613091,0.262713636604449,202608250058
7,8,0.312580217926485,0.143444497591495,0.132020870876774,0.312580217926485,0.26774230560898,0.0412671125895063,0.0353475723570529,0.312580217926677,202608250058
7,9,0.194773896511343,0.0689013415223532,0.114444895774419,0.194773896511343,0.181353713748176,0.0222908782858182,0.0207550068682138,0.194773896511144,202608250058
7,10,0.327072103806649,0.0812066885001821,0.123041705740295,0.327072103806649,0.300511661355723,0.040243509552437,0.0369754674080581,0.327072103806628,202608250058
8,9,0.281992254773246,0.140047135977047,0.139717021782945,0.281992254773246,0.242500047124543,0.0393991180027756,0.0338813843664651,0.281992254773292,202608250058
8,10,0.330013524039137,0.177307656839277,0.153758924281055,0.330013524039137,0.271499599366485,0.0507425244544578,0.0417454863413282,0.330013524039096,202608250058
9,10,0.252385684363932,0.0791553905265237,0.134533267526466,0.252385684363932,0.232407996954801,0.0339542707943832,0.0312666072296105,0.252385684363906,202608250058
11,12,0.105842915808087,0.153120190196419,0.0874596822716625,0.105842915808087,0.0896362284086087,0.00925698778728157,0.00783955605664709,0.462703205059998,202608250058
11,13,0.108859325287904,0.173261735227618,0.0877483601253835,0.108859325287904,0.0899981696928144,0.0095522272783693,0.00789719180483045,0.531108653322374,202608250058
11,14,0.101804125278862,0.14843184393225,0.0741328136679668,0.101804125278862,0.0866931512438111,0.00754702624992826,0.00642680722744632,0.513325624076903,202608250058
11,15,0.226671680885228,0.161955016127747,0.0746167521626472,0.226671680885228,0.189961065151757,0.0169135046349037,0.0141742777189812,0.563303116013934,202608250058
12,13,0.21748420777608,0.202015929067891,0.0823204336477394,0.21748420777608,0.173548933484601,0.017903394295662,0.0142866234635551,0.668790509735175,202608250058
12,14,0.117896403556684,0.163845432953157,0.0983960816269191,0.117896403556684,0.0985796162723191,0.0116005441478837,0.00969984796948147,0.62317991701391,202608250058
12,15,0.135675301639881,0.182493002911788,0.105634088395108,0.135675301639881,0.110915508422656,0.0143319368064601,0.0117164586211072,0.52677715396782,202608250058
13,14,0.25259623816006,0.169801735017896,0.094063043547813,0.25259623816006,0.209704958661488,0.0237599709500635,0.0197254866587679,0.688968015315303,202608250058
13,15,0.217032826926354,0.183186333746572,0.112772297120593,0.217032826926354,0.177275379059061,0.0244752904430609,0.0199917517194141,0.590844422486025,202608250058
14,15,0.131784262440819,0.204400274818261,0.103371234942812,0.131784262440819,0.104847522981194,0.0136227019545351,0.0108382179312609,0.533071680065604,202608250058
1,6,0.141074377441792,0.210740874663245,-0.0291524300478774,0.141074377441792,0.111344239747136,0,0,0.798879096548094,202608250058
2,7,0.067874435700181,0.175351503539432,-0.0134261974547381,0.067874435700181,0.0559725513482638,0,0,0.943065922528478,202608250058
3,8,0.22923153501071,0.145965623479812,0.0108080401543803,0.22923153501071,0.195771611081637,0.00247754363504599,0.00211590743365807,0.902273298801169,202608250058
4,9,0.160140043634709,0.0697489341544291,0.00190708424874304,0.160140043634709,0.148970446275745,0.000305400554808777,0.000284099191620694,0.986436223027752,202608250058
5,10,0.188477278987591,0.200322516265517,0.0102220613096662,0.188477278987591,0.150721036201919,0.00192662630129021,0.00154067967271243,0.960553213904391,202608250058
6,11,0.04167849462596,0.220271640474582,0.0038229440295898,0.04167849462596,0.0324979042421887,0.000159334552192604,0.000124237668996856,0.988484150536618,202608250058
1,2,0.254648644475817,0.174062053453,0.159640573424849,0.254648644475817,0.210323978509333,0.0406522556259799,0.0335762405342256,0.254648644475938,202608250059
1,3,0.249589016505466,0.0849286131416258,0.146901832681612,0.249589016505466,0.228391767478274,0.0366650839418541,0.0335511692119512,0.249589016505612,202608250059
1,4,0.310955515630387,0.0402996103721618,0.125807863320188,0.310955515630387,0.298424129507408,0.0391206490090863,0.037544102096514,0.310955515630457,202608250059
1,5,0.310416879964027,0.152629425871068,0.154586232673385,0.310416879964027,0.26303812979443,0.0479861760318653,0.0406620735343738,0.31041687996399,202608250059
2,3,0.359984064250755,0.17859948197259,0.166429507627246,0.359984064250755,0.295691096857183,0.0599119705669081,0.0492117236597013,0.359984064250784,202608250059
2,4,0.380391056465682,0.18140412672749,0.147400678719799,0.380391056465682,0.311386549052578,0.0560698999019828,0.0458985886745659,0.380391056465815,202608250059
2,5,0.372903117850131,0.265781787844811,0.177737519676875,0.372903117850131,0.273792260495019,0.0662788752464559,0.0486631572871096,0.372903117849922,202608250059
3,4,0.338821286253229,0.0697359427495872,0.155122286789948,0.338821286253229,0.315193264432733,0.0525587327367124,0.0488934999595942,0.338821286253133,202608250059
3,5,0.376188528575073,0.157748628539445,0.153497074234483,0.376188528575073,0.316845304120083,0.057743838496849,0.0486348271673679,0.376188528575033,202608250059
4,5,0.215196488323869,0.159096851045069,0.165477726786631,0.215196488323869,0.180959404675584,0.0356102257002996,0.0299447509263777,0.215196488325853,202608250059
6,7,0.265285986041571,0.204816211542943,0.132079475271682,0.265285986041571,0.210951115405103,0.0350388338333015,0.027862312630682,0.265285986041405,202608250059
6,8,0.243530067894136,0.283669253639137,0.0999230110313202,0.243530067894136,0.174448075295918,0.0243342576606439,0.0174313769521866,0.243530067894146,202608250059
6,9,0.226758194950733,0.220319434222803,0.11225341847735,0.226758194950733,0.176798957733804,0.0254543825509731,0.0198462873888519,0.226758194950762,202608250059
6,10,0.270384586609644,0.222085582275763,0.125613283469816,0.270384586609644,0.21033606825405,0.0339638957236662,0.0264210041655225,0.270384586609672,202608250059
7,8,0.418989362149563,0.146928818496268,0.14204417982839,0.418989362149563,0.357427750206423,0.0595150003033548,0.0507705316259779,0.418989362150118,202608250059
7,9,0.251774800553904,0.102137735372988,0.144928588429092,0.251774800553904,0.226059092601343,0.0364893664462936,0.032762425192274,0.251774800553858,202608250059
7,10,0.382022216514555,0.0514017037282886,0.153544763214091,0.382022216514555,0.36238562372365,0.0586575107772496,0.0556424147868385,0.382022216514798,202608250059
8,9,0.285288267169095,0.163571898542619,0.131399706944598,0.285288267169095,0.238623123676312,0.0374867947007513,0.031355008521272,0.285288267169086,202608250059
8,10,0.322577126007055,0.169876973369581,0.147019448218716,0.322577126007055,0.267778700162718,0.0474251110735364,0.0393686767426478,0.322577126007061,202608250059
9,10,0.229987530222747,0.0931419414431227,0.138031662833907,0.229987530222747,0.208566045150091,0.0317455612277092,0.0287887180227588,0.22998753022277,202608250059
11,12,0.133256830753269,0.16980508599672,0.0832089173079244,0.133256830753269,0.11062914314756,0.0110881566108648,0.00920533122401183,0.56236803715269,202608250059
11,13,0.241744154385925,0.192868378061886,0.0921436562464906,0.241744154385925,0.19511935142357,0.0222751902613353,0.0179790104446116,0.532152430647999,202608250059
11,14,0.147727638368973,0.161045894921835,0.11085473765698,0.147727638368973,0.123936708643153,0.0163763085960778,0.0137389713227063,0.521801508323755,202608250059
11,15,0.179547751085963,0.133298514519158,0.0778689221966941,0.179547751085963,0.155614302580948,0.0139811898599042,0.0121175180203687,0.52126912896192,202608250059
12,13,0.171090376027569,0.247169798334366,0.115335392848178,0.171090376027569,0.128802002287884,0.0197327757316821,0.014855429533505,0.646286567599834,202608250059
12,14,0.156962143287883,0.197768744393992,0.101344644746987,0.156962143287883,0.125919937292449,0.0159072726502362,0.0127613113114661,0.539543897113388,202608250059
12,15,0.126370062658397,0.189600084984612,0.0923795929045488,0.126370062658397,0.102410288038854,0.011674014943705,0.00946062071826692,0.57716400808384,202608250059
13,14,0.281048779540881,0.205177406377179,0.100406554577864,0.281048779540881,0.223383919889211,0.0282191396220136,0.0224292097441733,0.60484877533082,202608250059
13,15,0.109722292090723,0.210901519386478,0.117363585694756,0.109722292090723,0.0865816939782229,0.0128774016304146,0.0101615380608103,0.610261891333917,202608250059
14,15,0.118388765854065,0.207523562955819,0.103469084469361,0.118388765854065,0.0938203073500876,0.0122495772143778,0.00970750130614767,0.468372160688356,202608250059
1,6,0.105959888639774,0.207629856850716,0.0103611870328471,0.105959888639774,0.0839594521295799,0.00109787022417634,0.000869919586689946,0.722328661169996,202608250059
2,7,0.292407878674787,0.174074004587177,0.0526884023860992,0.292407878674787,0.241507268261026,0.0154065039724829,0.0127246321293045,0.893984004010029,202608250059
3,8,0.207177189401714,0.162724326269356,-0.00930331800181242,0.207177189401714,0.173464420837941,0,0,0.927285883671553,202608250059
4,9,0.245921816296193,0.0865673099130371,-0.00444217541134557,0.245921816296193,0.224633026210504,0,0,0.85980730401254,202608250059
5,10,0.192857880489015,0.170078598227843,0.037927534223851,0.192857880489015,0.16005688251825,0.00731462386258647,0.00607056288947383,0.971626269471701,202608250059
6,11,0.0823478508034439,0.220021305841924,-0.0104571767354582,0.0823478508034439,0.0642295691363942,0,0,0.687894190936915,202608250059
1,2,0.337407044199701,0.191951324580773,0.12597903997637,0.337407044199701,0.272641315142685,0.0425062155095429,0.0343470911395703,0.337407044199729,202608250060
1,3,0.253281232386585,0.0594926658592385,0.115911964492616,0.253281232386585,0.238212856659793,0.0293583252150398,0.0276117201828346,0.253281232386395,202608250060
1,4,0.142243153472533,0.0912041866228717,0.117308911976304,0.142243153472533,0.129269982357399,0.0166863895699413,0.0151645209815424,0.142243153473453,202608250060
1,5,0.250908731804926,0.133027844436826,0.118855324784452,0.250908731804926,0.217530884062539,0.0298218388099295,0.0258547038759021,0.250908731805119,202608250060
2,3,0.254651932485206,0.19130227595693,0.127532177454881,0.254651932485206,0.205936438223956,0.0324763154429317,0.0262635223840036,0.254651932485142,202608250060
2,4,0.232195519379509,0.229670032480799,0.134278530421485,0.232195519379509,0.178867166901721,0.0311788731127339,0.0240180203122176,0.232195519379468,202608250060
2,5,0.346397208221885,0.265857590925501,0.112510584871921,0.346397208221885,0.254304880940696,0.038973352495045,0.028611990890422,0.346397208221944,202608250060
3,4,0.12648226385281,0.0874796818971098,0.102555122906623,0.12648226385281,0.11541763564534,0.0129714041149329,0.0118366698091997,0.126482263852933,202608250060
3,5,0.231550273318499,0.130197287159258,0.100424337779272,0.231550273318499,0.201403055891446,0.0232532828606197,0.0202257685146202,0.231550273318516,202608250060
4,5,0.242939630581152,0.168333333333333,0.103287555695206,0.242939630581152,0.202044792766658,0.0250926406242235,0.0208687127858126,0.242939630581101,202608250060
6,7,0.184770264042387,0.182892761666246,0.0832848613030727,0.184770264042387,0.150977120177873,0.0153885658137023,0.0125741085139515,0.184770264042436,202608250060
6,8,0.21200597566504,0.268028301079998,0.102041870147962,0.21200597566504,0.155182374188732,0.021633486239404,0.015835099676219,0.212005975668059,202608250060
6,9,0.202860926893111,0.173685923609977,0.0852842766431071,0.202860926893111,0.167626839441305,0.0173008474092292,0.014295933747722,0.20286092689294,202608250060
6,10,0.20388104182915,0.211519415554734,0.107341837479463,0.20388104182915,0.160756243018758,0.0218849656571682,0.0172558705119285,0.203881041829059,202608250060
7,8,0.22833407510326,0.186087472054787,0.0972535638842053,0.22833407510326,0.185843964283327,0.0222063025599958,0.0180739878529225,0.228334075103271,202608250060
7,9,0.136070548486571,0.0761051271003879,0.104254158938237,0.136070548486571,0.125714882099381,0.0141859205887321,0.0131062992992907,0.136070548486509,202608250060
7,10,0.254434204313482,0.0983354373398437,0.108743058510902,0.254434204313482,0.229414305558101,0.0276679535668359,0.0249472132525426,0.254434204313588,202608250060
8,9,0.107658058624038,0.18093896713615,0.107754819413548,0.107658058624038,0.0881785206927212,0.0116006746654463,0.00950166057339795,0.107658058622665,202608250060
8,10,0.394374568611434,0.224867799811142,0.0991865493488982,0.394374568611434,0.305692427066312,0.0391166526115284,0.0303205770027973,0.394374568611837,202608250060
9,10,0.302954662338959,0.0895103638678714,0.104145771824177,0.302954662338959,0.275837080277531,0.0315514471370238,0.0287272656232309,0.302954662338979,202608250060
11,12,0.17416307417912,0.153662336701084,0.102296772168728,0.17416307417912,0.147400769233712,0.0178163203195066,0.0150786229077962,0.573351178906491,202608250060
11,13,0.133791287494937,0.160624992996492,0.106679880476323,0.133791287494937,0.112301062878071,0.0142728385587333,0.0119802639651967,0.513061919431068,202608250060
11,14,0.257320841526372,0.140419798762547,0.0889454872918949,0.257320841526372,0.22118790074183,0.0228875276399237,0.0196736656145533,0.558274048071019,202608250060
11,15,0.18608022593241,0.133490140468736,0.10224304492387,0.18608022593241,0.161240350434238,0.0190254088994512,0.0164857043929883,0.659604617751991,202608250060
12,13,0.221231900388585,0.201460167517286,0.109139485079698,0.221231900388585,0.176662484676133,0.0241451356916133,0.0192808526104533,0.576534264984173,202608250060
12,14,0.180517320372704,0.166521002007101,0.124742733490697,0.180517320372704,0.150457395304604,0.022518223985707,0.0187684667641868,0.605200705898764,202608250060
12,15,0.227961928210474,0.156828472434485,0.122117618537321,0.227961928210474,0.192211007236006,0.0278381677902388,0.0234723504603208,0.672558432061523,202608250060
13,14,0.148225520851901,0.175548548919979,0.124788041546806,0.148225520851901,0.122204745753442,0.018496772454364,0.0152496908902973,0.647605073961213,202608250060
13,15,0.241859057155475,0.164032188468414,0.113341403229453,0.241859057155475,0.202186386709355,0.027412644921754,0.0229160887835312,0.740751012717478,202608250060
14,15,0.156762208389641,0.188127982684437,0.132854046483967,0.156762208389641,0.12727085036414,0.0208264937203266,0.0169084474703315,0.551917905162809,202608250060
1,6,0.153623659279509,0.177518689690783,0.0077785944958281,0.153623659279509,0.126352588578707,0.00119497615050056,0.000982845550051963,0.881775287650759,202608250060
2,7,0.22120477726911,0.201370785091772,0.00527862203687957,0.22120477726911,0.176660597604379,0.00116765641195576,0.000932524523562788,0.939404610965946,202608250060
3,8,0.138227324648461,0.178870567732422,0.00877047895359265,0.138227324648461,0.113502524612457,0.00121231984164075,0.000995471503293186,0.928025406218719,202608250060
4,9,0.223256559836146,0.0865522117282962,0.00025273687567699,0.223256559836146,0.203933210799477,5.64251654073806e-05,5.15414425442368e-05,0.728525931651677,202608250060
5,10,0.158099900727358,0.167688688341239,-0.0162890959526079,0.158099900727358,0.131588335747507,0,0,0.762966149303156,202608250060
6,11,0.130140486426217,0.19552876189696,0.000568720834785084,0.130140486426217,0.104694278242631,7.4013606079655e-05,5.95418173193708e-05,0.922532071934974,202608250060
1,2,0.270630361177946,0.194361382038847,0.132983969453454,0.270630361177946,0.218030270157728,0.0359894996840651,0.0289945307865835,0.270630361177841,202608250061
1,3,0.232270370030028,0.118437509012985,0.122225669582748,0.232270370030028,0.204760845986147,0.0283894015011528,0.0250270315049868,0.232270370030019,202608250061
1,4,0.266737797442196,0.0958857889478133,0.123543181167114,0.266737797442196,0.241161433292249,0.032953636033518,0.029793850643745,0.266737797442181,202608250061
1,5,0.311563946934702,0.148385584754879,0.117347695979963,0.311563946934702,0.265332348480258,0.0365613113232107,0.0311361397631109,0.311563946934779,202608250061
2,3,0.341833618302664,0.182359498667463,0.126455125645862,0.341833618302664,0.279497011041305,0.0432266131524429,0.0353438296488711,0.341833618302688,202608250061
2,4,0.211309553281239,0.193482592128156,0.104037841028353,0.211309553281239,0.170424833170942,0.0219841897120459,0.0177306317007221,0.211309553282128,202608250061
2,5,0.183086455898602,0.244664893898502,0.121488815092204,0.183086455898602,0.138291627591918,0.0222429565865523,0.0168008859733145,0.183086455898667,202608250061
3,4,0.281803243555886,0.0670817466051159,0.116357272220794,0.281803243555886,0.262899389779171,0.032789856723135,0.0305902558632156,0.281803243555968,202608250061
3,5,0.256219440314819,0.142720178372352,0.113640309106604,0.256219440314819,0.219651756090624,0.0291168563964972,0.0249612934579469,0.25621944031511,202608250061
4,5,0.224447820686405,0.150393132812407,0.108534564707919,0.224447820686405,0.190692409780459,0.02436034651784,0.0206967176886263,0.224447820686858,202608250061
6,7,0.201061904094443,0.204079274311583,0.0984311788052663,0.201061904094443,0.160029336615144,0.0197907602328474,0.0157518762464533,0.20106190409428,202608250061
6,8,0.160099010992368,0.259610983981693,0.0831098135805193,0.160099010992368,0.118535549214144,0.0133057989580012,0.00985146739785194,0.160099010991913,202608250061
6,9,0.321015626917517,0.190395531857923,0.0879029120960222,0.321015626917517,0.259895685895852,0.02821820843438,0.0228455876314385,0.321015626917472,202608250061
6,10,0.153604757235511,0.219577317794399,0.107923338189429,0.153604757235511,0.119876636641278,0.0165775381626332,0.0129374867972479,0.153604757235789,202608250061
7,8,0.277300997353735,0.166235202200137,0.101196232339158,0.277300997353735,0.231203809988337,0.0280618161560888,0.0233969544732783,0.27730099735368,202608250061
7,9,0.237565537462524,0.116332150701132,0.119347227810527,0.237565537462524,0.209929027557038,0.02835278831947,0.0250544474758921,0.23756553746242,202608250061
7,10,0.21800565987114,0.106330510081537,0.106865288349014,0.21800565987114,0.194825006856379,0.0232972377038464,0.0208200305353056,0.218005659870774,202608250061
8,9,0.240391728256933,0.160595098549302,0.112095994606402,0.240391728256933,0.201785994967074,0.0269469498741129,0.0226194018034766,0.240391728257235,202608250061
8,10,0.231168479044488,0.189537606087211,0.0935326298709292,0.231168479044488,0.187353358923574,0.0216217957882938,0.017523652375274,0.231168479044465,202608250061
9,10,0.309372894532509,0.0909131949218569,0.105992349722736,0.309372894532509,0.281246816268336,0.0327911600320247,0.0298100109083194,0.309372894532606,202608250061
11,12,0.175084336740197,0.0824730282368982,0.106327009846244,0.175084336740197,0.160644601292384,0.0186161939964981,0.0170808601033614,0.596532962464464,202608250061
11,13,0.173691920577154,0.105794396916424,0.09748935018197,0.173691920577154,0.155316288590439,0.0169331124689251,0.0151416840473572,0.745783808644862,202608250061
11,14,0.0953536979742343,0.130196273923328,0.0880699170967315,0.0953536979742343,0.0829390017931786,0.00839779227545758,0.0073044310120109,0.420813460049926,202608250061
11,15,0.124018035905656,0.134734878882449,0.111490852447977,0.124018035905656,0.107308480858668,0.0138268765420454,0.0119639140058303,0.602216987428859,202608250061
12,13,0.27091368385364,0.13673812229796,0.136060136023221,0.27091368385364,0.23386945541867,0.0368605526756782,0.0318203099159409,0.711482677395354,202608250061
12,14,0.20497671973479,0.144643179566736,0.104676221388998,0.20497671973479,0.17532823525519,0.0214561884945494,0.0183526971693146,0.640602777032229,202608250061
12,15,0.235861790511572,0.148090271875936,0.130918442748478,0.235861790511572,0.200932953829568,0.0308786583176428,0.0263058294122189,0.66759994114237,202608250061
13,14,0.102789150330722,0.159658101356174,0.128353999092537,0.102789150330722,0.0863780297489048,0.0131933985082721,0.011086965552006,0.562340429754612,202608250061
13,15,0.325912835885752,0.149722583441699,0.113243329275932,0.325912835885752,0.277116324120126,0.036907454589463,0.0313815751400714,0.674862925105332,202608250061
14,15,0.142889450723583,0.195448321140499,0.119965729879516,0.142889450723583,0.114961947470971,0.0171418372481377,0.0137914939367255,0.567466548280108,202608250061
1,6,0.169878188732751,0.20715514698653,-0.0163563530440641,0.169878188732751,0.134687047576012,0,0,0.839080227592842,202608250061
2,7,0.219105531049772,0.196369795735823,0.0148426164245333,0.219105531049772,0.176079822672939,0.00325209935386543,0.00261348526803428,0.944741069604088,202608250061
3,8,0.210683666582396,0.161244765069844,-0.0201852829650457,0.210683666582396,0.176712028260265,0,0,0.984295111701325,202608250061
4,9,0.194277901184229,0.0713861806542222,-0.0204871902686703,0.194277901184229,0.180409143833169,0,0,0.936677594340152,202608250061
5,10,0.214447433871315,0.172139303482587,-0.00586873497766049,0.214447433871315,0.177532601971079,0,0,0.912168166815244,202608250061
6,11,0.208074543289698,0.18964757910979,0.00667326582885613,0.208074543289698,0.168613709880432,0.00138853673958999,0.00112520410842175,0.955744482880848,202608250061
1,2,0.28645363966532,0.174517732382092,0.151409571343137,0.28645363966532,0.236462400038331,0.0433718227914075,0.0358026706285731,0.286453639665251,202608250062
1,3,0.284164230824389,0.127226391472949,0.138277602016487,0.284164230824389,0.248011041150916,0.0392935484172561,0.034294372043961,0.284164230824282,202608250062
1,4,0.307523870787225,0.0854133506943093,0.129305501871726,0.307523870787225,0.281257226564804,0.0397645284496779,0.0363681068360117,0.307523870787312,202608250062
1,5,0.291307596320702,0.185882629979821,0.12414356302249,0.291307596320702,0.23715857418351,0.036163962942769,0.0294417104004743,0.291307596320664,202608250062
2,3,0.293061927849806,0.170120804086985,0.132808189478167,0.293061927849806,0.243205997036715,0.0389210240427138,0.0322997481366785,0.293061927849784,202608250062
2,4,0.265405601263469,0.158796264662339,0.147391967939338,0.265405601263469,0.223260183162368,0.039118653872346,0.0329067577587985,0.265405601263281,202608250062
2,5,0.250617212166644,0.258963436524936,0.142542392853326,0.250617212166644,0.185716517651671,0.035723577112463,0.026472476818456,0.250617212166295,202608250062
3,4,0.232521203818209,0.0728571847134831,0.145982500999045,0.232521203818209,0.215580363521824,0.0339440268686909,0.0314709606331993,0.232521203818203,202608250062
3,5,0.28542205282953,0.182186645818235,0.128501817788089,0.28542205282953,0.233421966381963,0.0366772526254027,0.0299951469917525,0.28542205282958,202608250062
4,5,0.262213928610997,0.170447204684519,0.137723173847711,0.262213928610997,0.217520297449907,0.0361129344753837,0.0299575857410994,0.262213928611111,202608250062
6,7,0.157998636677338,0.209958877411246,0.112646792148632,0.157998636677338,0.124825420288057,0.0177980395855593,0.0140611831740543,0.15799863667711,202608250062
6,8,0.0910856624537422,0.270857051431734,0.0810996509806999,0.0910856624537422,0.0664144684938154,0.00738701543434434,0.00538619021491712,0.0910856624535298,202608250062
6,9,0.203465393246916,0.210583338993022,0.107790044581878,0.203465393246916,0.160618971367452,0.0219315438089543,0.017313126084393,0.20346539324656,202608250062
6,10,0.216803952968593,0.225203638042194,0.0642774426284866,0.216803952968593,0.167978914018137,0.0139356036485678,0.0107972550085963,0.216803952969787,202608250062
7,8,0.30425471882159,0.164008235430225,0.127508970730492,0.30425471882159,0.254354439266341,0.038795206036836,0.0324324727515825,0.304254718821687,202608250062
7,9,0.413371401701094,0.102072408880142,0.130784061804774,0.413371401701094,0.371177586967303,0.054062390948402,0.0485441124744786,0.413371401701103,202608250062
7,10,0.190810236509068,0.078717606106703,0.135034230912065,0.190810236509068,0.175790111470421,0.0257659135371512,0.0237376825043544,0.190810236509119,202608250062
8,9,0.378368188813091,0.162252882732371,0.130039715895815,0.378368188813091,0.316976859443941,0.0492028917772684,0.0412195807476377,0.378368188812933,202608250062
8,10,0.222448751083446,0.185309913109495,0.101033662164065,0.222448751083446,0.181226792348857,0.022474811965783,0.0183100065132516,0.222448751083752,202608250062
9,10,0.27767592591087,0.0794938997631465,0.129654677807624,0.27767592591087,0.255602383689872,0.0360019827089074,0.033140044704171,0.277675925910831,202608250062
11,12,0.189248538056587,0.164931258480122,0.0589150331836244,0.189248538056587,0.158035538509391,0.0111495838995562,0.00931066899547272,0.628127601799187,202608250062
11,13,0.0878839009888137,0.15271211063581,0.0849897731004109,0.0878839009888137,0.0744629649779034,0.00746923280421825,0.00632859049785586,0.352304089570343,202608250062
11,14,0.187750738509976,0.129248282205809,0.0745477257272724,0.187750738509976,0.16348427807469,0.0139963905595345,0.0121873811226331,0.576975776392619,202608250062
11,15,0.161550010440981,0.152125626510225,0.0993230330736399,0.161550010440981,0.136974113889913,0.0160456370300764,0.0136046844441204,0.41139875871179,202608250062
12,13,-0.0259342170609712,0.181400050186632,0.0964558761825321,0.0259342170609712,0.02122974878456,0.00250150762972395,0.00204773402014978,0.242037685195224,202608250062
12,14,0.101604693245813,0.170520314278783,0.0876392615534438,0.101604693245813,0.084279029021338,0.00890456028642727,0.00738615186787132,0.434492777856808,202608250062
12,15,0.174984854078336,0.17455223880597,0.0862128675056359,0.174984854078336,0.144440856041827,0.0150859460401486,0.0124526603843346,0.567569431509344,202608250062
13,14,0.134741106280209,0.159811599856952,0.0779569194378043,0.134741106280209,0.113207914519073,0.0105040015672469,0.00882534027188523,0.520891282088742,202608250062
13,15,0.230015778034347,0.166735877910735,0.0735507729587971,0.230015778034347,0.191663895350469,0.0169178382671453,0.014097027651321,0.472188466188745,202608250062
14,15,0.164180494498765,0.189616457461646,0.100036621621572,0.164180494498765,0.133049170747608,0.0164240620058155,0.0133097895511423,0.65320217331401,202608250062
1,6,0.196919923374652,0.218254433926192,0.0103634218719089,0.196919923374652,0.153941276969728,0.0020407642409155,0.00159535839673767,0.900151678629546,202608250062
2,7,0.266341157510058,0.167287136380644,0.0654530135160015,0.266341157510058,0.221785707969895,0.0174328313823733,0.0145165429414095,0.979191683203003,202608250062
3,8,0.308602237467099,0.167628110523588,0.0227283653699187,0.308602237467099,0.256871827497137,0.00701402440712663,0.00583827674859367,0.930222149701094,202608250062
4,9,0.220967645247268,0.0663065625060717,0.019689123616249,0.220967645247268,0.206316040265861,0.00435065928246492,0.00406218202080954,0.915067679122109,202608250062
5,10,0.152846240873776,0.196314612129843,0.027161745767821,0.152846240873776,0.122840290381136,0.00415157073618063,0.00333655673737773,0.918079583757339,202608250062
6,11,0.126676563546154,0.225956867479446,0.0334689733793993,0.126676563546154,0.0980531240642038,0.00423973453312,0.00328173739907177,0.891947592168224,202608250062
1,2,0.18512151348393,0.161853168019738,0.118057854393092,0.18512151348393,0.155159010057947,0.0218550486839146,0.0183177398171974,0.185121513483971,202608250063
1,3,0.244635927506857,0.107626082625017,0.127006331960922,0.244635927506857,0.218306720959957,0.031070311818504,0.0277263358715407,0.24463592750697,202608250063
1,4,0.331204548467386,0.0701594257334837,0.102028916410959,0.331204548467386,0.307967427546596,0.0337924411905082,0.0314215829224496,0.331204548467345,202608250063
1,5,0.256978540913413,0.148766486186311,0.084846754132731,0.256978540913413,0.218748746356439,0.0218037950782683,0.0185601210989479,0.25697854091322,202608250063
2,3,0.326096491271957,0.158804946090628,0.0933652030563756,0.326096491271957,0.274310755555171,0.0304460651235778,0.0256110793929563,0.326096491271952,202608250063
2,4,0.229986428677139,0.168720859270109,0.107528977635253,0.229986428677139,0.191182920810269,0.0247302055456358,0.0205577040160497,0.229986428677179,202608250063
2,5,0.209428300845339,0.221305776052034,0.0913629289513083,0.209428300845339,0.163080608199502,0.0191339829705259,0.0148995220202673,0.209428300845575,202608250063
3,4,0.248511406372654,0.0847514873868358,0.123976369224365,0.248511406372654,0.227449695049977,0.0308095418729222,0.0281983873734851,0.248511406372862,202608250063
3,5,0.218612570342702,0.154547942581113,0.112299974390383,0.218612570342702,0.184826447373869,0.0245501860509012,0.0207560053067509,0.218612570342427,202608250063
4,5,0.241609627800374,0.159002637141029,0.0937572308222423,0.241609627800374,0.203193059821452,0.0226526496425557,0.0190508186111575,0.24160962780049,202608250063
6,7,0.246072892303317,0.196453012832689,0.0770392601271285,0.246072892303317,0.197731131233876,0.0189572735603901,0.015233060054358,0.246072892303349,202608250063
6,8,0.185956524254191,0.258228945183565,0.0972621502530602,0.185956524254191,0.137937167146029,0.0180865314025479,0.0134160654764385,0.185956524254135,202608250063
6,9,0.151163487179429,0.206231244617351,0.083951723873035,0.151163487179429,0.119988853077717,0.0126904353353725,0.0100732710614226,0.151163487180316,202608250063
6,10,0.18078035185963,0.204091300889128,0.0612753400887152,0.18078035185963,0.143884654673404,0.0110773775415564,0.00881658114866015,0.180780351859621,202608250063
7,8,0.170261277578605,0.142328589909444,0.0830189859080078,0.170261277578605,0.146028230024661,0.0141349186039776,0.0121231155705887,0.170261277578554,202608250063
7,9,0.152133284446842,0.0883299276040119,0.0765064871503027,0.152133284446842,0.138695362445492,0.0116391831716657,0.0106110949647426,0.152133284446382,202608250063
7,10,0.184248903292874,0.0587578677705833,0.0806302640145582,0.184248903292874,0.173422830596317,0.0148560377168973,0.013983128617133,0.184248903292876,202608250063
8,9,0.251550068730769,0.145100052818534,0.0790262426818652,0.251550068730769,0.215050140471429,0.0198790567781576,0.0169946045896643,0.251550068730877,202608250063
8,10,0.237753160273632,0.148554577266057,0.0825344310229234,0.237753160273632,0.202433840055513,0.0196228218070861,0.0167077618087673,0.237753160275182,202608250063
9,10,0.136567725438678,0.0766658287095583,0.0730798571956547,0.136567725438678,0.126097647592942,0.00998034987259397,0.00921519807880021,0.136567725438029,202608250063
11,12,0.135783694802637,0.144693826086408,0.1030004197028,0.135783694802637,0.116136632481494,0.0139857775534685,0.0119621218884638,0.582028270726377,202608250063
11,13,0.124828982365011,0.170876647484885,0.112291277823136,0.124828982365011,0.103498624349528,0.0140172059391288,0.0116219927811452,0.516466997196222,202608250063
11,14,0.214066689580844,0.157154977732793,0.0634772970094158,0.214066689580844,0.180425043746434,0.0135883748343457,0.0114528940898292,0.506883994779944,202608250063
11,15,0.137725102742446,0.156321852729181,0.0937649196875681,0.137725102742446,0.11619565951443,0.0129137831976075,0.0108950766824145,0.529918922486123,202608250063
12,13,0.195559430135737,0.188425734788165,0.11928686046696,0.195559430135737,0.158711000817656,0.0233276704556,0.0189321370091074,0.662823616001729,202608250063
12,14,0.0778855870155397,0.174938964892367,0.112912346202049,0.0778855870155397,0.0642603630430068,0.00879424436524843,0.00725578835898134,0.489528723587831,202608250063
12,15,0.250688844731457,0.15777570326114,0.0887301715062029,0.250688844731457,0.211136235954229,0.022243664187714,0.0187341544273928,0.573793623755451,202608250063
13,14,0.162676326138272,0.179625732050027,0.0951096510528336,0.162676326138272,0.133455471968476,0.015472088613568,0.012692903370013,0.428403326575768,202608250063
13,15,0.186666192943828,0.173519331563542,0.103133962926733,0.186666192943828,0.154275999918703,0.0192516242227432,0.0159110952561003,0.638871282340235,202608250063
14,15,0.112632943350662,0.201149029430181,0.107701643772886,0.112632943350662,0.0899769361138121,0.0121307531418447,0.00969066392110552,0.417654024427332,202608250063
1,6,0.217634003330093,0.202108254296538,-0.0349661210273981,0.217634003330093,0.173648374841481,0,0,0.854670348919245,202608250063
2,7,0.23838761779455,0.155079950799508,-0.0279667166029621,0.23838761779455,0.201418477755759,0,0,0.922532071934875,202608250063
3,8,0.165177044741984,0.152244801999721,-0.0338347407666301,0.165177044741984,0.140029698270342,0,0,0.904237559130257,202608250063
4,9,0.103013432648168,0.0811169489246211,-0.0374519350265205,0.103013432648168,0.0946572972934969,0,0,0.912168166815149,202608250063
5,10,0.0791691750104104,0.150150814397748,-0.059501296762986,0.0791691750104104,0.0672818589073994,0,0,0.912055266742639,202608250063
6,11,0.270071034198825,0.232365186036707,0.0194271954449222,0.270071034198825,0.207315928094089,0.00524672276539282,0.00402756705392929,0.966502293031389,202608250063
1,2,0.216666962219379,0.154042566451653,0.115234123480284,0.216666962219379,0.183291027293822,0.0249674274784859,0.0211213808720044,0.21666696222099,202608250064
1,3,0.314662709116158,0.0823249348145316,0.131693628599175,0.314662709116158,0.288758122099606,0.0414390739483536,0.0380276048867808,0.314662709116154,202608250064
1,4,0.286334179399002,0.0652729781921977,0.119411104459966,0.286334179399002,0.26764429475141,0.034191480606673,0.0319597008386746,0.286334179398927,202608250064
1,5,0.218285433201687,0.157326046012216,0.127453034548656,0.218285433201687,0.183943449094002,0.027821140859323,0.0234441507723768,0.218285433203113,202608250064
2,3,0.237631096662701,0.158483542873287,0.122470013898089,0.237631096662701,0.199970478566732,0.0291026837108991,0.0244903872892751,0.237631096663963,202608250064
2,4,0.23903670654979,0.174300954985188,0.135097548408627,0.23903670654979,0.197372380321647,0.0322932730345491,0.0266645247050298,0.239036706550147,202608250064
2,5,0.28919242808835,0.237102327275135,0.105957089510323,0.28919242808835,0.220624230358255,0.030641987988665,0.0233767013242158,0.289192428088516,202608250064
3,4,0.388967203625022,0.0664515180104128,0.134223445358087,0.388967203625022,0.363119742487874,0.0522085182018511,0.0487391829142638,0.388967203625516,202608250064
3,5,0.250833950402062,0.161270073253441,0.127217312660256,0.250833950402062,0.210381940846272,0.0319104210941063,0.0267642251467116,0.250833950402149,202608250064
4,5,0.238651982860896,0.177626896594606,0.130744933742186,0.238651982860896,0.196260971779166,0.0312025376865891,0.0256601277514441,0.238651982861493,202608250064
6,7,0.186985557122531,0.211111412673339,0.0883051418283152,0.186985557122531,0.147510772008883,0.0165117861415517,0.0130259596434486,0.186985557122726,202608250064
6,8,0.237128649556739,0.272048206534156,0.0791257487551885,0.237128649556739,0.172618225726962,0.0187629819474837,0.013658546359438,0.237128649556102,202608250064
6,9,0.136740307927432,0.215394103261989,0.101555614821153,0.136740307927432,0.107287251921634,0.013886746042404,0.0108956228313735,0.136740307927201,202608250064
6,10,0.368574489174732,0.206998309627582,0.0850954164999806,0.368574489174732,0.292280192943713,0.0313639996675914,0.02487170475324,0.368574489174792,202608250064
7,8,0.199469630692852,0.135774355749103,0.102445551538384,0.199469630692852,0.172386770094018,0.0204347763314869,0.0176602577402022,0.199469630692433,202608250064
7,9,0.36929896528713,0.0808491881863853,0.116456090342,0.36929896528713,0.339441443745594,0.043007113664685,0.0395300234386556,0.369298965287233,202608250064
7,10,0.244736880117219,0.0488377005775318,0.133676178097705,0.244736880117219,0.232784493645775,0.0327154907736262,0.0311177414309768,0.244736880117327,202608250064
8,9,0.24883806749004,0.136380687306916,0.129245854343868,0.24883806749004,0.214901360817624,0.0321612886260274,0.0277751099785337,0.248838067489796,202608250064
8,10,0.300412249421158,0.131292806255048,0.126204233515813,0.300412249421158,0.260970282161263,0.0379132976769583,0.0329355544305675,0.300412249421001,202608250064
9,10,0.327046158315155,0.0544255548809283,0.138472800666418,0.327046158315155,0.309246489677176,0.0452869974890921,0.0428222275218571,0.327046158315281,202608250064
11,12,0.170223586092729,0.18155003096523,0.0863047354400595,0.170223586092729,0.139319488766581,0.0146911015633912,0.0120239316196442,0.555970087805972,202608250064
11,13,0.156831479703613,0.16610402889544,0.0811189201779195,0.156831479703613,0.13078113906721,0.0127220002834624,0.0106088247807704,0.509219896231296,202608250064
11,14,0.0845803826578176,0.197765831231123,0.0705155880927011,0.0845803826578176,0.0678532729756479,0.0059642354242217,0.00478471344789239,0.334470387702234,202608250064
11,15,0.122220240198217,0.156373276729056,0.0916475887893531,0.122220240198217,0.10310826075581,0.0112011903154222,0.00944962348253385,0.366246006887687,202608250064
12,13,0.329368691823279,0.240533388143341,0.0814403643365307,0.329368691823279,0.250144524430686,0.0268239062631344,0.0203718612064233,0.635579597675037,202608250064
12,14,0.124757361338418,0.235387605950069,0.110424376980551,0.124757361338418,0.0953910247283203,0.0137762538995323,0.0105334944751611,0.484544786649325,202608250064
12,15,0.160677334487381,0.200786122595817,0.114832170414167,0.160677334487381,0.128415555506629,0.018450927055549,0.0147462369537671,0.578014619444754,202608250064
13,14,0.084773506282459,0.232667774554537,0.110020470288103,0.084773506282459,0.0650494432345342,0.00932682102916757,0.0071567703366427,0.523361883124719,202608250064
13,15,0.137988437091726,0.18786318287597,0.11178097947106,0.137988437091726,0.112065490099594,0.0154244826537939,0.012526790248237,0.719726861057456,202608250064
14,15,0.217620994680533,0.257381269164557,0.0782412156402595,0.217620994680533,0.161609426872804,0.0170269311726473,0.0126445180174538,0.574445057101122,202608250064
1,6,0.170116177034337,0.210353229263779,-0.00707033396616539,0.170116177034337,0.134331689845155,0,0,0.821966289630455,202608250064
2,7,0.264281484432603,0.153669086863601,-0.0222401465328581,0.264281484432603,0.223669590044888,0,0,0.922532071934875,202608250064
3,8,0.247854037361592,0.138068755216701,0.00209804564741951,0.247854037361592,0.213633138947644,0.000520009084281842,0.000448212077313672,0.958665604033703,202608250064
4,9,0.34149781539093,0.0660542087327525,0.000435377097477361,0.34149781539093,0.318940447411319,0.000148680327659763,0.000138859366262071,0.96125885725522,202608250064
5,10,0.239329916277658,0.154076422021753,-0.000216627070181796,0.239329916277658,0.20245481909483,0,0,0.955677772707043,202608250064
6,11,0.126404548137827,0.226846950511753,0.00308497260184091,0.126404548137827,0.0977300618619451,0.000389954567753277,0.000301494563220318,0.790949996915458,202608250064
1,2,0.175709763743864,0.189036334913112,0.114800660829777,0.175709763743864,0.142494233997275,0.0201715969920397,0.0163584322273201,0.175709763743701,202608250065
1,3,0.223334122544098,0.0763804618785571,0.11640261695667,0.223334122544098,0.206275759110937,0.0259966763198545,0.0240110381752367,0.223334122544517,202608250065
1,4,0.285822447245261,0.0584631561822901,0.0983034260872613,0.285822447245261,0.269112364871557,0.0280973258168547,0.0264546674693192,0.285822447245275,202608250065
1,5,0.216155445966814,0.137598965652394,0.10065084393306,0.216155445966814,0.186412680181648,0.0217562280572869,0.0187625935801066,0.21615544597134,202608250065
2,3,0.274469341535347,0.182792288438592,0.102244144870403,0.274469341535347,0.224298462489867,0.028062883118424,0.0229332044930226,0.274469341535484,202608250065
2,4,0.201885727847755,0.187673067151028,0.109099419785317,0.201885727847755,0.163997214088549,0.0220256157711266,0.0178920009034692,0.201885727847559,202608250065
2,5,0.290187491040986,0.250503529619204,0.124281450326669,0.290187491040986,0.217494500283878,0.036064922253231,0.0270305319333544,0.290187491040999,202608250065
3,4,0.308918582158081,0.049610428764304,0.102313048250002,0.308918582158081,0.293592998843957,0.031606401801662,0.0300383946565847,0.308918582157978,202608250065
3,5,0.257761770326385,0.133356463557488,0.0986922092602045,0.257761770326385,0.22338757219534,0.0254390785763323,0.0220466130212316,0.257761770326384,202608250065
4,5,0.222800276039115,0.137964697845763,0.103529929521064,0.222800276039115,0.192061703275426,0.0230664968756032,0.0198841346038004,0.222800276039669,202608250065
6,7,0.368819158536899,0.190378437547388,0.11069960339709,0.368819158536899,0.298603943397102,0.0408281345752831,0.0330553381068662,0.36881915853676,202608250065
6,8,0.284455622143836,0.274631268436578,0.119148982189622,0.284455622143836,0.206335213820558,0.0338925978565537,0.0245846307165975,0.284455622143826,202608250065
6,9,0.205425904600141,0.204933544781755,0.0877269689789672,0.205425904600141,0.163327245780436,0.0180213919603328,0.0143282042240004,0.20542590460011,202608250065
6,10,0.242248161514933,0.20620535673726,0.115354548045592,0.242248161514933,0.192295292950801,0.0279444271864307,0.0221821366096344,0.242248161514953,202608250065
7,8,0.279451532664732,0.127169814666684,0.129759678846045,0.279451532664732,0.243913733047437,0.0362615411316108,0.0316501676663755,0.279451532664804,202608250065
7,9,0.208614883962702,0.0427084172472265,0.132460025092372,0.208614883962702,0.199705272454441,0.0276331327643418,0.0264529654003943,0.208614883961382,202608250065
7,10,0.349508680870132,0.0254113559079103,0.134626283549672,0.349508680870132,0.340627191387637,0.047053054773894,0.0458573728524802,0.349508680870207,202608250065
8,9,0.250196142972152,0.140259621844707,0.111532088998578,0.250196142972152,0.215103726571874,0.027904898485071,0.02399096797594,0.250196142972184,202608250065
8,10,0.362466432658934,0.144439792663477,0.110038443341811,0.362466432658934,0.310111856278207,0.0398852420134484,0.0341242259266933,0.362466432658889,202608250065
9,10,0.2366672380806,0.0500781936883852,0.112985788257195,0.2366672380806,0.224815370292305,0.0267400344491897,0.0254009418248091,0.236667238080485,202608250065
11,12,0.170030537161968,0.12545562094147,0.0615727550060261,0.170030537161968,0.148699250543301,0.0104692486082169,0.00915582252328239,0.368457563200815,202608250065
11,13,0.165616750288151,0.168725566327887,0.0654250116471145,0.165616750288151,0.137672970302398,0.0108354778165595,0.00900725568552727,0.417999308318617,202608250065
11,14,0.0474284637175768,0.123872800994375,0.0816626119890294,0.0474284637175768,0.0415533670700204,0.00387313222980423,0.00339335649187679,0.443229246839034,202608250065
11,15,0.0901210741176561,0.171147466805733,0.0820948329973018,0.0901210741176561,0.0746970805766075,0.00739847452922643,0.00613224435532259,0.480093670896712,202608250065
12,13,0.102939138419231,0.204898428399036,0.0990278934841335,0.102939138419231,0.0818470707363801,0.0101938460347281,0.00810514300287058,0.282196450528583,202608250065
12,14,0.0857603072310525,0.152560084362235,0.085498572046815,0.0857603072310525,0.0726767075249519,0.00733238380655113,0.00621375471444741,0.49949555254563,202608250065
12,15,0.201882602713209,0.192585356051492,0.0853695353032673,0.201882602713209,0.163002969789084,0.0172346239794408,0.0139154877839466,0.432316759978609,202608250065
13,14,0.0746976206111291,0.194830132214781,0.0780591569040987,0.0746976206111291,0.0601442733113332,0.00583083328764697,0.00469481126729236,0.386277725542754,202608250065
13,15,0.136700113506909,0.215150449622158,0.0898014212937421,0.136700113506909,0.107289022622497,0.0122758644839363,0.0096347067207167,0.421411317447715,202608250065
14,15,0.225922404626334,0.222740581854521,0.0717784942813651,0.225922404626334,0.175600316765892,0.0162163700285036,0.0126043263327865,0.476451564534494,202608250065
1,6,0.223403862192534,0.207279006326542,-0.00672801845406971,0.223403862192534,0.177096931627754,0,0,0.924750776599641,202608250065
2,7,0.17999810070822,0.170626262547571,-0.000580034981182524,0.17999810070822,0.149285697518715,0,0,0.82423592149349,202608250065
3,8,0.206496924264544,0.141615562518651,-0.0533820702732402,0.206496924264544,0.177253746176449,0,0,0.910658535518837,202608250065
4,9,0.133823993111185,0.0533102756441928,-0.0487851449423273,0.133823993111185,0.126689799150621,0,0,0.880932245950053,202608250065
5,10,0.149886935747578,0.134800785335987,-0.0332944015839205,0.149886935747578,0.129682059097199,0,0,0.908496971529586,202608250065
6,11,0.163186088737574,0.212053640916056,0.0354676233040174,0.163186088737574,0.128581884473921,0.00578782272380025,0.00456049384224173,0.956517772458067,202608250065
1,2,0.267830752321596,0.12323012800259,0.130289217749291,0.267830752321596,0.234825934429976,0.0348954592091847,0.0305952873041277,0.267830752321673,202608250066
1,3,0.214827060778736,0.0765669618746494,0.125286119068809,0.214827060778736,0.198378405406447,0.026914848715927,0.0248540605204327,0.214827060795272,202608250066
1,4,0.247065578180092,0.0637414608651383,0.132496766053849,0.247065578180092,0.231317257297403,0.0327353901120866,0.030648788524352,0.247065578179813,202608250066
1,5,0.349314114170601,0.126174201907942,0.116097157381159,0.349314114170601,0.305239684599945,0.0405543756883244,0.0354374597019752,0.349314114170684,202608250066
2,3,0.261762058919359,0.131357251588177,0.112330451631699,0.261762058919359,0.22737771428965,0.0294038502984551,0.0255414413371399,0.261762058919301,202608250066
2,4,0.26419565530773,0.14834316627402,0.121542184673839,0.26419565530773,0.225004035283542,0.0321109171274382,0.0273474820087913,0.264195655307646,202608250066
2,5,0.24043030347269,0.191182362810811,0.133382346075314,0.24043030347269,0.194464269963461,0.0320691579447871,0.0259381005555496,0.240430303472279,202608250066
3,4,0.283235395321376,0.0727269546166835,0.122593065457394,0.283235395321376,0.26263654758,0.0347226953584845,0.032197419468979,0.283235395321582,202608250066
3,5,0.248381269350084,0.136930547939048,0.132319496846916,0.248381269350084,0.214370286040181,0.0328656845866014,0.0283653683877662,0.248381269349627,202608250066
4,5,0.331484257497043,0.155298682557251,0.115658269067998,0.331484257497043,0.280005189019284,0.0383388954453987,0.0323849154920281,0.331484257497052,202608250066
6,7,0.262527567967042,0.192838326530108,0.112754927835945,0.262527567967042,0.211902191092259,0.02960127698107,0.0238930162648862,0.262527567967047,202608250066
6,8,0.294296925404495,0.264752022779426,0.0908209276013306,0.294296925404495,0.216381219105889,0.0267283197554558,0.0196519430347036,0.294296925404566,202608250066
6,9,0.2802597573388,0.189374820433259,0.118276923031811,0.2802597573388,0.227185616118096,0.0331482617476751,0.0268708156315345,0.280259757338794,202608250066
6,10,0.173577104103864,0.188872024435441,0.0838597885142147,0.173577104103864,0.140793245056126,0.0145561392410598,0.0118068917546367,0.173577104104064,202608250066
7,8,0.315532296050795,0.156787161731245,0.127272336677909,0.315532296050795,0.266060882918448,0.0401585326157304,0.0338621902676184,0.315532296050717,202608250066
7,9,0.435651474161829,0.110183296482488,0.108202753416182,0.435651474161829,0.387649958621223,0.0471386890341286,0.0419447928844854,0.4356514741618,202608250066
7,10,0.134231712544729,0.0783009433840849,0.129480746455468,0.134231712544729,0.123721242820416,0.0173804223382873,0.0160195188727856,0.134231712544671,202608250066
8,9,0.289946020256777,0.155622499620558,0.140621269404081,0.289946020256777,0.244823895829384,0.0407725774271693,0.0344274470119805,0.289946020256808,202608250066
8,10,0.25000956205332,0.156749320581741,0.0959146644609359,0.25000956205332,0.210820733062523,0.0239795832563697,0.0202207998731005,0.25000956205345,202608250066
9,10,0.179528872978507,0.0690589754145123,0.122602750021965,0.179528872978507,0.167130792953289,0.0220107335355089,0.0204906948294248,0.179528872978465,202608250066
11,12,0.1754788137446,0.142382542805855,0.0897560366781274,0.1754788137446,0.150493694035089,0.0157502828426947,0.0135077175216404,0.454753051073731,202608250066
11,13,0.242519292772411,0.181437224779325,0.106935739005474,0.242519292772411,0.19851726533634,0.0259339797957028,0.0212285904740874,0.587573423992902,202608250066
11,14,0.127552951190193,0.135619107204465,0.0975156573677181,0.127552951190193,0.110254333828485,0.0124384098845042,0.0107515238409245,0.423984032458095,202608250066
11,15,0.170492990639443,0.142093761088981,0.105942050656562,0.170492990639443,0.146267000360176,0.0180623770509125,0.0154958259615411,0.499833219448129,202608250066
12,13,0.20614816991178,0.207157027065765,0.160008163533765,0.20614816991178,0.163443127897807,0.0329853900834304,0.0261522347371424,0.5582321724191,202608250066
12,14,0.241967094746355,0.145085319784932,0.102683271066402,0.241967094746355,0.206861221427649,0.0248459727789896,0.0212411868729822,0.452978018426898,202608250066
12,15,0.210021396163566,0.155890778613005,0.131944115269145,0.210021396163566,0.177280997190237,0.0277110873043924,0.0233911843282977,0.563535438664084,202608250066
13,14,0.115028265174282,0.188360786459576,0.132216782739803,0.115028265174282,0.0933614506809739,0.0152086671454845,0.0123439506409591,0.447262720955867,202608250066
13,15,0.306539297925787,0.175553671280594,0.11615154672288,0.306539297925787,0.252725198783139,0.0356050135854259,0.029354422734509,0.64645663447941,202608250066
14,15,0.143295454642669,0.182937903155726,0.153950959842646,0.143295454642669,0.117081284638593,0.0220604727833272,0.0180247761497213,0.549709647452569,202608250066
1,6,0.222769006654556,0.182609312028758,0.0118874047295847,0.222769006654556,0.182089311608037,0.00264814534331025,0.0021645693440162,0.985384754154054,202608250066
2,7,0.149869788148264,0.139998150203478,-0.0172303093230528,0.149869788148264,0.12888829503612,0,0,0.69035059025859,202608250066
3,8,0.249455110142432,0.156878704151018,0.00213180023297632,0.249455110142432,0.210320915719438,0.000531788461918772,0.000448362177130492,0.938238813087351,202608250066
4,9,0.163691440878468,0.0791373626833329,-0.01450353385964,0.163691440878468,0.150737331953512,0,0,0.904862300800081,202608250066
5,10,0.142029053503905,0.134973874886436,-0.010195658540747,0.142029053503905,0.12285884180603,0,0,0.773698790051522,202608250066
6,11,0.135316506344917,0.207662239343222,-0.0289723744818167,0.135316506344917,0.10721637761723,0,0,0.952528788688753,202608250066
1,2,0.180233321183756,0.159831504820451,0.1333671469678,0.180233321183756,0.151426358240169,0.0240372038348087,0.0201953013742153,0.180233321183602,202608250067
1,3,0.161331649357455,0.0646216325754088,0.119932197515914,0.161331649357455,0.150906134789893,0.0193488592363066,0.0180985043639847,0.161331649358185,202608250067
1,4,0.176205142212347,0.034919915538199,0.118452351828498,0.176205142212347,0.170052073528895,0.0208719134993273,0.0201430680428102,0.17620514221236,202608250067
1,5,0.385479883003183,0.106363605093695,0.112896008439402,0.385479883003183,0.344478852955869,0.043519140124747,0.0388902874905012,0.385479883003549,202608250067
2,3,0.336025860550962,0.165076187688601,0.121414211294171,0.336025860550962,0.280555992526428,0.0407983148332402,0.0340634845564496,0.336025860550969,202608250067
2,4,0.202912012150297,0.168299125658738,0.120255536107403,0.202912012150297,0.168762097919747,0.0244012928037659,0.0202945765599492,0.202912012149813,202608250067
2,5,0.325305979708496,0.221787626042087,0.137151899426313,0.325305979708496,0.253157138731653,0.0446163330117577,0.0347209824303768,0.325305979708596,202608250067
3,4,0.275488901902237,0.0598473761578713,0.102145244938657,0.275488901902237,0.259001613962775,0.0281398813626856,0.0264557832977351,0.27548890190224,202608250067
3,5,0.272717375563286,0.117659062094589,0.143246712296316,0.272717375563286,0.240629704937612,0.0390658674355203,0.0344694141131454,0.272717375563192,202608250067
4,5,0.297352837233287,0.119664148206733,0.136136879643209,0.297352837233287,0.261770363248911,0.0404806874139948,0.0356366004357761,0.297352837233347,202608250067
6,7,0.177538619580995,0.210304251750646,0.0923848337597331,0.177538619580995,0.140201493033172,0.0164018758559228,0.0129524916267359,0.177538619581212,202608250067
6,8,0.33222744730415,0.296669407925373,0.0865930735165231,0.33222744730415,0.23366572721587,0.028768595768615,0.0202338334950956,0.332227447304277,202608250067
6,9,0.234843659825571,0.201676787082355,0.0749869902650354,0.234843659825571,0.187481145045288,0.0176102192331454,0.0140586467983887,0.234843659825773,202608250067
6,10,0.135748432514086,0.2363270350277,0.0904596735354664,0.135748432514086,0.103667407948374,0.0122797588881755,0.00937771987927796,0.135748432514575,202608250067
7,8,0.209037462643032,0.152951426661457,0.12536948089608,0.209037462643032,0.177064884506089,0.0262069181793906,0.0221985326554528,0.209037462642372,202608250067
7,9,0.222028249129599,0.0379911207409771,0.0916264323353284,0.222028249129599,0.213593147109008,0.0203436563454046,0.0195707780408734,0.222028249130248,202608250067
7,10,0.203678322551292,0.0764325955316887,0.105872901062294,0.203678322551292,0.188110659705157,0.021564014892007,0.0199158212637269,0.203678322551428,202608250067
8,9,0.160075091960402,0.145578613370805,0.107715856339952,0.160075091960402,0.136771582037603,0.0172426256092113,0.0147324680821504,0.160075091960896,202608250067
8,10,0.367619198625212,0.187998418495484,0.110770250649437,0.367619198625212,0.298507370675095,0.0407212707752598,0.0330657362703846,0.367619198625216,202608250067
9,10,0.157494053659992,0.0689407634303312,0.106879884364942,0.157494053659992,0.146636293364935,0.0168329462433459,0.0156724700785479,0.157494053659749,202608250067
11,12,0.224243604826997,0.182644106385181,0.0715594557149062,0.224243604826997,0.183286832010778,0.0160467503089684,0.0131159059384007,0.420718743184697,202608250067
11,13,0.0885392761714104,0.148116537349764,0.054346492578955,0.0885392761714104,0.0754251451654466,0.0048117991153956,0.00409909209200055,0.510610930206243,202608250067
11,14,0.0759364847403086,0.100529520861496,0.0728483694431996,0.0759364847403086,0.0683026263134591,0.00553184909457989,0.00497573495562367,0.550327291533843,202608250067
11,15,0.165369185490861,0.138702656443902,0.0802169112396568,0.165369185490861,0.142432040169314,0.0132654052742947,0.0114254583239451,0.417096631864982,202608250067
12,13,0.159343515096142,0.21628936180352,0.0661036475902896,0.159343515096142,0.124879207908467,0.0105331875677133,0.00825497115093584,0.240636419513252,202608250067
12,14,0.15025435363153,0.176643846110929,0.0850808678593102,0.15025435363153,0.123712846711145,0.0127837708066103,0.01052559636353,0.66046000379767,202608250067
12,15,0.168556959557187,0.191890018159688,0.11006862460769,0.168556959557187,0.136212561526817,0.0185528327065136,0.014992729301547,0.597807762142677,202608250067
13,14,-0.025046857184055,0.155352726799427,0.0873111858804692,0.025046857184055,0.0211557596227562,0.00218687080331859,0.001847134460865,0.476215452978671,202608250067
13,15,0.151115212840872,0.163292518706704,0.0793849609593311,0.151115212840872,0.126439229121186,0.0119962752717336,0.0100373732675133,0.413702780446724,202608250067
14,15,0.200940573680122,0.163224131500904,0.0850255704776171,0.200940573680122,0.168142223057891,0.017085086909252,0.0142963884368719,0.600910523881554,202608250067
1,6,0.150890817669798,0.206930647735383,0.0171432357609413,0.150890817669798,0.119666883032065,0.00258675686147455,0.00205147758859567,0.978534776684823,202608250067
2,7,0.213334478126437,0.162844727682036,0.0285910270976098,0.213334478126437,0.178594083130748,0.00609945184496741,0.005106188270264,0.911386238903898,202608250067
3,8,0.207205314442985,0.160184045335825,0.00225861736342309,0.207205314442985,0.174014328960426,0.000467997520994468,0.000393031784874436,0.935539951238991,202608250067
4,9,0.301468677906823,0.0295273646485026,-0.000522214651597395,0.301468677906823,0.292567102324166,0,0,0.979191683203003,202608250067
5,10,0.217198089322628,0.142610022116084,0.0185944601882525,0.217198089322628,0.186223465000757,0.00403868122487413,0.00346272480607501,0.9086621011192,202608250067
6,11,0.0453978744145853,0.228310823639412,-0.0112693745496915,0.0453978744145853,0.0350330483155128,0,0,0.888928583667972,202608250067
1,2,0.326030486613109,0.163426414481963,0.141879612727523,0.326030486613109,0.272748493174119,0.0462570791780339,0.0386974505835595,0.326030486613177,202608250068
1,3,0.28403824904759,0.0561080936327372,0.128582985193345,0.28403824904759,0.268101404374749,0.0365224859716299,0.0344732789090333,0.284038249047419,202608250068
1,4,0.217231270941799,0.049449248975876,0.144006534089139,0.217231270941799,0.206489347739652,0.0312827224241071,0.0297358152943142,0.217231270943189,202608250068
1,5,0.354829843269377,0.156020957580852,0.134052097785128,0.354829843269377,0.299468951344225,0.0475656848470283,0.0401444411492059,0.354829843269451,202608250068
2,3,0.229817317750497,0.166929719740048,0.131309193598527,0.229817317750497,0.191453977306997,0.0301771266687943,0.0251396673714126,0.229817317750483,202608250068
2,4,0.306441216658086,0.181129168294077,0.124497300237742,0.306441216658086,0.250935773953781,0.0381511041555007,0.0312408263903141,0.306441216658121,202608250068
2,5,0.330418387530615,0.257666735843812,0.147998883733933,0.330418387530615,0.245280560152825,0.0489015525196971,0.036301249104252,0.330418387530638,202608250068
3,4,0.299997637957265,0.0483972641881674,0.132671529055015,0.299997637957265,0.285478573017221,0.0398011453406832,0.0378748787946386,0.29999763795737,202608250068
3,5,0.293016999152294,0.158575191434888,0.145625297836081,0.293016999152294,0.246551772418043,0.0426706877725875,0.0359041752903911,0.293016999152272,202608250068
4,5,0.284501827105693,0.173987709864106,0.140534705224003,0.284501827105693,0.23500200575542,0.0399823804079889,0.0330259376058874,0.28450182710554,202608250068
6,7,0.195236153013785,0.201301232444826,0.0916227791108786,0.195236153013785,0.155934874794323,0.0178880789220397,0.0142871865889628,0.195236153013484,202608250068
6,8,0.22899967839222,0.2832489261412,0.0758467534697002,0.22899967839222,0.164135765400944,0.0173688821516554,0.0124491649339259,0.228999678392233,202608250068
6,9,0.16150133882087,0.197710255543503,0.106063721236575,0.16150133882087,0.129570867851978,0.0171294329800304,0.0137427684082333,0.161501338821535,202608250068
6,10,0.16585382934585,0.215791454453284,0.0701684769427189,0.16585382934585,0.130063990284662,0.0116377106003159,0.00912639210336736,0.165853829345899,202608250068
7,8,0.239254981924067,0.165028417824437,0.102084657727449,0.239254981924067,0.199771110800524,0.0244242629393054,0.0203935654699038,0.239254981923691,202608250068
7,9,0.309192843605059,0.0592710324244132,0.113515108849541,0.309192843605059,0.290866664546347,0.0350980592973272,0.0330177610866814,0.309192843604989,202608250068
7,10,0.238382024834196,0.06174660346223,0.113476069654598,0.238382024834196,0.223662744474236,0.0270506552544893,0.0253803691710968,0.238382024834593,202608250068
8,9,0.265422084373089,0.160552311017891,0.11787436928011,0.265422084373089,0.222807955331804,0.0312864607884901,0.0262633472053274,0.265422084372918,202608250068
8,10,0.176054647358106,0.181031976744186,0.102879391756679,0.176054647358106,0.144183126531868,0.0181123950361387,0.0148334723591749,0.176054647358079,202608250068
9,10,0.340837869113416,0.0555435851818382,0.102405817273573,0.340837869113416,0.321906511897119,0.0349037805443423,0.0329650994365095,0.340837869113386,202608250068
11,12,0.0410111445239371,0.181555872393513,0.07199705082544,0.0410111445239371,0.0335653304020373,0.00295268145669937,0.00241660479892817,0.438579657545104,202608250068
11,13,0.142738339961951,0.185264467952707,0.0631388814162674,0.142738339961951,0.116293997352447,0.00901233912041248,0.0073426729082599,0.371803106254397,202608250068
11,14,0.101910572031751,0.142644688644689,0.0661700223103785,0.101910572031751,0.0873735702146795,0.00674342482500438,0.00578151109044276,0.333054842258966,202608250068
11,15,0.111535685738947,0.150582067968185,0.0852353266182279,0.111535685738947,0.0947404115281271,0.0095067806035472,0.00807522992054524,0.385725046795471,202608250068
12,13,0.0664506455680989,0.231196375591372,0.109848479452292,0.0664506455680989,0.0510874971570476,0.00729950237427885,0.00561188388172497,0.50145964785333,202608250068
12,14,0.278784834982897,0.185884758591223,0.0729015597159174,0.278784834982897,0.226962983233207,0.0203238492953978,0.0165459554754784,0.587006533448606,202608250068
12,15,0.176261339045228,0.197796991493415,0.0877828013431307,0.176261339045228,0.141397376465481,0.0154727141098814,0.0124122578087092,0.625978043219117,202608250068
13,14,0.171955862878034,0.194946550048591,0.0985177586070221,0.171955862878034,0.138433660649333,0.0169407061900803,0.0136381739629374,0.383540354374362,202608250068
13,15,0.200251308687724,0.195673440531387,0.084855431778425,0.200251308687724,0.161067446145885,0.0169924112628915,0.0136674476881573,0.542319135275475,202608250068
14,15,0.156600106802222,0.194425842288325,0.128576581240487,0.156600106802222,0.126152999134759,0.0201351063545248,0.0162203213419813,0.527542450307974,202608250068
1,6,0.11886026961684,0.199967331341024,-0.0338775738002936,0.11886026961684,0.0950920986990856,0,0,0.952206056461467,202608250068
2,7,0.15064578445574,0.17094056277256,0.00846045029210524,0.15064578445574,0.124894309281562,0.00127453117110299,0.00105666209544348,0.951466454300084,202608250068
3,8,0.228183048831019,0.163641163289104,0.00256760631644376,0.228183048831019,0.190842909277457,0.000585884237483919,0.000490009459309301,0.9699633879325,202608250068
4,9,0.247133751249907,0.047642567354764,0.00456360927084035,0.247133751249907,0.235359664860348,0.00112782187834163,0.00107408954853856,0.871047493494427,202608250068
5,10,0.15430092228366,0.177079117192567,0.0167571069050389,0.15430092228366,0.126977451183671,0.00258563705025339,0.00212777472401412,0.94757209541881,202608250068
6,11,0.0746150373033505,0.219493549205606,-0.00820392479406951,0.0746150373033505,0.0582375179415294,0,0,0.963740741469956,202608250068
1,2,0.365847512084043,0.150961263050156,0.138579039256599,0.365847512084043,0.310618709576079,0.0506987967390236,0.0430452423481774,0.365847512084065,202608250069
1,3,0.265786883796855,0.0718372767924844,0.152421652587458,0.265786883796855,0.246693477857729,0.0405116760643875,0.0376014275776226,0.265786883796797,202608250069
1,4,0.237574243226749,0.0690144969138493,0.117528613418824,0.237574243226749,0.221178176350767,0.0279217713904663,0.0259947643850098,0.237574243226111,202608250069
1,5,0.278709023239757,0.154209581275426,0.135006997788383,0.278709023239757,0.235729421468271,0.0376276684841323,0.0318251214828237,0.278709023239789,202608250069
2,3,0.319211522433082,0.15043554673668,0.153686766501061,0.319211522433082,0.271190762531213,0.0490585867126213,0.0416784313983792,0.319211522433085,202608250069
2,4,0.184391220023977,0.172640630022501,0.14122797875117,0.184391220023977,0.15255780362842,0.0260411993034484,0.0215454302491596,0.184391220023827,202608250069
2,5,0.399577534265033,0.241964627405669,0.121069434166093,0.399577534265033,0.302893905066918,0.0483766259789502,0.0366711936988101,0.399577534264984,202608250069
3,4,0.280569004018075,0.0649484853960687,0.129710908805041,0.280569004018075,0.262346472158018,0.0363928604937098,0.0340291993254129,0.280569004018071,202608250069
3,5,0.362347320393681,0.149090951053761,0.136490135369074,0.362347320393681,0.308324613784405,0.0494568348111547,0.0420832682730509,0.362347320393817,202608250069
4,5,0.228196675896509,0.173974358974359,0.122730937304633,0.228196675896509,0.188496305487334,0.02800679192258,0.0231343282509209,0.228196675896478,202608250069
6,7,0.255673353996443,0.209125776136555,0.0806804014367735,0.255673353996443,0.202205465404501,0.0206278288371193,0.0163140181215447,0.255673353996148,202608250069
6,8,0.196190654742324,0.257679729849818,0.0675834820882937,0.196190654742324,0.145636299829263,0.0132592476006685,0.0098426082609164,0.196190654742332,202608250069
6,9,0.176306765831603,0.209466651075468,0.0640651589174138,0.176306765831603,0.139376378030911,0.0112951209712169,0.00892916980788384,0.176306765831771,202608250069
6,10,0.09567060578814,0.203541314696268,0.0739996955582838,0.09567060578814,0.0761976849082336,0.00707959570219894,0.00563860548545532,0.0956706057894298,202608250069
7,8,0.343868902510497,0.152621177401795,0.104297594108811,0.343868902510497,0.291387225737482,0.035864699220682,0.0303909865984603,0.343868902510525,202608250069
7,9,0.178289505745115,0.144622956705816,0.0970940711592998,0.178289505745115,0.152504750274638,0.0173108539577725,0.0148073070752969,0.178289505744986,202608250069
7,10,0.20068183287264,0.111350432295991,0.105079746341985,0.20068183287264,0.17833582402832,0.0210875960937016,0.0187394831525847,0.200681832873031,202608250069
8,9,0.105039450964324,0.163532961069862,0.104618336671184,0.105039450964324,0.0878620385189757,0.010989052644742,0.00919198032639473,0.105039450965076,202608250069
8,10,0.225640745460333,0.15692943843758,0.0903804642770409,0.225640745460333,0.190231069986606,0.0203935153345225,0.0171931724253077,0.225640745460359,202608250069
9,10,0.17396483462449,0.098887454313249,0.0756995348593139,0.17396483462449,0.156761894988449,0.0131690570629513,0.0118668025342902,0.173964834624517,202608250069
11,12,0.188065344820066,0.194748053699503,0.083088898908768,0.188065344820066,0.151439984948032,0.0156261424239971,0.0125829816000924,0.600040947187257,202608250069
11,13,0.0685325833312525,0.155845133656719,0.0644509207725824,0.0685325833312525,0.0578521137221533,0.00441698809862296,0.00372862199803293,0.43729716802643,202608250069
11,14,0.131056302605592,0.170695807965277,0.103635029209543,0.131056302605592,0.108685541143389,0.0135820237486252,0.0112636292310501,0.489696008911859,202608250069
11,15,0.149279783495521,0.171370623475124,0.0885006212117329,0.149279783495521,0.123697613925662,0.0132113535737066,0.0109473156748302,0.626175833739829,202608250069
12,13,0.173685174775642,0.215245709828393,0.0846751036380151,0.173685174775642,0.13630018604439,0.0147068101745142,0.0115412323791895,0.43729716802643,202608250069
12,14,0.177021939315499,0.199512895163283,0.117981979608692,0.177021939315499,0.141703779695245,0.0208853988346123,0.0167184924464789,0.612597254987235,202608250069
12,15,0.136643696526557,0.204072388023735,0.113684358858027,0.136643696526557,0.108758491067992,0.0155342510316124,0.0123641393274311,0.5183640660589,202608250069
13,14,0.115611043107542,0.186400641233684,0.100077980395466,0.115611043107542,0.0940610705386011,0.011570119705616,0.00941344197333869,0.574333588693454,202608250069
13,15,0.0177079036831266,0.195387122069282,0.104652116753134,0.0177079036831266,0.0142480073446005,0.00185316960369981,0.00149108412812664,0.270466636519616,202608250069
14,15,0.374070920773391,0.238917465915444,0.0899713930078225,0.374070920773391,0.284698844309555,0.0336556818257008,0.0256147516102479,0.711233753278716,202608250069
1,6,0.193678849472511,0.195482338136412,0.00739518256044707,0.193678849472511,0.155818055130055,0.00143229044994657,0.00115230296390056,0.790949996915726,202608250069
2,7,0.28183440948112,0.168905380333952,0.0188561524208627,0.28183440948112,0.234231061356516,0.00531431258261984,0.00441669659463893,0.878278369215248,202608250069
3,8,0.275080786617297,0.140103784682525,0.0185463716055415,0.275080786617297,0.236540927318767,0.00510175049014904,0.00438697593797323,0.987441616054333,202608250069
4,9,0.184192315591467,0.101690513081561,-0.0102174784296459,0.184192315591467,0.165461704513289,0,0,0.951469336484597,202608250069
5,10,0.175241494334173,0.167309746328438,0.00489636890699351,0.175241494334173,0.145921884370906,0.000858047004072923,0.000714487377483606,0.913583353337038,202608250069
6,11,0.160166025908334,0.225194953187491,-0.00194568237046722,0.160166025908334,0.124097445201681,0,0,0.913838907606183,202608250069
1,2,0.316349366246871,0.135528624606509,0.115884908721399,0.316349366246871,0.273474971744292,0.036660117431591,0.0316916221381744,0.316349366246808,202608250070
1,3,0.341533789030038,0.0396005007966371,0.129298516008013,0.341533789030038,0.328008879945475,0.0441598120881775,0.0424110614144003,0.341533789029879,202608250070
1,4,0.162471282246392,0.0549816707570909,0.135739507181857,0.162471282246392,0.153538339698438,0.0220537717833296,0.0208412185641865,0.162471282247091,202608250070
1,5,0.262519723345681,0.168790540534374,0.111983725814715,0.262519723345681,0.218208877341229,0.0293979367200976,0.024435843090517,0.26251972334577,202608250070
2,3,0.268213329532845,0.12830232158619,0.132984320498012,0.268213329532845,0.233800936673419,0.0356681673764348,0.0310918586953134,0.268213329532759,202608250070
2,4,0.202909933545354,0.149903577334428,0.123839267584956,0.202909933545354,0.172493008630214,0.0251282175559688,0.0213614078522913,0.202909933544921,202608250070
2,5,0.219531156125032,0.235578778135048,0.096540260619273,0.219531156125032,0.167814274602522,0.0211935950263609,0.0162008338057617,0.219531156124362,202608250070
3,4,0.314326874291496,0.0434155141405019,0.118158455297446,0.314326874291496,0.300680211435954,0.0371403779247578,0.0355279093217819,0.314326874291471,202608250070
3,5,0.291883248721819,0.160043364010494,0.105146765370961,0.291883248721819,0.245169271698067,0.0306905794690669,0.025778755887406,0.291883248721817,202608250070
4,5,0.239335167915452,0.182438120646213,0.0912056710781254,0.239335167915452,0.195671309676411,0.0218287246023247,0.0178463331097728,0.239335167915118,202608250070
6,7,0.113717924818289,0.191892233724119,0.0761610649036355,0.113717924818289,0.0918963382104358,0.00866087825279242,0.00699892297885144,0.113717924818413,202608250070
6,8,0.0625232780683895,0.25558300054921,0.0685368715861399,0.0625232780683895,0.0465433910554979,0.00428514988011773,0.00318993841595415,0.0625232780715177,202608250070
6,9,0.264821263331463,0.174942067736185,0.0788827989086976,0.264821263331463,0.218492883943748,0.020889842462123,0.0172353302271161,0.26482126333123,202608250070
6,10,0.186084529174889,0.200787404810973,0.0744813929220933,0.186084529174889,0.148721099486391,0.0138598349341976,0.0110769546466516,0.186084529174828,202608250070
7,8,0.225243423097097,0.188534855974092,0.0821488447743344,0.225243423097097,0.182777186764374,0.0185034870004432,0.0150149347437961,0.225243423096957,202608250070
7,9,0.193233815816321,0.0828482215461082,0.100496078785897,0.193233815816321,0.17722473783337,0.0194192407783765,0.0178103912161124,0.193233815816116,202608250070
7,10,0.146803929285767,0.0867853140894859,0.0976960725703811,0.146803929285767,0.134063504173131,0.0143421673291194,0.0130974778327378,0.146803929286298,202608250070
8,9,0.282609523233913,0.176171720565589,0.0909455981225653,0.282609523233913,0.232821717277574,0.0257020921256412,0.0211741103337317,0.282609523233922,202608250070
8,10,0.247564845498579,0.204506820566632,0.0748043196342243,0.247564845498579,0.196936146061595,0.018518919832873,0.0147316744175238,0.247564845498457,202608250070
9,10,0.274264991218812,0.0680808540275073,0.0913740271314093,0.274264991218812,0.255592796386789,0.0250606967488235,0.0233545431116392,0.274264991218847,202608250070
11,12,0.2008129425978,0.156222395566618,0.106562585217403,0.2008129425978,0.16944146364439,0.0213991463083355,0.0180561204089668,0.522480139790048,202608250070
11,13,0.310556256582508,0.174799099121937,0.0915123369675636,0.310556256582508,0.256271302705204,0.0284197287997636,0.0234519858082752,0.681321686933896,202608250070
11,14,0.159557088962307,0.136260091159787,0.127046134894465,0.159557088962307,0.137815825475113,0.0202711114476734,0.0175089679539032,0.686173284082323,202608250070
11,15,0.199793020668055,0.12791252051207,0.0974457857684302,0.199793020668055,0.174236991813684,0.0194689878900468,0.0169786605772119,0.604513223093481,202608250070
12,13,0.158591776254587,0.206550537409491,0.151319033137231,0.158591776254587,0.125834559640476,0.0239979542463601,0.0190411639000461,0.665381736617082,202608250070
12,14,0.231247717950673,0.158800633046751,0.107505289492725,0.231247717950673,0.194525433949489,0.0248603528628192,0.0209125130904379,0.544064419654416,202608250070
12,15,0.110493878566929,0.165601356301592,0.104272015870196,0.110493878566929,0.0921959424132218,0.0115214194594903,0.00961345677047915,0.432731378069855,202608250070
13,14,0.263874346041078,0.171088837044127,0.113205108477195,0.263874346041078,0.218728391051131,0.0298719239679292,0.0247611712359856,0.815090557827812,202608250070
13,15,0.0825626765813485,0.182606573256734,0.121888130034923,0.0825626765813485,0.0674861891319245,0.0100634102591787,0.00822576539647339,0.570948584191163,202608250070
14,15,0.131989748953727,0.175271857011763,0.127726445077668,0.131989748953727,0.108855660548091,0.0168585814205535,0.013903746548389,0.654934337678109,202608250070
1,6,0.135930090165317,0.180665418288737,0.00410819683653249,0.135930090165317,0.111372223567575,0.000558427566406733,0.000457539016537899,0.772046489158144,202608250070
2,7,0.21453650565979,0.147388931569385,0.0159415938244522,0.21453650565979,0.182916199307964,0.00342005383374565,0.0029159757532801,0.899855680593485,202608250070
3,8,0.0803481392477447,0.169422584972794,0.0111132281347929,0.0803481392477447,0.0667353497986378,0.000892927201666296,0.000741645166967469,0.957427527495584,202608250070
4,9,0.233116440633892,0.050740493792869,-0.0108387098279424,0.233116440633892,0.221287997324893,0,0,0.865598250881045,202608250070
5,10,0.0916967955093167,0.189172982481067,-0.0216338385648836,0.0916967955093167,0.0743502392188627,0,0,0.913838907606183,202608250070
6,11,0.140706106155427,0.199232840154949,0.0210761255169873,0.140706106155427,0.112672828998938,0.00296553955433832,0.00237470668633566,0.938234248184174,202608250070
1,2,0.234772982563355,0.186713906111603,0.107367154352075,0.234772982563355,0.190937601939479,0.0252069070565768,0.0205004269790512,0.23477298256329,202608250071
1,3,0.16196637980758,0.0619657866112924,0.10273386958209,0.16196637980758,0.15193000567822,0.0166394329398351,0.0156083573889523,0.161966379807486,202608250071
1,4,0.231572462431539,0.0801352486834548,0.10820385039131,0.231572462431539,0.213015345566348,0.0250570320796896,0.0230490805827144,0.231572462431595,202608250071
1,5,0.108956061579882,0.151880139253754,0.0700380626052869,0.108956061579882,0.0924077997745891,0.00763107146215729,0.00647206326582949,0.108956061579459,202608250071
2,3,0.286747893192886,0.194894788226252,0.133133454837585,0.286747893192886,0.230862223274734,0.0381757376881676,0.0307354853760513,0.286747893192856,202608250071
2,4,0.346351004206447,0.231561214840228,0.116235607368927,0.346351004206447,0.26614954491127,0.0402583193367742,0.030936054003725,0.346351004206429,202608250071
2,5,0.201922857060767,0.269071376904607,0.133481277207258,0.201922857060767,0.147591195882914,0.0269529208578098,0.019700661330998,0.201922857060677,202608250071
3,4,0.289088647346275,0.0881658692185008,0.116901938355103,0.289088647346275,0.26360089547179,0.0337950232312342,0.030815455632793,0.289088647346208,202608250071
3,5,0.217574373253322,0.16086887835703,0.0962470251912963,0.217574373253322,0.182573427868826,0.020940886183493,0.0175721493113522,0.21757437325221,202608250071
4,5,0.275696347848184,0.19196112943091,0.105502257209011,0.275696347848184,0.22277336553527,0.0290865870022642,0.0235030929100191,0.275696347848165,202608250071
6,7,0.294822051527053,0.204201509872242,0.0849078378328328,0.294822051527053,0.234618943461597,0.0250327029406021,0.0199209872039479,0.294822051526956,202608250071
6,8,0.220832569416899,0.280447555657776,0.084026863507543,0.220832569416899,0.158900615114304,0.0185558681684138,0.0133519202974742,0.220832569417887,202608250071
6,9,0.258766640504957,0.200480042024867,0.0963762375778727,0.258766640504957,0.206889093541889,0.0249389552225337,0.0199391924314639,0.258766640504873,202608250071
6,10,0.149978489185473,0.21730751728578,0.079897827289665,0.149978489185473,0.117387036054306,0.0119829554261058,0.00937896913271261,0.149978489185087,202608250071
7,8,0.225836442922727,0.169028858605821,0.133559885060782,0.225836442922727,0.1876635667439,0.0301626893592953,0.0250643244044117,0.225836442922717,202608250071
7,9,0.277504519640853,0.088733103317751,0.118188441026555,0.277504519640853,0.252880682428418,0.0327978265541753,0.029887573621946,0.277504519641015,202608250071
7,10,0.163631886201114,0.0801558725197744,0.124876411209055,0.163631886201114,0.150515829590607,0.0204337627081636,0.0187958766294287,0.163631886200626,202608250071
8,9,0.241126974351713,0.162756781626007,0.112888262875214,0.241126974351713,0.201881924043011,0.027220405266921,0.0227900997111214,0.241126974351708,202608250071
8,10,0.347146906038397,0.184641547941864,0.0828542053623282,0.347146906038397,0.283049163944238,0.0287625810438022,0.0234518135570712,0.347146906038322,202608250071
9,10,0.230394278113237,0.0664583710878599,0.108735995390823,0.230394278113237,0.215082649681868,0.025052151162993,0.0233872260044537,0.230394278113193,202608250071
11,12,0.130671356556571,0.164290232733796,0.0628616448953775,0.130671356556571,0.109203328976251,0.00821421641385645,0.00686470088749821,0.556819264461822,202608250071
11,13,0.209190580448099,0.156712875312758,0.0755665731434885,0.209190580448099,0.176407723097733,0.0158078152983601,0.0133305271105411,0.531470520846508,202608250071
11,14,0.0554732656063745,0.16307602759928,0.0857316690080899,0.0554732656063745,0.0464269058133272,0.00475581564576356,0.00398025612225793,0.531810469761296,202608250071
11,15,0.0884172133364556,0.0935808586007856,0.0896122200374718,0.0884172133364556,0.0801430545973413,0.00792326277660655,0.00718179704305207,0.479521588141325,202608250071
12,13,0.207828141870737,0.210355800957449,0.116071372457372,0.207828141870737,0.16411028662602,0.0241228976622019,0.0190485062030549,0.575037759330916,202608250071
12,14,0.101712407836909,0.196153248143246,0.111298353294571,0.101712407836909,0.0817611886632286,0.0113204235018737,0.00909988566162407,0.479863550162567,202608250071
12,15,0.198462327659286,0.158908368396447,0.094823697031543,0.198462327659286,0.166925002982788,0.018818931630139,0.0158284459098293,0.50716391394122,202608250071
13,14,0.256191013387296,0.178355573090093,0.0983773727363724,0.256191013387296,0.210497918374074,0.025203398815711,0.0207082321761167,0.565590723891796,202608250071
13,15,0.136258486757722,0.151996752162078,0.122290598542881,0.136258486757722,0.115547639316028,0.016663131902149,0.0141303899721741,0.602179040727001,202608250071
14,15,0.219873795547009,0.182568019801247,0.0849464417307971,0.219873795547009,0.179731872087807,0.0186774965615632,0.015267582999474,0.591579961932209,202608250071
1,6,0.261055960602577,0.192975992919571,-0.0165623401197097,0.261055960602577,0.210678427397722,0,0,0.960618767164036,202608250071
2,7,0.254077353780583,0.199407289122675,0.0471357455018233,0.254077353780583,0.203412477435734,0.0119761254855783,0.00958799876830613,0.964027448981667,202608250071
3,8,0.0903168660267399,0.170358822535927,-0.000102499710847794,0.0903168660267399,0.0749305910752895,0,0,0.951877522674807,202608250071
4,9,0.201689288918187,0.0890472267078379,-0.0040807700241206,0.201689288918187,0.183729417083347,0,0,0.946539766274271,202608250071
5,10,0.0907211098754424,0.172090378284618,-0.016550740338023,0.0907211098754424,0.0751088797585771,0,0,0.933555743113767,202608250071
6,11,0.130310053264484,0.217665271989761,0.000990273683177312,0.130310053264484,0.10194608007767,0.000129042616401252,0.000100954520204003,0.811420130062899,202608250071
1,2,0.311760193205943,0.182460863553841,0.145855301244664,0.311760193205943,0.254876159131874,0.0454718768961474,0.0371750389702624,0.311760193205946,202608250072
1,3,0.225640071190174,0.135075773160529,0.139832726974178,0.225640071190174,0.195161564118164,0.0315518664691695,0.0272899737111887,0.225640071190161,202608250072
1,4,0.263824452323688,0.113330722910094,0.149215720089662,0.263824452323688,0.233925036420485,0.0393667556307399,0.0349052927564831,0.263824452323681,202608250072
1,5,0.281336581180605,0.178190165034812,0.1489245759637,0.281336581180605,0.231205169349704,0.0418979310553988,0.0344321318060201,0.281336581180522,202608250072
2,3,0.335258055480495,0.166334730260094,0.154147260805783,0.335258055480495,0.279492997254623,0.0516791109153914,0.0430830799411983,0.335258055480449,202608250072
2,4,0.413194455943018,0.17673261727483,0.14909214676196,0.413194455943018,0.340169518300759,0.0616040484666849,0.0507166037464422,0.413194455942821,202608250072
2,5,0.34382308223168,0.255891812578655,0.1481712249361,0.34382308223168,0.255841570513035,0.0509446872555733,0.0379083588924919,0.343823082231702,202608250072
3,4,0.235812851445399,0.0606773065124548,0.161731149522053,0.235812851445399,0.221504362778671,0.0381382835363375,0.0358241552163443,0.235812851445324,202608250072
3,5,0.319572604683393,0.160297346631477,0.148127884648013,0.319572604683393,0.268345964096535,0.0473376139232068,0.0397495200154515,0.319572604683345,202608250072
4,5,0.401465766447154,0.169856612050423,0.144459128221664,0.401465766447154,0.333274151504214,0.057995394631798,0.0481444933851135,0.401465766447436,202608250072
6,7,0.201401495056211,0.212625852246194,0.0963038717054899,0.201401495056211,0.158578330526226,0.0193957437411872,0.0152717071982685,0.201401495055842,202608250072
6,8,0.222165369976963,0.297084861824407,0.0848888953879183,0.222165369976963,0.156163401735188,0.0188593728507925,0.0132565386733199,0.222165369976321,202608250072
6,9,0.173158280840352,0.222940471563674,0.0897980315951369,0.173158280840352,0.134554292054649,0.0155492727738615,0.0120827105691846,0.173158280840268,202608250072
6,10,0.300977410298986,0.231778651240977,0.101261711042363,0.300977410298986,0.231217272085885,0.0304774875519748,0.0234134565939644,0.300977410298869,202608250072
7,8,0.301316305267627,0.163344076928764,0.134353483768823,0.301316305267627,0.252098071520101,0.0404828953290558,0.0338702541601274,0.301316305267496,202608250072
7,9,0.244279917910211,0.0825707234862165,0.121483665518798,0.244279917910211,0.224109548355212,0.0296760198403635,0.0272256494119534,0.24427991791021,202608250072
7,10,0.347799051901822,0.055376276402294,0.120925965137774,0.347799051901822,0.328539235471251,0.0420579360252307,0.0397289241349875,0.347799051901803,202608250072
8,9,0.257497243511707,0.172606924249163,0.117005735381339,0.257497243511707,0.213051436306513,0.0301286543357549,0.0249282399790941,0.257497243511757,202608250072
8,10,0.309127657437999,0.185190933637015,0.142516660572394,0.309127657437999,0.251880017944032,0.0440558414286306,0.0358970990222982,0.309127657438003,202608250072
9,10,0.18779144355681,0.0773952009251229,0.130166600394826,0.18779144355681,0.173257287050712,0.0244441737910269,0.0225523120490218,0.187791443556843,202608250072
11,12,0.0829588237602708,0.204719237418879,0.111878346948492,0.0829588237602708,0.0659755566229009,0.00928129606709039,0.0073812362139768,0.408309742825252,202608250072
11,13,0.209407152247356,0.20697880578765,0.0726334327987702,0.209407152247356,0.166064309951806,0.0152099603203402,0.0120618208971586,0.44348877249943,202608250072
11,14,0.112090590340712,0.13529803705956,0.080681601484257,0.112090590340712,0.0969249534947667,0.00904364834000447,0.00782006047174491,0.326400319532383,202608250072
11,15,0.167140243211991,0.132426764376382,0.0806078953426681,0.167140243211991,0.145006401606346,0.0134728232323803,0.0116886608447012,0.462800703537723,202608250072
12,13,0.257664684089118,0.267745245937087,0.0925392523486062,0.257664684089118,0.188676189878375,0.0238440972222468,0.0174599535473285,0.730018806090824,202608250072
12,14,0.120536227128561,0.206798341867837,0.109523582723863,0.120536227128561,0.0956095352233698,0.0132015594431373,0.0104714988402268,0.416400030273128,202608250072
12,15,0.168295884819528,0.203381572357606,0.10594908260532,0.168295884819528,0.134067603143618,0.0178307946028796,0.0142043395601604,0.540290107635578,202608250072
13,14,0.165173346859993,0.200276556994101,0.110347403836582,0.165173346859993,0.132092997643681,0.0182264500089995,0.014576119354972,0.520806461142103,202608250072
13,15,0.0582136853897946,0.207778123476764,0.131801723326392,0.0582136853897946,0.0461181550788364,0.00767266405555535,0.00607845231602444,0.41663921925478,202608250072
14,15,0.270271339592208,0.171451499993636,0.0819313611984736,0.270271339592208,0.223932913013834,0.0221436987457245,0.0183471283803628,0.512939499606936,202608250072
1,6,0.105089733924119,0.244525254883648,-0.0141638304883954,0.105089733924119,0.0793926399506691,0,0,0.889203430900604,202608250072
2,7,0.121813272180589,0.167984536320059,0.00544685621889262,0.121813272180589,0.101350526135704,0.000663499379120501,0.000552041743570296,0.884094517025263,202608250072
3,8,0.268386799923355,0.16895640274484,0.0178260214072065,0.268386799923355,0.223041131664106,0.00478426884084539,0.00397593598773193,0.893984004010196,202608250072
4,9,0.279906392559945,0.0696086476598776,0.00964398658223775,0.279906392559945,0.260422487102492,0.00269941349413068,0.00251151097132942,0.96125885725522,202608250072
5,10,0.211457589339233,0.175967706272648,0.0116766466950155,0.211457589339233,0.174247882369264,0.0024691155616939,0.00203463095978052,0.901369592785641,202608250072
6,11,0.127385972564635,0.243447837150127,-0.0345060770525604,0.127385972564635,0.0963741330605095,0,0,0.915554366427025,202608250072
1,2,0.224852378491931,0.144127297159936,0.101013590415747,0.224852378491931,0.192445012919906,0.0227131460649904,0.0194395617126445,0.224852378492078,202608250073
1,3,0.344929930149996,0.0668183315370476,0.11852437328546,0.344929930149996,0.321882287720183,0.0408826037984259,0.0381508964237249,0.344929930150131,202608250073
1,4,0.199896066566245,0.0512141810909361,0.132651031929988,0.199896066566245,0.189658553213755,0.026516419508758,0.0251584027981533,0.199896066565925,202608250073
1,5,0.153754328121784,0.165241415666072,0.109601842478893,0.153754328121784,0.128347745278155,0.0168517576512518,0.0140671493604974,0.153754328121643,202608250073
2,3,0.320182069868218,0.150734546978852,0.139208759436309,0.320182069868218,0.271919570615881,0.0445721487401043,0.0378535860918907,0.320182069868312,202608250073
2,4,0.2801094853032,0.165532967528945,0.126238531512202,0.2801094853032,0.233742130967956,0.0353606100873148,0.0295072633659276,0.280109485303095,202608250073
2,5,0.260303890009086,0.246047621296201,0.0968763264671179,0.260303890009086,0.196256737058202,0.0252172846291809,0.0190126317306217,0.260303890009224,202608250073
3,4,0.332844646927038,0.0629919684755713,0.133917089724399,0.332844646927038,0.311878107420548,0.0445735864468141,0.0417658084945132,0.332844646926974,202608250073
3,5,0.322982733870294,0.170613378988017,0.131120622074015,0.322982733870294,0.267877558289896,0.042349696984239,0.0351242720826393,0.322982733870299,202608250073
4,5,0.312439425156803,0.186340348377735,0.129642383315223,0.312439425156803,0.254219353826145,0.0405053917189662,0.0329576029148775,0.312439425156761,202608250073
6,7,0.192558228632578,0.169195434457683,0.0782297158953231,0.192558228632578,0.159978255480687,0.0150637755192332,0.0125150534756835,0.192558228632767,202608250073
6,8,0.21492758128912,0.278928243397218,0.0791711325316577,0.21492758128912,0.154978208582533,0.0170160600229496,0.0122698002912066,0.214927581289136,202608250073
6,9,0.212432632367548,0.180089243883766,0.0783502225282888,0.212432632367548,0.174175800228238,0.0166441440182675,0.0136467127069252,0.212432632367532,202608250073
6,10,0.115933639870335,0.182890475167315,0.0681784302664736,0.115933639870335,0.0947304813865733,0.00790417358143812,0.00645857551932396,0.115933639870772,202608250073
7,8,0.309057646309882,0.185298051813861,0.118445649674339,0.309057646309882,0.251789866550484,0.0366065337039962,0.0298234143249872,0.309057646309819,202608250073
7,9,0.237596782177328,0.0726969951149337,0.103803197608464,0.237596782177328,0.220324210064059,0.0246633057314884,0.0228703575152083,0.237596782177168,202608250073
7,10,0.312494405366094,0.0469361324474185,0.0936948601938649,0.312494405366094,0.297827126566753,0.0292791196221411,0.0279048709856125,0.312494405366023,202608250073
8,9,0.195369813430325,0.199110779565313,0.0987747346173455,0.195369813430325,0.156469577574683,0.0192976014738206,0.0154552410006275,0.195369813429892,202608250073
8,10,0.256501916065296,0.20453225954247,0.0944431988842703,0.256501916065296,0.204038999595488,0.0242248614731511,0.0192700958189442,0.25650191606527,202608250073
9,10,0.152275866448866,0.0725897336818853,0.104719433852607,0.152275866448866,0.141222201857165,0.0159462425239405,0.0147887090259009,0.152275866449453,202608250073
11,12,0.127603035143367,0.176074050599482,0.0687719927418935,0.127603035143367,0.105135451876886,0.00877551500672323,0.00723037453339292,0.463608412767571,202608250073
11,13,0.117866580830199,0.195576286235382,0.0895573906755861,0.117866580830199,0.0948146726801661,0.0105558234270057,0.00849135468299546,0.433693296533009,202608250073
11,14,0.133251005597095,0.139705761617419,0.089451671866975,0.133251005597095,0.114635072373866,0.0119195252286158,0.010254298878434,0.60267295781025,202608250073
11,15,0.176583775708945,0.180358847406218,0.0927761126126981,0.176583775708945,0.144735329451441,0.0163827562607485,0.0134279812242229,0.481346681415664,202608250073
12,13,0.0368069693709597,0.210386230058774,0.105336772430274,0.0368069693709597,0.0290632898451147,0.00387712735647683,0.00306143314848993,0.463608412767571,202608250073
12,14,0.151564261548784,0.166256566762692,0.0932064413119876,0.151564261548784,0.12636570777976,0.0141267654490415,0.011778097926022,0.535255626439553,202608250073
12,15,0.101004232102795,0.200928729970507,0.0956586456941672,0.101004232102795,0.0807095800247338,0.00966192805233266,0.00772056911971105,0.365888535043904,202608250073
13,14,0.227362398296705,0.180675328283132,0.0930798215908195,0.227362398296705,0.186283622345208,0.0211628514699182,0.0173392463331836,0.63399180988445,202608250073
13,15,0.173248429050529,0.202455558945013,0.0961552249591118,0.173248429050529,0.138173321510759,0.0166587416691664,0.0132860868132147,0.372415479824855,202608250073
14,15,0.26055578890119,0.214276893721319,0.118108677418335,0.26055578890119,0.204724703814336,0.0307738996208105,0.0241797640023716,0.562675868060257,202608250073
1,6,0.0865486294927911,0.169587863391372,-0.031565025784981,0.0865486294927911,0.0718710323376572,0,0,0.794873909409533,202608250073
2,7,0.106467536094066,0.147397391637898,-0.0173439696571564,0.106467536094066,0.0907744989796869,0,0,0.922532071934875,202608250073
3,8,0.147530921019349,0.199034111185085,-0.018261360554888,0.147530921019349,0.118167235281946,0,0,0.959205836796985,202608250073
4,9,0.227004974483662,0.0715698329436565,-0.0137777120505758,0.227004974483662,0.210758266382488,0,0,0.934109595373544,202608250073
5,10,0.127705705950359,0.179837816077162,-0.00531977918772706,0.127705705950359,0.104739390691654,0,0,0.924438053869078,202608250073
6,11,0.184807572982319,0.214060833408201,0.00810776755955947,0.184807572982319,0.145247509889577,0.00149837684498697,0.00117763304878951,0.929656035826482,202608250073
1,2,0.357766016579496,0.174126049904972,0.129681415719423,0.357766016579496,0.295469633322271,0.0463956035263278,0.0383169203513311,0.357766016579502,202608250074
1,3,0.287404296839014,0.0928551551807366,0.115809128191529,0.287404296839014,0.260717326256416,0.0332840410554254,0.0301934462581819,0.287404296838901,202608250074
1,4,0.31455639105355,0.0751243222191582,0.118705689529268,0.31455639105355,0.290925555375947,0.0373396332958498,0.0345345186525872,0.314556391053514,202608250074
1,5,0.206487491823814,0.141698104678601,0.134525319123032,0.206487491823814,0.177228605592542,0.0277777957325132,0.0238417347250667,0.206487491823662,202608250074
2,3,0.114030296636404,0.176002533590846,0.130662159220649,0.114030296636404,0.0939606755222815,0.0148994447750837,0.0122771047455721,0.114030296635764,202608250074
2,4,0.356710372472961,0.184334898494342,0.114753934663964,0.356710372472961,0.290956202171279,0.0409339187767203,0.0333883690140379,0.356710372472858,202608250074
2,5,0.384365781441496,0.243633667917348,0.089601703256471,0.384365781441496,0.290721336286987,0.0344398286906625,0.0260491269043113,0.384365781441534,202608250074
3,4,0.26596095481114,0.0531889189393784,0.126617390296263,0.26596095481114,0.251814779144651,0.0336752820188888,0.0318841301733254,0.265960954811103,202608250074
3,5,0.273098766418832,0.131200851634083,0.110630244075924,0.273098766418832,0.237267975684464,0.0302129831857491,0.0262490140613726,0.273098766418848,202608250074
4,5,0.205996137256189,0.141223195535116,0.139062920322498,0.205996137256189,0.17690470448498,0.0286464244219998,0.0246008848244698,0.205996137256487,202608250074
6,7,0.201127820913292,0.216871683188145,0.0629570952810096,0.201127820913292,0.157508891855863,0.0126624233849,0.00991630231217581,0.201127820913433,202608250074
6,8,0.19008674120757,0.289164283783591,0.0790006794204725,0.19008674120757,0.135120444829526,0.0150169817042215,0.010674606945129,0.190086741207488,202608250074
6,9,0.283904176939339,0.215994648021063,0.087204640539335,0.283904176939339,0.222582394169617,0.0247577616976109,0.0194102176739461,0.283904176939268,202608250074
6,10,0.368383653524672,0.213203064031807,0.0815189908877539,0.368383653524672,0.289843129853981,0.0300302636948753,0.0236277194614447,0.368383653524537,202608250074
7,8,0.209373190549268,0.161641431908736,0.0916871631762217,0.209373190549268,0.175529808225584,0.0191968338866169,0.01609383016907,0.209373190549684,202608250074
7,9,0.184941017192996,0.0818661338094178,0.0944234286457342,0.184941017192996,0.169800611132624,0.0174627649405924,0.0160331558892834,0.18494101719323,202608250074
7,10,0.168301821587792,0.0537533762551763,0.10756647615274,0.168301821587792,0.159255030447552,0.018103633878286,0.0171305024348405,0.16830182158777,202608250074
8,9,0.227697012643129,0.16331134350403,0.113240788422494,0.227697012643129,0.190511507596526,0.0257845892331546,0.0215736733237886,0.227697012643086,202608250074
8,10,0.259750066261213,0.157028335728158,0.0966461804889419,0.259750066261213,0.218961945650936,0.0251038517858958,0.0211618357195902,0.259750066261232,202608250074
9,10,0.200673981806776,0.0599901872163127,0.117446026571952,0.200673981806776,0.188635512068745,0.023568361799578,0.0221544913628395,0.200673981806417,202608250074
11,12,0.281465633684911,0.19052333207554,0.0539788120168342,0.281465633684911,0.227839863290508,0.0151931805298769,0.0122985251504996,0.32143397697275,202608250074
11,13,0.175283248816042,0.176126766494571,0.0842138061896111,0.175283248816042,0.144411176981409,0.0147612695440796,0.012161414869926,0.471304381620398,202608250074
11,14,0.199656884532316,0.165067667404083,0.0853129433053546,0.199656884532316,0.166699988321401,0.0170333164706292,0.0142216666526669,0.605323043014697,202608250074
11,15,-0.0738687930747825,0.136702143834575,0.108863344538747,0.0738687930747825,0.0637707706989871,0.00804160387116145,0.00694229938210526,0.199616948968914,202608250074
12,13,-0.00225214551042729,0.207310630304546,0.131940083829911,0.00225214551042729,0.00178525180512306,0.000297148267442934,0.000235546272825436,0.298241911964834,202608250074
12,14,0.225279661674863,0.189746270243609,0.108228043478345,0.225279661674863,0.182533686110316,0.024381577018534,0.0197552637166099,0.602773282075988,202608250074
12,15,0.227993308523801,0.174975859601885,0.0785431503754239,0.227993308523801,0.188099983381371,0.0179073127159753,0.0147739652803378,0.48653677946728,202608250074
13,14,0.153481821929923,0.190776294204258,0.0985690580106532,0.153481821929923,0.124201128714415,0.0151285586093913,0.0122423882612397,0.437393397058938,202608250074
13,15,0.184791765277517,0.167989762959109,0.0666452685956265,0.184791765277517,0.153748640431751,0.0123154968311801,0.0102466194377865,0.537257628974696,202608250074
14,15,0.164500350723544,0.196318485397915,0.112656709097409,0.164500350723544,0.132205891022072,0.018532068157884,0.0148938806058373,0.590965310703246,202608250074
1,6,0.0891567510610644,0.228664018700418,-0.0470531623899031,0.0891567510610644,0.0687698100691687,0,0,0.928025406218719,202608250074
2,7,0.0680584998599296,0.179583896758827,-0.0268064914187354,0.0680584998599296,0.0558362892475233,0,0,0.907726925622009,202608250074
3,8,0.265300093410531,0.158104789243829,-0.00357910825031098,0.265300093410531,0.22335487805549,0,0,0.923088399630539,202608250074
4,9,0.191906503299021,0.0668882609883763,-0.0278608725772499,0.191906503299021,0.179070211020989,0,0,0.810246850753978,202608250074
5,10,0.149594125833463,0.12918575315321,-0.00417909900016585,0.149594125833463,0.130268696020371,0,0,0.969331132354876,202608250074
6,11,0.2305318135248,0.246927297668039,-0.00185236755001179,0.2305318135248,0.173607215784609,0,0,0.987585603731942,202608250074
1,2,0.178231162007288,0.147783087170576,0.116356135939777,0.178231162007288,0.151891610655852,0.0207382893152244,0.0176735208975839,0.17823116200725,202608250075
1,3,0.30892452752346,0.0872036686742184,0.0770768062526804,0.30892452752346,0.281985175379965,0.0238109159546265,0.0217345167288896,0.308924527523598,202608250075
1,4,0.241689381811791,0.0688710876766037,0.0926926975655208,0.241689381811791,0.225043971206527,0.022402840773078,0.0208599327619904,0.241689381811821,202608250075
1,5,0.116598020476682,0.160370358993262,0.102861488526475,0.116598020476682,0.097899154074933,0.0119934459454719,0.0100700527136303,0.116598020476267,202608250075
2,3,0.247864141941548,0.138117932148627,0.104787008420013,0.247864141941548,0.213629659202787,0.0259729419286482,0.022385612897647,0.247864141941529,202608250075
2,4,0.224091309832411,0.141932427035512,0.112468037113757,0.224091309832411,0.19228548635033,0.025203109751102,0.0216259712152857,0.224091309832287,202608250075
2,5,0.250094426681148,0.216026418910378,0.0984503986213591,0.250094426681148,0.196067423295775,0.0246218959997393,0.0193029159801318,0.250094426681417,202608250075
3,4,0.0700026493263139,0.0521178359571477,0.104210845709425,0.0700026493263139,0.0663542627321593,0.00729503528819547,0.0069148338357437,0.0700026493273003,202608250075
3,5,0.186653032779891,0.149922612750284,0.100650470636633,0.186653032779891,0.158669522427766,0.0187867155950509,0.0159701621080443,0.186653032779709,202608250075
4,5,0.309961246858656,0.15321478634859,0.0713231541021006,0.309961246858656,0.262470600644864,0.0221074137753792,0.0187202310970646,0.309961246858722,202608250075
6,7,0.214674497312862,0.233267494836257,0.104970160420897,0.214674497312862,0.164597915119458,0.0225344164212066,0.0172778695550347,0.214674497312987,202608250075
6,8,0.319790593283168,0.335912081232793,0.122999719304604,0.319790593283168,0.212369069534749,0.0393341532100824,0.026121335941754,0.3197905932831,202608250075
6,9,0.197732177418246,0.219365982771212,0.100719969103975,0.197732177418246,0.154356463993401,0.0199155788004275,0.0155467782844142,0.197732177418022,202608250075
6,10,0.279022797849483,0.23679396335079,0.106095229413076,0.279022797849483,0.212951883681477,0.0296029877493192,0.022593178953133,0.279022797849626,202608250075
7,8,0.300610680122703,0.194633079682647,0.126534474015792,0.300610680122703,0.242101897664926,0.0380376142928557,0.0306342362792565,0.300610680122752,202608250075
7,9,0.162623094970959,0.0666456609977391,0.111087178089689,0.162623094970959,0.151784971313121,0.0180653407125353,0.0168613641395991,0.162623094971509,202608250075
7,10,0.218309069468022,0.0689268194599233,0.127669443904563,0.218309069468022,0.203261719650336,0.0278713974983049,0.0259503107148435,0.218309069466364,202608250075
8,9,0.269781263826786,0.183479856138691,0.115359151569752,0.269781263826786,0.220281836350933,0.0311217377044734,0.0254115257476705,0.269781263826925,202608250075
8,10,0.356729030642327,0.203206454859181,0.118756315253595,0.356729030642327,0.284239388980147,0.0423638252230696,0.0337552224852156,0.356729030642288,202608250075
9,10,0.289029224490357,0.0399333392976629,0.102411976802251,0.289029224490357,0.277487322401843,0.029600054233679,0.0284180252247362,0.289029224490277,202608250075
11,12,0.134635044767796,0.184159933579254,0.0903997461065641,0.134635044767796,0.109840663865919,0.0121709738640547,0.00992956812565552,0.514805151634052,202608250075
11,13,0.156173521669551,0.159773532716743,0.0776107733601456,0.156173521669551,0.131221126395592,0.0121207477951514,0.0101841731007513,0.498800869984695,202608250075
11,14,0.0645436729452617,0.149563743993136,0.053553539763911,0.0645436729452617,0.0548902795684998,0.00345654215558294,0.00293956876952385,0.52176703259434,202608250075
11,15,0.180507933743823,0.155554171047337,0.0624607281655525,0.180507933743823,0.152429171742835,0.0112746569812985,0.00952083706072952,0.418156058753559,202608250075
12,13,0.22751339656608,0.237645606205156,0.0976676293707052,0.22751339656608,0.17344583751934,0.0222206940926862,0.0169400437747304,0.489955138547357,202608250075
12,14,0.183973137784456,0.202754139322842,0.0790390183562393,0.183973137784456,0.146671822574446,0.0145410562144006,0.0115927968768047,0.60840650770816,202608250075
12,15,0.184978397032277,0.206452592553816,0.096296354333638,0.184978397032277,0.146789127398514,0.0178127452646885,0.0141352578242928,0.594411862767875,202608250075
13,14,0.0570388023610614,0.188677859248517,0.0858546942124565,0.0570388023610614,0.046276843237477,0.00489704893495366,0.00397308422527137,0.564746031235656,202608250075
13,15,0.126054049960153,0.190895084119252,0.0916380553561645,0.126054049960153,0.101990951489437,0.0115513480081172,0.00934625245841694,0.365419574775499,202608250075
14,15,0.0771635630486977,0.206062580016294,0.0988460773276,0.0771635630486977,0.0612630401636331,0.00762731551998471,0.00605561120533834,0.558657453892057,202608250075
1,6,0.0831447752997575,0.240020603342533,-0.00804588333580816,0.0831447752997575,0.0631883161675304,0,0,0.910030457449483,202608250075
2,7,0.274171256190332,0.14248505197869,0.00933850636112659,0.274171256190332,0.23510595050099,0.00256035001997148,0.00219553841429221,0.952336115422081,202608250075
3,8,0.161515763908546,0.193948518375915,-0.00718449283882315,0.161515763908546,0.130190020804129,0,0,0.828247092041031,202608250075
4,9,0.201072199434518,0.0327141223505281,-0.0328900808234868,0.201072199434518,0.194494298900928,0,0,0.786255874298833,202608250075
5,10,0.0352884306335401,0.153284143556139,-0.0161662364360699,0.0352884306335401,0.0298792737664377,0,0,0.794873909409533,202608250075
6,11,0.154572470704176,0.243170059998033,0.00683308264484295,0.154572470704176,0.116985073728997,0.0010562064669392,0.000799368677003286,0.895261357028941,202608250075
1,2,0.285829000764053,0.15677240081858,0.114052626729989,0.285829000764053,0.241018902090697,0.0325995483327483,0.027488838875022,0.285829000764221,202608250076
1,3,0.25704611794495,0.0751385089128889,0.13077789707628,0.25704611794495,0.23773205592072,0.033615950756462,0.0310900983409323,0.257046117944955,202608250076
1,4,0.304313702456354,0.0513815704418004,0.113121433979486,0.304313702456354,0.288677586517188,0.0344244024014694,0.0326556225445614,0.304313702456462,202608250076
1,5,0.216836422029882,0.189904741941494,0.137682325045386,0.216836422029882,0.17565815726078,0.0298545427395968,0.0241850235048523,0.216836422029703,202608250076
2,3,0.289449385267706,0.165142317046521,0.125941526456819,0.289449385267706,0.241649043116906,0.0364536974126027,0.0304336493569727,0.289449385267682,202608250076
2,4,0.219923572898385,0.175756946278392,0.118561367594273,0.219923572898385,0.181270477311131,0.0260744395690514,0.0214916756944744,0.219923572899026,202608250076
2,5,0.214235451057182,0.273212503716379,0.163798690684342,0.214235451057182,0.155703647089042,0.0350914863813359,0.0255040535279619,0.214235451057185,202608250076
3,4,0.247779136909335,0.070892683733573,0.131693563800822,0.247779136909335,0.230213408920644,0.0326309175750821,0.0303176242554956,0.247779136909554,202608250076
3,5,0.284477381356341,0.197005576625433,0.141762733626185,0.284477381356341,0.228433750805342,0.0403282912358937,0.0323833929666481,0.284477381356246,202608250076
4,5,0.336333190035402,0.21029954177591,0.124745644296578,0.336333190035402,0.265602474286927,0.0419561004892896,0.033132751781688,0.336333190035362,202608250076
6,7,0.123024610421629,0.21998994353535,0.0930765854152903,0.123024610421629,0.0959604333215165,0.0114507106600916,0.0089316694685384,0.123024610421349,202608250076
6,8,0.210747572983422,0.27864601877728,0.118718313186798,0.210747572983422,0.152023600804617,0.0250195963728036,0.0180479854521074,0.210747572984103,202608250076
6,9,0.250023453151023,0.231215659657774,0.0853142238983847,0.250023453151023,0.192214115500794,0.0213305568619736,0.0163985980862647,0.250023453151122,202608250076
6,10,0.264269999075345,0.254573583163123,0.109565420425393,0.264269999075345,0.196993838488219,0.0289548535545083,0.0215837127351736,0.26426999907509,202608250076
7,8,0.303745471733951,0.112346475163946,0.106601057350619,0.303745471733951,0.269620738637632,0.0323795884523018,0.0287418558224265,0.303745471733885,202608250076
7,9,0.192536749020801,0.0723186576677104,0.110620064606454,0.192536749020801,0.178612749779911,0.0212984276157976,0.0197581539201903,0.192536749020733,202608250076
7,10,0.316816846312738,0.0704773683929008,0.106401082954052,0.316816846312738,0.294488428722078,0.0337096555457628,0.0313338877334663,0.316816846312675,202608250076
8,9,0.249873172772642,0.1262971811493,0.112588691339631,0.249873172772642,0.218314895406625,0.0281328935233533,0.0245797883737804,0.249873172772704,202608250076
8,10,0.231768980643754,0.148146055474142,0.135066121897217,0.231768980643754,0.197433320380119,0.0313041373916229,0.0266665529170334,0.23176898064374,202608250076
9,10,0.254091673769382,0.0844259762046664,0.120755878380169,0.254091673769382,0.232639736165924,0.030683063255109,0.0280926156868469,0.25409167376922,202608250076
11,12,0.0719502038733512,0.183929226502036,0.108784106708928,0.0719502038733512,0.058716458528262,0.00782703865588779,0.00638741749010881,0.453134236864721,202608250076
11,13,0.223352826512281,0.193419597761154,0.0764141201530887,0.223352826512281,0.180152012649459,0.0170673097216414,0.0137661575404165,0.486553369183413,202608250076
11,14,0.217250220130513,0.0942311460857761,0.0916829300459801,0.217250220130513,0.196778482900228,0.0199181367346996,0.0180412278822957,0.5393052510645,202608250076
11,15,0.202261234328214,0.143106176620725,0.091049696000849,0.202261234328214,0.173316402404915,0.0184158238983404,0.0157804057509283,0.595083656034244,202608250076
12,13,0.162106108077821,0.255400112926357,0.103178285741244,0.162106108077821,0.120704189768693,0.0167258303396544,0.0124540513821196,0.387796190721503,202608250076
12,14,0.0487654270054219,0.192579163975046,0.118874613020087,0.0487654270054219,0.0393742218418316,0.00579697126402885,0.00468059538441481,0.437608690487483,202608250076
12,15,0.232046633360963,0.199484360002571,0.0921903934807567,0.232046633360963,0.1857569592142,0.021392470435432,0.017125007161746,0.492046434039444,202608250076
13,14,0.232598717505264,0.187768759553781,0.107768160117429,0.232598717505264,0.1889239448455,0.0250667358312159,0.0203599859381262,0.542100454508288,202608250076
13,15,0.134620829820506,0.213080893249527,0.135522917472035,0.134620829820506,0.10593570315236,0.0182442076097813,0.0143567155556593,0.49236898372023,202608250076
14,15,0.240234801899624,0.174296912228636,0.109357811858361,0.240234801899624,0.198362617718662,0.0262715522679699,0.0216925018282095,0.526397955448735,202608250076
1,6,0.179083165223488,0.222329404930344,-2.28007672114406e-05,0.179083165223488,0.139267711666307,0,0,0.938053671760496,202608250076
2,7,0.104563756835213,0.156939320514825,-0.010493160327298,0.104563756835213,0.0881535918870176,0,0,0.852351717134421,202608250076
3,8,0.21476497334896,0.126683264202352,0.0248519988098716,0.21476497334896,0.187557845488782,0.00533733886207045,0.0046611873528693,0.956542552455781,202608250076
4,9,0.154736107666432,0.0771757254682219,-0.0224424969741726,0.154736107666432,0.142794236301146,0,0,0.987534768072628,202608250076
5,10,0.238481044723778,0.221850820753939,0.0306529855846071,0.238481044723778,0.185573829217551,0.00731015602611999,0.00568839191188592,0.90067871327447,202608250076
6,11,0.160809620394999,0.241687438095199,0.0218173277608538,0.160809620394999,0.12194395522067,0.00350843619525616,0.00266049123950423,0.934525595724919,202608250076
1,2,0.191479270403964,0.150310054013843,0.130795815707096,0.191479270403964,0.162698010927013,0.025044687363486,0.0212802190531206,0.191479270404094,202608250077
1,3,0.283440002662227,0.102759637546622,0.098518278197316,0.283440002662227,0.254313810722443,0.0279240210345253,0.0250545587541732,0.283440002662223,202608250077
1,4,0.252628071899301,0.0955465106475506,0.120914439733646,0.252628071899301,0.228490341137704,0.0305463817746952,0.0276277815832151,0.25262807189946,202608250077
1,5,0.238110616405032,0.151309456373644,0.10426697477309,0.238110616405032,0.202082228479993,0.0248270736339082,0.0210705026190132,0.238110616391693,202608250077
2,3,0.231210166215094,0.142609745782246,0.123091215714526,0.231210166215094,0.198237343188888,0.0284599404449736,0.024401275573138,0.231210166215125,202608250077
2,4,0.317005164378692,0.17523982948308,0.10725235660702,0.317005164378692,0.261453233427714,0.0339995509362104,0.0280414754276476,0.317005164378656,202608250077
2,5,0.319548657292205,0.214091821113183,0.092548838116384,0.319548657292205,0.251135903318244,0.0295738569540441,0.023242336061412,0.319548657292237,202608250077
3,4,0.232533426570896,0.0908969976804705,0.109417232313254,0.232533426570896,0.211396836235249,0.0254431639557047,0.0231304567406392,0.232533426570807,202608250077
3,5,0.155720417514365,0.148768620460465,0.111764983068726,0.155720417514365,0.132554105823225,0.017404089826948,0.0148149073930229,0.155720417515202,202608250077
4,5,0.295150961307342,0.177713378105434,0.111837198185199,0.295150961307342,0.242698686922348,0.0330088565542813,0.0271427411486222,0.295150961307261,202608250077
6,7,0.325025389648125,0.196129725450279,0.115439941993382,0.325025389648125,0.261278249212069,0.0375209121273558,0.0301619459331735,0.325025389648109,202608250077
6,8,0.342716331157411,0.298025636139035,0.0988092688573042,0.342716331157411,0.240578078548987,0.0338635501071215,0.0237713440445205,0.342716331157333,202608250077
6,9,0.283139433061447,0.193472107438642,0.138688857672726,0.283139433061447,0.228359850248067,0.0392682845333954,0.0316709667692192,0.283139433061535,202608250077
6,10,0.225371579836811,0.217916221921772,0.134529387790177,0.225371579836811,0.176259456630232,0.0303191006607512,0.0237120767926944,0.22537157983679,202608250077
7,8,0.206962502367617,0.176579605577595,0.128580759423472,0.206962502367617,0.170417145330191,0.0266113957266104,0.0219123659653362,0.206962502368154,202608250077
7,9,0.293952902322183,0.060705763828272,0.121398960014118,0.293952902322183,0.276108266857177,0.0356855766350447,0.033519256447762,0.293952902322167,202608250077
7,10,0.172351059919242,0.0676587820436625,0.12800075783477,0.172351059919242,0.160689997121172,0.0220610662832888,0.0205684414079769,0.172351059919189,202608250077
8,9,0.214045920978329,0.171643436063618,0.119966182080777,0.214045920978329,0.177306343626207,0.0256782719297337,0.0212707651035383,0.214045920990596,202608250077
8,10,0.24940425259407,0.19523707290285,0.114171419993637,0.24940425259407,0.20071129634808,0.0284748376711167,0.022915493712824,0.249404252594186,202608250077
9,10,0.371628311934322,0.0581484280003355,0.114693311287048,0.371628311934322,0.350018709794923,0.0426232816637633,0.0401448048387999,0.371628311934396,202608250077
11,12,0.0740937484986139,0.146251291530179,0.0981753675173548,0.0740937484986139,0.0632574420863794,0.00727418098958987,0.00621032262503808,0.44279262405522,202608250077
11,13,0.252621266065565,0.155941422228243,0.0790552643566666,0.252621266065565,0.213227146550202,0.0199710409709291,0.0168567284385439,0.520820449418688,202608250077
11,14,0.2298866257749,0.170355859609509,0.0801564375218405,0.2298866257749,0.190724092028287,0.0184268929560325,0.0152877637665752,0.598120859667129,202608250077
11,15,0.110174979852742,0.145885812321276,0.116221620025304,0.110174979852742,0.0941020134194443,0.0128047146447409,0.0109366884472507,0.499450166737613,202608250077
12,13,0.106378697009388,0.19546486376237,0.0937397930183876,0.106378697009388,0.0855853994912293,0.00997191703922577,0.00802275763370385,0.32215707634232,202608250077
12,14,0.11141684363285,0.206958818338954,0.105402280128177,0.11141684363285,0.0883581453315396,0.011743589363587,0.00931314998584111,0.592101890015845,202608250077
12,15,0.299063983692866,0.162170925139244,0.0812656810635369,0.299063983692866,0.250564500781566,0.0243036383163752,0.0203622948063591,0.629705312675652,202608250077
13,14,0.123566828012513,0.208056823161173,0.110518838389311,0.123566828012513,0.0978579063281265,0.0136564622953947,0.0108151421345946,0.479404085249245,202608250077
13,15,0.170887645447776,0.175558149150248,0.113923333299466,0.170887645447776,0.14088692670032,0.0194680901891079,0.016050308308018,0.620597878236756,202608250077
14,15,0.196228834829162,0.233284356449923,0.117587012058412,0.196228834829162,0.150451717379123,0.0230739623672649,0.0176911679056678,0.547095445852274,202608250077
1,6,0.0428567721926469,0.217261432571162,-0.00370990838485081,0.0428567721926469,0.0335456484706965,0,0,0.920031858165534,202608250077
2,7,0.134264223307539,0.142100333781697,0.0113498456453873,0.134264223307539,0.115185232360598,0.00152387821023838,0.00130733460792085,0.808223926666377,202608250077
3,8,0.150056403673434,0.182288977938518,-0.0238941044679489,0.150056403673434,0.122702775214674,0,0,0.961600552478787,202608250077
4,9,0.209675223759077,0.0834354099207557,-0.0173650476556081,0.209675223759077,0.192180885514513,0,0,0.870616372539696,202608250077
5,10,-0.0109076492941434,0.15380560526697,-0.021288943936057,0.0109076492941434,0.00922999169241783,0,0,0.943065922528478,202608250077
6,11,0.233586055447797,0.213892859217942,0.0318973270848627,0.233586055447797,0.183623666174627,0.00745077081308126,0.00585710414049371,0.984634723016127,202608250077
1,2,0.285658549937242,0.150210321668434,0.110852655374717,0.285658549937242,0.24274968726383,0.0316660087910346,0.0269094474245778,0.285658549937193,202608250078
1,3,0.190773958982113,0.113171952444921,0.0933924860779363,0.190773958982113,0.16918369756846,0.0178168543082698,0.0158004861197762,0.190773958982391,202608250078
1,4,0.128520339816439,0.103913448688638,0.12023792441688,0.128520339816439,0.115165348079477,0.0154530189048806,0.0138472424178237,0.128520339816754,202608250078
1,5,0.235834422876933,0.203145962740801,0.100640841552952,0.235834422876933,0.187925611994177,0.0237345747854893,0.0189129917404475,0.235834422876844,202608250078
2,3,0.214804057130542,0.146676713810959,0.120254037130717,0.214804057130542,0.183297303917373,0.0258310550620049,0.0220422407912401,0.214804057125898,202608250078
2,4,0.32482328651958,0.169191221837719,0.107154542746029,0.32482328651958,0.269866037791989,0.0348062907402678,0.028917371882283,0.324823286519723,202608250078
2,5,0.302781814283387,0.262520659924222,0.101087532541333,0.302781814283387,0.223295332584659,0.0306074665042956,0.0225723741989794,0.302781814283294,202608250078
3,4,0.240329556051725,0.0805984265591464,0.108189630018281,0.240329556051725,0.220959371978298,0.0260011657516939,0.0239055127034038,0.240329556051673,202608250078
3,5,0.211861706652581,0.196765153020119,0.100158468718231,0.211861706652581,0.170174705523983,0.0212197441183536,0.017044437919858,0.211861706650971,202608250078
4,5,0.298734163191761,0.218447360128736,0.100936145863422,0.298734163191761,0.233476473862254,0.0301530750703108,0.0235662154214378,0.298734163191772,202608250078
6,7,0.127704430685694,0.211147021005914,0.088521011251416,0.127704430685694,0.100740020577154,0.011304525345584,0.00891760849497812,0.127704430686092,202608250078
6,8,0.285062534094287,0.302457275181236,0.0990040525660115,0.285062534094287,0.198843296775871,0.0282223461100712,0.0196862922063973,0.28506253409428,202608250078
6,9,0.236592687988428,0.217971785636324,0.0821038752175251,0.236592687988428,0.185022157319093,0.0194251765319808,0.0151910361170041,0.23659268798836,202608250078
6,10,0.175919402146047,0.261445866630597,0.0799477848231734,0.175919402146047,0.129926001594837,0.0140643665089935,0.0103872960184393,0.175919402145937,202608250078
7,8,0.242716158036807,0.169921422694262,0.115838324096865,0.242716158036807,0.201473483152308,0.0281158329782137,0.0233383506383214,0.242716158036754,202608250078
7,9,0.233535851239265,0.0856962101776493,0.0991278270101568,0.233535851239265,0.213522713847449,0.0231499014623156,0.0211660426410091,0.233535851239305,202608250078
7,10,0.138746658943576,0.120923051777313,0.10151032031727,0.138746658943576,0.121968989520212,0.0140842177923133,0.0123811111949705,0.138746658944213,202608250078
8,9,0.30488502740477,0.176380054255448,0.119431376367373,0.30488502740477,0.251109389729443,0.036412838456756,0.0299903400341585,0.304885027404898,202608250078
8,10,0.291186525753284,0.22994289515641,0.100396399544747,0.291186525753284,0.224230252991038,0.0292340787815736,0.022511910069308,0.291186525753363,202608250078
9,10,0.198290748817787,0.129808869871449,0.0973011651021054,0.198290748817787,0.172550850807787,0.0192939208889396,0.0167893988229572,0.198290748817377,202608250078
11,12,0.225856360247113,0.123931530895586,0.0630999661638006,0.225856360247113,0.197865635759183,0.014251528689472,0.0124853149213833,0.424234000154196,202608250078
11,13,0.107632037774309,0.119447567774709,0.0735119828325333,0.107632037774309,0.0947756526475324,0.0079122445130956,0.00696714615036754,0.425680047810696,202608250078
11,14,0.111651572718194,0.152089810573514,0.094484425663139,0.111651572718194,0.0946705061732488,0.0105493347226647,0.00894488840301807,0.490710097082262,202608250078
11,15,0.138092873657871,0.121789612717784,0.0774878683080008,0.138092873657871,0.121274596055993,0.0107005224082745,0.00939730992829277,0.294502533627065,202608250078
12,13,0.207140795485423,0.181981426096572,0.065998595406359,0.207140795485423,0.169445018120207,0.0136710015533938,0.0111831331945387,0.626649299915552,202608250078
12,14,0.0628751643961959,0.197063022454382,0.0976574066554501,0.0628751643961959,0.0504847944629654,0.00614022549796758,0.00493021410278662,0.469034336692434,202608250078
12,15,0.16366907962701,0.159294606620995,0.0887439333343994,0.16366907962701,0.137597477971805,0.0145246378913219,0.0122109414121114,0.519895354190029,202608250078
13,14,0.0945171081459426,0.193217195883604,0.0749640586958212,0.0945171081459426,0.0762547775469563,0.00708538604281172,0.00571636761986682,0.379993785656944,202608250078
13,15,0.0921751136588667,0.163386369262829,0.0863576601802051,0.0921751136588667,0.0771149565017558,0.00796002714242419,0.00665946720838993,0.403523211139575,202608250078
14,15,0.116112842142603,0.210702812780361,0.0793445933243669,0.116112842142603,0.0916475397032343,0.00921292623954121,0.00727173676693189,0.534411479926798,202608250078
1,6,0.24211384814978,0.222762696477359,-0.0153033565979868,0.24211384814978,0.188179914481425,0,0,0.928025406218719,202608250078
2,7,0.254968794319199,0.1379488081596,0.00669509931743726,0.254968794319199,0.219796153024975,0.00170704140081427,0.00147155707409285,0.983442929452518,202608250078
3,8,0.12531686081606,0.181938754513247,0.00487759634719504,0.12531686081606,0.102516867239676,0.000611245062558363,0.000500035897174123,0.983376958270636,202608250078
4,9,0.264580960352685,0.0828055734084803,-0.00746929115644106,0.264580960352685,0.242672182217714,0,0,0.968998041494753,202608250078
5,10,0.266821222018742,0.246898616633202,-0.00768981211231816,0.266821222018742,0.200943431413934,0,0,0.631970213617764,202608250078
6,11,0.225764797437746,0.207324759788393,0.0469622971072497,0.225764797437746,0.17895816504029,0.0106024334936295,0.00840428651639035,0.965326752038187,202608250078
1,2,0.270835738322566,0.177812042459736,0.123030183075381,0.270835738322566,0.22267788252034,0.0333209704691812,0.0273961006533156,0.270835738322626,202608250079
1,3,0.234028938520927,0.0964941439471254,0.106746155222829,0.234028938520927,0.211446516439496,0.0249816893979887,0.0225711026651768,0.234028938520888,202608250079
1,4,0.187609595749318,0.0634441369665995,0.129074090250792,0.187609595749318,0.17570686686035,0.0242155378936621,0.0226792039908167,0.187609595749377,202608250079
1,5,0.213865655467837,0.179807409388792,0.12184215948884,0.213865655467837,0.175411026000929,0.0260578533026974,0.0213724582061062,0.21386565546913,202608250079
2,3,0.250143900786742,0.185131540907777,0.141365646720405,0.250143900786742,0.203834374985411,0.0353617543078827,0.0288151782436622,0.250143900786545,202608250079
2,4,0.391478445232957,0.196070346201568,0.110950934806239,0.391478445232957,0.314721130945679,0.0434348994550896,0.0349186036816999,0.391478445232201,202608250079
2,5,0.300900466894726,0.273802592505554,0.119059984099424,0.300900466894726,0.218513138972818,0.0358252048039952,0.0260161708516189,0.300900466894747,202608250079
3,4,0.349955067245659,0.0778050726444215,0.114920375712405,0.349955067245659,0.322726787816327,0.0402169678103311,0.0370878837083099,0.349955067245707,202608250079
3,5,0.192290638045926,0.187965060015959,0.113517146195354,0.192290638045926,0.156146716725117,0.0218282844710572,0.0177253296704095,0.192290638046105,202608250079
4,5,0.294720285561016,0.193723275259662,0.132680979481316,0.294720285561016,0.237626106556673,0.0391037761612487,0.0315284645682709,0.294720285560985,202608250079
6,7,0.271705048622889,0.198907314184187,0.0812355378262065,0.271705048622889,0.217660927151026,0.0220721057549759,0.0176818024808643,0.271705048622831,202608250079
6,8,0.147765654619027,0.264675827969443,0.103686594854468,0.147765654619027,0.10865565763729,0.0153213175638884,0.0112661351520835,0.147765654617699,202608250079
6,9,0.110009139300059,0.192097095289385,0.0740856623331636,0.110009139300059,0.0888767031852322,0.00815009994774613,0.00658448942146593,0.110009139300123,202608250079
6,10,0.284651600466901,0.234110795143826,0.0865180046021661,0.284651600466901,0.218011587942632,0.0246274884792093,0.0188619275689462,0.284651600466768,202608250079
7,8,0.339298207694763,0.146543702015906,0.115046673752313,0.339298207694763,0.28957619225181,0.0390351302054039,0.0333147777164311,0.339298207694796,202608250079
7,9,0.199516444450251,0.0553300297475918,0.107402176640841,0.199516444450251,0.188477193643685,0.0214285004095985,0.0202428608444891,0.199516444450667,202608250079
7,10,0.249866643107265,0.0880389665298833,0.126682926157288,0.249866643107265,0.227868642077811,0.031653837497927,0.0288670663579047,0.249866643107497,202608250079
8,9,0.252267669609289,0.140390924052554,0.094368315484999,0.252267669609289,0.216851578364256,0.0238060750323549,0.0204639181604981,0.252267669609185,202608250079
8,10,0.356863123752358,0.186818553023847,0.0980106508669383,0.356863123752358,0.290194471345373,0.0349763870293774,0.028442149014547,0.356863123752418,202608250079
9,10,0.229948639892643,0.0790211567981458,0.115757048910719,0.229948639892643,0.211777832364166,0.026618175955006,0.0245147768991848,0.22994863989271,202608250079
11,12,0.145582930734907,0.121303132528626,0.0671091830286886,0.145582930734907,0.127923265194065,0.00976995154454179,0.00858482581753598,0.584423041656685,202608250079
11,13,0.148309567358318,0.146369178404054,0.106891922229204,0.148309567358318,0.12660161783462,0.0158530947399122,0.0135326902876696,0.492894453009148,202608250079
11,14,0.147079060690224,0.148371664881934,0.0860930965946747,0.147079060690224,0.125256695586344,0.0126624917790574,0.0107837367922449,0.593221248613184,202608250079
11,15,0.124363259463065,0.130574201884592,0.04050425537663,0.124363259463065,0.108124626114909,0.00503724122076209,0.00437950746866091,0.333911001174984,202608250079
12,13,0.166652225406379,0.187766031514578,0.102301680104184,0.166652225406379,0.13536059839875,0.0170488026521738,0.0138476166360999,0.566062290003176,202608250079
12,14,0.117998649961038,0.177942805958377,0.0779007473249815,0.117998649961038,0.0970016390876702,0.00919218301530372,0.00755650017667765,0.593221248613184,202608250079
12,15,-0.0269313991622566,0.16922419479267,0.0744646923120458,0.0269313991622566,0.0223739548243838,0.00200543835215033,0.00166606966180135,0.466365464414206,202608250079
13,14,0.256394452633845,0.176087822282655,0.0781949868329683,0.256394452633845,0.211246511824198,0.0200487608477496,0.0165184182106036,0.707915941946996,202608250079
13,15,0.0909962127851742,0.178084238917376,0.0783407099026034,0.0909962127851742,0.0747912214869628,0.0071287079080389,0.00585919738577151,0.496375114630668,202608250079
14,15,0.0814713129435059,0.199224460088737,0.0781035600528914,0.0814713129435059,0.0652402346096154,0.00636319958307102,0.00509549458169682,0.489275292241421,202608250079
1,6,0.162207696456064,0.203199097797048,0.00186462622411106,0.162207696456064,0.129247238880455,0.000302456724564624,0.000240997791010442,0.798159298826493,202608250079
2,7,0.183228351958111,0.180220275040624,0.0006197824795485,0.183228351958111,0.15020688797298,0.000113561722300183,9.30955974731571e-05,0.938238813087349,202608250079
3,8,0.10047484214524,0.163928509985315,-0.0264362929693365,0.10047484214524,0.0840041509813611,0,0,0.839080227592842,202608250079
4,9,0.198671369628852,0.0510763103976581,-0.0265110554373532,0.198671369628852,0.188523969086561,0,0,0.766931197518677,202608250079
5,10,0.113550702359675,0.205159284319447,5.51943931497581e-05,0.113550702359675,0.0902547215295934,6.26736210847106e-06,4.98155458372632e-06,0.963740741469956,202608250079
6,11,0.126870096215111,0.204319272817368,0.00211618644742423,0.126870096215111,0.10094809041417,0.000268480778193825,0.000213624980827822,0.847017976944255,202608250079
1,2,0.308030153945457,0.166240897767022,0.0879992147648491,0.308030153945457,0.25682294461425,0.0271064116710958,0.0226002174596504,0.30803015394546,202608250080
1,3,0.210784743309359,0.0900463145335446,0.118780930194488,0.210784743309359,0.191804354014452,0.025037207881092,0.0227826995851895,0.210784743309609,202608250080
1,4,0.244085709159623,0.0632408638925834,0.121680797175915,0.244085709159623,0.228649518048534,0.0297005436697916,0.0278222556300345,0.244085709159674,202608250080
1,5,0.29896201647824,0.169857622277461,0.121204811674856,0.29896201647824,0.248181039207971,0.0362356349051802,0.0300807361184721,0.298962016478188,202608250080
2,3,0.138692145554988,0.181486941318382,0.0910572313202795,0.138692145554988,0.11352133227333,0.0126289227801064,0.0103369382125989,0.138692145554963,202608250080
2,4,0.168318591337417,0.185154355016538,0.0959183054403815,0.168318591337417,0.137153671121046,0.0161448340551971,0.0131555477188581,0.168318591337563,202608250080
2,5,0.172809627871267,0.252031851988926,0.0948260882435873,0.172809627871267,0.129256097317355,0.0163868610218623,0.0122568500902372,0.17280962787136,202608250080
3,4,0.269817049901983,0.0805795422429252,0.097946003469407,0.269817049901983,0.248075315531544,0.0264275017058048,0.0242979857157269,0.269817049902091,202608250080
3,5,0.232830350438737,0.180422990284193,0.117907262103764,0.232830350438737,0.190822402383664,0.0274523891548914,0.0224993470131205,0.232830350438781,202608250080
4,5,0.322146183124623,0.192826249460527,0.101910894533157,0.322146183124623,0.260027942854678,0.0328302056926724,0.0264996802599367,0.322146183124479,202608250080
6,7,0.208889804770034,0.221351932592862,0.101934610400378,0.208889804770034,0.162651642785241,0.0212931008658443,0.0165798318382949,0.208889804769743,202608250080
6,8,0.24121978920598,0.312447108103281,0.114365582880126,0.24121978920598,0.165851363651288,0.0275872417947629,0.0189676878754433,0.241219789205962,202608250080
6,9,0.275040219181739,0.226233453670277,0.0983706080820125,0.275040219181739,0.212816920498024,0.0270558736079176,0.0209349298795319,0.275040219181629,202608250080
6,10,0.262185435360779,0.257702998356288,0.0955693461065295,0.262185435360779,0.194619462542957,0.0250568906160854,0.0185996547748346,0.262185435360942,202608250080
7,8,0.218115591144632,0.17448082194071,0.132362461135779,0.218115591144632,0.180058603523633,0.0288703164559888,0.0238329999110595,0.218115591144231,202608250080
7,9,0.264490354132449,0.0823862103255755,0.112700762309521,0.264490354132449,0.242699996187807,0.0298082645342422,0.0273524745828837,0.26449035413248,202608250080
7,10,0.266808778749314,0.0865017573910993,0.109376909476838,0.266808778749314,0.243729350500126,0.0291827196408893,0.0266583631065007,0.266808778749373,202608250080
8,9,0.374405763118843,0.175013169550932,0.108719727199993,0.374405763118843,0.308879823817279,0.0407052924283858,0.0335813301829965,0.374405763119036,202608250080
8,10,0.303086528459422,0.212570250835686,0.120234464694477,0.303086528459422,0.238659349079886,0.036441446505426,0.0286950790809523,0.303086528459463,202608250080
9,10,0.17869195143075,0.0971342409231397,0.13306306019529,0.17869195143075,0.16133484436945,0.0237772978896437,0.0214677081079298,0.178691951430939,202608250080
11,12,0.109092849385858,0.143201612983029,0.0538481807106367,0.109092849385858,0.0934705773888884,0.00587445146796795,0.00503322054236442,0.367877386673578,202608250080
11,13,0.0835283887341765,0.166001647133901,0.0668835730194499,0.0835283887341765,0.0696625386218624,0.00558667708709929,0.00465927948863559,0.29301431518685,202608250080
11,14,0.163999292272202,0.145290168324652,0.0848504987913398,0.163999292272202,0.14017180749285,0.013915421750723,0.0118936477822519,0.552554212046559,202608250080
11,15,0.209476191211389,0.147469240451427,0.0681049798623721,0.209476191211389,0.178584896400788,0.0142663717840981,0.0121625207730995,0.597409102192325,202608250080
12,13,-0.0219137945569547,0.206609463623854,0.0826947104352956,0.0219137945569547,0.017386197217579,0.00181215489542593,0.00143774654447863,0.310826567779027,202608250080
12,14,0.190130031288562,0.177595087971234,0.061852629922692,0.190130031288562,0.156363871655896,0.0117600424624812,0.00967151668681144,0.506343327922415,202608250080
12,15,0.11131286993687,0.187676377161615,0.0848337431344144,0.11131286993687,0.0904220737756561,0.00944308741577891,0.00767084298036508,0.440679571850182,202608250080
13,14,0.108671320576291,0.203149461351491,0.0770883281860973,0.108671320576291,0.0865948003368619,0.00837729042500167,0.00667544838757757,0.415556159472311,202608250080
13,15,0.209104862900195,0.195162024970999,0.0639933385230397,0.209104862900195,0.16829553442531,0.0133813182783859,0.0107697931063947,0.540429326612196,202608250080
14,15,0.120472963349342,0.210556408233204,0.107504966176367,0.120472963349342,0.0951066088972938,0.0129514418500377,0.0102244327726526,0.596685421400846,202608250080
1,6,0.165398381725156,0.223808214154749,-0.00468791662733128,0.165398381725156,0.128380865287163,0,0,0.956517772458066,202608250080
2,7,0.146968331262528,0.1697041120049,-0.0202588726191783,0.146968331262528,0.122027201112779,0,0,0.87996847112887,202608250080
3,8,0.142774531239987,0.187964169361846,0.00077367025011681,0.142774531239987,0.115938035069436,0.000110460407294751,8.96978085902219e-05,0.895261357029974,202608250080
4,9,0.23577529625293,0.0752049814870752,-0.0184830469728046,0.23577529625293,0.218043819463119,0,0,0.985088053736219,202608250080
5,10,0.226631898995031,0.206042645358622,0.0146902536267158,0.226631898995031,0.179936063003447,0.00332928007614123,0.00264330640211334,0.987360336369681,202608250080
6,11,0.189241155661548,0.229956024626209,3.39149453071604e-05,0.189241155661548,0.145724011809949,6.41810344412522e-06,4.94222189047441e-06,0.896174381112623,202608250080
1,2,0.151771888114802,0.180894707364884,0.136080530268351,0.151771888114802,0.124317156828059,0.0206531990144911,0.0169171446226161,0.151771888114864,202608250081
1,3,0.278568448256942,0.105413618605627,0.111679276750603,0.278568448256942,0.249203540096823,0.0311103228268731,0.0278308711217032,0.278568448256885,202608250081
1,4,0.311405294853814,0.092896997678211,0.130401905615053,0.311405294853814,0.282476677900797,0.0406078438675548,0.0368354970900734,0.311405294853769,202608250081
1,5,0.215609841932954,0.200862762376014,0.0993371073987153,0.215609841932954,0.172301853486845,0.0214180580243139,0.0171159677248205,0.215609841932054,202608250081
2,3,0.276572118129085,0.166460950151172,0.0994791586206223,0.276572118129085,0.230533660559995,0.0275131616094048,0.0229332945862405,0.276572118129029,202608250081
2,4,0.409533713465356,0.203114763205449,0.121725735050212,0.409533713465356,0.326351370230192,0.0498507922994135,0.0397253604259141,0.409533713465188,202608250081
2,5,0.196928796538307,0.268800433736088,0.117136315733467,0.196928796538307,0.143994250613684,0.0230675136883228,0.0168669560036885,0.196928796538266,202608250081
3,4,0.208275214004118,0.0872968864072139,0.145639450288981,0.208275214004118,0.190093436305763,0.0303330876763797,0.0276851035671147,0.208275214004249,202608250081
3,5,0.234608276585618,0.191312527169432,0.101119265736932,0.234608276585618,0.189724774297158,0.0237234166641448,0.0191848298690339,0.234608276585699,202608250081
4,5,0.256193556124597,0.220743324329551,0.132679239978108,0.256193556124597,0.199640538873844,0.0339915663139002,0.0264881549666015,0.256193556124394,202608250081
6,7,0.195667502945691,0.182019816927694,0.114834852839483,0.195667502945691,0.160052139880817,0.0224694489062375,0.018379563929858,0.195667502945362,202608250081
6,8,0.338245986401377,0.264556946060882,0.117102979573651,0.338245986401377,0.248760661221678,0.03960961283643,0.0291306146297701,0.338245986401324,202608250081
6,9,0.34575201438514,0.186802559397381,0.133166303828548,0.34575201438514,0.281164653181196,0.0460425177969441,0.0374416576313755,0.345752014385086,202608250081
6,10,0.19613261728142,0.198531997558835,0.125227802641702,0.19613261728142,0.157194016986097,0.0245612566885182,0.0196850613355914,0.19613261728139,202608250081
7,8,0.305774166169642,0.141335370731915,0.121922441492473,0.305774166169642,0.262557461033814,0.0372807328847278,0.0320116466813073,0.305774166169756,202608250081
7,9,0.236216026036099,0.0781461111522861,0.144949848223394,0.236216026036099,0.217756662209531,0.0342394771218659,0.0315637951369044,0.236216026035978,202608250081
7,10,0.232926617124962,0.0529466954278892,0.11783796177047,0.232926617124962,0.220593922470998,0.0274475978040961,0.0259943382029354,0.23292661712489,202608250081
8,9,0.321162933750963,0.149651756855385,0.15391697255928,0.321162933750963,0.273100336478302,0.049432426461205,0.0420347769956611,0.321162933751101,202608250081
8,10,0.311982110485663,0.162949529101054,0.126326612779517,0.311982110485663,0.261144772494071,0.0394116432654589,0.0329895345542537,0.311982110485553,202608250081
9,10,0.331097665889311,0.0713910771911608,0.139502669913325,0.331097665889311,0.307460246865994,0.046189008393629,0.0428915253300163,0.331097665889293,202608250081
11,12,0.136100432770216,0.118477919702098,0.076904256805261,0.136100432770216,0.119975536625046,0.0104667026330679,0.00922662947896152,0.440510114302603,202608250081
11,13,0.0987044094223705,0.116104741090988,0.0835167627662951,0.0987044094223705,0.0872443595218473,0.00824347274571538,0.00728636647688348,0.502197122790563,202608250081
11,14,0.113665768785985,0.11678196731268,0.0926482175873905,0.113665768785985,0.100391656691049,0.0105309308787219,0.00930110805307094,0.471236327410312,202608250081
11,15,0.185365108836896,0.135174012141958,0.0749942414518773,0.185365108836896,0.160308563364282,0.0139013157288677,0.0120222191077445,0.509832795744619,202608250081
12,13,0.1395203278392,0.157535114617374,0.11442938461344,0.1395203278392,0.117540977001598,0.015965225255705,0.0134501416651553,0.425914850722234,202608250081
12,14,0.170349965437488,0.141924028657676,0.0909941544704019,0.170349965437488,0.146173212060904,0.0155008510690464,0.0133009078377047,0.459597665073695,202608250081
12,15,0.186806091822769,0.160767623468423,0.103626781075347,0.186806091822769,0.156773720390999,0.0193581139808592,0.0162459560013257,0.530838988075757,202608250081
13,14,0.141066719446034,0.143298128920715,0.093692618805077,0.141066719446034,0.120852122496434,0.01321691037114,0.0113229518448429,0.482819962745894,202608250081
13,15,0.224853031928248,0.157434884401522,0.0932932152102432,0.224853031928248,0.189453320839293,0.0209772622983577,0.0176747094333554,0.582865758246622,202608250081
14,15,0.150614094339319,0.18446791975438,0.108363047141251,0.150614094339319,0.122830625670855,0.0163210022050284,0.0133103008799602,0.47748957635672,202608250081
1,6,0.353052299334259,0.189817944683526,0.0264564657846822,0.353052299334259,0.286036637508837,0.0093405160775402,0.00756751851341809,0.966486098654573,202608250081
2,7,0.14235666092387,0.163116403517328,-0.0122512603659445,0.14235666092387,0.119135954377233,0,0,0.951692493635397,202608250081
3,8,0.260100239160789,0.148747850405179,-0.00238638519119054,0.260100239160789,0.221410887695749,0,0,0.908167492232577,202608250081
4,9,0.282720960896072,0.0881070307439333,0.0304500911261941,0.282720960896072,0.257811256502447,0.00860887902257052,0.0078503762538581,0.904237559130257,202608250081
5,10,0.297126354973707,0.204353083733122,0.00232685648996646,0.297126354973707,0.236407668076448,0.000691370387410648,0.000550086716741519,0.929656112798146,202608250081
6,11,0.248848267659188,0.192271013034764,0.0347791779324428,0.248848267659188,0.20100195914441,0.00865473817909905,0.00699068290185303,0.908496971529586,202608250081
1,2,0.285389794293232,0.184868917832256,0.117515387726617,0.285389794293232,0.232630091861872,0.0335376923295887,0.0273376154420265,0.28538979429312,202608250082
1,3,0.303143157196631,0.106645798753027,0.135655608734248,0.303143157196631,0.270814213060882,0.0411230695231309,0.0367374669266603,0.303143157196683,202608250082
1,4,0.249984711821664,0.106784299600374,0.124782820635501,0.249984711821664,0.223290269458986,0.0311937974568601,0.0278627896435534,0.249984711821747,202608250082
1,5,0.124301500099272,0.16826813638961,0.123671172104944,0.124301500099272,0.103385518327134,0.0153725122116798,0.0127858082301939,0.124301500099101,202608250082
2,3,0.248546125129585,0.18025109769195,0.178712164098136,0.248546125129585,0.203745413247897,0.0444182159001143,0.0364117837266007,0.248546125129812,202608250082
2,4,0.370447405371041,0.222887292145199,0.126568881029419,0.370447405371041,0.287879386305675,0.0468871135780643,0.0364365717961452,0.370447405371015,202608250082
2,5,0.327490258616254,0.258879739166245,0.121163224609215,0.327490258616254,0.242709665886192,0.039679775762051,0.0294074857625962,0.327490258616298,202608250082
3,4,0.362090647163504,0.0956244188361839,0.140889316866254,0.362090647163504,0.327465939462476,0.0510147039225258,0.0461364525078343,0.362090647163411,202608250082
3,5,0.326738127045912,0.15213061895429,0.127604675218426,0.326738127045912,0.277031253542452,0.0416933125831705,0.0353504831336381,0.326738127045819,202608250082
4,5,0.175681764042084,0.188872314582859,0.113791131301298,0.175681764042084,0.142500342637456,0.0199910266793564,0.0162152751995387,0.17568176404209,202608250082
6,7,0.236108671121643,0.18736404824149,0.0837137920762607,0.236108671121643,0.191870394675374,0.0197655522016795,0.0160621983254443,0.236108671121643,202608250082
6,8,0.195596958215575,0.264319153022737,0.111259806256547,0.195596958215575,0.14389693588621,0.0217620796754348,0.0160099452076106,0.195596958215724,202608250082
6,9,0.31931904536732,0.176617533265627,0.101548245143922,0.31931904536732,0.262921703249809,0.0324262886980839,0.0266992375752693,0.319319045367285,202608250082
6,10,0.211394126985517,0.209362400780138,0.0874750260920874,0.211394126985517,0.167136145049008,0.0184917067737721,0.0146202386490928,0.211394126985566,202608250082
7,8,0.228937677780546,0.165964304680104,0.12423595139104,0.228937677780546,0.19094219527262,0.0284422902083214,0.0237218852903876,0.228937677780495,202608250082
7,9,0.301020742329438,0.0590580271070733,0.109890456291337,0.301020742329438,0.283243051169155,0.0330793067277388,0.0311257081343288,0.301020742329569,202608250082
7,10,0.124397154516682,0.0794866564677885,0.107338415772081,0.124397154516682,0.114509240630044,0.0133525934923754,0.012291240480493,0.124397154516993,202608250082
8,9,0.281435238878244,0.155511843549091,0.1290615615905,0.281435238878244,0.237668726040609,0.0363224714162214,0.0306738969240257,0.281435238878308,202608250082
8,10,0.264475543039854,0.189448088400402,0.10177671479526,0.264475543039854,0.214371156982296,0.0269174519142887,0.0218179921045169,0.264475543040112,202608250082
9,10,0.263963066302067,0.0657847445214355,0.102734552859595,0.263963066302067,0.246598323422291,0.0271181275879905,0.0253341684927149,0.263963066302012,202608250082
11,12,0.194872929899472,0.159442161627788,0.0885339226118394,0.194872929899472,0.16380196871356,0.0172528648948623,0.0145020308217533,0.648923234245237,202608250082
11,13,0.101068651112536,0.149806910474605,0.0938546998328128,0.101068651112536,0.0859278687435313,0.00948576791267435,0.00806473432819747,0.374883509871606,202608250082
11,14,0.168978083441423,0.11899904594282,0.117879375457022,0.168978083441423,0.148869852726647,0.0199190309419994,0.017548685263796,0.552933532696445,202608250082
11,15,0.192928432419929,0.143586531437123,0.0960600896874912,0.192928432419929,0.16522650799315,0.0185327225215255,0.015871673176573,0.555882132232877,202608250082
12,13,0.16013192579466,0.226608960226702,0.148779891398599,0.16013192579466,0.123844596591233,0.0238244105291781,0.018425585631147,0.651141036055363,202608250082
12,14,0.363406714652877,0.171553077345073,0.108419696532126,0.363406714652877,0.301063174426313,0.0394004457204018,0.0326411780082994,0.693058735032086,202608250082
12,15,0.152867814426534,0.198839423700085,0.122503135356306,0.152867814426534,0.122471666303671,0.0187267865623164,0.0150031631145109,0.484392777158718,202608250082
13,14,0.232729209872077,0.174222525374268,0.110009187975766,0.232729209872077,0.192182539199806,0.0256023513962689,0.0211418450804915,0.6159783363906,202608250082
13,15,0.161384138522276,0.18969842206421,0.0975855458758987,0.161384138522276,0.130769822098408,0.0157487592534079,0.0127612444735673,0.530975103507512,202608250082
14,15,0.0986703648991776,0.196697912471599,0.145378508544518,0.0986703648991776,0.0792621101006984,0.0143445504865858,0.0115230073505309,0.567903696306302,202608250082
1,6,0.169507012066558,0.199316917201919,-0.0169187439563367,0.169507012066558,0.135721396977343,0,0,0.924750776599641,202608250082
2,7,0.121975361238756,0.182868353562533,-0.00574064929493325,0.121975361238756,0.0996699277538293,0,0,0.78878187795078,202608250082
3,8,0.240089053584626,0.167254730642842,0.0383552682800769,0.240089053584626,0.199933023597035,0.00920868006134811,0.00766848475811123,0.961412169305143,202608250082
4,9,0.154046558353894,0.0906023642259106,-0.0163204712984743,0.154046558353894,0.140089575966166,0,0,0.862657487819312,202608250082
5,10,0.228241872742562,0.17654402935301,-0.0205440750420369,0.228241872742562,0.187947132861513,0,0,0.901862431823094,202608250082
6,11,0.18506832760197,0.185997425064004,0.0200458285951799,0.18506832760197,0.150646095207102,0.00370984797350569,0.00301982580305472,0.963968244943956,202608250082
1,2,0.326998451070206,0.144341728794092,0.09425616669964,0.326998451070206,0.279798929329742,0.0308216205145974,0.026372774525285,0.326998451070317,202608250083
1,3,0.0987438244087422,0.0932966744318413,0.0881026218943376,0.0987438244087422,0.0895313539707248,0.00869958982628428,0.00788794702657088,0.0987438244085069,202608250083
1,4,0.139976942925872,0.10002916858793,0.0962029715393071,0.139976942925872,0.125975165703517,0.0134661978564568,0.0121191852808349,0.13997694292625,202608250083
1,5,0.198314102356667,0.133642300994343,0.102310436752419,0.198314102356667,0.171810949398095,0.0202896024262745,0.0175780532717668,0.198314102356182,202608250083
2,3,0.18654275984315,0.13327803499165,0.0946142900168223,0.18654275984315,0.161680707369336,0.0176496107803383,0.0152973053371674,0.186542759843109,202608250083
2,4,0.230686841066081,0.157361188368483,0.101846614971179,0.230686841066081,0.194385685614951,0.0234946738809746,0.0197975240787345,0.230686841066011,202608250083
2,5,0.339329472632266,0.196475600430801,0.0988829834535246,0.339329472632266,0.272659510752974,0.0335539106275896,0.0269613858902325,0.339329472632104,202608250083
3,4,0.188124914435988,0.0632622719277771,0.0797792830368073,0.188124914435988,0.176223704942549,0.0150084707950638,0.0140590008344064,0.188124914435952,202608250083
3,5,0.239537849981151,0.11390616901401,0.0895192201030249,0.239537849981151,0.212253011155945,0.021443241515468,0.0190007240231989,0.239537849980921,202608250083
4,5,0.207369263603279,0.138307716773689,0.0844332286672799,0.207369263603279,0.178688494225269,0.0175088564523811,0.015087246493134,0.207369263603956,202608250083
6,7,0.271206428787255,0.175314028824541,0.0812457221908869,0.271206428787255,0.223660137113445,0.0220343621696319,0.0181714293650947,0.271206428787231,202608250083
6,8,0.184616274243573,0.252438700482622,0.0776209125770403,0.184616274243573,0.138011981885582,0.0143300836833592,0.0107126159805248,0.184616274243474,202608250083
6,9,0.172297157593465,0.180971928881895,0.101435301356709,0.172297157593465,0.141116208642908,0.0174770141033976,0.0143141651500096,0.172297157593401,202608250083
6,10,0.133062684501144,0.164440965484704,0.0872574937804713,0.133062684501144,0.111181728191789,0.0116107163652714,0.0097014389561971,0.133062684499989,202608250083
7,8,0.271206428787255,0.175314028824541,0.102279935883281,0.271206428787255,0.223660137113445,0.0277389761474941,0.022875944483609,0.271206428787231,202608250083
7,9,0.209510657199652,0.100855107699494,0.118118223697918,0.209510657199652,0.18838043730359,0.0247470266742064,0.0222511626337371,0.209510657199019,202608250083
7,10,0.21550351008517,0.0646942116921891,0.110210186566594,0.21550351008517,0.20156168038331,0.0237506820522424,0.0222141503997207,0.215503510082363,202608250083
8,9,0.342993555187846,0.172801957367553,0.111054046822588,0.342993555187846,0.28372359748693,0.0380908223376768,0.0315086536799865,0.342993555187911,202608250083
8,10,0.266699576591012,0.165477273100346,0.105043576203046,0.266699576591012,0.222566857919714,0.028015077296958,0.0233792187001619,0.266699576590841,202608250083
9,10,0.338635481051923,0.0667454298096894,0.0893848165126318,0.338635481051923,0.316033110320302,0.030268870338493,0.0282485615778965,0.338635481051886,202608250083
11,12,0.215774371966654,0.110977617692126,0.082397056847796,0.215774371966654,0.19182824620678,0.0177791731932339,0.0158060829077131,0.526190791154548,202608250083
11,13,0.106297231312985,0.132196397006281,0.093355021050139,0.106297231312985,0.0922451203216654,0.00992338026679523,0.00861154514940168,0.37840852355786,202608250083
11,14,0.179053805615424,0.114291302346986,0.0798803103471654,0.179053805615424,0.158589512981453,0.0143028735614011,0.0126681795147643,0.383661225941433,202608250083
11,15,0.1212561313695,0.120648630256717,0.0675647354497339,0.1212561313695,0.106626745209541,0.00819263843763844,0.00720420783194883,0.431594867693785,202608250083
12,13,0.230259444035073,0.170677310111272,0.10478176270632,0.230259444035073,0.19095938149945,0.0241269904257722,0.020009060598821,0.574991519414333,202608250083
12,14,0.210904263630762,0.133766096834337,0.0991147931742383,0.210904263630762,0.182692423479155,0.020903732469328,0.0181075217676368,0.637329494254866,202608250083
12,15,0.0642988041662438,0.14791865490593,0.0996160115817948,0.0642988041662438,0.0547878115419132,0.0064051904205201,0.00545774326910042,0.48499823670092,202608250083
13,14,0.151723230800437,0.153906602970162,0.0949251101706286,0.151723230800437,0.128372023756284,0.0144023443991752,0.0121857284978918,0.357154829464498,202608250083
13,15,0.0709511508696598,0.16176094622392,0.0817162003237558,0.0709511508696598,0.0594740255693075,0.00579785845766614,0.00485999138748171,0.564245694723764,202608250083
14,15,0.100487924138478,0.163799454395054,0.0901081626635919,0.100487924138478,0.0840280569913041,0.0090547822139967,0.007571613827678,0.640265384056023,202608250083
1,6,0.161078431629999,0.18738152874938,-0.0129137626825825,0.161078431629999,0.130895308862617,0,0,0.88971455452506,202608250083
2,7,0.160701765493526,0.146865357260972,-0.0268079259780036,0.160701765493526,0.13710024329185,0,0,0.873191464219786,202608250083
3,8,0.142265529254842,0.167441124996837,-0.0327356390074371,0.142265529254842,0.118444428988141,0,0,0.913917322645442,202608250083
4,9,0.21322888167694,0.082226398834536,-0.0375600679752143,0.21322888167694,0.19569583860913,0,0,0.904237559130257,202608250083
5,10,0.00714514649009067,0.111727774906043,-0.0307340346041429,0.00714514649009067,0.00634683517137511,0,0,0.942277182697948,202608250083
6,11,0.201802442022655,0.177434672143017,0.000263168132421057,0.201802442022655,0.165995691884705,5.31079717851106e-05,4.36847762232389e-05,0.848509477875511,202608250083
1,2,0.224216907068383,0.171270932438685,0.115609843946362,0.224216907068383,0.185815068326263,0.0259216816363116,0.0214820510520818,0.22421690706802,202608250084
1,3,0.18120828764075,0.0708860578359698,0.118187223650008,0.18120828764075,0.168363146482691,0.0214165044186322,0.0198983728477687,0.181208287640968,202608250084
1,4,0.243550462022517,0.0677121926040853,0.119161252112516,0.243550462022517,0.227059126229234,0.0290217780071848,0.0270566497850493,0.243550462022588,202608250084
1,5,0.249835554863822,0.148532271347272,0.126381693762648,0.249835554863822,0.212726912436593,0.0315746405858207,0.026884787502635,0.249835554863872,202608250084
2,3,0.232243665024091,0.159566010926284,0.111240286188571,0.232243665024091,0.195185469833297,0.0258348517627626,0.0217124875241067,0.232243665024073,202608250084
2,4,0.284015923475218,0.173977707245553,0.120016669375809,0.284015923475218,0.234603484287771,0.0340866451851904,0.0281563288081783,0.284015923475216,202608250084
2,5,0.362453798319374,0.243851366477796,0.111386477868646,0.362453798319374,0.274068944314127,0.0403724519849077,0.0305275744003287,0.362453798319486,202608250084
3,4,0.254917460445888,0.0408601240834743,0.106613383430351,0.254917460445888,0.244501501381025,0.0271776129536087,0.0260671323160316,0.254917460445929,202608250084
3,5,0.283511478151074,0.136993770723293,0.111291735238033,0.283511478151074,0.244672171715823,0.0315524843633326,0.027229990554712,0.283511478150963,202608250084
4,5,0.33033774352303,0.15311938741764,0.132283645171764,0.33033774352303,0.279756630593859,0.0436982808510418,0.0370072268559263,0.330337743523029,202608250084
6,7,0.255862535314723,0.190259588721058,0.106208554837066,0.255862535314723,0.207182234576617,0.0271747901127244,0.0220045257222964,0.255862535314544,202608250084
6,8,0.374469481889512,0.276453504407598,0.0928245599000449,0.374469481889512,0.270946081327459,0.0347599648523918,0.0251504507558632,0.374469481889369,202608250084
6,9,0.277575299697315,0.198577968078255,0.122272555784694,0.277575299697315,0.22245496069471,0.0339398413166932,0.0272001365911259,0.27757529969721,202608250084
6,10,0.282883870195054,0.236802019170306,0.127479572920294,0.282883870195054,0.215896398542155,0.0360619149585055,0.0275223806811836,0.282883870195213,202608250084
7,8,0.276654680399211,0.136608788838544,0.12970540776122,0.276654680399211,0.23886121958336,0.0358836081302297,0.0309815918844021,0.276654680399265,202608250084
7,9,0.228791314379805,0.0637858867244636,0.137725069954989,0.228791314379805,0.214197657517234,0.0315102997780526,0.0295003873657558,0.228791314379768,202608250084
7,10,0.412221549643046,0.084194820368918,0.116699072109012,0.412221549643046,0.377514630318652,0.0481058723466825,0.0440556070657635,0.41222154964338,202608250084
8,9,0.33041592124254,0.143200759226441,0.110587979167224,0.33041592124254,0.283100110460104,0.0365400290148893,0.0313074691178009,0.330415921242527,202608250084
8,10,0.284650242667504,0.183403460132371,0.127825676790918,0.284650242667504,0.232444403234764,0.0363856099176728,0.0297123631597449,0.28465024266748,202608250084
9,10,0.271376165975835,0.0955236141527829,0.140301701623754,0.271376165975835,0.245453333806898,0.03807453786654,0.0344375204023311,0.27137616597571,202608250084
11,12,0.0688728921941284,0.13386770231406,0.0691808123329249,0.0688728921941284,0.0596530363643765,0.00476468262970777,0.00412684551381307,0.414844694278736,202608250084
11,13,0.12196501655516,0.148224816475915,0.040194221253771,0.12196501655516,0.10388677435979,0.00490228886063796,0.00417564799395797,0.47901786826129,202608250084
11,14,0.0686916798917188,0.132744027579282,0.0571198274184532,0.0686916798917188,0.0595732696417053,0.00392365690049861,0.00340281488068718,0.453449461697587,202608250084
11,15,0.0935217351492893,0.142211711416622,0.0589791605602441,0.0935217351492893,0.0802218491390568,0.00551583343324255,0.00473141732081211,0.331276357392954,202608250084
12,13,0.181365985252772,0.201098265895954,0.0354594576088416,0.181365985252772,0.144893600125929,0.00643113946575647,0.00513784847145782,0.431929983578954,202608250084
12,14,0.135416269707111,0.166228528981679,0.0600582473559526,0.135416269707111,0.112906222393512,0.00813286382209007,0.00678094983253572,0.41903808281917,202608250084
12,15,0.063472696337356,0.181882672391434,0.0762271172696309,0.063472696337356,0.0519281127036277,0.00483834066712731,0.00395833033665004,0.294518257096566,202608250084
13,14,0.0548924662610006,0.184981598612233,0.0776058795968561,0.0548924662610006,0.0447383701002727,0.0042599781274257,0.00347196056336135,0.439612365439266,202608250084
13,15,0.111520372947311,0.184795079981263,0.067989628677278,0.111520372947311,0.0909119567089722,0.00758222874663922,0.00618107017896779,0.31668332771,202608250084
14,15,0.136173884776979,0.19733749497778,0.0786637782615038,0.136173884776979,0.109301671473697,0.0107119522771038,0.00859808244841863,0.475762414678018,202608250084
1,6,0.180946557282274,0.204694971397306,-0.00232777089509768,0.180946557282274,0.143907706914938,0,0,0.911386238903898,202608250084
2,7,0.191430613457831,0.159655122022505,-0.0376112421446761,0.191430613457831,0.160867735507378,0,0,0.867984834657986,202608250084
3,8,0.0755835222183284,0.14050668629616,-0.0309529830848738,0.0755835222183284,0.0649635319728389,0,0,0.966486098654573,202608250084
4,9,0.116327546816672,0.0641025641025639,-0.0305717417812325,0.116327546816672,0.108870652789963,0,0,0.873495327693067,202608250084
5,10,-0.0140090053339228,0.169283945542277,-0.0252608974136148,0.0140090053339228,0.0116375056378735,0,0,0.74698107402104,202608250084
6,11,0.21000988490798,0.203249269749314,0.0123243050194859,0.21000988490798,0.167325529160295,0.00258822587871307,0.00206217085891836,0.938234248184174,202608250084
1,2,0.357183143967535,0.125209835101708,0.14560869946231,0.357183143967535,0.31246030141025,0.0520089730629718,0.0454969381219479,0.357183143967653,202608250085
1,3,0.354822395557054,0.0669310456672689,0.126323891865543,0.354822395557054,0.331073761596255,0.0448225459278223,0.0418225260594039,0.354822395557024,202608250085
1,4,0.216404514156704,0.0559504863218241,0.138997823466728,0.216404514156704,0.204296576347398,0.0300797564561565,0.0283967794539925,0.216404514156604,202608250085
1,5,0.296193287340563,0.144606492902353,0.153346962231135,0.296193287340563,0.253361814837026,0.0454203408469289,0.0388522646506251,0.29619328734043,202608250085
2,3,0.298954858224583,0.134936791252741,0.147660228222121,0.298954858224583,0.258614848926339,0.0441437425935536,0.0381871276140925,0.298954858224627,202608250085
2,4,0.313983215300919,0.153054881077312,0.116406377718416,0.313983215300919,0.265926551622765,0.0365496487575615,0.0309555466135554,0.313983215300931,202608250085
2,5,0.365368797789,0.22359039121563,0.131933588538715,0.365368797789,0.283675845353373,0.0482044166323788,0.037426372259224,0.365368797789054,202608250085
3,4,0.247979339536388,0.0675279308992136,0.129333599514161,0.247979339536388,0.231233807831742,0.0320720605873854,0.0299063006962451,0.247979339535989,202608250085
3,5,0.249821026885462,0.155217698721737,0.137309683573951,0.249821026885462,0.211044381999999,0.0343028461517623,0.0289784373124799,0.249821026885429,202608250085
4,5,0.339453650269581,0.172083510231665,0.12868129388753,0.339453650269581,0.28103927457024,0.0436813349315349,0.0361644974849113,0.339453650269551,202608250085
6,7,0.417997777000569,0.21761476125478,0.133925203421457,0.417997777000569,0.327035290553561,0.0559804373145182,0.0437982678133811,0.417997777000647,202608250085
6,8,0.196342208972582,0.288919213138385,0.0948690321480071,0.196342208972582,0.139615172450371,0.0186267953350306,0.0132451562835438,0.196342208972397,202608250085
6,9,0.203521529921432,0.224350101594497,0.0946726650869253,0.203521529921432,0.157861454006891,0.0192679256402303,0.0149451645653295,0.203521529921979,202608250085
6,10,0.243365413489538,0.222815837176654,0.14062036347739,0.243365413489538,0.189139745143024,0.0342221329027241,0.0265968997100329,0.243365413489312,202608250085
7,8,0.25600345613654,0.162019555641833,0.123113263097691,0.25600345613654,0.214525889930524,0.0315174208492559,0.0264109823282828,0.256003456136646,202608250085
7,9,0.254140596251087,0.111266656258498,0.125490708426164,0.254140596251087,0.225863221886688,0.0318922834633967,0.0283437357219764,0.254140596250961,202608250085
7,10,0.369743777295959,0.0802496316450829,0.128902303841347,0.369743777295959,0.340071975364897,0.0476608247244511,0.0438360610964131,0.369743777295947,202608250085
8,9,0.223333973746636,0.158563462445846,0.0967358873910277,0.223333973746636,0.18792136558758,0.0216044101349453,0.0181787400598483,0.22333397374673,202608250085
8,10,0.232293760168917,0.1575317367264,0.114005258580959,0.232293760168917,0.195700120698802,0.0264827101948007,0.0223108428645918,0.232293760168953,202608250085
9,10,0.349548951302101,0.0657544816158917,0.114125345797088,0.349548951302101,0.326564541209852,0.0398923949403618,0.0372692911906419,0.349548951302151,202608250085
11,12,0.276100059155941,0.156950495816119,0.115788286969882,0.276100059155941,0.232766017976556,0.0319691528819496,0.0269515784863063,0.595145020386294,202608250085
11,13,0.153952923012864,0.165580048986863,0.127004479844414,0.153952923012864,0.128461390478723,0.0195527109077759,0.0163151720778404,0.610293975807941,202608250085
11,14,0.240275812956085,0.137864458652271,0.0962256259547816,0.240275812956085,0.20715031807566,0.0231206905034933,0.0199331690235625,0.717244303117672,202608250085
11,15,0.259950232653023,0.133520066230608,0.109215409751266,0.259950232653023,0.225241660372529,0.0283905711741368,0.0245998602306413,0.561686034299647,202608250085
12,13,0.23225525687925,0.196271527069227,0.128628489219759,0.23225525687925,0.186670162941704,0.0298746428057251,0.0240111010415977,0.664396309478608,202608250085
12,14,0.0764707847790931,0.165290711334695,0.127672312131111,0.0764707847790931,0.0638308743666344,0.00976320190322738,0.00814943531573868,0.437956774315003,202608250085
12,15,0.142079744406806,0.156987020563129,0.132666492392385,0.142079744406806,0.11977506865001,0.0188492213304575,0.015890138233854,0.450092133128382,202608250085
13,14,0.157304524186558,0.170468583800658,0.117720379643609,0.157304524186558,0.130489044723039,0.0185179483068988,0.015361219884128,0.529235627779797,202608250085
13,15,0.245929173362725,0.16202685949113,0.118024228761728,0.245929173362725,0.206082041745513,0.029025601016145,0.0243226740386565,0.694275424305058,202608250085
14,15,0.172040574804161,0.182449008820731,0.122598790803615,0.172040574804161,0.140651942454193,0.021091966440149,0.0172437580690637,0.433572512901937,202608250085
1,6,0.1588599388074,0.211803584764084,0.000712069469803097,0.1588599388074,0.12521283429259,0.000113119312399538,8.91602365272673e-05,0.897617600561442,202608250085
2,7,0.126061301253535,0.150549127881497,-0.0302882110608773,0.126061301253535,0.107082882290209,0,0,0.90305277951359,202608250085
3,8,0.183029813230742,0.157758206726792,-0.0186947666464152,0.183029813230742,0.154155358117921,0,0,0.865598250881045,202608250085
4,9,0.113892525732693,0.0788656672709471,-0.0523157799361641,0.113892525732693,0.104910315693611,0,0,0.869492549880049,202608250085
5,10,0.0893483234115545,0.155011835540674,-0.00410643933856482,0.0893483234115545,0.0754982757970476,0,0,0.829250454141007,202608250085
6,11,0.289213502015877,0.249354345340898,0.0289661359733826,0.289213502015877,0.21709685855696,0.00837739762473004,0.00628845712435509,0.877370004104898,202608250085
1,2,0.268031151018998,0.199222219511324,0.134442307778318,0.268031151018998,0.214633390214818,0.036034726499473,0.0288558083067645,0.268031151019112,202608250086
1,3,0.205046697256662,0.100923856935946,0.13300004768144,0.205046697256662,0.184352593717542,0.0272712205120578,0.0245189037546303,0.205046697255945,202608250086
1,4,0.254278511143219,0.0790602357911694,0.125914396400913,0.254278511143219,0.234175192095609,0.0320173252483213,0.0294860279647865,0.254278511143152,202608250086
1,5,0.322550134201724,0.136408486384806,0.113943260286938,0.322550134201724,0.278551558612051,0.0367524138969337,0.0317390727462651,0.322550134201832,202608250086
2,3,0.280836508346413,0.194988110672599,0.131962079594144,0.280836508346413,0.226076728176056,0.0370597696673507,0.0298335551979523,0.280836508346354,202608250086
2,4,0.319855328058439,0.204797766410582,0.138002654146651,0.319855328058439,0.254349671297547,0.0441408842150123,0.0351009297203897,0.31985532805843,202608250086
2,5,0.27649312246097,0.256856372995662,0.117661108998839,0.27649312246097,0.2054741018674,0.0325324874193095,0.0241763106962586,0.276493122461111,202608250086
3,4,0.276011370177233,0.0667514205913511,0.126920008192479,0.276011370177233,0.257587219118538,0.0350313653641117,0.0326929719608026,0.276011370177408,202608250086
3,5,0.317080235439743,0.133454800280308,0.1114244110342,0.317080235439743,0.274764355946299,0.0353304784844587,0.0306154565345075,0.31708023543979,202608250086
4,5,0.145400177684221,0.140917249064953,0.144045801162006,0.145400177684221,0.124910784631405,0.0209442850836217,0.0179928740460056,0.145400177684415,202608250086
6,7,0.225758323898177,0.196322600015422,0.118115327866956,0.225758323898177,0.181436862775363,0.0266655184459277,0.021430474533864,0.225758323898211,202608250086
6,8,0.292697949237058,0.290290330740982,0.0873675534203423,0.292697949237058,0.207730564745825,0.0255723037159933,0.0181489112124688,0.29269794923703,202608250086
6,9,0.292021535638602,0.195626245808222,0.114563701554716,0.292021535638602,0.234894458926471,0.0334550680564507,0.0269103786893087,0.292021535638718,202608250086
6,10,0.252324402514702,0.219883705512931,0.11051878020828,0.252324402514702,0.196842377898433,0.0278865851827079,0.0217547794986321,0.252324402514457,202608250086
7,8,0.320392064346054,0.157968815358883,0.129112257058032,0.320392064346054,0.269780109490921,0.0413665425712012,0.0348319188457358,0.320392064346113,202608250086
7,9,0.271308608123298,0.0403910104694731,0.151564767570536,0.271308608123298,0.260350179292132,0.0411208261300933,0.0394599144113594,0.271308608123411,202608250086
7,10,0.313958607594816,0.0547794770207548,0.133934310171692,0.313958607594816,0.296760119264608,0.0420498295306766,0.0397463618601742,0.313958607594831,202608250086
8,9,0.327667296164594,0.158275512636367,0.143627260906135,0.327667296164594,0.27580558688997,0.0470619562366398,0.0396132009876154,0.327667296164667,202608250086
8,10,0.253357208727928,0.18316505849035,0.131259085703233,0.253357208727928,0.206951020772325,0.0332554355739509,0.0271642017719261,0.253357208727987,202608250086
9,10,0.339620710896241,0.0547186590605862,0.145018810318251,0.339620710896241,0.321037121006796,0.0492513914536116,0.0465564213564019,0.339620710896209,202608250086
11,12,0.383300106532601,0.193770028275212,0.128033955991804,0.383300106532601,0.309028034051887,0.049075428971449,0.0395660817120331,0.739309475224698,202608250086
11,13,0.22233733808176,0.156933995693784,0.126986598024403,0.22233733808176,0.18744505122467,0.0282338621768043,0.0238030093715308,0.583313085205921,202608250086
11,14,0.220015533279614,0.18868587511767,0.130148016016261,0.220015533279614,0.17850170984327,0.0286345851491015,0.0232316433916119,0.597760054748262,202608250086
11,15,0.210171542852305,0.155796145751728,0.109695361054368,0.210171542852305,0.177427626529222,0.0230548432765372,0.0194629875531426,0.52802042094443,202608250086
12,13,0.227092260528171,0.227930687325419,0.145462666860621,0.227092260528171,0.175330965499702,0.0330334458398347,0.0255041098248342,0.654176406318879,202608250086
12,14,0.281704304354645,0.21493070807024,0.136340410248196,0.281704304354645,0.221157398753267,0.0384076804243949,0.0301526904754442,0.708298559420314,202608250086
12,15,0.112023854033815,0.209279408219665,0.151678931441856,0.112023854033815,0.0885795681551323,0.0169916584758476,0.0134356542453515,0.502994064871994,202608250086
13,14,0.153378276449856,0.216131360863821,0.13259060927297,0.153378276449856,0.120228420833801,0.0203365191237244,0.0159411595702807,0.621877138822591,202608250086
13,15,0.166471619786403,0.181690611326531,0.115019320843366,0.166471619786403,0.136225289418893,0.0191474526475271,0.0156685402706521,0.571658965742633,202608250086
14,15,0.184373282419204,0.250859558392362,0.0959648674618806,0.184373282419204,0.138121482212172,0.0176933576108708,0.0132548097341296,0.564971779032137,202608250086
1,6,0.132649645865064,0.21575499411678,0.00804521267349055,0.132649645865064,0.104029822301854,0.00106719461204765,0.000836942044803848,0.893516265683387,202608250086
2,7,0.174824432467264,0.187204385492098,0.0211286977259562,0.174824432467264,0.142096532018225,0.00369381258871266,0.00300231467291973,0.982217269130556,202608250086
3,8,0.159891349678222,0.173249562688062,0.0169236883622042,0.159891349678222,0.132190243268866,0.00270595137376644,0.00223714648160625,0.853200909092958,202608250086
4,9,0.307074716264569,0.0453779333694402,0.0253869154866979,0.307074716264569,0.293140300250476,0.00779567986991034,0.00744192802820407,0.896440958183503,202608250086
5,10,0.181366466653517,0.147813853463603,0.0308404315186631,0.181366466653517,0.154557990328382,0.00559342009460967,0.00476663511638466,0.860807011410357,202608250086
6,11,0.146998617001543,0.22281698674645,0.0167902550966319,0.146998617001543,0.114244828105364,0.00246814427830799,0.00191819980735991,0.904237559130257,202608250086
1,2,0.355619373767448,0.157561115904516,0.138725215538077,0.355619373767448,0.299587588399384,0.0493333742754052,0.0415603527732373,0.355619373767457,202608250087
1,3,0.161835702642861,0.0965920942458487,0.145051085696334,0.161835702642861,0.146203653200839,0.0234744443727761,0.021206998629552,0.16183570264242,202608250087
1,4,0.218839663645093,0.0809932013416919,0.151437756185225,0.218839663645093,0.201115138705938,0.0331405876267422,0.0304564253405075,0.218839663644341,202608250087
1,5,0.304121069141584,0.18549933483938,0.135556005364242,0.304121069141584,0.247706813105179,0.0412254372799357,0.033578146086045,0.304121069141603,202608250087
2,3,0.234967442861898,0.154063528035675,0.154040744506687,0.234967442861898,0.198767529641073,0.0361945598332791,0.0306182982496658,0.234967442861771,202608250087
2,4,0.368380102406442,0.159059602376693,0.128680641214767,0.368380102406442,0.309785709794188,0.0474033877884224,0.0398634237754878,0.368380102406392,202608250087
2,5,0.358225569960072,0.263990653098105,0.160753575397346,0.358225569960072,0.263657367789871,0.0575860411698336,0.0423838645520748,0.358225569960113,202608250087
3,4,0.293242793501781,0.0494749947280484,0.130640873438689,0.293242793501781,0.278734607839242,0.0383094946726737,0.036414132625709,0.293242793501726,202608250087
3,5,0.322093572020981,0.176242601059217,0.145916699901438,0.322093572020981,0.26532696310355,0.0469988310887676,0.0387156348509404,0.322093572020933,202608250087
4,5,0.27038719251654,0.182671722084799,0.147645092573277,0.27038719251654,0.220995098429869,0.0399213420697329,0.0326288417659184,0.27038719251651,202608250087
6,7,0.306266091718229,0.189374401232871,0.0932357585207776,0.306266091718229,0.248267133981158,0.0285549513705432,0.0231473745525128,0.30626609171822,202608250087
6,8,0.280123674202915,0.260948443478277,0.0905257039592487,0.280123674202915,0.207025837438248,0.0253583928028701,0.0187411596718504,0.280123674203007,202608250087
6,9,0.151179125306175,0.193242134379637,0.0955012748423412,0.151179125306175,0.121964948458363,0.0144377991962898,0.0116478080638541,0.151179125306449,202608250087
6,10,0.178056315202726,0.224345519311654,0.113363380680376,0.178056315202726,0.138110178701851,0.0201850658428716,0.0156566367640127,0.178056315202629,202608250087
7,8,0.307401987054153,0.139361409706095,0.126171087399187,0.307401987054153,0.264562012791831,0.0387852429752933,0.033380076838463,0.307401987054223,202608250087
7,9,0.188098743643098,0.0705506312113886,0.120207418682038,0.188098743643098,0.174828258549008,0.0226108644306712,0.0210156536728522,0.188098743643229,202608250087
7,10,0.319470183354353,0.0905944209079892,0.122325002785496,0.319470183354353,0.290527967095996,0.0390791910687042,0.0355388343842823,0.319470183354277,202608250087
8,9,0.151489625436748,0.143263244914097,0.116868731132545,0.151489625436748,0.129786730125858,0.0177044003045372,0.0151680104676511,0.151489625437234,202608250087
8,10,0.260065227823894,0.177896905966847,0.125479322178608,0.260065227823894,0.21380042844446,0.0326328085095675,0.0268275328427069,0.260065227823776,202608250087
9,10,0.276124613421306,0.0911085945104892,0.09814252136524,0.276124613421306,0.250967287982738,0.0270995657721691,0.0246305624228222,0.276124613421247,202608250087
11,12,0.130679006681071,0.157710596685225,0.0688826913020081,0.130679006681071,0.110069542563166,0.00900152167686524,0.00758188632213183,0.52565835546481,202608250087
11,13,0.160811764996161,0.187219668694129,0.0792668626652395,0.160811764996161,0.130704639631461,0.0127470440909055,0.0103605467193767,0.490966093815308,202608250087
11,14,0.0758020435585972,0.174280583695504,0.0876383695317021,0.0758020435585972,0.0625912191618929,0.00664316750464651,0.00548539239434972,0.532553176051683,202608250087
11,15,0.0732944972449118,0.1243995917617,0.0586345346832293,0.0732944972449118,0.0641766917092657,0.00429758874079664,0.00376297045588185,0.376000684331818,202608250087
12,13,0.137982926075338,0.218444435596223,0.11512706370685,0.137982926075338,0.107841323666895,0.015885569120733,0.0124154549400297,0.521691105571624,202608250087
12,14,0.236001053130247,0.18572689910824,0.0987892285304581,0.236001053130247,0.192169309346087,0.0233143619711127,0.0189842578175309,0.584704725464552,202608250087
12,15,0.184909797883309,0.155682164456035,0.0921535616640916,0.184909797883309,0.156122640319707,0.0170400964615342,0.0143872573618629,0.468098177500091,202608250087
13,14,0.24272521336221,0.196933479310347,0.0972635916878039,0.24272521336221,0.194924492578443,0.023608326044797,0.0189590562561021,0.497625394226771,202608250087
13,15,0.156565080539211,0.185920946747367,0.097151836703233,0.156565080539211,0.127456352537783,0.015210585137974,0.0123826187485404,0.4101087429586,202608250087
14,15,0.157001268518052,0.201578824597682,0.129638743292971,0.157001268518052,0.125353137349838,0.0203534471460826,0.0162506231938642,0.478474160208432,202608250087
1,6,0.226486060250589,0.201363995598949,0.0228137796662444,0.226486060250589,0.180879922211066,0.0051670030760327,0.00412655469137069,0.883019295874835,202608250087
2,7,0.149226990081524,0.157992771168895,0.0206366060851482,0.149226990081524,0.125650204385351,0.00307953861158473,0.00259299377241885,0.833742823601201,202608250087
3,8,0.217449730862286,0.141279729783747,0.042413648086492,0.217449730862286,0.186728491644514,0.0092228363612954,0.00791983653233187,0.943777573014319,202608250087
4,9,0.180293020179756,0.0517468612592387,0.00885851342724893,0.180293020179756,0.170963422278505,0.00159712814010163,0.00151448177182256,0.938238813087351,202608250087
5,10,0.130477005986531,0.210466568540839,0.0167468534867572,0.130477005986531,0.103015958263063,0.00218507930264718,0.00172519315982942,0.88775223703632,202608250087
6,11,0.147419464511627,0.215078484190922,-0.0427335419359287,0.147419464511627,0.115712709544229,0,0,0.864823468418381,202608250087
1,2,0.290342545680572,0.156263757861635,0.118112741667793,0.290342545680572,0.244972528425413,0.034293154093139,0.0289343769656169,0.2903425456805,202608250088
1,3,0.170351272707062,0.0443646437230945,0.115502673425479,0.170351272707062,0.162793699185638,0.0196760274190986,0.0188031074727644,0.170351272706944,202608250088
1,4,0.149397958873347,0.0439994110180795,0.0973896418946003,0.149397958873347,0.142824536675616,0.0145498137144595,0.0139096304806005,0.149397958873253,202608250088
1,5,0.242124121484476,0.143307374056948,0.129591158408474,0.242124121484476,0.207425949438691,0.0313771453818073,0.0268805690717374,0.24212412148442,202608250088
2,3,0.260678127836996,0.165513442514435,0.117905959632495,0.260678127836996,0.217532393510477,0.0307355048178231,0.0256483656080062,0.260678127836935,202608250088
2,4,0.20629269601758,0.178345852426919,0.11658901781971,0.20629269601758,0.169501249296877,0.0240514628120696,0.0197619841747367,0.206292696017376,202608250088
2,5,0.31575971356343,0.249127889961955,0.131722167881963,0.31575971356343,0.237095162388381,0.0415925540003628,0.0312306887841237,0.315759713563425,202608250088
3,4,0.110020591323634,0.0563842097452729,0.105253102456263,0.110020591323634,0.103817167226143,0.0115800085708851,0.0109270789387723,0.110020591324268,202608250088
3,5,0.297455633463033,0.151096007679887,0.117772360591439,0.297455633463033,0.252511274784877,0.0350320521241634,0.0297388489073686,0.297455633463056,202608250088
4,5,0.335954193458134,0.167872254933779,0.11150882201424,0.335954193458134,0.279556805447858,0.0374618563632608,0.0311730500615549,0.335954193458088,202608250088
6,7,0.272849515454222,0.197720353441117,0.0992044785180392,0.272849515454222,0.218901612822376,0.0270678938945357,0.0217160203468015,0.272849515454099,202608250088
6,8,0.135027207079833,0.260055100317262,0.089720587939215,0.135027207079833,0.0999126931971277,0.0121147204069928,0.0089642255762367,0.135027207081141,202608250088
6,9,0.278616139500215,0.194959450741867,0.0663715793764511,0.278616139500215,0.224297289975434,0.0184921932183989,0.0148869653855274,0.278616139500267,202608250088
6,10,0.151834203722294,0.20513044105053,0.0881248413795872,0.151834203722294,0.120688386546184,0.0133803651190231,0.0106356449207407,0.151834203722251,202608250088
7,8,0.191458975977384,0.148924780701118,0.123745638120606,0.191458975977384,0.162945989966692,0.0236922131562392,0.0201638555076222,0.191458975977461,202608250088
7,9,0.255579792072042,0.0716225177694731,0.106606112458557,0.255579792072042,0.237274523872844,0.0272463680557667,0.025294914575539,0.255579792071977,202608250088
7,10,0.292987386291519,0.0574162607438649,0.0994421478153578,0.292987386291519,0.276165146125541,0.0291352949756366,0.027462455282466,0.292987386291469,202608250088
8,9,0.265887731033791,0.143706694408149,0.0964121613920574,0.265887731033791,0.227677884123242,0.0256348108365978,0.0219509169094921,0.265887731033661,202608250088
8,10,0.258970243804079,0.15566394588035,0.0927701895461553,0.258970243804079,0.21865791378794,0.0240247186045185,0.0202849361078741,0.258970243804127,202608250088
9,10,0.151075982370036,0.0529591355182759,0.116969521295877,0.151075982370036,0.143075128946145,0.0176712853371274,0.0167354293421764,0.151075982369885,202608250088
11,12,0.171479739608233,0.148199840798589,0.109207055345566,0.171479739608233,0.146066469498109,0.0187267974140395,0.0159514890186114,0.453303362481895,202608250088
11,13,0.248740716210499,0.133563998762425,0.118543243054298,0.248740716210499,0.215517911498395,0.0294865311792414,0.025548192165309,0.641094204207462,202608250088
11,14,0.148597396751775,0.153684095539491,0.132785457729568,0.148597396751775,0.125760340232455,0.0197315733451066,0.0166991443419928,0.536615754685978,202608250088
11,15,0.177438647081739,0.131070387604342,0.133468899691992,0.177438647081739,0.154181694832746,0.0236825409888354,0.020578461161973,0.641578097515715,202608250088
12,13,0.196714069128075,0.18387961557916,0.154951258259502,0.196714069128075,0.160542361717792,0.0304810925287417,0.0248762409521239,0.607013448801092,202608250088
12,14,0.225046697781994,0.176669771218417,0.135525043933401,0.225046697781994,0.185287749171389,0.0304994636039714,0.0251111303467733,0.483106914257086,202608250088
12,15,0.185467000015347,0.162552178415484,0.148657729753717,0.185467000015347,0.155318935138668,0.0275711031665142,0.0230893602854793,0.623787227120295,202608250088
13,14,0.240836255363146,0.16964325483782,0.153661471342764,0.240836255363146,0.199980009120389,0.0370072533517826,0.0307292224405784,0.605010687742263,202608250088
13,15,0.30486910693972,0.142925571213873,0.148362344435408,0.30486910693972,0.261295515684897,0.0452310954515059,0.0387664152974702,0.69185217558855,202608250088
14,15,0.339514272347203,0.213971346405958,0.149893592577473,0.339514272347203,0.266867946369033,0.0508910140134488,0.0400017952250267,0.723735768957848,202608250088
1,6,0.05985621258207,0.18793501048218,0.00196957333694024,0.05985621258207,0.048607134643035,0.000117891200351872,9.57353163779859e-05,0.847361861074512,202608250088
2,7,0.242073703931383,0.168836709694782,0.00657807793712196,0.242073703931383,0.20120277625598,0.00159237969098843,0.00132352754337715,0.941482266322069,202608250088
3,8,0.189151089433249,0.145898025068019,0.026415678624736,0.189151089433249,0.161554319045474,0.00499655438998741,0.0042675669723433,0.965590070483356,202608250088
4,9,0.183331682355153,0.0544084100567184,-0.0228111766051894,0.183331682355153,0.173356897005186,0,0,0.830192024244774,202608250088
5,10,0.155157860401302,0.161827809647676,0.00052197229891568,0.155157860401302,0.13004900370294,8.0988105088506e-05,6.78819774345173e-05,0.9487475495537,202608250088
6,11,0.0691382613014943,0.208712693771722,-0.00387097636599375,0.0691382613014943,0.0547082285425662,0,0,0.731725091523928,202608250088
1,2,0.277002469900197,0.15312504015883,0.128169593206634,0.277002469900197,0.234586455572634,0.0355032938843411,0.0300668505825306,0.277002469900314,202608250089
1,3,0.13572575644102,0.095550436238911,0.160762714029958,0.13572575644102,0.122757101204224,0.0218196409692275,0.0197347647560414,0.13572575644115,202608250089
1,4,0.294076857632133,0.0527910282848227,0.144375934803031,0.294076857632133,0.278552237922964,0.0424576212245773,0.0402162397416043,0.294076857632166,202608250089
1,5,0.309614553196983,0.192415585971101,0.131043418702507,0.309614553196983,0.250039887518405,0.040572949530982,0.0327660816724022,0.309614553197043,202608250089
2,3,0.291441789334789,0.168702931067141,0.143854467255566,0.291441789334789,0.242274705238558,0.0419252033407651,0.0348522986515921,0.291441789334823,202608250089
2,4,0.352918186617839,0.176766790946805,0.144322966358049,0.352918186617839,0.290533971302638,0.0509341995743899,0.0419307245661809,0.352918186617778,202608250089
2,5,0.347679214478876,0.286778313342127,0.141700652405045,0.347679214478876,0.247972355766508,0.0492663715193302,0.0351378445905301,0.347679214478918,202608250089
3,4,0.325381634849446,0.0920473367622698,0.144011440644521,0.325381634849446,0.295431121930202,0.0468586779939382,0.0425454614803954,0.32538163484948,202608250089
3,5,0.305855016486969,0.207815058701209,0.144278303103217,0.305855016486969,0.24229373828167,0.0441282427743463,0.0349577294118143,0.305855016486883,202608250089
4,5,0.422335584124543,0.218545961930943,0.148058030277617,0.422335584124543,0.330035847634378,0.0625301747016268,0.0488644575217499,0.422335584123836,202608250089
6,7,0.201426797353114,0.18855876931802,0.081042998735524,0.201426797353114,0.16344600833654,0.016324231683189,0.0132461546469447,0.20142679735317,202608250089
6,8,0.270677336398866,0.259664289060493,0.0787686458239188,0.270677336398866,0.200392098278066,0.021320887243364,0.0157846142151769,0.270677336398781,202608250089
6,9,0.0910241723646039,0.177521751442403,0.0868859424586601,0.0910241723646039,0.0748654018628443,0.00790872100241814,0.00650475099839955,0.0910241723645997,202608250089
6,10,0.154385827792823,0.198460617022458,0.0639945335949531,0.154385827792823,0.123746321149536,0.00987984904327243,0.00791908810605584,0.154385827793036,202608250089
7,8,0.296657463658791,0.146894675237331,0.102659406531817,0.296657463658791,0.253080061877903,0.0304546791624456,0.0259810489574211,0.296657463658938,202608250089
7,9,0.226120632131599,0.0551310117831667,0.0967481525148617,0.226120632131599,0.213654372897134,0.0218767534042249,0.0206706658545191,0.226120632131599,202608250089
7,10,0.229289678912321,0.0620650479062801,0.109150209418373,0.229289678912321,0.215058804006212,0.0250270164707513,0.0234737134945428,0.229289678912313,202608250089
8,9,0.166759440721967,0.138488693526197,0.0909115217362794,0.166759440721967,0.143665143643223,0.0151603545199249,0.0130608168290665,0.166759440721897,202608250089
8,10,0.252103473963855,0.162604094847088,0.116949866912821,0.252103473963855,0.211110416772156,0.0294834677283327,0.0246893351454138,0.252103473963818,202608250089
9,10,0.22861991801975,0.049565058805781,0.0822613054331909,0.22861991801975,0.217288358338929,0.0188065729043337,0.0178744240123952,0.228619918019749,202608250089
11,12,0.217242990869536,0.137008558037983,0.124205328044952,0.217242990869536,0.187478841946642,0.0269827369464172,0.0232858710654704,0.658357389927971,202608250089
11,13,0.249814337235512,0.144078535107909,0.121303500765056,0.249814337235512,0.213821453477666,0.0303033536479698,0.0259372908455134,0.650217288014501,202608250089
11,14,0.218999104947162,0.109233930577066,0.0916724468824045,0.218999104947162,0.195076971920924,0.0200761838155629,0.0178831833464013,0.643024208684042,202608250089
11,15,0.134882017438647,0.13887319648648,0.107503659047516,0.134882017438647,0.116150520528397,0.0145003104143654,0.0124866059570763,0.531078541972398,202608250089
12,13,0.243349175342068,0.209481346566059,0.132675149007057,0.243349175342068,0.192372062405671,0.0322863880992533,0.0255229920444674,0.633180894562521,202608250089
12,14,0.114324672869584,0.166529659559515,0.133739299683129,0.114324672869584,0.0952862240173589,0.0152897016860809,0.0127435128695313,0.578156249384618,202608250089
12,15,0.18252704860579,0.176591729114627,0.111416679947849,0.18252704860579,0.150294281482304,0.0203365577563367,0.0167452898579057,0.672110530661405,202608250089
13,14,0.211449569888942,0.16626346375591,0.125039351253276,0.211449569888942,0.176293231989509,0.0264395170416976,0.0220435913583116,0.634320092581206,202608250089
13,15,0.166255303577525,0.180610543923401,0.127284542187412,0.166255303577525,0.136227842768238,0.0211617302020946,0.017339698599934,0.557117363973578,202608250089
14,15,0.187072065773267,0.192296829090434,0.0890155079861291,0.187072065773267,0.15109870071367,0.0166523149648219,0.0134501276000715,0.59773926454996,202608250089
1,6,0.176362340397975,0.18178330864906,0.00470195267823132,0.176362340397975,0.144302610639339,0.000829247378773402,0.000678504046571413,0.916297513542492,202608250089
2,7,0.186947788545089,0.162402878051176,0.00145722776853511,0.186947788545089,0.156586929640064,0.000272425508734134,0.000228182822061155,0.853200909092933,202608250089
3,8,0.298382376633434,0.156601307189543,0.0285588716403269,0.298382376633434,0.251655306410315,0.0085214639940099,0.00718699159337933,0.922415350227239,202608250089
4,9,0.329963356159435,0.0485078822387444,-0.00982693564323213,0.329963356159435,0.313957532535753,0,0,0.945074720601774,202608250089
5,10,0.0708915850679858,0.2095239794645,-0.00301977439838649,0.0708915850679858,0.0560380980539952,0,0,0.889897646115296,202608250089
6,11,0.11273812611842,0.184036747161698,-0.0192399617802973,0.11273812611842,0.0919901681064811,0,0,0.948747549553694,202608250089
1,2,0.229729725247452,0.175878728570911,0.0790586002467207,0.229729725247452,0.189325153255986,0.0181621105131273,0.0149677816079141,0.229729725247456,202608250090
1,3,0.215977382244637,0.0878771548328132,0.102604212314937,0.215977382244637,0.196997904384739,0.0221601891830531,0.0202128148070895,0.215977382249662,202608250090
1,4,0.169825524570168,0.0760677485832044,0.0817045587677969,0.169825524570168,0.156907279264154,0.0138755195525152,0.0128200400197332,0.169825524570188,202608250090
1,5,0.141785664691003,0.146879339886374,0.0807307924002537,0.141785664691003,0.120960279855838,0.0114464690615014,0.00976521924171824,0.141785664690082,202608250090
2,3,0.219625600578316,0.183214145823834,0.0819226294570389,0.219625600578316,0.179387083767314,0.017992306695457,0.0146958615928484,0.21962560057998,202608250090
2,4,0.0883966647024991,0.194983345325235,0.0764831988295041,0.0883966647024991,0.0711607873032127,0.00676085968230624,0.00544260464417567,0.0883966647029183,202608250090
2,5,0.129989917757138,0.237009616825163,0.0817930494628971,0.129989917757138,0.0991810571583844,0.0106322717727875,0.00811232111393816,0.129989917757558,202608250090
3,4,0.241968414201021,0.0816404874066623,0.0868304682508036,0.241968414201021,0.222213994928633,0.0210102307069791,0.0192949452315349,0.241968414201314,202608250090
3,5,0.271289163862848,0.149175619654848,0.0922474981721169,0.271289163862848,0.230819434737962,0.0250257466475532,0.0212925153840792,0.271289163862936,202608250090
4,5,0.202738515789828,0.167332362358544,0.0759772663548088,0.202738515789828,0.168813801001651,0.0154035182145424,0.0128260111230701,0.202738515789919,202608250090
6,7,0.232917785211319,0.219066915453156,0.115087222194091,0.232917785211319,0.181893204450895,0.0268058608995706,0.0209335836362353,0.232917785211281,202608250090
6,8,0.268678883406485,0.308294187474231,0.108888775821846,0.268678883406485,0.185846745355199,0.0292561147033128,0.020236624592202,0.268678883406466,202608250090
6,9,0.214351566409596,0.224960269088239,0.105840976803326,0.214351566409596,0.166130980350608,0.0226871791681146,0.0175834652376025,0.214351566411644,202608250090
6,10,0.257634307553854,0.273710203522123,0.0814873933136399,0.257634307553854,0.187117168799007,0.0209939481507281,0.0152476903296594,0.257634307553851,202608250090
7,8,0.333205179473631,0.167543273500167,0.131196860727085,0.333205179473631,0.277378892957408,0.0437154735249455,0.0363912399879662,0.33320517947368,202608250090
7,9,0.343984667025512,0.0857788315265027,0.138497682909946,0.343984667025512,0.314478064225031,0.0476410793395827,0.0435544832211719,0.343984667025465,202608250090
7,10,0.298458977743676,0.117046084942871,0.136065470972194,0.298458977743676,0.263525522882728,0.040609961372573,0.0358567243842321,0.29845897774368,202608250090
8,9,0.356983679082843,0.170432885409738,0.132931112167666,0.356983679082843,0.29614192061257,0.0474542374861873,0.0393664748664975,0.356983679082948,202608250090
8,10,0.29334618924342,0.227279656755034,0.124573302024141,0.29334618924342,0.226674568041778,0.0365431034302515,0.0282375994258602,0.293346189243376,202608250090
9,10,0.315678360476775,0.12064393104823,0.138335910632669,0.315678360476775,0.277593682121996,0.0436696534635825,0.0384011748022219,0.315678360476607,202608250090
11,12,0.219073353515179,0.12285037823542,0.0989720623479349,0.219073353515179,0.192160109174537,0.0216821416028755,0.0190184823060083,0.556885618623274,202608250090
11,13,0.141167492111993,0.170194948789572,0.124183468823252,0.141167492111993,0.11714149802124,0.0175306688555464,0.0145470375674297,0.459649947061628,202608250090
11,14,0.204942809468869,0.144959935418479,0.103354634984165,0.204942809468869,0.17523431304378,0.0211817892652842,0.0181112784613408,0.50587215223695,202608250090
11,15,0.141659808725465,0.174321937831871,0.099823432272569,0.141659808725465,0.116965396355549,0.0141409683220515,0.0116758873213324,0.51921999108645,202608250090
12,13,0.147889124482396,0.185170269127939,0.12568004552316,0.147889124482396,0.120504455500895,0.0185867118973278,0.0151450054530961,0.514963404656347,202608250090
12,14,0.110444249869239,0.159660969181787,0.137555594543896,0.110444249869239,0.0928106138945609,0.0151922244547178,0.0127666191742503,0.518192126470753,202608250090
12,15,0.233151870817484,0.178935425418005,0.111307414232894,0.233151870817484,0.191432741625754,0.025951531864256,0.0213078834698764,0.619572187608299,202608250090
13,14,0.228933788243883,0.177488183250931,0.108871292545079,0.228933788243883,0.188300746083723,0.0249243174333528,0.0205005456133375,0.6816793255175,202608250090
13,15,0.152563171139882,0.203872411361925,0.122078879757442,0.152563171139882,0.121459749554573,0.0186247410249998,0.0148276701612417,0.542504260375381,202608250090
14,15,0.275626010874559,0.23170133456445,0.129656675713377,0.275626010874559,0.211763096314248,0.0357367523101344,0.0274564991068771,0.649350382093356,202608250090
1,6,0.220806251468679,0.219442908733726,-0.0137292601690772,0.220806251468679,0.172351885379801,0,0,0.957427527495584,202608250090
2,7,0.057955854588051,0.180918235532421,-0.00718294328894168,0.057955854588051,0.0474705836372072,0,0,0.938234248184174,202608250090
3,8,0.267548473587302,0.176009038309281,-0.00165048181371461,0.267548473587302,0.220457524050085,0,0,0.933682939782284,202608250090
4,9,0.286365518528181,0.0769304512425963,-0.0158161769926822,0.286365518528181,0.264335289967488,0,0,0.915554366427025,202608250090
5,10,0.195654610351909,0.194852136072247,-0.000153737776889213,0.195654610351909,0.157530891592456,0,0,0.977224153508578,202608250090
6,11,0.123100960166564,0.239630322465705,0.00973425072257376,0.123100960166564,0.0936022373860122,0.0011982956104509,0.000911147646909309,0.841566751003486,202608250090
1,2,0.331984074082136,0.157356333174449,0.111145882504794,0.331984074082136,0.279744277512256,0.0368986628913958,0.0310924245997656,0.331984074082166,202608250091
1,3,0.263818343659956,0.0806484742557736,0.12704889436333,0.263818343659956,0.242541796763095,0.0335178288747624,0.0308146671156467,0.263818343660002,202608250091
1,4,0.264601657578279,0.0566150337688758,0.124077503861106,0.264601657578279,0.249621225799184,0.0328311131898239,0.0309723786079122,0.264601657578316,202608250091
1,5,0.17519386041363,0.140361561681096,0.105133827607529,0.17519386041363,0.150603376569033,0.0184188011186241,0.0158335094293205,0.17519386041361,202608250091
2,3,0.203299542337612,0.158370809189058,0.140820425912543,0.203299542337612,0.171102829309839,0.0286287281398075,0.0240947732982526,0.203299542337732,202608250091
2,4,0.287175055749233,0.14481091074777,0.13489946891923,0.287175055749233,0.245588974382145,0.0387397625074218,0.0331298222165698,0.287175055749251,202608250091
2,5,0.281980756667493,0.223236357242606,0.0838706231320896,0.281980756667493,0.219032399736528,0.0236499017729608,0.0183703838520196,0.281980756667483,202608250091
3,4,0.339293800650855,0.0451486961467102,0.101133814364396,0.339293800650855,0.323975127940807,0.0343140762500141,0.0327648404478471,0.339293800650852,202608250091
3,5,0.203498191587401,0.135043251393766,0.107721332187029,0.203498191587401,0.176017134142687,0.0219210962954461,0.0189608001775932,0.203498191587624,202608250091
4,5,0.173285267157619,0.12190981908524,0.123906580106325,0.173285267157619,0.152160091588296,0.0214711848363115,0.018853636577371,0.173285267157624,202608250091
6,7,0.106495782211964,0.200022497776382,0.07569775176242,0.106495782211964,0.0851942298512773,0.00806149128562599,0.00644901166287254,0.106495782211833,202608250091
6,8,0.133562006775319,0.249829668628058,0.063799986678654,0.133562006775319,0.100194254881343,0.00852125425303964,0.00639239212670732,0.13356200677496,202608250091
6,9,0.195148860761902,0.202015503875969,0.0871792223104544,0.195148860761902,0.155725765324265,0.0170129259159938,0.0135760511146698,0.195148860761774,202608250091
6,10,0.333134160922277,0.205588264515225,0.0811236942668809,0.333134160922277,0.264645686927531,0.0270250738205127,0.0214690357953577,0.33313416092233,202608250091
7,8,0.213252921596882,0.136520977775063,0.0896257115527192,0.213252921596882,0.184139424227087,0.0191129448388168,0.0165036269212607,0.213252921596896,202608250091
7,9,0.23538919831574,0.0898609768916467,0.107676785844097,0.23538919831574,0.214236895005346,0.0253459522970575,0.0230683402633949,0.23538919831589,202608250091
7,10,0.272623119863146,0.0580011633971194,0.0970779986126845,0.272623119863146,0.256810661742131,0.0264657068518602,0.0249306650643252,0.272623119863052,202608250091
8,9,0.257829195728077,0.139269484640772,0.0872841660452759,0.257829195728077,0.221921456513683,0.0225044063312495,0.0193702292593498,0.257829195728136,202608250091
8,10,0.189721267358352,0.142549623545517,0.105401129582379,0.189721267358352,0.162676572117841,0.0199968358853709,0.0171462944578098,0.18972126735838,202608250091
9,10,0.287221808095778,0.0709183700654716,0.119887948299293,0.287221808095778,0.266852505618368,0.0344344332794161,0.0319923993971116,0.287221808095873,202608250091
11,12,0.229025103358941,0.182049431008673,0.10604255921111,0.229025103358941,0.187331213605743,0.024286408083771,0.0198650813108761,0.498897124764698,202608250091
11,13,0.165098860128675,0.12868191513298,0.0770424939156345,0.165098860128675,0.143853622621045,0.0127196279269416,0.0110828418455239,0.532228085145076,202608250091
11,14,0.0671805136219117,0.135529147036073,0.106936498113013,0.0671805136219117,0.0580755959132887,0.00718404886816084,0.00621040085279353,0.52656974332337,202608250091
11,15,0.115053631771237,0.14406904723434,0.0936979084064224,0.115053631771237,0.0984779646611039,0.0107802846515276,0.00922717931286702,0.61295705442999,202608250091
12,13,0.231237344151181,0.218207703050329,0.139191434349416,0.231237344151181,0.180779574424493,0.0321862576075524,0.0251629682652222,0.627101970658164,202608250091
12,14,0.250741998131299,0.191110870636833,0.120766436375603,0.250741998131299,0.202822476563208,0.0302812175640151,0.0244941477114128,0.451642320949457,202608250091
12,15,0.216079027601908,0.197592181135269,0.121373029165548,0.216079027601908,0.173383501240459,0.0262261661191896,0.021044080752883,0.578874884937355,202608250091
13,14,0.237711936799225,0.149294226353452,0.108426126405023,0.237711936799225,0.202222917099804,0.0257741845073755,0.0219262475714558,0.451642320949457,202608250091
13,15,0.167065009931157,0.164484059646571,0.118231830087242,0.167065009931157,0.139585478872786,0.019752401867704,0.0165034466207335,0.71013102027854,202608250091
14,15,0.15220963019346,0.19314035808045,0.11579346582199,0.15220963019346,0.122811807714602,0.0176248806115842,0.0142208048591376,0.597841176156901,202608250091
1,6,0.150697809255948,0.201250677461813,-0.00371257902461684,0.150697809255948,0.120369773051177,0,0,0.953200673151369,202608250091
2,7,0.124298222942055,0.1628044970751,0.00471163093137311,0.124298222942055,0.104061913268645,0.000585647351928496,0.000490301329334413,0.992495997865139,202608250091
3,8,0.104813526907155,0.137948573149612,-0.00464828997022238,0.104813526907155,0.0903546504235342,0,0,0.761599862444748,202608250091
4,9,0.265027452175399,0.0632834603491514,-0.00517829012942537,0.265027452175399,0.248255597914221,0,0,0.958332310963439,202608250091
5,10,0.221949898697209,0.143223431512209,-0.0200795163019476,0.221949898697209,0.190161472582008,0,0,0.971243927128349,202608250091
6,11,0.250630381403437,0.209318405942693,-0.0265257719934309,0.250630381403437,0.19816882948726,0,0,0.847361861074512,202608250091
1,2,0.230201261052633,0.1696365214446,0.128859401469469,0.230201261052633,0.191150719895504,0.0296635967167594,0.0246315673561929,0.230201261052674,202608250092
1,3,0.322951621596936,0.0744829261740367,0.139047287078188,0.322951621596936,0.298897239807746,0.0449055468405556,0.0415608503104257,0.322951621596936,202608250092
1,4,0.334804012217843,0.0690188425596787,0.139085072904777,0.334804012217843,0.311696226810231,0.0465662404481307,0.043352292430045,0.334804012217896,202608250092
1,5,0.297339165715876,0.168176382850702,0.14434387958275,0.297339165715876,0.247333740345934,0.0429190887313276,0.0357011116332446,0.297339165715832,202608250092
2,3,0.181780162843722,0.180718271961732,0.121286145400415,0.181780162843722,0.148929165937682,0.0220474152615747,0.0180630444742802,0.18178016284365,202608250092
2,4,0.343074109003971,0.203212599043772,0.11422451949879,0.343074109003971,0.273357127648647,0.0391874752534541,0.0312240865572362,0.343074109003882,202608250092
2,5,0.21382183577392,0.260478985677389,0.115612498986013,0.21382183577392,0.158125740875852,0.0247204767715998,0.018281312056672,0.213821835773931,202608250092
3,4,0.265623518255557,0.0789841265698339,0.12936049126901,0.265623518255557,0.244643476669735,0.0343611888141415,0.0316472003277554,0.265623518255552,202608250092
3,5,0.318344426897593,0.175059985003749,0.128962861815452,0.318344426897593,0.262615056298873,0.0410546083357136,0.0338675892161288,0.318344426897721,202608250092
4,5,0.310741657856353,0.202135266666567,0.138012556272135,0.310741657856353,0.247929809981148,0.0428862505409964,0.0342174268515629,0.310741657856353,202608250092
6,7,0.162956962565003,0.197817940744546,0.105545931945275,0.162956962565003,0.130721151800408,0.0171994444808945,0.0137970857917338,0.162956962564586,202608250092
6,8,0.236306745422261,0.268059714694205,0.120248603400433,0.236306745422261,0.172962426664053,0.0284155561111285,0.0207984902471022,0.23630674542228,202608250092
6,9,0.277632988155808,0.190504794965282,0.104099057897274,0.277632988155808,0.224742572671587,0.0289013325082245,0.0233954900845218,0.277632988155922,202608250092
6,10,0.275991340762764,0.197218066587928,0.127022532433499,0.275991340762764,0.221560862142522,0.0350571190334031,0.0281432217974925,0.275991340762822,202608250092
7,8,0.282204522476439,0.155097831835008,0.112834738690842,0.282204522476439,0.23843521290631,0.0318424735510028,0.0269037749429787,0.28220452247634,202608250092
7,9,0.330422699961659,0.0776593326296986,0.116328013410659,0.330422699961659,0.304762293596934,0.0384374162723262,0.0354523921766074,0.330422699961699,202608250092
7,10,0.306119857871795,0.0580081163347579,0.119347819398389,0.306119857871795,0.288362421543988,0.0365347375115433,0.0344154262077139,0.306119857871864,202608250092
8,9,0.205572648149937,0.154369085173501,0.114964967120897,0.205572648149937,0.173838586518337,0.0236336527355133,0.0199853473834239,0.205572648149664,202608250092
8,10,0.287718009838248,0.159012609426456,0.138508371406731,0.287718009838248,0.241967218314881,0.0398513529670814,0.0335144853426111,0.287718009838268,202608250092
9,10,0.211510190266313,0.0500652874424108,0.134214854229803,0.211510190266313,0.200920871793631,0.0283878093547111,0.0269665655195072,0.211510190267027,202608250092
11,12,0.136003796244541,0.138065431953128,0.0787443499335508,0.136003796244541,0.117226373368773,0.0107095305237715,0.00923091456599176,0.599583389970789,202608250092
11,13,0.159941215620187,0.17027121203665,0.0381952396724838,0.159941215620187,0.132707830981923,0.00610899306412147,0.00506880741077002,0.510140651689522,202608250092
11,14,0.144253024915601,0.118129054092165,0.0536799750286068,0.144253024915601,0.127212551532388,0.00774349877527048,0.00682876658958393,0.524057121386722,202608250092
11,15,0.0550046515498284,0.150351784516539,0.0794408948548138,0.0550046515498284,0.0467346040326013,0.00436961874029559,0.00371263876503524,0.475578295319058,202608250092
12,13,0.163977502423676,0.218271605701359,0.0718470163420473,0.163977502423676,0.128185869670762,0.0117812942963619,0.00920977227305475,0.611295988170907,202608250092
12,14,0.138928563096711,0.158826551160134,0.0859003794143469,0.138928563096711,0.116863018562427,0.0119340162814975,0.0100385776340184,0.474774745775573,202608250092
12,15,0.190355459535917,0.176750412211664,0.0780575795980225,0.190355459535917,0.156710053596202,0.014858686434643,0.012232407482396,0.509756256271272,202608250092
13,14,0.019789228559238,0.19869363999139,0.0836057940826899,0.019789228559238,0.0158572347041814,0.00165449416797894,0.00132575669939868,0.483246923536498,202608250092
13,15,0.0762934067712079,0.20841591892788,0.0771159544773182,0.0762934067712079,0.0603926462908481,0.00588343888348799,0.00465723656212982,0.40388100867838,202608250092
14,15,0.167281455381794,0.195475292307115,0.0741893200603464,0.167281455381794,0.134582063993478,0.0124104974334805,0.00998455181999419,0.50729174725351,202608250092
1,6,0.140576189959911,0.189804327911566,0.0166568885478908,0.140576189959911,0.113894220704201,0.00234156192864936,0.00189712334051876,0.913838907606179,202608250092
2,7,0.147234681993292,0.180055336483951,-0.0241369444835649,0.147234681993292,0.120724291784882,0,0,0.946804489815989,202608250092
3,8,0.304044237230047,0.155686499867386,0.0116626668990594,0.304044237230047,0.256708654130852,0.00354596666139264,0.00299390752323398,0.833742823601288,202608250092
4,9,0.169648639844763,0.0770962376663216,-0.0185768524576276,0.169648639844763,0.156569367987523,0,0,0.9637882092744,202608250092
5,10,0.20147740887764,0.177655422918264,0.0214818213082362,0.20147740887764,0.165683854595007,0.0043281016951559,0.00355919095806972,0.932158720385918,202608250092
6,11,0.123246133749205,0.199494962314535,0.0085157854644145,0.123246133749205,0.0986591509414951,0.00104953763432676,0.00084016016351906,0.856949428892334,202608250092
1,2,0.171254132936636,0.160122856474912,0.114296742297549,0.171254132936636,0.143832431987687,0.0195737894996488,0.0164395784129264,0.171254132936642,202608250093
1,3,0.251062734937822,0.0880130112124273,0.105334570043704,0.251062734937822,0.228965947632717,0.0264455852386719,0.0241180296485415,0.251062734937681,202608250093
1,4,0.196116320124133,0.0682747335668727,0.0910241367797018,0.196116320124133,0.182726530619542,0.0178513187477108,0.0166325247163936,0.196116320124087,202608250093
1,5,0.17310059982155,0.163379816425868,0.0994263887325033,0.17310059982155,0.144819455599498,0.017210767527687,0.0143988754884652,0.173100599821639,202608250093
2,3,0.257455468591386,0.1538426204688,0.0863165040592632,0.257455468591386,0.217847844649265,0.0222226559997479,0.01880386436697,0.257455468591623,202608250093
2,4,0.137720454570829,0.15686012678356,0.101154846373006,0.137720454570829,0.116117606606159,0.0139310914245328,0.0117458586574472,0.137720454570467,202608250093
2,5,0.367734683793257,0.240126593644919,0.0803794098857933,0.367734683793257,0.279431806808891,0.0295582968778408,0.0224605637346196,0.367734683793196,202608250093
3,4,0.199092497402823,0.0598726605740048,0.0824631734652423,0.199092497402823,0.187172299882993,0.0164177991489573,0.0154348218331396,0.199092497403157,202608250093
3,5,0.102709945418272,0.162552477953049,0.107008285204344,0.102709945418272,0.0860141892801091,0.010990815132641,0.00920423089810635,0.102709945418254,202608250093
4,5,0.22542354220217,0.16181005106897,0.082193046398629,0.22542354220217,0.188947747326289,0.0185282476635663,0.0155301909629061,0.225423542202181,202608250093
6,7,0.242339814076955,0.205537732657228,0.0914945255255044,0.242339814076955,0.192529838159004,0.02217276630491,0.0176154261918602,0.24233981407701,202608250093
6,8,0.199551090070921,0.280227261076618,0.0868258974089209,0.199551090070921,0.143631434655493,0.0173262024743361,0.012470928210094,0.199551090070606,202608250093
6,9,0.23016192175654,0.193040852270715,0.0653648848752328,0.23016192175654,0.185731268220392,0.0150445075182786,0.0121403029649569,0.230161921756519,202608250093
6,10,0.196371282728654,0.22440113722237,0.0898455488453441,0.196371282728654,0.152305343566528,0.0176430856742201,0.0136839571848134,0.196371282729086,202608250093
7,8,0.336482647931276,0.181673115884848,0.0784089043206918,0.336482647931276,0.275352796840417,0.0263832357472164,0.0215901111018951,0.336482647931236,202608250093
7,9,0.135951355237072,0.0990209973769287,0.105055118517872,0.135951355237072,0.122489316446752,0.0142823857370959,0.0128681296564867,0.135951355236397,202608250093
7,10,0.235327724354473,0.100901421829281,0.109647080358771,0.235327724354473,0.211582822371258,0.0258029979029417,0.0231994387270769,0.235327724354606,202608250093
8,9,0.0541866911329588,0.179473092059353,0.084144759156775,0.0541866911329588,0.0444616381268616,0.00455952607488538,0.00374121383190046,0.0541866911329229,202608250093
8,10,0.217919891533302,0.206914104265868,0.0751624654031049,0.217919891533302,0.172829192374974,0.0163793963080202,0.0129902681925305,0.217919891532664,202608250093
9,10,0.240427473365703,0.0844621292950267,0.0757792275781167,0.240427473365703,0.220120457024212,0.0182194082202112,0.0166805582074369,0.240427473365344,202608250093
11,12,0.173378245573329,0.162669230055318,0.123378900069084,0.173378245573329,0.145174939857574,0.0213912172347449,0.0179115243972229,0.706417160156844,202608250093
11,13,0.194238467330044,0.166785371235409,0.113840491221977,0.194238467330044,0.161842332448205,0.022112202535056,0.0184242106264142,0.638516665816565,202608250093
11,14,0.248280507410741,0.136353900014245,0.110050571677012,0.248280507410741,0.214426491927771,0.0273234117768107,0.0235977580193474,0.503193056769762,202608250093
11,15,0.232381304618283,0.110455014924343,0.106396029068599,0.232381304618283,0.206713624148532,0.0247244480411658,0.0219935087637827,0.691622624719248,202608250093
12,13,0.167442051148392,0.200835661917092,0.137560361500174,0.167442051148392,0.133813715973249,0.0230333890863035,0.0184074631429618,0.574681200527805,202608250093
12,14,0.230565147016889,0.162771236390273,0.128245724848411,0.230565147016889,0.193035772968445,0.0295689944039613,0.0247560126260115,0.690838243086298,202608250093
12,15,0.237409863284915,0.153129560325479,0.12811210688853,0.237409863284915,0.201055395303164,0.0304150777815484,0.0257576302935946,0.703043353594684,202608250093
13,14,0.222430704249365,0.166795042441296,0.130379095000124,0.222430704249365,0.185330365493845,0.0290003139202725,0.0241632053291298,0.439741063719489,202608250093
13,15,0.228880197468755,0.157021103693146,0.129532369795278,0.228880197468755,0.192941176248705,0.0296473943773391,0.0249921277905833,0.590983094561224,202608250093
14,15,0.165427053357563,0.168024273514249,0.152593662318998,0.165427053357563,0.137631292897555,0.0252431199184708,0.0210016630329367,0.508435017896314,202608250093
1,6,0.202372693571254,0.200487574857358,0.0319720766056333,0.202372693571254,0.161799483019802,0.00647027526174848,0.00517306546586097,0.877370004104909,202608250093
2,7,0.191843081474111,0.166721345516836,-0.00828841694870001,0.191843081474111,0.159858744802651,0,0,0.84323235567415,202608250093
3,8,0.100104593632243,0.182628799937881,-0.00034221602454025,0.100104593632243,0.0818226118289172,0,0,0.942802831256047,202608250093
4,9,0.268557562907929,0.0482188711455702,-0.0268501673268119,0.268557562907929,0.255608020386903,0,0,0.933555743113772,202608250093
5,10,0.134442459993678,0.183415777049643,-0.0080975081811494,0.134442459993678,0.109783591725472,0,0,0.643350325154059,202608250093
6,11,0.0998913081971271,0.216559958907571,-0.00578874010983073,0.0998913081971271,0.0782588505987337,0,0,0.968998041494753,202608250093
1,2,0.280637168772471,0.143127369109417,0.13652434272834,0.280637168772471,0.240470309131752,0.0383138050118039,0.0328300508998932,0.280637168772428,202608250094
1,3,0.142564487119358,0.0854338247754618,0.136870900255786,0.142564487119358,0.130384657707599,0.0195129296965309,0.0178458654799815,0.142564487119609,202608250094
1,4,0.27425679654776,0.0466407097466237,0.142055756807819,0.27425679654776,0.261465264903938,0.03895975679328,0.0371426460848856,0.274256796547783,202608250094
1,5,0.335080071725648,0.13292856969225,0.128110171982996,0.335080071725648,0.290538357058781,0.0429271656168473,0.0372209188904574,0.335080071725549,202608250094
2,3,0.219932305882089,0.15096537250787,0.12887645357052,0.219932305882089,0.186730143398085,0.0283440956076704,0.0240651186558598,0.219932305882153,202608250094
2,4,0.429178707927472,0.1308848060561,0.140145814049009,0.429178707927472,0.373005735976978,0.0601475993949976,0.0522751925134434,0.429178707927435,202608250094
2,5,0.326020177354301,0.213893797582115,0.146920742179163,0.326020177354301,0.256286483531595,0.0478991264222763,0.0376538003709498,0.326020177354284,202608250094
3,4,0.335739245751562,0.0634744990892531,0.125738164676775,0.335739245751562,0.314428365302878,0.0422152365707662,0.0395356455755025,0.335739245751627,202608250094
3,5,0.253390684260361,0.141137294792461,0.132260161207851,0.253390684260361,0.217627808558243,0.0335134927488431,0.0287834890432246,0.253390684260257,202608250094
4,5,0.349119026362633,0.122896780187534,0.15791804899359,0.349119026362633,0.306213422120458,0.0551321955097285,0.0483566261969132,0.349119026362586,202608250094
6,7,0.2723403336683,0.166547588978043,0.101547492297856,0.2723403336683,0.226982707714369,0.0276554779355774,0.0230495247633715,0.272340333668362,202608250094
6,8,0.30036683027839,0.263111191451755,0.102459027980363,0.30036683027839,0.221336955691256,0.0307752934678665,0.0226779693362587,0.300366830278457,202608250094
6,9,0.163656307680192,0.168052317409924,0.121123531501497,0.163656307680192,0.136153485915784,0.0198226299387204,0.0164913910403591,0.163656307681377,202608250094
6,10,0.362256639688997,0.199810638177605,0.0895493245337151,0.362256639688997,0.289873909328664,0.0324398373920031,0.0259580127803292,0.362256639688946,202608250094
7,8,0.292829505202463,0.162790034067969,0.116962353403251,0.292829505202463,0.245159780074447,0.0342500280743895,0.0286744648373308,0.292829505202407,202608250094
7,9,0.311095066284789,0.0436950518675983,0.109103062174343,0.311095066284789,0.297501751227721,0.0339414243590006,0.0324583520611739,0.311095066284732,202608250094
7,10,0.184086086711391,0.0683399278447403,0.137940252327017,0.184086086711391,0.171505656828314,0.0253928812508624,0.0236575335784084,0.184086086711291,202608250094
8,9,0.252190521549989,0.163086854460094,0.119970171922628,0.252190521549989,0.211061562665751,0.0302553402276096,0.0253210919592688,0.252190521549872,202608250094
8,10,0.265424537041053,0.193396561381524,0.108864957925935,0.265424537041053,0.21409234427103,0.0288954310574851,0.0233071540513306,0.265424537041084,202608250094
9,10,0.271452877025461,0.0660802599971739,0.122855363569883,0.271452877025461,0.253515200334637,0.0333494418990538,0.0311457021076037,0.271452877025347,202608250094
11,12,-0.032024370654839,0.150429736010447,0.0732059292071177,0.032024370654839,0.0272069530313309,0.00234437381106064,0.00199171027755299,0.119099014649554,202608250094
11,13,0.0716869138011347,0.159353336387235,0.07502024505874,0.0716869138011347,0.0602633649116198,0.00537796984086589,0.00452097240373399,0.389052396151321,202608250094
11,14,0.0876519540243036,0.148221979071544,0.0600919031028723,0.0876519540243036,0.0746600079293333,0.00526717272800588,0.00448646196214918,0.30502877505062,202608250094
11,15,0.142731560279403,0.134293043299815,0.0543089362843798,0.142731560279403,0.123563704674551,0.00775159921298418,0.00671061336423208,0.397769131157521,202608250094
12,13,0.252060978960896,0.205660380720746,0.0741843668529875,0.252060978960896,0.200222022062954,0.0186989841325583,0.0148533439367652,0.530299187825918,202608250094
12,14,0.149123068098339,0.170468420383956,0.0749638405106982,0.149123068098339,0.123702294236806,0.0111788378933899,0.00927319905597541,0.491551376924004,202608250094
12,15,0.109211861756033,0.168791371494889,0.0902982882298859,0.109211861756033,0.0907778418267223,0.00986164417096875,0.00819708372615636,0.568630815270531,202608250094
13,14,0.124925291332721,0.177499568744203,0.0961572347288475,0.124925291332721,0.102751105995919,0.0120124705622501,0.00988026221789825,0.592935695667302,202608250094
13,15,0.188381135639761,0.167740197881554,0.0907816597065674,0.188381135639761,0.156782046670395,0.0171015521507855,0.014232934408931,0.598546898975425,202608250094
14,15,0.174623583798581,0.188274440064955,0.0982474529583707,0.174623583798581,0.141746426336768,0.0171563223346732,0.0139262253535388,0.642230943825682,202608250094
1,6,0.121626482749372,0.176483263009027,-0.0254367345484021,0.121626482749372,0.100161444205452,0,0,0.916297513542492,202608250094
2,7,0.133809371259617,0.140943643052458,-0.0127064177613646,0.133809371259617,0.114949790999728,0,0,0.891152194849145,202608250094
3,8,0.138766690518684,0.179439959394278,-0.0201428848914239,0.138766690518684,0.113866401206733,0,0,0.90382014002735,202608250094
4,9,0.288817175795542,0.0283460763870325,-0.0209970937184265,0.288817175795542,0.280630342068554,0,0,0.912168166815244,202608250094
5,10,0.162471427713459,0.156602499951255,0.0098368609304338,0.162471427713459,0.137027995962882,0.00159820883958633,0.00134792533986292,0.815770319575387,202608250094
6,11,0.123586864673884,0.19292286655541,-0.0187510336463369,0.123586864673884,0.0997441324724031,0,0,0.841566751003486,202608250094
1,2,0.263914085014967,0.168913102408363,0.135445123874864,0.263914085014967,0.219335538145824,0.0357458759371737,0.0297079291343212,0.26391408501513,202608250095
1,3,0.293623978950417,0.0640346567982555,0.130532765124157,0.293623978950417,0.274821868230589,0.0383275498791551,0.0358732583767254,0.293623978950362,202608250095
1,4,0.289568360164564,0.0533793883976845,0.129214865444635,0.289568360164564,0.274111378199659,0.0374165366956876,0.0354192648509122,0.289568360164453,202608250095
1,5,0.32498693418865,0.157558985436155,0.125694275320726,0.32498693418865,0.27378232255788,0.0408489971815468,0.0344128706295379,0.324986934188819,202608250095
2,3,0.339517685502551,0.171527395309087,0.121852558654317,0.339517685502551,0.281281101246929,0.0413710986868775,0.0342748218880422,0.339517685502596,202608250095
2,4,0.250781738348673,0.189281032162292,0.14675752318728,0.250781738348673,0.203313512066582,0.0368041067806516,0.0298377874613987,0.250781738348812,202608250095
2,5,0.336777806254288,0.264337899543379,0.131209004978918,0.336777806254288,0.247754668336202,0.044188280857608,0.032507643511275,0.336777806254221,202608250095
3,4,0.285280615928339,0.058468926990745,0.142770918099111,0.285280615928339,0.26860056442375,0.0407297754519689,0.0383483491847183,0.285280615928242,202608250095
3,5,0.221471264259747,0.16563985496769,0.136353635844588,0.221471264259747,0.184786796168252,0.0301984121169142,0.025196351513614,0.221471264259708,202608250095
4,5,0.262042431880173,0.1795465071401,0.12447063915528,0.262042431880173,0.21499362851359,0.032616588981929,0.0267603943553994,0.26204243188013,202608250095
6,7,0.14576834457962,0.200796433377964,0.110472140231464,0.14576834457962,0.116498580888622,0.0161033410037081,0.0128698475646944,0.145768344580306,202608250095
6,8,0.12907179451044,0.264479104107421,0.103041457843626,0.12907179451044,0.0949350019327815,0.0132997458728487,0.0097822409995413,0.129071794510258,202608250095
6,9,0.29107122050491,0.183987341502715,0.107571568760733,0.29107122050491,0.237517800456261,0.0313109878108143,0.0255501624036787,0.291071220505064,202608250095
6,10,0.205955436198844,0.195456753256037,0.105973146025989,0.205955436198844,0.165700055323987,0.0218257455151463,0.0175597561593633,0.205955436199429,202608250095
7,8,0.318110124358032,0.168129442339867,0.117570763509212,0.318110124358032,0.26462644654705,0.0374004502007843,0.0311123333652664,0.318110124358026,202608250095
7,9,0.407520596212236,0.0782975871313674,0.132670950893406,0.407520596212236,0.375612716822482,0.054066145008125,0.0498328963084942,0.4075205962123,202608250095
7,10,0.335027695648387,0.0677803161341557,0.123217430473966,0.335027695648387,0.312319412523642,0.0412812517954083,0.0384831954983018,0.335027695648327,202608250095
8,9,0.272853709973969,0.159359073713699,0.14271581015638,0.272853709973969,0.229371995493171,0.0389405382731089,0.0327350101639934,0.272853709973935,202608250095
8,10,0.254636490550185,0.171258389608244,0.120992100534254,0.254636490550185,0.211027855243066,0.0308090038643377,0.0255327034770971,0.254636490550231,202608250095
9,10,0.249532979884112,0.0381671861910531,0.13994212131835,0.249532979884112,0.240009008180067,0.0349201745438717,0.0335873697402317,0.249532979884139,202608250095
11,12,0.0747737413926815,0.0938010869070605,0.103740715391151,0.0747737413926815,0.0677598831779405,0.00775708142454968,0.00702945875570035,0.415189133967854,202608250095
11,13,0.238368431306475,0.138104602034431,0.0859708796986938,0.238368431306475,0.205448653963322,0.0204927437318153,0.0176626015141394,0.522337891426501,202608250095
11,14,0.13701338856769,0.110747793188849,0.104891250255488,0.13701338856769,0.121839458146492,0.014371505628606,0.0127798930954367,0.553279018359295,202608250095
11,15,0.195822477615375,0.133655263175475,0.0759173044790361,0.195822477615375,0.169649772834019,0.0148663146569657,0.0128793534590395,0.495049410768828,202608250095
12,13,0.168870701894005,0.184878540508103,0.0941197489432241,0.168870701894005,0.137650132993262,0.0158940680661298,0.0129555959593273,0.640092903398474,202608250095
12,14,0.168912120198697,0.14083626192545,0.0889670871356327,0.168912120198697,0.14512316859601,0.0150276193159819,0.0129111855858804,0.729555563935306,202608250095
12,15,0.0840122488954217,0.169328743307188,0.0925235467764885,0.0840122488954217,0.0697865603675492,0.00777311124047355,0.00645690008253718,0.616528251863508,202608250095
13,14,0.195306653710671,0.170965613889273,0.104952185481493,0.195306653710671,0.161915931762366,0.020497860146012,0.0169934309027326,0.601117534051871,202608250095
13,15,0.0795551784082133,0.189960068336546,0.113296951566027,0.0795551784082133,0.064442871281263,0.00901335919494202,0.00730118086632899,0.443995035003984,202608250095
14,15,0.199955756509526,0.196141802651818,0.104766493012199,0.199955756509526,0.160736073977139,0.0209486633671042,0.0168397547711343,0.641946293549198,202608250095
1,6,0.226757534097553,0.186364673747012,-0.0173525975564653,0.226757534097553,0.184497940235785,0,0,0.987534768072628,202608250095
2,7,0.0896467702984085,0.186460025135344,-0.00810311094314153,0.0896467702984085,0.0729312312552648,0,0,0.952336115422081,202608250095
3,8,0.250454767935813,0.166330274744276,0.00205779509897318,0.250454767935813,0.208796557574035,0.000515384593972782,0.000429660532858322,0.977230737009268,202608250095
4,9,0.206448993551441,0.0539737647298097,0.0155787522546953,0.206448993551441,0.19530616414479,0.00321621772376909,0.00304262634502653,0.856247585058542,202608250095
5,10,0.127285376089438,0.167372625025695,-0.000261521161456792,0.127285376089438,0.105981288565966,0,0,0.966462152913272,202608250095
6,11,0.138469976798849,0.182536594133362,0.0439192256192262,0.138469976798849,0.113194138844261,0.00608149415251765,0.00497139892267512,0.940499447619356,202608250095
1,2,0.369897253950951,0.145745721271394,0.114702614559304,0.369897253950951,0.315986311877562,0.042428182146481,0.0362444561373081,0.369897253950881,202608250096
1,3,0.245733128265383,0.0411392405063291,0.136899536040159,0.245733128265383,0.235623854001301,0.0336407512492279,0.0322567962927723,0.245733128265208,202608250096
1,4,0.350487199167733,0.0578275507439643,0.110675476008259,0.350487199167733,0.330219382872751,0.0387903376026905,0.0365471873865954,0.35048719916764,202608250096
1,5,0.320237105109455,0.165088050548841,0.143265583055383,0.320237105109455,0.26736978571353,0.0458789555794741,0.0383048882416418,0.320237105109383,202608250096
2,3,0.151922767695607,0.149936288464145,0.129202496862464,0.151922767695607,0.129144031774127,0.0196288009165285,0.0166857313601027,0.151922767695194,202608250096
2,4,0.180352778067478,0.171501709358527,0.123682090163151,0.180352778067478,0.149421968341347,0.0223064085581166,0.0184808213607499,0.180352778067574,202608250096
2,5,0.306963479310156,0.253471690932083,0.120720490317492,0.306963479310156,0.229156927155016,0.0370567817318853,0.0276639366058032,0.306963479310096,202608250096
3,4,0.259518046902416,0.0596438268071224,0.102876711378494,0.259518046902416,0.244039397459646,0.0266983632086904,0.0251059706574377,0.259518046902365,202608250096
3,5,0.342190213437983,0.16464390437851,0.12123040254593,0.342190213437983,0.285850680657438,0.0414838573223645,0.0346537930841294,0.342190213437822,202608250096
4,5,0.227536685687929,0.191258640785543,0.134314479267889,0.227536685687929,0.184018328454409,0.0305614714525156,0.0247163259621013,0.227536685687883,202608250096
6,7,0.331272213778923,0.224467796784926,0.0869349761600081,0.331272213778923,0.256912269815903,0.0287991420073438,0.0223346620516591,0.331272213778977,202608250096
6,8,0.253529973513081,0.31868778220976,0.114620996769901,0.253529973513081,0.172733068530498,0.0290598582751158,0.0197988364900892,0.253529973513144,202608250096
6,9,0.108096548589819,0.240180494320864,0.088926721904064,0.108096548589819,0.0821338661151366,0.00961267171523593,0.00730389547092638,0.10809654858989,202608250096
6,10,0.211635531514213,0.254486571879937,0.100153129726678,0.211635531514213,0.157777130611173,0.0211959608425175,0.0158018734300038,0.211635531513569,202608250096
7,8,0.368819476520279,0.163594330216211,0.117514348683545,0.368819476520279,0.308482701288251,0.0433415805650867,0.0362511437220294,0.3688194765204,202608250096
7,9,0.236173673103407,0.0742111033754373,0.11472409113531,0.236173673103407,0.218646964234173,0.0270948099968762,0.0250840742512602,0.236173673103834,202608250096
7,10,0.211980851171877,0.0706473357469803,0.116138969212986,0.211980851171877,0.197004968807207,0.0246192375479931,0.0228799540071054,0.211980851175386,202608250096
8,9,0.282104006045189,0.173284173702411,0.100610064376162,0.282104006045189,0.233219846459508,0.0283825022089796,0.0234642637660897,0.282104006045356,202608250096
8,10,0.285458245525238,0.196827366980044,0.126094196746534,0.285458245525238,0.229272250675762,0.0359946281741797,0.0289099002852302,0.285458245525309,202608250096
9,10,0.207326191391691,0.0797225994668278,0.104378811185632,0.207326191391691,0.190797608476388,0.0216404613851095,0.0199152275498271,0.207326191391289,202608250096
11,12,0.170661819528636,0.208627177107672,0.0584341130960687,0.170661819528636,0.135057125880318,0.0099724720635172,0.00789194336812049,0.592733708023208,202608250096
11,13,0.0181906077136616,0.155768265298464,0.0777883169698252,0.0181906077136616,0.0153570883053797,0.00141501675870406,0.00119460205283247,0.384342542335551,202608250096
11,14,0.152592032759333,0.134871603096445,0.0744969088633066,0.152592032759333,0.132011700681336,0.0113676347577387,0.00983446363454761,0.663891313978729,202608250096
11,15,0.117246706431763,0.121507509049689,0.0790750420960257,0.117246706431763,0.103000351188959,0.00927128824671199,0.00814475710617237,0.476034457784796,202608250096
12,13,0.174923762663046,0.242060240443549,0.0752898641520609,0.174923762663046,0.132581674613539,0.0131699863278681,0.0099820562707061,0.405301881467605,202608250096
12,14,0.191966196866853,0.20851982426922,0.0938533149676982,0.191966196866853,0.151937439230546,0.0180166639376959,0.01425983233949,0.59159489158606,202608250096
12,15,0.141875713184339,0.206204515449155,0.100146934481019,0.141875713184339,0.112620300493159,0.0142084177527198,0.011278577854721,0.637696911530194,202608250096
13,14,0.147782931364112,0.165208738559391,0.0886675033714382,0.147782931364112,0.123367899692838,0.0131035435649684,0.010938723661942,0.57212081867268,202608250096
13,15,0.162076700984793,0.158231534830269,0.07756004624625,0.162076700984793,0.136431055827742,0.0125706764238201,0.0105815989994244,0.287477891130786,202608250096
14,15,0.159961597512915,0.164057819526182,0.093735222021098,0.159961597512915,0.133718646617021,0.0149940358577226,0.0125341470290072,0.595057224216673,202608250096
1,6,-0.02780345424332,0.229620852268443,-0.0260491331709967,0.02780345424332,0.0214192013839622,0,0,0.889897646115296,202608250096
2,7,0.20669282539034,0.150741636542503,-0.0302932574385703,0.20669282539034,0.175535610629406,0,0,0.948030447777397,202608250096
3,8,0.134768724545812,0.166898522814556,-0.0337293822154855,0.134768724545812,0.112276023497514,0,0,0.86243759758928,202608250096
4,9,0.14581857428213,0.0758047860188111,-0.0359439824508652,0.14581857428213,0.134764828461105,0,0,0.889134267610725,202608250096
5,10,0.279875783308151,0.198312033018805,-0.00461543511558289,0.279875783308151,0.224373047727581,0,0,0.932158720385918,202608250096
6,11,0.177221966727725,0.257322231033571,0.0181829519597824,0.177221966727725,0.13161881486119,0.00322241850722839,0.00239321858762451,0.876775879347661,202608250096
1,2,0.181374397706074,0.163145372009118,0.109960807661456,0.181374397706074,0.151784004119387,0.0199440752608701,0.0166902916830576,0.181374397706049,202608250097
1,3,0.279531634871778,0.111078190553278,0.119009818720906,0.279531634871778,0.248481766667821,0.0332670091928488,0.0295717700065879,0.279531634871723,202608250097
1,4,0.264371121695195,0.0384981478133761,0.09993365021144,0.264371121695195,0.254193323174585,0.0264195712014937,0.0254024666442126,0.264371121695062,202608250097
1,5,0.12894216357325,0.137296992753249,0.0977372530120263,0.12894216357325,0.111238792275545,0.0126024528650768,0.0108721739853872,0.128942163572982,202608250097
2,3,0.333659515942076,0.180562944006862,0.114854059938519,0.333659515942076,0.27341297144767,0.0383221500430685,0.0314025898106194,0.333659515942131,202608250097
2,4,0.269619453944374,0.175948582055293,0.107369032541015,0.269619453944374,0.222180293328339,0.0289487799242443,0.0238552831443428,0.269619453944285,202608250097
2,5,0.290812429314879,0.241086689473208,0.115240475837139,0.290812429314879,0.220701423473694,0.033513362733601,0.0254337370590423,0.290812429314927,202608250097
3,4,0.271806113915723,0.106471058256531,0.124258064904871,0.271806113915723,0.242866629326521,0.0337741017444807,0.0301781373900821,0.271806113915854,202608250097
3,5,0.204786210580789,0.16326848758997,0.137073134303934,0.204786210580789,0.171351075699982,0.0280706877465341,0.0234876290125472,0.204786210581082,202608250097
4,5,0.149520773790913,0.147075223443605,0.11649574210918,0.149520773790913,0.127529972576154,0.0174185335035112,0.0148566987964224,0.149520773791297,202608250097
6,7,0.193567728305738,0.185324843473252,0.091731092827752,0.193567728305738,0.157694819356004,0.0177561792536708,0.0144655181128012,0.19356772830568,202608250097
6,8,0.170124074244822,0.256080496822121,0.0993976023131246,0.170124074244822,0.126558616790804,0.0169099250756753,0.0125796230610715,0.170124074244688,202608250097
6,9,0.325943988099001,0.19231897755345,0.0925154713661921,0.325943988099001,0.263258773568108,0.0301548616979556,0.0243555095279391,0.32594398809886,202608250097
6,10,0.329680225048965,0.236029131177808,0.0578950842837449,0.329680225048965,0.251866087964153,0.0190868644158938,0.0145818083909018,0.329680225049056,202608250097
7,8,0.215897349359296,0.126841700326986,0.0834343982413146,0.215897349359296,0.188512562470474,0.0180132654256877,0.0157284322106522,0.2158973493514,202608250097
7,9,0.175500613588875,0.0460610404508417,0.114957202034435,0.175500613588875,0.16741687272721,0.0201750594935036,0.0192457752620752,0.175500613588933,202608250097
7,10,0.159319762899426,0.0822599978068512,0.1135899239877,0.159319762899426,0.146214119552731,0.0180971197574843,0.0166084507259233,0.159319762900246,202608250097
8,9,0.295589723507768,0.134980821662819,0.107444989362424,0.295589723507768,0.255690779753604,0.0317596346979341,0.0274726931106959,0.295589723507666,202608250097
8,10,0.17442515211475,0.170773560412752,0.121685892441725,0.17442515211475,0.144637947862578,0.0212250802993671,0.0176003977665976,0.174425152114825,202608250097
9,10,0.290689649102801,0.0901404046398027,0.111609640371311,0.290689649102801,0.264486766508072,0.032443767196026,0.0295192728929367,0.290689649102702,202608250097
11,12,0.147591690546851,0.102872776402646,0.0718688550445191,0.147591690546851,0.132408523566336,0.0106072458136872,0.00951604898684781,0.354063814184096,202608250097
11,13,0.211727078912152,0.113369822760768,0.0528800937452317,0.211727078912152,0.187723617502226,0.0111961477812786,0.00992684249171171,0.517447271922234,202608250097
11,14,0.125481657214336,0.152208905221332,0.0639763174679054,0.125481657214336,0.106382231544384,0.00802785433834327,0.00680594341822773,0.292042092043826,202608250097
11,15,0.0721247539028248,0.134366899455894,0.0717753514234083,0.0721247539028248,0.0624335743468829,0.00517677955770209,0.00448119173936701,0.183323081736191,202608250097
12,13,0.155189003150403,0.161454970406242,0.0759167642735844,0.155189003150403,0.13013296723938,0.0117814469700217,0.00987927379813412,0.614164614864594,202608250097
12,14,0.0795913264694674,0.189245355301573,0.0791176389311843,0.0795913264694674,0.0645290376128295,0.00629707782966533,0.00510538509842866,0.426138033847104,202608250097
12,15,0.163256436137764,0.165475814625783,0.0523060272335485,0.163256436137764,0.136241444374966,0.00853929559467395,0.00712624869981492,0.471090726255739,202608250097
13,14,0.0787433129626739,0.193794317554527,0.0629875999828187,0.0787433129626739,0.0634833063650899,0.0049598522982148,0.00399866110691101,0.525977447591234,202608250097
13,15,-0.0447174349826562,0.18377505236256,0.0796537529325802,0.0447174349826562,0.0364994860271992,0.00356191151788722,0.00290732104217669,0.162285951461303,202608250097
14,15,0.0849426203084,0.217581329875589,0.0664034722241793,0.0849426203084,0.0664606920185811,0.00564048492829784,0.00441322071645558,0.443869063055683,202608250097
1,6,0.0276982466214653,0.19210613641223,-0.0075996256003006,0.0276982466214653,0.0223772434776225,0,0,0.939248667845855,202608250097
2,7,0.185619625465281,0.158724136182651,-0.0121774589510311,0.185619625465281,0.156157310754757,0,0,0.913583353336841,202608250097
3,8,0.206220603809002,0.158165571955245,0.023172371290556,0.206220603809002,0.173603604058595,0.00477862039922484,0.00402280717062445,0.954864465413602,202608250097
4,9,0.253667145806639,0.0502480062903343,-0.000862472608865181,0.253667145806639,0.240920877468496,0,0,0.924173752299018,202608250097
5,10,0.189003800264552,0.176434684347827,0.0142833041235123,0.189003800264552,0.155656974424336,0.00269959875967818,0.00222329590464858,0.833742823601201,202608250097
6,11,0.0707485750725149,0.188937236604326,0.00514435534893018,0.0707485750725149,0.0573815348046202,0.00036395581060348,0.000295191005501971,0.784293829435817,202608250097
1,2,0.164000234635954,0.155935447250999,0.113358701401069,0.164000234635954,0.138426784698728,0.0185908536278023,0.0156918805525731,0.164000234635485,202608250098
1,3,0.138813195995249,0.0581063870509486,0.112823908523611,0.138813195995249,0.13074726270097,0.015661447326838,0.0147514172066868,0.138813195994771,202608250098
1,4,0.275870329047466,0.0679104868545981,0.102437897769473,0.275870329047466,0.257135840693114,0.0282595765645953,0.0263404549617888,0.275870329047448,202608250098
1,5,0.188293765076489,0.146966123271686,0.104953036326175,0.188293765076489,0.160620960386968,0.0197620023660651,0.0168576574902386,0.188293765076286,202608250098
2,3,0.285708837629794,0.152612724386918,0.102929345238139,0.285708837629794,0.242106033537691,0.0294078235859846,0.0249198155102376,0.285708837629836,202608250098
2,4,0.295294504362468,0.179874915730121,0.106668378170406,0.295294504362468,0.242178430274701,0.0314985858629784,0.0258327803852571,0.295294504362441,202608250098
2,5,0.256300405655055,0.228557199772339,0.10845741714941,0.256300405655055,0.197721102638021,0.0277976800116932,0.0214443201080531,0.256300405654866,202608250098
3,4,0.286081416576434,0.0676173136297573,0.105623849005818,0.286081416576434,0.26673735970814,0.0302170203478397,0.0281738266060231,0.286081416576554,202608250098
3,5,0.286813643581423,0.144252027050951,0.0704409779461407,0.286813643581423,0.245440194108934,0.0202034335421712,0.0172890473003239,0.286813643581444,202608250098
4,5,0.24806000525391,0.170048295664644,0.121231973437676,0.24806000525391,0.20587782413792,0.0300728039678917,0.0249589749072948,0.248060005253961,202608250098
6,7,0.274580839735085,0.207534572868868,0.102224675390219,0.274580839735085,0.217595822442689,0.0280689372102929,0.0222436623154717,0.274580839734999,202608250098
6,8,0.328430907981983,0.290829738033314,0.0812971759076906,0.328430907981983,0.232913433051539,0.0267005052997338,0.0189352043380551,0.328430907981874,202608250098
6,9,0.127653968100104,0.213767390352095,0.123031349317619,0.127653968100104,0.100365712471255,0.0157054399411041,0.0123481290305627,0.127653968099461,202608250098
6,10,0.232925783070146,0.223756999710094,0.119394908609882,0.232925783070146,0.180807008695246,0.0278101525825453,0.0215874362791951,0.232925783070149,202608250098
7,8,0.291618138103822,0.158560322717017,0.117201054932086,0.291618138103822,0.245379072015944,0.0341779534230988,0.028758686098525,0.291618138103794,202608250098
7,9,0.167831463457767,0.0844155803386031,0.120717139997435,0.167831463457767,0.153663873070902,0.0202601342702057,0.0185498632780482,0.167831463457668,202608250098
7,10,0.325593307137254,0.0650347559748556,0.122816705214853,0.325593307137254,0.304418425860536,0.039988297222605,0.0373876680708829,0.325593307137199,202608250098
8,9,0.221098795017793,0.161905619348427,0.113996222106746,0.221098795017793,0.185301657673246,0.0252044273443824,0.0211236889248677,0.221098795016997,202608250098
8,10,0.306221989396621,0.17735850402329,0.104278657101926,0.306221989396621,0.2519109154582,0.0319324178293599,0.026268931973298,0.306221989396477,202608250098
9,10,0.371622266462029,0.0647997383668872,0.105624663987091,0.371622266462029,0.34754124082398,0.0392524770251731,0.0367089267836896,0.371622266461905,202608250098
11,12,0.289553425512414,0.155731921006438,0.097331453676352,0.289553425512414,0.244460714323372,0.0281826558220906,0.0237937166918532,0.513459532123087,202608250098
11,13,0.225085862257333,0.161029799529895,0.103921301676574,0.225085862257333,0.188840330981021,0.0233912157947762,0.0196245330045829,0.414087295861693,202608250098
11,14,0.168826326444488,0.108138231893296,0.123405606180473,0.168826326444488,0.150569746005741,0.0208341151541045,0.0185811507782783,0.462852338309306,202608250098
11,15,0.180945193240252,0.152788494296278,0.114163678622712,0.180945193240252,0.153298849614925,0.0206573688894047,0.0175011606006698,0.535600130525349,202608250098
12,13,0.12053885968462,0.211272098731029,0.127699939519251,0.12053885968462,0.0950723618204052,0.0153928050914455,0.0121407348544181,0.503233733714329,202608250098
12,14,0.265106895435515,0.159568673388278,0.118823109262061,0.265106895435515,0.222804139824785,0.0315008256024599,0.0264742806504399,0.592227679088282,202608250098
12,15,0.109984222221962,0.19398088000954,0.137755558688921,0.109984222221962,0.0886493860081808,0.0151509379791527,0.0122119456969867,0.454643986250667,202608250098
13,14,0.20264317096019,0.170537516242063,0.12693275538326,0.20264317096019,0.168084907901224,0.025722056049578,0.0213354804982438,0.372735820982652,202608250098
13,15,0.213115894701041,0.18702132223847,0.11482522908165,0.213115894701041,0.173258678284017,0.0244710814299877,0.0198944674243462,0.458895871454522,202608250098
14,15,0.244715072821688,0.198579063440983,0.124688435702513,0.244715072821688,0.196119782850866,0.0305131396229628,0.0244538689339909,0.680997817241222,202608250098
1,6,0.246521123853754,0.203674296093504,0.0289295778086948,0.246521123853754,0.196311107480661,0.00713175203401407,0.00567919745857284,0.830192024244634,202608250098
2,7,0.162352651042596,0.16185298300771,-0.0198493327708994,0.162352651042596,0.136075390172142,0,0,0.943333777069796,202608250098
3,8,0.125469415733705,0.158595227907908,-0.0392708158156152,0.125469415733705,0.105570565149946,0,0,0.82619414604047,202608250098
4,9,0.168289903349714,0.0772953649889554,-0.0236039391222343,0.168289903349714,0.155281873846342,0,0,0.85294664472392,202608250098
5,10,0.111389035702655,0.161782274532503,-0.0217876378838563,0.111389035702655,0.0933682641486974,0,0,0.862657487819362,202608250098
6,11,0.113882060792917,0.213582782882587,-0.000360766858753669,0.113882060792917,0.0895588133283617,0,0,0.913838907606183,202608250098
1,2,0.279557889063535,0.178279824819977,0.125410886727786,0.279557889063535,0.229718357574246,0.035059602759206,0.0288091829210367,0.279557889063471,202608250099
1,3,0.225384899322255,0.0676469309866228,0.142865582591911,0.225384899322255,0.210138302592375,0.0321997449490931,0.0300215310247349,0.225384899322252,202608250099
1,4,0.326905607284093,0.0652014314070843,0.112560205324726,0.326905607284093,0.305590893754168,0.0367965622777018,0.0343973737463357,0.326905607284164,202608250099
1,5,0.307397181979943,0.13913376751735,0.120681389479346,0.307397181979943,0.264627853926857,0.0370971190433748,0.0319356571068304,0.307397181980051,202608250099
2,3,0.177212777380367,0.183110699241786,0.10812040072941,0.177212777380367,0.144763221799669,0.019160316504737,0.0156518575518606,0.177212777380353,202608250099
2,4,0.239926805351772,0.202114247616172,0.120910289366243,0.239926805351772,0.191434179605147,0.0290096194618011,0.0231463620506477,0.239926805351681,202608250099
2,5,0.255770700741395,0.250301108444749,0.0964624639067632,0.255770700741395,0.191751010838134,0.0246722719886744,0.0184967749620588,0.255770700741494,202608250099
3,4,0.303694640515733,0.0673438774324639,0.123869785353062,0.303694640515733,0.283242665867945,0.0376185899335591,0.0350852082238914,0.303694640515796,202608250099
3,5,0.230709381664723,0.143105510714168,0.121507788711707,0.230709381664723,0.197693597775043,0.0280329868011257,0.0240213119081071,0.230709381664658,202608250099
4,5,0.217825140425752,0.163029349189705,0.141448063403794,0.217825140425752,0.182313249544986,0.0308109442738822,0.0257878560809909,0.21782514042507,202608250099
6,7,0.371660781510351,0.194279033515198,0.0817769960222621,0.371660781510351,0.299454884083016,0.0303933022512028,0.0244885208645038,0.371660781510333,202608250099
6,8,0.189129708603327,0.284915050927143,0.119403660659736,0.189129708603327,0.135243808044775,0.0225827795467465,0.0161486057621088,0.189129708603579,202608250099
6,9,0.265495629531652,0.211941609467253,0.0793512360114876,0.265495629531652,0.209226058502192,0.0210674063589846,0.0166023463479607,0.265495629531785,202608250099
6,10,0.217554486704698,0.235106317215298,0.1035134751458,0.217554486704698,0.166406052541892,0.022519820952364,0.0172252687839058,0.217554486708497,202608250099
7,8,0.207754557208115,0.171900605214153,0.1093532372558,0.207754557208115,0.172041423088042,0.0227186333853526,0.018813286556772,0.207754557207685,202608250099
7,9,0.206273708100708,0.100793835248762,0.124473340344565,0.206273708100708,0.185482589950254,0.0256755774725549,0.0230876375468694,0.206273708100309,202608250099
7,10,0.144589955745973,0.0901129690136033,0.11471684849296,0.144589955745973,0.131560525544158,0.0165869040469147,0.0150922088765034,0.144589955745892,202608250099
8,9,0.252883042661892,0.186044787746099,0.124834994214152,0.252883042661892,0.205835470665273,0.0315686531675544,0.0256954697895665,0.252883042661686,202608250099
8,10,0.301794825489165,0.211971729014663,0.115432424559142,0.301794825489165,0.237822854522548,0.0348369084256174,0.0274524687131138,0.301794825489197,202608250099
9,10,0.256549936908568,0.104709712620497,0.116715824881992,0.256549936908568,0.229686666742065,0.0299434375097066,0.0268080687731954,0.256549936908615,202608250099
11,12,0.192028776020561,0.155025525283465,0.0782410130145817,0.192028776020561,0.162259414148433,0.0150245259637989,0.0126953409341259,0.582470387881681,202608250099
11,13,0.149502418779587,0.1684377767452,0.0795695079314694,0.149502418779587,0.124320563742324,0.0118958338968562,0.00989212608273956,0.606148911678381,202608250099
11,14,0.128051865126053,0.153646482241827,0.0599735578324831,0.128051865126053,0.10837714650493,0.00767972593869469,0.00649976306363294,0.460116890619327,202608250099
11,15,0.0806242446886859,0.172404654721533,0.07788333561432,0.0806242446886859,0.0667242496209486,0.00627928510773998,0.00519670712684201,0.578304897025682,202608250099
12,13,0.232600400033179,0.203423436665118,0.0838231965192628,0.232600400033179,0.185284027288748,0.0194973090424403,0.0155310994313052,0.392858922742078,202608250099
12,14,0.0604803081379564,0.179676622266541,0.0848267529084607,0.0604803081379564,0.0496134106580889,0.00513034815424599,0.00420854452683969,0.316165539296803,202608250099
12,15,0.086727184572131,0.194345670728239,0.0873941655915498,0.086727184572131,0.0698721317160884,0.00757944992978572,0.00610641664943041,0.504957318966615,202608250099
13,14,0.0687573866918454,0.187702012616401,0.0877524489255026,0.0687573866918454,0.0558514868275419,0.0060336290639272,0.00490110474524725,0.530375325884308,202608250099
13,15,0.16899095526577,0.193708889850091,0.0754184017897765,0.16899095526577,0.136255904926531,0.012745027763072,0.0102762025839787,0.468320968698383,202608250099
14,15,0.106650780695304,0.214980317325215,0.0716544513078902,0.106650780695304,0.0837229620184456,0.00764200317228013,0.00599912290530305,0.399419466221028,202608250099
1,6,0.338785279420902,0.196470305956689,0.0229633244177435,0.338785279420902,0.272224031919455,0.00777963627929806,0.00625116875927261,0.942191527929567,202608250099
2,7,0.130686196944757,0.180405904059041,0.00416276831795535,0.130686196944757,0.1071096354369,0.000544016360235708,0.000445872596944476,0.95891430070738,202608250099
3,8,0.173833991231205,0.176554214519886,0.0352086470138406,0.173833991231205,0.143142867452523,0.00612045963626656,0.00503986669268485,0.956802877897629,202608250099
4,9,0.216371600864469,0.0993610090925712,0.0170645310832073,0.216371600864469,0.194872700263601,0.00369227990847506,0.00332541125091675,0.945750322584876,202608250099
5,10,0.239204503469948,0.177590795240445,0.0235217614637763,0.239204503469948,0.196723985473624,0.00562651127168117,0.00462729466051398,0.9030029107957,202608250099
6,11,0.0384005048323141,0.2207561668238,0.0228249650106084,0.0384005048323141,0.0299233565814336,0.000876490179187269,0.000682999566971182,0.937041197325118,202608250099
1,2,0.300121410721404,0.153164259467786,0.0973800035848066,0.300121410721404,0.254153537097833,0.0292258240519276,0.0247494723536783,0.300121410721382,202608250100
1,3,0.284376973834264,0.0577809333247272,0.113449145205658,0.284376973834264,0.267945406870059,0.0322623245976689,0.0303981773711903,0.284376973834364,202608250100
1,4,0.261277842106874,0.0677181169859695,0.119071444735867,0.261277842106874,0.243584598629239,0.0311107301371352,0.0290039700741897,0.261277842106908,202608250100
1,5,0.245768612363981,0.166498474586129,0.111413748787626,0.245768612363981,0.204848513304229,0.0273820024378041,0.022822940800796,0.245768612364018,202608250100
2,3,0.231627132103298,0.150716441789872,0.121361130062777,0.231627132103298,0.196717114930696,0.0281105305052564,0.0238738113706785,0.231627132103323,202608250100
2,4,0.259103638093752,0.177655748233783,0.0985377250488016,0.259103638093752,0.213072387398111,0.0255314830496263,0.0209956683249268,0.259103638093832,202608250100
2,5,0.229881014976502,0.2435786085187,0.0824579017696783,0.229881014976502,0.173886917223659,0.0189555061516464,0.0143383503394607,0.229881014976513,202608250100
3,4,0.316976759059431,0.0623043003238657,0.113943567055722,0.316976759059431,0.297227743867306,0.0361174626009938,0.0338671893641655,0.31697675905943,202608250100
3,5,0.25327614308398,0.161940644074932,0.109276480990609,0.25327614308398,0.212260441344145,0.0276771256350913,0.0231950740836018,0.253276143083985,202608250100
4,5,0.208233918486238,0.187764058776794,0.106683327757445,0.208233918486238,0.169135072776266,0.0222150873760846,0.0180438924042698,0.208233918486243,202608250100
6,7,0.222237611068464,0.190012744265081,0.0722214789711648,0.222237611068464,0.18000963271043,0.016050328954383,0.0130005619034034,0.222237611068943,202608250100
6,8,0.240187061154156,0.286442019683355,0.0589530241174014,0.240187061154156,0.17138739425535,0.0141597536089087,0.0101038051869543,0.240187061154607,202608250100
6,9,0.112723132333468,0.205483288306876,0.102569759167673,0.112723132333468,0.0895604124333355,0.0115619845360695,0.00918618993424467,0.112723132333748,202608250100
6,10,0.267419967262577,0.221182629881561,0.0712331762486734,0.267419967262577,0.208271315620599,0.0190491736604296,0.0148358273331452,0.267419967262842,202608250100
7,8,0.122554875493073,0.191445951930514,0.109944379746295,0.122554875493073,0.0990922406905764,0.0134742197709704,0.010894634940396,0.122554875493054,202608250100
7,9,0.197894059878117,0.0984851484334992,0.0884942730176978,0.197894059878117,0.178404434016913,0.0175124909634347,0.0157877706914605,0.197894059878157,202608250100
7,10,0.304595086686994,0.0823176895659481,0.0955512670267565,0.304595086686994,0.279521522897781,0.029104446463067,0.0267086356741315,0.30459508668706,202608250100
8,9,0.21201522529024,0.198792831724009,0.0902871798933189,0.21201522529024,0.16986811828619,0.0191422567859025,0.0153369133538448,0.212015225290238,202608250100
8,10,0.250856176292871,0.218862462256186,0.117071566796029,0.250856176292871,0.195953175877241,0.0293681255990673,0.0229405453186065,0.250856176292655,202608250100
9,10,0.220820658020867,0.0960875457250621,0.0938958362864735,0.220820658020867,0.199602542946249,0.0207341403541987,0.0187418476948448,0.22082065802129,202608250100
11,12,0.126994055748056,0.158082837114645,0.104027983740615,0.126994055748056,0.106918475118708,0.0132109355665136,0.0111225133912203,0.512527822628513,202608250100
11,13,0.198331398556466,0.159382968926529,0.0872551730717788,0.198331398556466,0.166720751423186,0.0173054405066124,0.0145472480200871,0.512957349035859,202608250100
11,14,0.145256882188643,0.127234600025383,0.10631620057217,0.145256882188643,0.126775180882437,0.0154431598212558,0.0134782555582703,0.449577498622906,202608250100
11,15,0.343295669510278,0.163278281937694,0.0938568610940547,0.343295669510278,0.287242942395989,0.0322206539674167,0.0269597209447079,0.595156644978927,202608250100
12,13,0.0733776933792396,0.17940810633877,0.111151590537541,0.0733776933792396,0.0602131403625634,0.00815604732907845,0.00669278632255911,0.388423605984219,202608250100
12,14,0.230326062269727,0.150365318806492,0.080963436398991,0.230326062269727,0.195693010487096,0.0186479894936051,0.0158439786082991,0.54155291490599,202608250100
12,15,0.125510398766613,0.193699276357974,0.11918897250967,0.125510398766613,0.101199125350119,0.0149594554682715,0.012061819769358,0.548532630804299,202608250100
13,14,0.099260085531517,0.157780538429992,0.104886597689434,0.099260085531517,0.0835987757917472,0.0104110526577631,0.00876839116379821,0.305971343793088,202608250100
13,15,0.164937304342708,0.189866396456092,0.109781162653819,0.164937304342708,0.133621252725976,0.0181070090357292,0.0146690964795174,0.459782441617675,202608250100
14,15,0.187767641727462,0.20531126718501,0.113501572573731,0.187767641727462,0.149216829268055,0.0213119226145277,0.0169363447763902,0.513350803753905,202608250100
1,6,0.148242346165941,0.190994745464257,-0.0297082088104354,0.148242346165941,0.119928836992953,0,0,0.91551834216725,202608250100
2,7,0.237556727767789,0.156211065335905,-0.0192367365970248,0.237556727767789,0.200447738245471,0,0,0.927410021635123,202608250100
3,8,0.148192402591164,0.183987224425167,-0.015919942116157,0.148192402591164,0.120926893757519,0,0,0.990548482768912,202608250100
4,9,0.238859707847557,0.0901045896989621,-0.0278771344757445,0.238859707847557,0.217337351876339,0,0,0.77043892472061,202608250100
5,10,0.120648261611582,0.193549486148347,-0.0178995832483289,0.120648261611582,0.0972968525719693,0,0,0.833742823601288,202608250100
6,11,0.134327841419793,0.2167816890804,0.0124175875587601,0.134327841419793,0.105208025066286,0.00166802773240953,0.00130642986314484,0.895261357028941,202608250100
