"method","auroc","delta_w","ari","k","exactC","seed","scenario","tmfg_avail","oracle_na","rho_C","rho_D","gini_C","gini_D","obar_C","obar_D","rt"
"cw",0.916666666666667,0.0122149075110466,1,3,TRUE,202608250001,"primary",0.9,0,0.166447117907091,0.17764058052417,0.157954117839912,0.158603017510217,0.106247581060996,0.0169824910814493,2.094
"gini",0.516666666666667,-0.0112740147808426,1,3,TRUE,202608250001,"primary",0.9,0,0.166447117907091,0.17764058052417,0.157954117839912,0.158603017510217,0.106247581060996,0.0169824910814493,2.094
"oracle",0,-0.40902001284291,NA,NA,NA,202608250001,"primary",0.9,0,0.166447117907091,0.17764058052417,0.157954117839912,0.158603017510217,0.106247581060996,0.0169824910814493,2.094
"over",0.9,0.0145758567188505,1,3,TRUE,202608250001,"primary",0.9,0,0.166447117907091,0.17764058052417,0.157954117839912,0.158603017510217,0.106247581060996,0.0169824910814493,2.094
"raw",0.5,-0.0111934626170791,1,3,TRUE,202608250001,"primary",0.9,0,0.166447117907091,0.17764058052417,0.157954117839912,0.158603017510217,0.106247581060996,0.0169824910814493,2.094
"cw",1,0.00929343033851384,0.792079207920792,3,FALSE,202608250002,"primary",0.6,0,0.138084680545178,0.179396125968197,0.175720340770665,0.167299829656056,0.0837828176000758,-0.0143679152555908,2.737
"gini",0.266666666666667,-0.0359705472471226,0.792079207920792,3,FALSE,202608250002,"primary",0.6,0,0.138084680545178,0.179396125968197,0.175720340770665,0.167299829656056,0.0837828176000758,-0.0143679152555908,2.737
"oracle",0,-0.425229856189014,NA,NA,NA,202608250002,"primary",0.6,0,0.138084680545178,0.179396125968197,0.175720340770665,0.167299829656056,0.0837828176000758,-0.0143679152555908,2.737
"over",1,0.0113321694844841,0.792079207920792,3,FALSE,202608250002,"primary",0.6,0,0.138084680545178,0.179396125968197,0.175720340770665,0.167299829656056,0.0837828176000758,-0.0143679152555908,2.737
"raw",0.266666666666667,-0.0413114454230191,0.792079207920792,3,FALSE,202608250002,"primary",0.6,0,0.138084680545178,0.179396125968197,0.175720340770665,0.167299829656056,0.0837828176000758,-0.0143679152555908,2.737
"cw",1,0.0149494039166754,1,3,TRUE,202608250003,"primary",0.9,0,0.169068245609404,0.164979139466421,0.159618105672903,0.154433915503689,0.104751349735166,-0.00381482603605459,2.654
"gini",0.45,0.000795564351724509,1,3,TRUE,202608250003,"primary",0.9,0,0.169068245609404,0.164979139466421,0.159618105672903,0.154433915503689,0.104751349735166,-0.00381482603605459,2.654
"oracle",0,-0.390521664765534,NA,NA,NA,202608250003,"primary",0.9,0,0.169068245609404,0.164979139466421,0.159618105672903,0.154433915503689,0.104751349735166,-0.00381482603605459,2.654
"over",1,0.0178601577215016,1,3,TRUE,202608250003,"primary",0.9,0,0.169068245609404,0.164979139466421,0.159618105672903,0.154433915503689,0.104751349735166,-0.00381482603605459,2.654
"raw",0.5,0.00408910614298305,1,3,TRUE,202608250003,"primary",0.9,0,0.169068245609404,0.164979139466421,0.159618105672903,0.154433915503689,0.104751349735166,-0.00381482603605459,2.654
"cw",1,0.0154373012358659,1,3,TRUE,202608250004,"primary",0.7,0,0.183632894558113,0.175288516051469,0.163480272765188,0.150863264031993,0.107592790973643,0.0056994082718666,2.383
"gini",0.583333333333333,0.00603762113022602,1,3,TRUE,202608250004,"primary",0.7,0,0.183632894558113,0.175288516051469,0.163480272765188,0.150863264031993,0.107592790973643,0.0056994082718666,2.383
"oracle",0,-0.376655636996145,NA,NA,NA,202608250004,"primary",0.7,0,0.183632894558113,0.175288516051469,0.163480272765188,0.150863264031993,0.107592790973643,0.0056994082718666,2.383
"over",1,0.0183384273171435,1,3,TRUE,202608250004,"primary",0.7,0,0.183632894558113,0.175288516051469,0.163480272765188,0.150863264031993,0.107592790973643,0.0056994082718666,2.383
"raw",0.583333333333333,0.00834437850664388,1,3,TRUE,202608250004,"primary",0.7,0,0.183632894558113,0.175288516051469,0.163480272765188,0.150863264031993,0.107592790973643,0.0056994082718666,2.383
"cw",1,0.011123749573853,0.792079207920792,3,FALSE,202608250005,"primary",0.6,0,0.151161042809947,0.160859453614148,0.183599274624701,0.17031533436104,0.0958884625654867,-0.00919468743989405,1.604
"gini",0.416666666666667,-0.0101763660968902,0.792079207920792,3,FALSE,202608250005,"primary",0.6,0,0.151161042809947,0.160859453614148,0.183599274624701,0.17031533436104,0.0958884625654867,-0.00919468743989405,1.604
"oracle",0,-0.343077165412829,NA,NA,NA,202608250005,"primary",0.6,0,0.151161042809947,0.160859453614148,0.183599274624701,0.17031533436104,0.0958884625654867,-0.00919468743989405,1.604
"over",1,0.0136104892018376,0.792079207920792,3,FALSE,202608250005,"primary",0.6,0,0.151161042809947,0.160859453614148,0.183599274624701,0.17031533436104,0.0958884625654867,-0.00919468743989405,1.604
"raw",0.433333333333333,-0.00969841080420183,0.792079207920792,3,FALSE,202608250005,"primary",0.6,0,0.151161042809947,0.160859453614148,0.183599274624701,0.17031533436104,0.0958884625654867,-0.00919468743989405,1.604
"cw",0.966666666666667,0.00874849210642838,1,3,TRUE,202608250006,"primary",0.9,0,0.140387633591318,0.185599502166789,0.163453916867439,0.152206400618283,0.0871374703737595,-0.0074917554453854,1.901
"gini",0.3,-0.0407273874111231,1,3,TRUE,202608250006,"primary",0.9,0,0.140387633591318,0.185599502166789,0.163453916867439,0.152206400618283,0.0871374703737595,-0.0074917554453854,1.901
"oracle",0,-0.46579635877852,NA,NA,NA,202608250006,"primary",0.9,0,0.140387633591318,0.185599502166789,0.163453916867439,0.152206400618283,0.0871374703737595,-0.0074917554453854,1.901
"over",0.966666666666667,0.0104314158268912,1,3,TRUE,202608250006,"primary",0.9,0,0.140387633591318,0.185599502166789,0.163453916867439,0.152206400618283,0.0871374703737595,-0.0074917554453854,1.901
"raw",0.283333333333333,-0.0452118685754707,1,3,TRUE,202608250006,"primary",0.9,0,0.140387633591318,0.185599502166789,0.163453916867439,0.152206400618283,0.0871374703737595,-0.0074917554453854,1.901
"cw",1,0.0211872305075174,1,3,TRUE,202608250007,"primary",0.9,0,0.205948712039791,0.166204359671649,0.188582205174005,0.158833445951899,0.125508518719588,-0.0230640903498688,2.952
"gini",0.583333333333333,0.026101773232079,1,3,TRUE,202608250007,"primary",0.9,0,0.205948712039791,0.166204359671649,0.188582205174005,0.158833445951899,0.125508518719588,-0.0230640903498688,2.952
"oracle",0,-0.401740886421271,NA,NA,NA,202608250007,"primary",0.9,0,0.205948712039791,0.166204359671649,0.188582205174005,0.158833445951899,0.125508518719588,-0.0230640903498688,2.952
"over",1,0.0262840932070132,1,3,TRUE,202608250007,"primary",0.9,0,0.205948712039791,0.166204359671649,0.188582205174005,0.158833445951899,0.125508518719588,-0.0230640903498688,2.952
"raw",0.633333333333333,0.0397443523681427,1,3,TRUE,202608250007,"primary",0.9,0,0.205948712039791,0.166204359671649,0.188582205174005,0.158833445951899,0.125508518719588,-0.0230640903498688,2.952
"cw",0.933333333333333,0.0130034464541015,1,3,TRUE,202608250008,"primary",0.9,0,0.181109455485037,0.179969987373783,0.173808499591292,0.168554930431112,0.105645236494036,0.0215408434600706,1.579
"gini",0.583333333333333,0.000100639559723309,1,3,TRUE,202608250008,"primary",0.9,0,0.181109455485037,0.179969987373783,0.173808499591292,0.168554930431112,0.105645236494036,0.0215408434600706,1.579
"oracle",0,-0.382794577530933,NA,NA,NA,202608250008,"primary",0.9,0,0.181109455485037,0.179969987373783,0.173808499591292,0.168554930431112,0.105645236494036,0.0215408434600706,1.579
"over",0.933333333333333,0.0157252264448557,1,3,TRUE,202608250008,"primary",0.9,0,0.181109455485037,0.179969987373783,0.173808499591292,0.168554930431112,0.105645236494036,0.0215408434600706,1.579
"raw",0.55,0.00113946811125379,1,3,TRUE,202608250008,"primary",0.9,0,0.181109455485037,0.179969987373783,0.173808499591292,0.168554930431112,0.105645236494036,0.0215408434600706,1.579
"cw",1,0.0168909180406404,1,3,TRUE,202608250009,"primary",0.9,0,0.192271557574558,0.16705399037044,0.1832782209889,0.174607597748224,0.116408673913579,0.0023435175903609,2.394
"gini",0.566666666666667,0.017763805942473,1,3,TRUE,202608250009,"primary",0.9,0,0.192271557574558,0.16705399037044,0.1832782209889,0.174607597748224,0.116408673913579,0.0023435175903609,2.394
"oracle",0,-0.41255393238931,NA,NA,NA,202608250009,"primary",0.9,0,0.192271557574558,0.16705399037044,0.1832782209889,0.174607597748224,0.116408673913579,0.0023435175903609,2.394
"over",1,0.0206814451548125,1,3,TRUE,202608250009,"primary",0.9,0,0.192271557574558,0.16705399037044,0.1832782209889,0.174607597748224,0.116408673913579,0.0023435175903609,2.394
"raw",0.566666666666667,0.0252175672041185,1,3,TRUE,202608250009,"primary",0.9,0,0.192271557574558,0.16705399037044,0.1832782209889,0.174607597748224,0.116408673913579,0.0023435175903609,2.394
"cw",1,0.0203257485960439,1,3,TRUE,202608250010,"primary",0.9,0,0.19857752811046,0.15279413847427,0.164983834535695,0.162264141132384,0.119303419621052,-0.00792733755970172,2.593
"gini",0.666666666666667,0.0364912464962947,1,3,TRUE,202608250010,"primary",0.9,0,0.19857752811046,0.15279413847427,0.164983834535695,0.162264141132384,0.119303419621052,-0.00792733755970172,2.593
"oracle",0.0166666666666667,-0.360769401326114,NA,NA,NA,202608250010,"primary",0.9,0,0.19857752811046,0.15279413847427,0.164983834535695,0.162264141132384,0.119303419621052,-0.00792733755970172,2.593
"over",1,0.0244407764522971,1,3,TRUE,202608250010,"primary",0.9,0,0.19857752811046,0.15279413847427,0.164983834535695,0.162264141132384,0.119303419621052,-0.00792733755970172,2.593
"raw",0.683333333333333,0.0457833896361898,1,3,TRUE,202608250010,"primary",0.9,0,0.19857752811046,0.15279413847427,0.164983834535695,0.162264141132384,0.119303419621052,-0.00792733755970172,2.593
"cw",0.983333333333333,0.00870656336673962,0.792079207920792,3,TRUE,202608250011,"primary",0.9,0,0.149745208138286,0.201542758987918,0.18263312480261,0.166326778522244,0.0940182826801226,0.0161379364350959,2.586
"gini",0.183333333333333,-0.0460888098439619,0.792079207920792,3,TRUE,202608250011,"primary",0.9,0,0.149745208138286,0.201542758987918,0.18263312480261,0.166326778522244,0.0940182826801226,0.0161379364350959,2.586
"oracle",0,-0.376572329196066,NA,NA,NA,202608250011,"primary",0.9,0,0.149745208138286,0.201542758987918,0.18263312480261,0.166326778522244,0.0940182826801226,0.0161379364350959,2.586
"over",1,0.0106946919514202,0.792079207920792,3,TRUE,202608250011,"primary",0.9,0,0.149745208138286,0.201542758987918,0.18263312480261,0.166326778522244,0.0940182826801226,0.0161379364350959,2.586
"raw",0.2,-0.0517975508496319,0.792079207920792,3,TRUE,202608250011,"primary",0.9,0,0.149745208138286,0.201542758987918,0.18263312480261,0.166326778522244,0.0940182826801226,0.0161379364350959,2.586
"cw",1,0.00828724374038132,0.792079207920792,3,FALSE,202608250012,"primary",0.6,0,0.152461147164414,0.202212036340667,0.195545201983716,0.156422149252216,0.0954210321022237,0.0192997365378917,1.758
"gini",0.15,-0.0486414537708262,0.792079207920792,3,FALSE,202608250012,"primary",0.6,0,0.152461147164414,0.202212036340667,0.195545201983716,0.156422149252216,0.0954210321022237,0.0192997365378917,1.758
"oracle",0,-0.389449869728471,NA,NA,NA,202608250012,"primary",0.6,0,0.152461147164414,0.202212036340667,0.195545201983716,0.156422149252216,0.0954210321022237,0.0192997365378917,1.758
"over",1,0.0105819614431701,0.792079207920792,3,FALSE,202608250012,"primary",0.6,0,0.152461147164414,0.202212036340667,0.195545201983716,0.156422149252216,0.0954210321022237,0.0192997365378917,1.758
"raw",0.166666666666667,-0.0497508891762525,0.792079207920792,3,FALSE,202608250012,"primary",0.6,0,0.152461147164414,0.202212036340667,0.195545201983716,0.156422149252216,0.0954210321022237,0.0192997365378917,1.758
"cw",0.966666666666667,0.0103863665448414,1,3,TRUE,202608250013,"primary",0.9,0,0.146933694919952,0.181139042187778,0.177548449037836,0.162690995076365,0.0961031930792522,-0.00106032758092674,3.007
"gini",0.316666666666667,-0.0281075769372956,1,3,TRUE,202608250013,"primary",0.9,0,0.146933694919952,0.181139042187778,0.177548449037836,0.162690995076365,0.0961031930792522,-0.00106032758092674,3.007
"oracle",0,-0.437955371325639,NA,NA,NA,202608250013,"primary",0.9,0,0.146933694919952,0.181139042187778,0.177548449037836,0.162690995076365,0.0961031930792522,-0.00106032758092674,3.007
"over",0.966666666666667,0.0125405477306749,1,3,TRUE,202608250013,"primary",0.9,0,0.146933694919952,0.181139042187778,0.177548449037836,0.162690995076365,0.0961031930792522,-0.00106032758092674,3.007
"raw",0.316666666666667,-0.0342053472678263,1,3,TRUE,202608250013,"primary",0.9,0,0.146933694919952,0.181139042187778,0.177548449037836,0.162690995076365,0.0961031930792522,-0.00106032758092674,3.007
"cw",1,0.0142845283721737,1,3,TRUE,202608250014,"primary",0.9,0,0.176994091768588,0.199256642899466,0.169500264108639,0.155347813429881,0.105217625250404,0.00485297847578091,1.759
"gini",0.383333333333333,-0.0227196766330388,1,3,TRUE,202608250014,"primary",0.9,0,0.176994091768588,0.199256642899466,0.169500264108639,0.155347813429881,0.105217625250404,0.00485297847578091,1.759
"oracle",0,-0.351614698187907,NA,NA,NA,202608250014,"primary",0.9,0,0.176994091768588,0.199256642899466,0.169500264108639,0.155347813429881,0.105217625250404,0.00485297847578091,1.759
"over",1,0.0172441130423738,1,3,TRUE,202608250014,"primary",0.9,0,0.176994091768588,0.199256642899466,0.169500264108639,0.155347813429881,0.105217625250404,0.00485297847578091,1.759
"raw",0.4,-0.0222625511308776,1,3,TRUE,202608250014,"primary",0.9,0,0.176994091768588,0.199256642899466,0.169500264108639,0.155347813429881,0.105217625250404,0.00485297847578091,1.759
"cw",0.983333333333333,0.0133255523975486,1,3,TRUE,202608250015,"primary",0.8,0,0.169936031276994,0.130610786392414,0.183994519657709,0.160156772651775,0.109719637587156,0.00432236816474832,0.899
"gini",0.683333333333333,0.0302886962019509,1,3,TRUE,202608250015,"primary",0.8,0,0.169936031276994,0.130610786392414,0.183994519657709,0.160156772651775,0.109719637587156,0.00432236816474832,0.899
"oracle",0,-0.444202817737433,NA,NA,NA,202608250015,"primary",0.8,0,0.169936031276994,0.130610786392414,0.183994519657709,0.160156772651775,0.109719637587156,0.00432236816474832,0.899
"over",1,0.0162146765470463,1,3,TRUE,202608250015,"primary",0.8,0,0.169936031276994,0.130610786392414,0.183994519657709,0.160156772651775,0.109719637587156,0.00432236816474832,0.899
"raw",0.666666666666667,0.0393252448845803,1,3,TRUE,202608250015,"primary",0.8,0,0.169936031276994,0.130610786392414,0.183994519657709,0.160156772651775,0.109719637587156,0.00432236816474832,0.899
"cw",0.983333333333333,0.00522037893240657,0.792079207920792,3,FALSE,202608250016,"primary",0.5,0,0.117042710566237,0.155357952524294,0.197443780267386,0.169607593606237,0.067478496985679,-0.0014052681557817,2.998
"gini",0.333333333333333,-0.0361634987999526,0.792079207920792,3,FALSE,202608250016,"primary",0.5,0,0.117042710566237,0.155357952524294,0.197443780267386,0.169607593606237,0.067478496985679,-0.0014052681557817,2.998
"oracle",0,-0.39550211586798,NA,NA,NA,202608250016,"primary",0.5,0,0.117042710566237,0.155357952524294,0.197443780267386,0.169607593606237,0.067478496985679,-0.0014052681557817,2.998
"over",0.983333333333333,0.00653505898128212,0.792079207920792,3,FALSE,202608250016,"primary",0.5,0,0.117042710566237,0.155357952524294,0.197443780267386,0.169607593606237,0.067478496985679,-0.0014052681557817,2.998
"raw",0.333333333333333,-0.0383152419580574,0.792079207920792,3,FALSE,202608250016,"primary",0.5,0,0.117042710566237,0.155357952524294,0.197443780267386,0.169607593606237,0.067478496985679,-0.0014052681557817,2.998
"cw",1,0.00558945140758418,0.641025641025641,3,FALSE,202608250017,"primary",0.6,0,0.105663421118316,0.165314607912545,0.180280600071998,0.160882417585499,0.0676112552703361,-0.0103852469537396,2.729
"gini",0.183333333333333,-0.0536586736644976,0.641025641025641,3,FALSE,202608250017,"primary",0.6,0,0.105663421118316,0.165314607912545,0.180280600071998,0.160882417585499,0.0676112552703361,-0.0103852469537396,2.729
"oracle",0,-0.417912324579029,NA,NA,NA,202608250017,"primary",0.6,0,0.105663421118316,0.165314607912545,0.180280600071998,0.160882417585499,0.0676112552703361,-0.0103852469537396,2.729
"over",1,0.00684517524611672,0.641025641025641,3,FALSE,202608250017,"primary",0.6,0,0.105663421118316,0.165314607912545,0.180280600071998,0.160882417585499,0.0676112552703361,-0.0103852469537396,2.729
"raw",0.133333333333333,-0.0596511867942281,0.641025641025641,3,FALSE,202608250017,"primary",0.6,0,0.105663421118316,0.165314607912545,0.180280600071998,0.160882417585499,0.0676112552703361,-0.0103852469537396,2.729
"cw",1,0.0181881306789073,1,3,TRUE,202608250018,"primary",0.9,0,0.201538667621156,0.168747005163301,0.175240254243993,0.162593946354602,0.119906411356714,0.00352833222668136,2.242
"gini",0.633333333333333,0.0247855600390451,1,3,TRUE,202608250018,"primary",0.9,0,0.201538667621156,0.168747005163301,0.175240254243993,0.162593946354602,0.119906411356714,0.00352833222668136,2.242
"oracle",0,-0.368688100528505,NA,NA,NA,202608250018,"primary",0.9,0,0.201538667621156,0.168747005163301,0.175240254243993,0.162593946354602,0.119906411356714,0.00352833222668136,2.242
"over",1,0.0219629382215113,1,3,TRUE,202608250018,"primary",0.9,0,0.201538667621156,0.168747005163301,0.175240254243993,0.162593946354602,0.119906411356714,0.00352833222668136,2.242
"raw",0.633333333333333,0.0327916624578545,1,3,TRUE,202608250018,"primary",0.9,0,0.201538667621156,0.168747005163301,0.175240254243993,0.162593946354602,0.119906411356714,0.00352833222668136,2.242
"cw",1,0.0183858107966096,1,3,TRUE,202608250019,"primary",0.9,0,0.19365570878953,0.196634499374813,0.15457888639291,0.173139766355648,0.120667174097882,0.00412579492168972,2.81
"gini",0.5,-0.0005940716205593,1,3,TRUE,202608250019,"primary",0.9,0,0.19365570878953,0.196634499374813,0.15457888639291,0.173139766355648,0.120667174097882,0.00412579492168972,2.81
"oracle",0,-0.413351340241773,NA,NA,NA,202608250019,"primary",0.9,0,0.19365570878953,0.196634499374813,0.15457888639291,0.173139766355648,0.120667174097882,0.00412579492168972,2.81
"over",1,0.0216560171970056,1,3,TRUE,202608250019,"primary",0.9,0,0.19365570878953,0.196634499374813,0.15457888639291,0.173139766355648,0.120667174097882,0.00412579492168972,2.81
"raw",0.5,-0.00297879058528291,1,3,TRUE,202608250019,"primary",0.9,0,0.19365570878953,0.196634499374813,0.15457888639291,0.173139766355648,0.120667174097882,0.00412579492168972,2.81
"cw",1,0.0157871993316252,1,3,TRUE,202608250020,"primary",0.9,0,0.181342798128162,0.141229182832288,0.181568187350869,0.176954408297248,0.110924438999269,-0.00159555416282107,1.787
"gini",0.75,0.0322248157171324,1,3,TRUE,202608250020,"primary",0.9,0,0.181342798128162,0.141229182832288,0.181568187350869,0.176954408297248,0.110924438999269,-0.00159555416282107,1.787
"oracle",0,-0.32310348644764,NA,NA,NA,202608250020,"primary",0.9,0,0.181342798128162,0.141229182832288,0.181568187350869,0.176954408297248,0.110924438999269,-0.00159555416282107,1.787
"over",1,0.0193680241981293,1,3,TRUE,202608250020,"primary",0.9,0,0.181342798128162,0.141229182832288,0.181568187350869,0.176954408297248,0.110924438999269,-0.00159555416282107,1.787
"raw",0.733333333333333,0.0401136152958737,1,3,TRUE,202608250020,"primary",0.9,0,0.181342798128162,0.141229182832288,0.181568187350869,0.176954408297248,0.110924438999269,-0.00159555416282107,1.787
"cw",1,0.011907181511154,1,3,TRUE,202608250021,"primary",0.9,0,0.177666497434523,0.205287657670338,0.180806773486002,0.153304248482883,0.107831040588936,0.0193042243689007,2.819
"gini",0.35,-0.0288545038895663,1,3,TRUE,202608250021,"primary",0.9,0,0.177666497434523,0.205287657670338,0.180806773486002,0.153304248482883,0.107831040588936,0.0193042243689007,2.819
"oracle",0,-0.321515799625293,NA,NA,NA,202608250021,"primary",0.9,0,0.177666497434523,0.205287657670338,0.180806773486002,0.153304248482883,0.107831040588936,0.0193042243689007,2.819
"over",1,0.0147188396726415,1,3,TRUE,202608250021,"primary",0.9,0,0.177666497434523,0.205287657670338,0.180806773486002,0.153304248482883,0.107831040588936,0.0193042243689007,2.819
"raw",0.366666666666667,-0.0276211602358152,1,3,TRUE,202608250021,"primary",0.9,0,0.177666497434523,0.205287657670338,0.180806773486002,0.153304248482883,0.107831040588936,0.0193042243689007,2.819
"cw",1,0.00866009826682089,0.614886731391586,3,FALSE,202608250022,"primary",0.3,0,0.132041207894254,0.162121476846433,0.189473044254909,0.175233775943528,0.0813787981051914,-0.00524530210607209,0.951
"gini",0.35,-0.0273728061214269,0.614886731391586,3,FALSE,202608250022,"primary",0.3,0,0.132041207894254,0.162121476846433,0.189473044254909,0.175233775943528,0.0813787981051914,-0.00524530210607209,0.951
"oracle",0,-0.391328253068058,NA,NA,NA,202608250022,"primary",0.3,0,0.132041207894254,0.162121476846433,0.189473044254909,0.175233775943528,0.0813787981051914,-0.00524530210607209,0.951
"over",1,0.0108150195204121,0.614886731391586,3,FALSE,202608250022,"primary",0.3,0,0.132041207894254,0.162121476846433,0.189473044254909,0.175233775943528,0.0813787981051914,-0.00524530210607209,0.951
"raw",0.333333333333333,-0.0300802689521782,0.614886731391586,3,FALSE,202608250022,"primary",0.3,0,0.132041207894254,0.162121476846433,0.189473044254909,0.175233775943528,0.0813787981051914,-0.00524530210607209,0.951
"cw",1,0.0162879058074893,1,3,TRUE,202608250023,"primary",0.9,0,0.179346495699722,0.169556229210725,0.163525952015046,0.178975400530596,0.109982059352213,-0.015657338904564,2.501
"gini",0.633333333333333,0.00844677408961267,1,3,TRUE,202608250023,"primary",0.9,0,0.179346495699722,0.169556229210725,0.163525952015046,0.178975400530596,0.109982059352213,-0.015657338904564,2.501
"oracle",0,-0.355143927809003,NA,NA,NA,202608250023,"primary",0.9,0,0.179346495699722,0.169556229210725,0.163525952015046,0.178975400530596,0.109982059352213,-0.015657338904564,2.501
"over",1,0.0194710742838271,1,3,TRUE,202608250023,"primary",0.9,0,0.179346495699722,0.169556229210725,0.163525952015046,0.178975400530596,0.109982059352213,-0.015657338904564,2.501
"raw",0.616666666666667,0.00979026648899695,1,3,TRUE,202608250023,"primary",0.9,0,0.179346495699722,0.169556229210725,0.163525952015046,0.178975400530596,0.109982059352213,-0.015657338904564,2.501
"cw",1,0.023092979958399,1,3,TRUE,202608250024,"primary",0.9,0,0.22956708922829,0.1705856129262,0.187026939566165,0.165448597474915,0.138311146223082,0.0218215244787369,2.432
"gini",0.716666666666667,0.0416125083757936,1,3,TRUE,202608250024,"primary",0.9,0,0.22956708922829,0.1705856129262,0.187026939566165,0.165448597474915,0.138311146223082,0.0218215244787369,2.432
"oracle",0,-0.32090972952583,NA,NA,NA,202608250024,"primary",0.9,0,0.22956708922829,0.1705856129262,0.187026939566165,0.165448597474915,0.138311146223082,0.0218215244787369,2.432
"over",1,0.0286897408722244,1,3,TRUE,202608250024,"primary",0.9,0,0.22956708922829,0.1705856129262,0.187026939566165,0.165448597474915,0.138311146223082,0.0218215244787369,2.432
"raw",0.766666666666667,0.0589814763020895,1,3,TRUE,202608250024,"primary",0.9,0,0.22956708922829,0.1705856129262,0.187026939566165,0.165448597474915,0.138311146223082,0.0218215244787369,2.432
"cw",0.966666666666667,0.00812431039426247,1,3,TRUE,202608250025,"primary",0.9,0,0.148818994422513,0.17873346310176,0.168729560049811,0.162206946494836,0.0849616177616507,0.00587964420310203,0.91
"gini",0.3,-0.0262161437405633,1,3,TRUE,202608250025,"primary",0.9,0,0.148818994422513,0.17873346310176,0.168729560049811,0.162206946494836,0.0849616177616507,0.00587964420310203,0.91
"oracle",0,-0.417873983916311,NA,NA,NA,202608250025,"primary",0.9,0,0.148818994422513,0.17873346310176,0.168729560049811,0.162206946494836,0.0849616177616507,0.00587964420310203,0.91
"over",0.933333333333333,0.00975480009883583,1,3,TRUE,202608250025,"primary",0.9,0,0.148818994422513,0.17873346310176,0.168729560049811,0.162206946494836,0.0849616177616507,0.00587964420310203,0.91
"raw",0.316666666666667,-0.029914468679247,1,3,TRUE,202608250025,"primary",0.9,0,0.148818994422513,0.17873346310176,0.168729560049811,0.162206946494836,0.0849616177616507,0.00587964420310203,0.91
"cw",1,0.0133303928406922,0.792079207920792,3,TRUE,202608250026,"primary",0.9,0,0.164429511170273,0.204017336287511,0.179449210044337,0.170814631364872,0.0988742242562004,-0.0119751741988248,0.941
"gini",0.4,-0.0365093490228189,0.792079207920792,3,TRUE,202608250026,"primary",0.9,0,0.164429511170273,0.204017336287511,0.179449210044337,0.170814631364872,0.0988742242562004,-0.0119751741988248,0.941
"oracle",0,-0.43494667192598,NA,NA,NA,202608250026,"primary",0.9,0,0.164429511170273,0.204017336287511,0.179449210044337,0.170814631364872,0.0988742242562004,-0.0119751741988248,0.941
"over",1,0.0162592200680151,0.792079207920792,3,TRUE,202608250026,"primary",0.9,0,0.164429511170273,0.204017336287511,0.179449210044337,0.170814631364872,0.0988742242562004,-0.0119751741988248,0.941
"raw",0.4,-0.039587825117238,0.792079207920792,3,TRUE,202608250026,"primary",0.9,0,0.164429511170273,0.204017336287511,0.179449210044337,0.170814631364872,0.0988742242562004,-0.0119751741988248,0.941
"cw",1,0.0113133587587619,1,3,TRUE,202608250027,"primary",0.9,0,0.158151557345811,0.215993924687189,0.185068151223539,0.169153068209722,0.0940705829686298,0.00249878922074715,2.417
"gini",0.25,-0.0533772362622795,1,3,TRUE,202608250027,"primary",0.9,0,0.158151557345811,0.215993924687189,0.185068151223539,0.169153068209722,0.0940705829686298,0.00249878922074715,2.417
"oracle",0,-0.37056406360141,NA,NA,NA,202608250027,"primary",0.9,0,0.158151557345811,0.215993924687189,0.185068151223539,0.169153068209722,0.0940705829686298,0.00249878922074715,2.417
"over",1,0.0140844341299928,1,3,TRUE,202608250027,"primary",0.9,0,0.158151557345811,0.215993924687189,0.185068151223539,0.169153068209722,0.0940705829686298,0.00249878922074715,2.417
"raw",0.283333333333333,-0.0578423673413782,1,3,TRUE,202608250027,"primary",0.9,0,0.158151557345811,0.215993924687189,0.185068151223539,0.169153068209722,0.0940705829686298,0.00249878922074715,2.417
"cw",1,0.0135905443377882,0.851063829787234,4,TRUE,202608250028,"primary",0.9,0,0.178449492776307,0.216068300158548,0.175814837496394,0.159022430796527,0.104764201324662,0.00819421423184981,2.124
"gini",0.35,-0.0343537732032527,0.792079207920792,3,TRUE,202608250028,"primary",0.9,0,0.178449492776307,0.216068300158548,0.175814837496394,0.159022430796527,0.104764201324662,0.00819421423184981,2.124
"oracle",0,-0.357491928700418,NA,NA,NA,202608250028,"primary",0.9,0,0.178449492776307,0.216068300158548,0.175814837496394,0.159022430796527,0.104764201324662,0.00819421423184981,2.124
"over",1,0.0165621505211279,0.851063829787234,4,TRUE,202608250028,"primary",0.9,0,0.178449492776307,0.216068300158548,0.175814837496394,0.159022430796527,0.104764201324662,0.00819421423184981,2.124
"raw",0.333333333333333,-0.0376188073822416,0.851063829787234,4,TRUE,202608250028,"primary",0.9,0,0.178449492776307,0.216068300158548,0.175814837496394,0.159022430796527,0.104764201324662,0.00819421423184981,2.124
"cw",0.983333333333333,0.00759156492806448,1,3,TRUE,202608250029,"primary",0.9,0,0.128994480378266,0.209648501826026,0.166689892466106,0.162541931721966,0.0760867142877574,-0.0109183214530185,2.326
"gini",0.1,-0.0687672420871548,1,3,TRUE,202608250029,"primary",0.9,0,0.128994480378266,0.209648501826026,0.166689892466106,0.162541931721966,0.0760867142877574,-0.0109183214530185,2.326
"oracle",0,-0.417406530659577,NA,NA,NA,202608250029,"primary",0.9,0,0.128994480378266,0.209648501826026,0.166689892466106,0.162541931721966,0.0760867142877574,-0.0109183214530185,2.326
"over",0.983333333333333,0.00912444510807759,1,3,TRUE,202608250029,"primary",0.9,0,0.128994480378266,0.209648501826026,0.166689892466106,0.162541931721966,0.0760867142877574,-0.0109183214530185,2.326
"raw",0.1,-0.0806540214477607,1,3,TRUE,202608250029,"primary",0.9,0,0.128994480378266,0.209648501826026,0.166689892466106,0.162541931721966,0.0760867142877574,-0.0109183214530185,2.326
"cw",1,0.0151316929293567,1,3,TRUE,202608250030,"primary",0.8,0,0.176307189751907,0.185266199375296,0.165130647917771,0.167864834412333,0.107666154804438,0.00377166478575216,0.866
"gini",0.433333333333333,-0.00816709252320164,1,3,TRUE,202608250030,"primary",0.8,0,0.176307189751907,0.185266199375296,0.165130647917771,0.167864834412333,0.107666154804438,0.00377166478575216,0.866
"oracle",0,-0.400990901737854,NA,NA,NA,202608250030,"primary",0.8,0,0.176307189751907,0.185266199375296,0.165130647917771,0.167864834412333,0.107666154804438,0.00377166478575216,0.866
"over",1,0.0183109478247691,1,3,TRUE,202608250030,"primary",0.8,0,0.176307189751907,0.185266199375296,0.165130647917771,0.167864834412333,0.107666154804438,0.00377166478575216,0.866
"raw",0.4,-0.00895900962338919,1,3,TRUE,202608250030,"primary",0.8,0,0.176307189751907,0.185266199375296,0.165130647917771,0.167864834412333,0.107666154804438,0.00377166478575216,0.866
"cw",1,0.0120561864680645,1,3,TRUE,202608250031,"primary",0.9,0,0.160502567572809,0.185527541081625,0.181902275432635,0.154600810801214,0.0950121952287004,-0.00687191221389732,1.251
"gini",0.316666666666667,-0.0258215008537316,1,3,TRUE,202608250031,"primary",0.9,0,0.160502567572809,0.185527541081625,0.181902275432635,0.154600810801214,0.0950121952287004,-0.00687191221389732,1.251
"oracle",0,-0.347105956777502,NA,NA,NA,202608250031,"primary",0.9,0,0.160502567572809,0.185527541081625,0.181902275432635,0.154600810801214,0.0950121952287004,-0.00687191221389732,1.251
"over",1,0.0147796437110597,1,3,TRUE,202608250031,"primary",0.9,0,0.160502567572809,0.185527541081625,0.181902275432635,0.154600810801214,0.0950121952287004,-0.00687191221389732,1.251
"raw",0.333333333333333,-0.0250249735088163,1,3,TRUE,202608250031,"primary",0.9,0,0.160502567572809,0.185527541081625,0.181902275432635,0.154600810801214,0.0950121952287004,-0.00687191221389732,1.251
"cw",1,0.0085146368483757,0.614886731391586,3,FALSE,202608250032,"primary",0.4,0,0.134262928697281,0.144417521927433,0.171060609867703,0.167957688692095,0.0790272169562505,-0.0191697168278691,1.002
"gini",0.45,-0.00858814514614649,0.792079207920792,3,FALSE,202608250032,"primary",0.4,0,0.134262928697281,0.144417521927433,0.171060609867703,0.167957688692095,0.0790272169562505,-0.0191697168278691,1.002
"oracle",0,-0.402844385490886,NA,NA,NA,202608250032,"primary",0.4,0,0.134262928697281,0.144417521927433,0.171060609867703,0.167957688692095,0.0790272169562505,-0.0191697168278691,1.002
"over",1,0.0102874733296399,0.614886731391586,3,FALSE,202608250032,"primary",0.4,0,0.134262928697281,0.144417521927433,0.171060609867703,0.167957688692095,0.0790272169562505,-0.0191697168278691,1.002
"raw",0.466666666666667,-0.0101545932301514,0.792079207920792,3,FALSE,202608250032,"primary",0.4,0,0.134262928697281,0.144417521927433,0.171060609867703,0.167957688692095,0.0790272169562505,-0.0191697168278691,1.002
"cw",1,0.0163917980960142,1,3,TRUE,202608250033,"primary",0.9,0,0.184795033928694,0.173942939862806,0.168938526171607,0.174392012958073,0.112924568891308,-0.00858457237050603,0.406
"gini",0.55,0.00795437233780066,1,3,TRUE,202608250033,"primary",0.9,0,0.184795033928694,0.173942939862806,0.168938526171607,0.174392012958073,0.112924568891308,-0.00858457237050603,0.406
"oracle",0,-0.338092164895111,NA,NA,NA,202608250033,"primary",0.9,0,0.184795033928694,0.173942939862806,0.168938526171607,0.174392012958073,0.112924568891308,-0.00858457237050603,0.406
"over",1,0.0196967127382165,1,3,TRUE,202608250033,"primary",0.9,0,0.184795033928694,0.173942939862806,0.168938526171607,0.174392012958073,0.112924568891308,-0.00858457237050603,0.406
"raw",0.516666666666667,0.0108520940658876,1,3,TRUE,202608250033,"primary",0.9,0,0.184795033928694,0.173942939862806,0.168938526171607,0.174392012958073,0.112924568891308,-0.00858457237050603,0.406
"cw",1,0.0078680655704914,0.792079207920792,3,FALSE,202608250034,"primary",0.4,0,0.128929150445236,0.183649901324358,0.172396535077754,0.154634677082458,0.0769650732036579,-0.0148139259104596,0.493
"gini",0.15,-0.0485401849482401,0.792079207920792,3,FALSE,202608250034,"primary",0.4,0,0.128929150445236,0.183649901324358,0.172396535077754,0.154634677082458,0.0769650732036579,-0.0148139259104596,0.493
"oracle",0,-0.411830564513768,NA,NA,NA,202608250034,"primary",0.4,0,0.128929150445236,0.183649901324358,0.172396535077754,0.154634677082458,0.0769650732036579,-0.0148139259104596,0.493
"over",1,0.00950848967505768,0.792079207920792,3,FALSE,202608250034,"primary",0.4,0,0.128929150445236,0.183649901324358,0.172396535077754,0.154634677082458,0.0769650732036579,-0.0148139259104596,0.493
"raw",0.15,-0.0547207508791213,0.792079207920792,3,FALSE,202608250034,"primary",0.4,0,0.128929150445236,0.183649901324358,0.172396535077754,0.154634677082458,0.0769650732036579,-0.0148139259104596,0.493
"cw",1,0.0137948383638697,1,3,TRUE,202608250035,"primary",0.9,0,0.171174288077953,0.193416386270959,0.165850172661372,0.173357774219177,0.102175664902041,-0.00126539923778878,0.56
"gini",0.416666666666667,-0.0204975319200881,1,3,TRUE,202608250035,"primary",0.9,0,0.171174288077953,0.193416386270959,0.165850172661372,0.173357774219177,0.102175664902041,-0.00126539923778878,0.56
"oracle",0,-0.394961945115793,NA,NA,NA,202608250035,"primary",0.9,0,0.171174288077953,0.193416386270959,0.165850172661372,0.173357774219177,0.102175664902041,-0.00126539923778878,0.56
"over",1,0.0167196636173257,1,3,TRUE,202608250035,"primary",0.9,0,0.171174288077953,0.193416386270959,0.165850172661372,0.173357774219177,0.102175664902041,-0.00126539923778878,0.56
"raw",0.4,-0.0222420981930051,1,3,TRUE,202608250035,"primary",0.9,0,0.171174288077953,0.193416386270959,0.165850172661372,0.173357774219177,0.102175664902041,-0.00126539923778878,0.56
"cw",1,0.0220447184464837,1,3,TRUE,202608250036,"primary",0.9,0,0.211487290977854,0.158307627956935,0.167210110258134,0.162025510914649,0.12897686001647,-0.00625695370404333,0.655
"gini",0.6,0.038206321438568,1,3,TRUE,202608250036,"primary",0.9,0,0.211487290977854,0.158307627956935,0.167210110258134,0.162025510914649,0.12897686001647,-0.00625695370404333,0.655
"oracle",0,-0.365252359217767,NA,NA,NA,202608250036,"primary",0.9,0,0.211487290977854,0.158307627956935,0.167210110258134,0.162025510914649,0.12897686001647,-0.00625695370404333,0.655
"over",1,0.0267348313501995,1,3,TRUE,202608250036,"primary",0.9,0,0.211487290977854,0.158307627956935,0.167210110258134,0.162025510914649,0.12897686001647,-0.00625695370404333,0.655
"raw",0.633333333333333,0.0531796630209188,1,3,TRUE,202608250036,"primary",0.9,0,0.211487290977854,0.158307627956935,0.167210110258134,0.162025510914649,0.12897686001647,-0.00625695370404333,0.655
"cw",1,0.0122330557612218,1,3,TRUE,202608250037,"primary",0.9,0,0.159165014050282,0.18651314055278,0.17694251112703,0.172745113075002,0.0949176865804485,-0.00881584987744516,0.538
"gini",0.333333333333333,-0.0253239199946708,1,3,TRUE,202608250037,"primary",0.9,0,0.159165014050282,0.18651314055278,0.17694251112703,0.172745113075002,0.0949176865804485,-0.00881584987744516,0.538
"oracle",0,-0.416565115592552,NA,NA,NA,202608250037,"primary",0.9,0,0.159165014050282,0.18651314055278,0.17694251112703,0.172745113075002,0.0949176865804485,-0.00881584987744516,0.538
"over",1,0.0149596904317015,1,3,TRUE,202608250037,"primary",0.9,0,0.159165014050282,0.18651314055278,0.17694251112703,0.172745113075002,0.0949176865804485,-0.00881584987744516,0.538
"raw",0.366666666666667,-0.0273481265024983,1,3,TRUE,202608250037,"primary",0.9,0,0.159165014050282,0.18651314055278,0.17694251112703,0.172745113075002,0.0949176865804485,-0.00881584987744516,0.538
"cw",0.933333333333333,0.01035114742128,0.792079207920792,3,FALSE,202608250038,"primary",0.6,0,0.159403952538225,0.201751581118698,0.191179384178875,0.173371444067452,0.0975334669564816,0.0121086292277085,0.515
"gini",0.283333333333333,-0.0389378284349016,0.792079207920792,3,FALSE,202608250038,"primary",0.6,0,0.159403952538225,0.201751581118698,0.191179384178875,0.173371444067452,0.0975334669564816,0.0121086292277085,0.515
"oracle",0,-0.472812981913292,NA,NA,NA,202608250038,"primary",0.6,0,0.159403952538225,0.201751581118698,0.191179384178875,0.173371444067452,0.0975334669564816,0.0121086292277085,0.515
"over",0.933333333333333,0.0129867418943879,0.792079207920792,3,FALSE,202608250038,"primary",0.6,0,0.159403952538225,0.201751581118698,0.191179384178875,0.173371444067452,0.0975334669564816,0.0121086292277085,0.515
"raw",0.316666666666667,-0.0423476285804729,0.792079207920792,3,FALSE,202608250038,"primary",0.6,0,0.159403952538225,0.201751581118698,0.191179384178875,0.173371444067452,0.0975334669564816,0.0121086292277085,0.515
"cw",1,0.0155924324795399,1,3,TRUE,202608250039,"primary",0.8,0,0.17456687159702,0.150350905805909,0.186579826237829,0.162061175469423,0.110058755557236,-0.00850972899515396,0.661999999999999
"gini",0.616666666666667,0.0149566353739537,1,3,TRUE,202608250039,"primary",0.8,0,0.17456687159702,0.150350905805909,0.186579826237829,0.162061175469423,0.110058755557236,-0.00850972899515396,0.661999999999999
"oracle",0,-0.360721582050662,NA,NA,NA,202608250039,"primary",0.8,0,0.17456687159702,0.150350905805909,0.186579826237829,0.162061175469423,0.110058755557236,-0.00850972899515396,0.661999999999999
"over",1,0.0191376059464434,1,3,TRUE,202608250039,"primary",0.8,0,0.17456687159702,0.150350905805909,0.186579826237829,0.162061175469423,0.110058755557236,-0.00850972899515396,0.661999999999999
"raw",0.633333333333333,0.0242159657911111,1,3,TRUE,202608250039,"primary",0.8,0,0.17456687159702,0.150350905805909,0.186579826237829,0.162061175469423,0.110058755557236,-0.00850972899515396,0.661999999999999
"cw",1,0.0130548212378154,1,3,TRUE,202608250040,"primary",0.9,0,0.187353067618523,0.237495441741168,0.184269146075083,0.163359054691388,0.11059332624965,0.0134680353883303,0.462
"gini",0.266666666666667,-0.04503385691968,1,3,TRUE,202608250040,"primary",0.9,0,0.187353067618523,0.237495441741168,0.184269146075083,0.163359054691388,0.11059332624965,0.0134680353883303,0.462
"oracle",0,-0.3586664547883,NA,NA,NA,202608250040,"primary",0.9,0,0.187353067618523,0.237495441741168,0.184269146075083,0.163359054691388,0.11059332624965,0.0134680353883303,0.462
"over",1,0.0159990022312457,1,3,TRUE,202608250040,"primary",0.9,0,0.187353067618523,0.237495441741168,0.184269146075083,0.163359054691388,0.11059332624965,0.0134680353883303,0.462
"raw",0.216666666666667,-0.0501423741226444,1,3,TRUE,202608250040,"primary",0.9,0,0.187353067618523,0.237495441741168,0.184269146075083,0.163359054691388,0.11059332624965,0.0134680353883303,0.462
"cw",0.983333333333333,0.00986565584721313,0.498442367601246,3,FALSE,202608250041,"primary",0.4,0,0.143958646870786,0.141266444599019,0.164152340342918,0.170086042598188,0.0830171695657519,-0.0139223952906539,0.51
"gini",0.516666666666667,0.00208894836402594,0.641025641025641,3,FALSE,202608250041,"primary",0.4,0,0.143958646870786,0.141266444599019,0.164152340342918,0.170086042598188,0.0830171695657519,-0.0139223952906539,0.51
"oracle",0,-0.426260576243693,NA,NA,NA,202608250041,"primary",0.4,0,0.143958646870786,0.141266444599019,0.164152340342918,0.170086042598188,0.0830171695657519,-0.0139223952906539,0.51
"over",0.983333333333333,0.0118631648874263,0.498442367601246,3,FALSE,202608250041,"primary",0.4,0,0.143958646870786,0.141266444599019,0.164152340342918,0.170086042598188,0.0830171695657519,-0.0139223952906539,0.51
"raw",0.533333333333333,0.00269220227176717,0.641025641025641,3,FALSE,202608250041,"primary",0.4,0,0.143958646870786,0.141266444599019,0.164152340342918,0.170086042598188,0.0830171695657519,-0.0139223952906539,0.51
"cw",1,0.0145960947968591,1,3,TRUE,202608250042,"primary",0.9,0,0.177238513983855,0.171907625213169,0.188256045900572,0.182359293009286,0.105284603298729,-0.00499688040527043,0.56
"gini",0.533333333333333,0.00325369011271168,1,3,TRUE,202608250042,"primary",0.9,0,0.177238513983855,0.171907625213169,0.188256045900572,0.182359293009286,0.105284603298729,-0.00499688040527043,0.56
"oracle",0,-0.338073371765213,NA,NA,NA,202608250042,"primary",0.9,0,0.177238513983855,0.171907625213169,0.188256045900572,0.182359293009286,0.105284603298729,-0.00499688040527043,0.56
"over",1,0.0179941487477556,1,3,TRUE,202608250042,"primary",0.9,0,0.177238513983855,0.171907625213169,0.188256045900572,0.182359293009286,0.105284603298729,-0.00499688040527043,0.56
"raw",0.533333333333333,0.00533088877068613,1,3,TRUE,202608250042,"primary",0.9,0,0.177238513983855,0.171907625213169,0.188256045900572,0.182359293009286,0.105284603298729,-0.00499688040527043,0.56
"cw",1,0.0127299895588858,1,3,TRUE,202608250043,"primary",0.9,0,0.175305499006227,0.196418421524081,0.177243845174217,0.170998186369394,0.103088477108292,0.0097213373629436,0.508
"gini",0.383333333333333,-0.0196991720846987,1,3,TRUE,202608250043,"primary",0.9,0,0.175305499006227,0.196418421524081,0.177243845174217,0.170998186369394,0.103088477108292,0.0097213373629436,0.508
"oracle",0,-0.347359652117833,NA,NA,NA,202608250043,"primary",0.9,0,0.175305499006227,0.196418421524081,0.177243845174217,0.170998186369394,0.103088477108292,0.0097213373629436,0.508
"over",1,0.015461425405387,1,3,TRUE,202608250043,"primary",0.9,0,0.175305499006227,0.196418421524081,0.177243845174217,0.170998186369394,0.103088477108292,0.0097213373629436,0.508
"raw",0.366666666666667,-0.0211129225178535,1,3,TRUE,202608250043,"primary",0.9,0,0.175305499006227,0.196418421524081,0.177243845174217,0.170998186369394,0.103088477108292,0.0097213373629436,0.508
"cw",1,0.00938579641156526,0.792079207920792,3,FALSE,202608250044,"primary",0.5,0,0.140903541784811,0.186772019677923,0.178671442663462,0.173150595940852,0.0786903066378834,-0.0155737454885472,0.96
"gini",0.383333333333333,-0.0414208225787437,0.641025641025641,3,FALSE,202608250044,"primary",0.5,0,0.140903541784811,0.186772019677923,0.178671442663462,0.173150595940852,0.0786903066378834,-0.0155737454885472,0.96
"oracle",0,-0.424616867310498,NA,NA,NA,202608250044,"primary",0.5,0,0.140903541784811,0.186772019677923,0.178671442663462,0.173150595940852,0.0786903066378834,-0.0155737454885472,0.96
"over",1,0.0115164352253642,0.792079207920792,3,FALSE,202608250044,"primary",0.5,0,0.140903541784811,0.186772019677923,0.178671442663462,0.173150595940852,0.0786903066378834,-0.0155737454885472,0.96
"raw",0.383333333333333,-0.0458684778931116,0.641025641025641,3,FALSE,202608250044,"primary",0.5,0,0.140903541784811,0.186772019677923,0.178671442663462,0.173150595940852,0.0786903066378834,-0.0155737454885472,0.96
"cw",1,0.0168744384259246,1,3,TRUE,202608250045,"primary",0.9,0,0.200192843520699,0.216548551757664,0.146608246388354,0.153434969150408,0.117201581789788,0.0164529572300464,0.822
"gini",0.416666666666667,-0.0123058072282453,1,3,TRUE,202608250045,"primary",0.9,0,0.200192843520699,0.216548551757664,0.146608246388354,0.153434969150408,0.117201581789788,0.0164529572300464,0.822
"oracle",0,-0.303109866611444,NA,NA,NA,202608250045,"primary",0.9,0,0.200192843520699,0.216548551757664,0.146608246388354,0.153434969150408,0.117201581789788,0.0164529572300464,0.822
"over",1,0.0198042753490802,1,3,TRUE,202608250045,"primary",0.9,0,0.200192843520699,0.216548551757664,0.146608246388354,0.153434969150408,0.117201581789788,0.0164529572300464,0.822
"raw",0.35,-0.0163557082369651,1,3,TRUE,202608250045,"primary",0.9,0,0.200192843520699,0.216548551757664,0.146608246388354,0.153434969150408,0.117201581789788,0.0164529572300464,0.822
"cw",0.983333333333333,0.00757296357072638,1,3,TRUE,202608250046,"primary",0.9,0,0.134001878877561,0.132693337048144,0.187467534351174,0.16899156208495,0.0778128291217415,0.00121610143450501,0.563
"gini",0.533333333333333,-0.00277122998351358,1,3,TRUE,202608250046,"primary",0.9,0,0.134001878877561,0.132693337048144,0.187467534351174,0.16899156208495,0.0778128291217415,0.00121610143450501,0.563
"oracle",0,-0.43627704036573,NA,NA,NA,202608250046,"primary",0.9,0,0.134001878877561,0.132693337048144,0.187467534351174,0.16899156208495,0.0778128291217415,0.00121610143450501,0.563
"over",0.983333333333333,0.00934083964661751,1,3,TRUE,202608250046,"primary",0.9,0,0.134001878877561,0.132693337048144,0.187467534351174,0.16899156208495,0.0778128291217415,0.00121610143450501,0.563
"raw",0.5,0.00130854182941759,1,3,TRUE,202608250046,"primary",0.9,0,0.134001878877561,0.132693337048144,0.187467534351174,0.16899156208495,0.0778128291217415,0.00121610143450501,0.563
"cw",0.95,0.0137494916049011,0.792079207920792,3,TRUE,202608250047,"primary",0.8,0,0.180906629112924,0.226001871721525,0.190269586208518,0.165350083331308,0.11231167821001,0.00588612828510436,0.453
"gini",0.366666666666667,-0.0411564988216754,0.774193548387097,4,FALSE,202608250047,"primary",0.8,0,0.180906629112924,0.226001871721525,0.190269586208518,0.165350083331308,0.11231167821001,0.00588612828510436,0.453
"oracle",0,-0.379222707983982,NA,NA,NA,202608250047,"primary",0.8,0,0.180906629112924,0.226001871721525,0.190269586208518,0.165350083331308,0.11231167821001,0.00588612828510436,0.453
"over",0.95,0.0170725094407786,0.792079207920792,3,TRUE,202608250047,"primary",0.8,0,0.180906629112924,0.226001871721525,0.190269586208518,0.165350083331308,0.11231167821001,0.00588612828510436,0.453
"raw",0.4,-0.0450952426086015,0.774193548387097,4,FALSE,202608250047,"primary",0.8,0,0.180906629112924,0.226001871721525,0.190269586208518,0.165350083331308,0.11231167821001,0.00588612828510436,0.453
"cw",1,0.0103923980460453,1,3,TRUE,202608250048,"primary",0.8,0,0.160278965423904,0.197131659168443,0.152759322820794,0.157022795978374,0.0926061318439101,0.00907138340921279,0.654
"gini",0.25,-0.0309487710505108,1,3,TRUE,202608250048,"primary",0.8,0,0.160278965423904,0.197131659168443,0.152759322820794,0.157022795978374,0.0926061318439101,0.00907138340921279,0.654
"oracle",0,-0.407953540366057,NA,NA,NA,202608250048,"primary",0.8,0,0.160278965423904,0.197131659168443,0.152759322820794,0.157022795978374,0.0926061318439101,0.00907138340921279,0.654
"over",1,0.0122692038815394,1,3,TRUE,202608250048,"primary",0.8,0,0.160278965423904,0.197131659168443,0.152759322820794,0.157022795978374,0.0926061318439101,0.00907138340921279,0.654
"raw",0.25,-0.0368526937445398,1,3,TRUE,202608250048,"primary",0.8,0,0.160278965423904,0.197131659168443,0.152759322820794,0.157022795978374,0.0926061318439101,0.00907138340921279,0.654
"cw",1,0.0122369675577187,1,3,TRUE,202608250049,"primary",0.9,0,0.172231209700326,0.245939415088744,0.165207568524624,0.164810247189801,0.101727731575714,0.0110139846553358,0.574
"gini",0.116666666666667,-0.0613322754722538,1,3,TRUE,202608250049,"primary",0.9,0,0.172231209700326,0.245939415088744,0.165207568524624,0.164810247189801,0.101727731575714,0.0110139846553358,0.574
"oracle",0,-0.420597742038607,NA,NA,NA,202608250049,"primary",0.9,0,0.172231209700326,0.245939415088744,0.165207568524624,0.164810247189801,0.101727731575714,0.0110139846553358,0.574
"over",1,0.0145537648421538,1,3,TRUE,202608250049,"primary",0.9,0,0.172231209700326,0.245939415088744,0.165207568524624,0.164810247189801,0.101727731575714,0.0110139846553358,0.574
"raw",0.0666666666666667,-0.0737082053884184,1,3,TRUE,202608250049,"primary",0.9,0,0.172231209700326,0.245939415088744,0.165207568524624,0.164810247189801,0.101727731575714,0.0110139846553358,0.574
"cw",1,0.0187894800140584,1,3,TRUE,202608250050,"primary",0.9,0,0.189184423943751,0.177568686925924,0.154276867124852,0.154078608677688,0.117551071595195,-0.0112280366599001,0.514
"gini",0.5,0.00947298971855526,1,3,TRUE,202608250050,"primary",0.9,0,0.189184423943751,0.177568686925924,0.154276867124852,0.154078608677688,0.117551071595195,-0.0112280366599001,0.514
"oracle",0,-0.348157462360071,NA,NA,NA,202608250050,"primary",0.9,0,0.189184423943751,0.177568686925924,0.154276867124852,0.154078608677688,0.117551071595195,-0.0112280366599001,0.514
"over",1,0.0223588372957919,1,3,TRUE,202608250050,"primary",0.9,0,0.189184423943751,0.177568686925924,0.154276867124852,0.154078608677688,0.117551071595195,-0.0112280366599001,0.514
"raw",0.516666666666667,0.011615737017827,1,3,TRUE,202608250050,"primary",0.9,0,0.189184423943751,0.177568686925924,0.154276867124852,0.154078608677688,0.117551071595195,-0.0112280366599001,0.514
"cw",0.966666666666667,0.0122832933877538,0.607260726072607,3,FALSE,202608250051,"primary",0.6,0,0.165032366865853,0.200710066768361,0.175627363018385,0.161804878321562,0.100138868665156,-0.00541768998895453,0.795
"gini",0.333333333333333,-0.034791190637031,0.607260726072607,3,FALSE,202608250051,"primary",0.6,0,0.165032366865853,0.200710066768361,0.175627363018385,0.161804878321562,0.100138868665156,-0.00541768998895453,0.795
"oracle",0,-0.408478810648692,NA,NA,NA,202608250051,"primary",0.6,0,0.165032366865853,0.200710066768361,0.175627363018385,0.161804878321562,0.100138868665156,-0.00541768998895453,0.795
"over",0.966666666666667,0.0150238328229582,0.607260726072607,3,FALSE,202608250051,"primary",0.6,0,0.165032366865853,0.200710066768361,0.175627363018385,0.161804878321562,0.100138868665156,-0.00541768998895453,0.795
"raw",0.366666666666667,-0.0356776999025084,0.607260726072607,3,FALSE,202608250051,"primary",0.6,0,0.165032366865853,0.200710066768361,0.175627363018385,0.161804878321562,0.100138868665156,-0.00541768998895453,0.795
"cw",0.95,0.0115446229895077,1,3,TRUE,202608250052,"primary",0.9,0,0.171306291600077,0.216061156689819,0.163608293102782,0.152022422228018,0.105287479400214,0.0166050068608816,0.805
"gini",0.25,-0.0392918492253781,1,3,TRUE,202608250052,"primary",0.9,0,0.171306291600077,0.216061156689819,0.163608293102782,0.152022422228018,0.105287479400214,0.0166050068608816,0.805
"oracle",0,-0.370983834855147,NA,NA,NA,202608250052,"primary",0.9,0,0.171306291600077,0.216061156689819,0.163608293102782,0.152022422228018,0.105287479400214,0.0166050068608816,0.805
"over",0.95,0.0138602703402003,1,3,TRUE,202608250052,"primary",0.9,0,0.171306291600077,0.216061156689819,0.163608293102782,0.152022422228018,0.105287479400214,0.0166050068608816,0.805
"raw",0.25,-0.0447548650897424,1,3,TRUE,202608250052,"primary",0.9,0,0.171306291600077,0.216061156689819,0.163608293102782,0.152022422228018,0.105287479400214,0.0166050068608816,0.805
"cw",1,0.011359608777583,1,3,TRUE,202608250053,"primary",0.9,0,0.158343247296784,0.14280250757163,0.170308207938922,0.158376545153627,0.0981581413853303,0.0163336737244534,0.679
"gini",0.583333333333333,0.0108716676771345,1,3,TRUE,202608250053,"primary",0.9,0,0.158343247296784,0.14280250757163,0.170308207938922,0.158376545153627,0.0981581413853303,0.0163336737244534,0.679
"oracle",0,-0.301237460889049,NA,NA,NA,202608250053,"primary",0.9,0,0.158343247296784,0.14280250757163,0.170308207938922,0.158376545153627,0.0981581413853303,0.0163336737244534,0.679
"over",1,0.013876429112077,1,3,TRUE,202608250053,"primary",0.9,0,0.158343247296784,0.14280250757163,0.170308207938922,0.158376545153627,0.0981581413853303,0.0163336737244534,0.679
"raw",0.6,0.0155407397251539,1,3,TRUE,202608250053,"primary",0.9,0,0.158343247296784,0.14280250757163,0.170308207938922,0.158376545153627,0.0981581413853303,0.0163336737244534,0.679
"cw",1,0.0104679313840139,1,3,TRUE,202608250054,"primary",0.9,0,0.150829827278541,0.185014223339107,0.200395677684492,0.155669913588976,0.0868740990527033,-0.0272992564635749,0.396
"gini",0.15,-0.034415351513487,1,3,TRUE,202608250054,"primary",0.9,0,0.150829827278541,0.185014223339107,0.200395677684492,0.155669913588976,0.0868740990527033,-0.0272992564635749,0.396
"oracle",0,-0.395644162475133,NA,NA,NA,202608250054,"primary",0.9,0,0.150829827278541,0.185014223339107,0.200395677684492,0.155669913588976,0.0868740990527033,-0.0272992564635749,0.396
"over",1,0.0130581165361442,1,3,TRUE,202608250054,"primary",0.9,0,0.150829827278541,0.185014223339107,0.200395677684492,0.155669913588976,0.0868740990527033,-0.0272992564635749,0.396
"raw",0.25,-0.0341843960605664,1,3,TRUE,202608250054,"primary",0.9,0,0.150829827278541,0.185014223339107,0.200395677684492,0.155669913588976,0.0868740990527033,-0.0272992564635749,0.396
"cw",0.966666666666667,0.0132866958919211,1,3,TRUE,202608250055,"primary",0.9,0,0.17535621726916,0.189201776844422,0.176571854647496,0.16215895764705,0.107810698479658,0.0128632975193527,0.51
"gini",0.416666666666667,-0.0173125444871285,1,3,TRUE,202608250055,"primary",0.9,0,0.17535621726916,0.189201776844422,0.176571854647496,0.16215895764705,0.107810698479658,0.0128632975193527,0.51
"oracle",0,-0.436643745559789,NA,NA,NA,202608250055,"primary",0.9,0,0.17535621726916,0.189201776844422,0.176571854647496,0.16215895764705,0.107810698479658,0.0128632975193527,0.51
"over",0.966666666666667,0.0162963105771408,1,3,TRUE,202608250055,"primary",0.9,0,0.17535621726916,0.189201776844422,0.176571854647496,0.16215895764705,0.107810698479658,0.0128632975193527,0.51
"raw",0.416666666666667,-0.0138455595752619,1,3,TRUE,202608250055,"primary",0.9,0,0.17535621726916,0.189201776844422,0.176571854647496,0.16215895764705,0.107810698479658,0.0128632975193527,0.51
"cw",1,0.014652050768901,1,3,TRUE,202608250056,"primary",0.9,0,0.186523783265886,0.160326416245654,0.185253035953014,0.180582022642207,0.112104699312462,0.00984982873587462,0.788
"gini",0.583333333333333,0.0181954850436273,1,3,TRUE,202608250056,"primary",0.9,0,0.186523783265886,0.160326416245654,0.185253035953014,0.180582022642207,0.112104699312462,0.00984982873587462,0.788
"oracle",0,-0.362175024394584,NA,NA,NA,202608250056,"primary",0.9,0,0.186523783265886,0.160326416245654,0.185253035953014,0.180582022642207,0.112104699312462,0.00984982873587462,0.788
"over",1,0.0181563848257371,1,3,TRUE,202608250056,"primary",0.9,0,0.186523783265886,0.160326416245654,0.185253035953014,0.180582022642207,0.112104699312462,0.00984982873587462,0.788
"raw",0.616666666666667,0.0261973670202329,1,3,TRUE,202608250056,"primary",0.9,0,0.186523783265886,0.160326416245654,0.185253035953014,0.180582022642207,0.112104699312462,0.00984982873587462,0.788
"cw",1,0.0101772671826646,1,3,TRUE,202608250057,"primary",0.9,0,0.15904917341753,0.208847022056707,0.163588666631447,0.169954229089899,0.0986304243393874,0.0153612952213084,0.441
"gini",0.183333333333333,-0.0397626170197723,1,3,TRUE,202608250057,"primary",0.9,0,0.15904917341753,0.208847022056707,0.163588666631447,0.169954229089899,0.0986304243393874,0.0153612952213084,0.441
"oracle",0,-0.327613888281102,NA,NA,NA,202608250057,"primary",0.9,0,0.15904917341753,0.208847022056707,0.163588666631447,0.169954229089899,0.0986304243393874,0.0153612952213084,0.441
"over",1,0.0121386752313311,1,3,TRUE,202608250057,"primary",0.9,0,0.15904917341753,0.208847022056707,0.163588666631447,0.169954229089899,0.0986304243393874,0.0153612952213084,0.441
"raw",0.166666666666667,-0.0497978486391777,1,3,TRUE,202608250057,"primary",0.9,0,0.15904917341753,0.208847022056707,0.163588666631447,0.169954229089899,0.0986304243393874,0.0153612952213084,0.441
"cw",1,0.0115821345893178,1,3,TRUE,202608250058,"primary",0.9,0,0.161564728775996,0.138079360900157,0.17425114939996,0.170400182096169,0.0920514787508643,-0.00263641629337269,0.665
"gini",0.55,0.0172364218550162,1,3,TRUE,202608250058,"primary",0.9,0,0.161564728775996,0.138079360900157,0.17425114939996,0.170400182096169,0.0920514787508643,-0.00263641629337269,0.665
"oracle",0,-0.359741421185379,NA,NA,NA,202608250058,"primary",0.9,0,0.161564728775996,0.138079360900157,0.17425114939996,0.170400182096169,0.0920514787508643,-0.00263641629337269,0.665
"over",1,0.0140848742809252,1,3,TRUE,202608250058,"primary",0.9,0,0.161564728775996,0.138079360900157,0.17425114939996,0.170400182096169,0.0920514787508643,-0.00263641629337269,0.665
"raw",0.55,0.0234853678758387,1,3,TRUE,202608250058,"primary",0.9,0,0.161564728775996,0.138079360900157,0.17425114939996,0.170400182096169,0.0920514787508643,-0.00263641629337269,0.665
"cw",0.916666666666667,0.00996412506769539,1,3,TRUE,202608250059,"primary",0.9,0,0.166585879405365,0.187778750717488,0.191515898993204,0.170182566948342,0.0994375088649785,0.0127957422490302,0.577
"gini",0.4,-0.0233533377190886,1,3,TRUE,202608250059,"primary",0.9,0,0.166585879405365,0.187778750717488,0.191515898993204,0.170182566948342,0.0994375088649785,0.0127957422490302,0.577
"oracle",0,-0.28541421168847,NA,NA,NA,202608250059,"primary",0.9,0,0.166585879405365,0.187778750717488,0.191515898993204,0.170182566948342,0.0994375088649785,0.0127957422490302,0.577
"over",0.916666666666667,0.0124682697021869,1,3,TRUE,202608250059,"primary",0.9,0,0.166585879405365,0.187778750717488,0.191515898993204,0.170182566948342,0.0994375088649785,0.0127957422490302,0.577
"raw",0.416666666666667,-0.021192871312123,1,3,TRUE,202608250059,"primary",0.9,0,0.166585879405365,0.187778750717488,0.191515898993204,0.170182566948342,0.0994375088649785,0.0127957422490302,0.577
"cw",1,0.0174777612465036,1,3,TRUE,202608250060,"primary",0.9,0,0.192791336450162,0.1707587846978,0.164071563096056,0.167921617413579,0.112714851322876,0.00106000954069241,0.498
"gini",0.65,0.0185237060689601,1,3,TRUE,202608250060,"primary",0.9,0,0.192791336450162,0.1707587846978,0.164071563096056,0.167921617413579,0.112714851322876,0.00106000954069241,0.498
"oracle",0.0166666666666667,-0.250652327059552,NA,NA,NA,202608250060,"primary",0.9,0,0.192791336450162,0.1707587846978,0.164071563096056,0.167921617413579,0.112714851322876,0.00106000954069241,0.498
"over",1,0.0209063882022312,1,3,TRUE,202608250060,"primary",0.9,0,0.192791336450162,0.1707587846978,0.164071563096056,0.167921617413579,0.112714851322876,0.00106000954069241,0.498
"raw",0.683333333333333,0.0220325517523616,1,3,TRUE,202608250060,"primary",0.9,0,0.192791336450162,0.1707587846978,0.164071563096056,0.167921617413579,0.112714851322876,0.00106000954069241,0.498
"cw",1,0.0177998611334077,1,3,TRUE,202608250061,"primary",0.9,0,0.18514916222373,0.20274454411836,0.13874991576381,0.166323795173133,0.113659498798161,-0.00689694650034187,0.69
"gini",0.366666666666667,-0.00952619386117265,1,3,TRUE,202608250061,"primary",0.9,0,0.18514916222373,0.20274454411836,0.13874991576381,0.166323795173133,0.113659498798161,-0.00689694650034187,0.69
"oracle",0,-0.309814190425938,NA,NA,NA,202608250061,"primary",0.9,0,0.18514916222373,0.20274454411836,0.13874991576381,0.166323795173133,0.113659498798161,-0.00689694650034187,0.69
"over",1,0.0206477671627577,1,3,TRUE,202608250061,"primary",0.9,0,0.18514916222373,0.20274454411836,0.13874991576381,0.166323795173133,0.113659498798161,-0.00689694650034187,0.69
"raw",0.366666666666667,-0.0175953818946304,1,3,TRUE,202608250061,"primary",0.9,0,0.18514916222373,0.20274454411836,0.13874991576381,0.166323795173133,0.113659498798161,-0.00689694650034187,0.69
"cw",0.766666666666667,0.00451656050667866,1,3,TRUE,202608250062,"primary",0.9,0,0.14578943311948,0.212058961336501,0.164165381633268,0.173624620490964,0.0839627884344732,0.0298107739202164,0.439
"gini",0.266666666666667,-0.0545519601996496,1,3,TRUE,202608250062,"primary",0.9,0,0.14578943311948,0.212058961336501,0.164165381633268,0.173624620490964,0.0839627884344732,0.0298107739202164,0.439
"oracle",0,-0.436524590167538,NA,NA,NA,202608250062,"primary",0.9,0,0.14578943311948,0.212058961336501,0.164165381633268,0.173624620490964,0.0839627884344732,0.0298107739202164,0.439
"over",0.766666666666667,0.00536161191195913,1,3,TRUE,202608250062,"primary",0.9,0,0.14578943311948,0.212058961336501,0.164165381633268,0.173624620490964,0.0839627884344732,0.0298107739202164,0.439
"raw",0.25,-0.0662695282170212,1,3,TRUE,202608250062,"primary",0.9,0,0.14578943311948,0.212058961336501,0.164165381633268,0.173624620490964,0.0839627884344732,0.0298107739202164,0.439
"cw",1,0.0122436216028004,1,3,TRUE,202608250063,"primary",0.9,0,0.159851379380643,0.178908717954005,0.170448180001869,0.16217765940914,0.0999408550150586,-0.0290489357902624,0.496
"gini",0.416666666666667,-0.0145847424029843,0.792079207920792,3,FALSE,202608250063,"primary",0.9,0,0.159851379380643,0.178908717954005,0.170448180001869,0.16217765940914,0.0999408550150586,-0.0290489357902624,0.496
"oracle",0,-0.377390339574558,NA,NA,NA,202608250063,"primary",0.9,0,0.159851379380643,0.178908717954005,0.170448180001869,0.16217765940914,0.0999408550150586,-0.0290489357902624,0.496
"over",1,0.0146980648568948,1,3,TRUE,202608250063,"primary",0.9,0,0.159851379380643,0.178908717954005,0.170448180001869,0.16217765940914,0.0999408550150586,-0.0290489357902624,0.496
"raw",0.4,-0.0190573385733616,0.792079207920792,3,FALSE,202608250063,"primary",0.9,0,0.159851379380643,0.178908717954005,0.170448180001869,0.16217765940914,0.0999408550150586,-0.0290489357902624,0.496
"cw",1,0.0113365821223866,1,3,TRUE,202608250064,"primary",0.7,0,0.158904201435617,0.231580663105825,0.205641251110514,0.15817810876839,0.0936326409630703,-0.00398478537041124,0.549
"gini",0.216666666666667,-0.0730861952238487,1,3,TRUE,202608250064,"primary",0.7,0,0.158904201435617,0.231580663105825,0.205641251110514,0.15817810876839,0.0936326409630703,-0.00398478537041124,0.549
"oracle",0,-0.373683847044832,NA,NA,NA,202608250064,"primary",0.7,0,0.158904201435617,0.231580663105825,0.205641251110514,0.15817810876839,0.0936326409630703,-0.00398478537041124,0.549
"over",1,0.0143643443027497,1,3,TRUE,202608250064,"primary",0.7,0,0.158904201435617,0.231580663105825,0.205641251110514,0.15817810876839,0.0936326409630703,-0.00398478537041124,0.549
"raw",0.2,-0.0726764616702072,1,3,TRUE,202608250064,"primary",0.7,0,0.158904201435617,0.231580663105825,0.205641251110514,0.15817810876839,0.0936326409630703,-0.00398478537041124,0.549
"cw",0.983333333333333,0.00752560858076663,0.792079207920792,3,FALSE,202608250065,"primary",0.6,0,0.130109901239322,0.176132650793606,0.177196648757369,0.153280922214833,0.0800290284952894,-0.0178836744884538,0.373
"gini",0.233333333333333,-0.0417800500831968,0.792079207920792,3,FALSE,202608250065,"primary",0.6,0,0.130109901239322,0.176132650793606,0.177196648757369,0.153280922214833,0.0800290284952894,-0.0178836744884538,0.373
"oracle",0,-0.480139121274983,NA,NA,NA,202608250065,"primary",0.6,0,0.130109901239322,0.176132650793606,0.177196648757369,0.153280922214833,0.0800290284952894,-0.0178836744884538,0.373
"over",0.983333333333333,0.00920138835982802,0.792079207920792,3,FALSE,202608250065,"primary",0.6,0,0.130109901239322,0.176132650793606,0.177196648757369,0.153280922214833,0.0800290284952894,-0.0178836744884538,0.373
"raw",0.283333333333333,-0.0460227495542842,0.792079207920792,3,FALSE,202608250065,"primary",0.6,0,0.130109901239322,0.176132650793606,0.177196648757369,0.153280922214833,0.0800290284952894,-0.0178836744884538,0.373
"cw",1,0.0187136527393227,1,3,TRUE,202608250066,"primary",0.9,0,0.193904372691109,0.177188484278757,0.165651812223822,0.150209940549374,0.119710432288252,-0.0094804452071159,0.389
"gini",0.533333333333333,0.0112767117944543,1,3,TRUE,202608250066,"primary",0.9,0,0.193904372691109,0.177188484278757,0.165651812223822,0.150209940549374,0.119710432288252,-0.0094804452071159,0.389
"oracle",0,-0.355745503569646,NA,NA,NA,202608250066,"primary",0.9,0,0.193904372691109,0.177188484278757,0.165651812223822,0.150209940549374,0.119710432288252,-0.0094804452071159,0.389
"over",1,0.0225301763579483,1,3,TRUE,202608250066,"primary",0.9,0,0.193904372691109,0.177188484278757,0.165651812223822,0.150209940549374,0.119710432288252,-0.0094804452071159,0.389
"raw",0.566666666666667,0.0167158884123516,1,3,TRUE,202608250066,"primary",0.9,0,0.193904372691109,0.177188484278757,0.165651812223822,0.150209940549374,0.119710432288252,-0.0094804452071159,0.389
"cw",0.916666666666667,0.00752146802082179,1,3,TRUE,202608250067,"primary",0.8,0,0.140934602321948,0.189249208647209,0.163668542412152,0.155067938526207,0.0791946086351424,0.00913262520148964,0.413
"gini",0.3,-0.0473509712998866,1,3,TRUE,202608250067,"primary",0.8,0,0.140934602321948,0.189249208647209,0.163668542412152,0.155067938526207,0.0791946086351424,0.00913262520148964,0.413
"oracle",0,-0.444858568514617,NA,NA,NA,202608250067,"primary",0.8,0,0.140934602321948,0.189249208647209,0.163668542412152,0.155067938526207,0.0791946086351424,0.00913262520148964,0.413
"over",0.916666666666667,0.00908056821045291,1,3,TRUE,202608250067,"primary",0.8,0,0.140934602321948,0.189249208647209,0.163668542412152,0.155067938526207,0.0791946086351424,0.00913262520148964,0.413
"raw",0.3,-0.048314606325261,1,3,TRUE,202608250067,"primary",0.8,0,0.140934602321948,0.189249208647209,0.163668542412152,0.155067938526207,0.0791946086351424,0.00913262520148964,0.413
"cw",1,0.00937978324983221,1,3,TRUE,202608250068,"primary",0.9,0,0.144749984022079,0.162289802290086,0.18599710555034,0.163127381859271,0.0869023893307588,-0.00162212096832249,0.546
"gini",0.4,-0.0208597979789751,1,3,TRUE,202608250068,"primary",0.9,0,0.144749984022079,0.162289802290086,0.18599710555034,0.163127381859271,0.0869023893307588,-0.00162212096832249,0.546
"oracle",0,-0.472965156446261,NA,NA,NA,202608250068,"primary",0.9,0,0.144749984022079,0.162289802290086,0.18599710555034,0.163127381859271,0.0869023893307588,-0.00162212096832249,0.546
"over",1,0.0116089725030748,1,3,TRUE,202608250068,"primary",0.9,0,0.144749984022079,0.162289802290086,0.18599710555034,0.163127381859271,0.0869023893307588,-0.00162212096832249,0.546
"raw",0.433333333333333,-0.0175398182680071,1,3,TRUE,202608250068,"primary",0.9,0,0.144749984022079,0.162289802290086,0.18599710555034,0.163127381859271,0.0869023893307588,-0.00162212096832249,0.546
"cw",0.933333333333333,0.00978815855788244,1,3,TRUE,202608250069,"primary",0.9,0,0.153167469243419,0.21169898023415,0.193219584103044,0.166447785958396,0.0950718402363783,0.00625515244895528,0.835
"gini",0.166666666666667,-0.0548672830412404,1,3,TRUE,202608250069,"primary",0.9,0,0.153167469243419,0.21169898023415,0.193219584103044,0.166447785958396,0.0950718402363783,0.00625515244895528,0.835
"oracle",0,-0.378176687392548,NA,NA,NA,202608250069,"primary",0.9,0,0.153167469243419,0.21169898023415,0.193219584103044,0.166447785958396,0.0950718402363783,0.00625515244895528,0.835
"over",0.933333333333333,0.0123864604809393,1,3,TRUE,202608250069,"primary",0.9,0,0.153167469243419,0.21169898023415,0.193219584103044,0.166447785958396,0.0950718402363783,0.00625515244895528,0.835
"raw",0.2,-0.0585315109907313,1,3,TRUE,202608250069,"primary",0.9,0,0.153167469243419,0.21169898023415,0.193219584103044,0.166447785958396,0.0950718402363783,0.00625515244895528,0.835
"cw",1,0.01616371073183,1,3,TRUE,202608250070,"primary",0.9,0,0.184947945315901,0.149389012895248,0.165511390043087,0.156103875209967,0.11484828649378,0.00329443265332313,0.426
"gini",0.616666666666667,0.0263167030011275,1,3,TRUE,202608250070,"primary",0.9,0,0.184947945315901,0.149389012895248,0.165511390043087,0.156103875209967,0.11484828649378,0.00329443265332313,0.426
"oracle",0.0166666666666667,-0.273402915859284,NA,NA,NA,202608250070,"primary",0.9,0,0.184947945315901,0.149389012895248,0.165511390043087,0.156103875209967,0.11484828649378,0.00329443265332313,0.426
"over",1,0.0193671036401889,1,3,TRUE,202608250070,"primary",0.9,0,0.184947945315901,0.149389012895248,0.165511390043087,0.156103875209967,0.11484828649378,0.00329443265332313,0.426
"raw",0.633333333333333,0.0355589324206531,1,3,TRUE,202608250070,"primary",0.9,0,0.184947945315901,0.149389012895248,0.165511390043087,0.156103875209967,0.11484828649378,0.00329443265332313,0.426
"cw",0.933333333333333,0.0109292068604772,1,3,TRUE,202608250071,"primary",0.9,0,0.160407858900646,0.171361772078002,0.165599775679718,0.173590830260065,0.0941579942877964,0.00180494483204991,0.437
"gini",0.45,-0.00855882008459677,1,3,TRUE,202608250071,"primary",0.9,0,0.160407858900646,0.171361772078002,0.165599775679718,0.173590830260065,0.0941579942877964,0.00180494483204991,0.437
"oracle",0,-0.385902883725575,NA,NA,NA,202608250071,"primary",0.9,0,0.160407858900646,0.171361772078002,0.165599775679718,0.173590830260065,0.0941579942877964,0.00180494483204991,0.437
"over",0.933333333333333,0.0131332110038259,1,3,TRUE,202608250071,"primary",0.9,0,0.160407858900646,0.171361772078002,0.165599775679718,0.173590830260065,0.0941579942877964,0.00180494483204991,0.437
"raw",0.466666666666667,-0.0109539131773562,1,3,TRUE,202608250071,"primary",0.9,0,0.160407858900646,0.171361772078002,0.165599775679718,0.173590830260065,0.0941579942877964,0.00180494483204991,0.437
"cw",1,0.010496573765597,0.792079207920792,3,FALSE,202608250072,"primary",0.6,0,0.161175197743953,0.185673293415313,0.19368541852695,0.178415064171867,0.0977893682613425,-0.00067939943960057,0.492
"gini",0.4,-0.0263579384813707,0.792079207920792,3,FALSE,202608250072,"primary",0.6,0,0.161175197743953,0.185673293415313,0.19368541852695,0.178415064171867,0.0977893682613425,-0.00067939943960057,0.492
"oracle",0,-0.429768095160845,NA,NA,NA,202608250072,"primary",0.6,0,0.161175197743953,0.185673293415313,0.19368541852695,0.178415064171867,0.0977893682613425,-0.00067939943960057,0.492
"over",1,0.0132233163245374,0.792079207920792,3,FALSE,202608250072,"primary",0.6,0,0.161175197743953,0.185673293415313,0.19368541852695,0.178415064171867,0.0977893682613425,-0.00067939943960057,0.492
"raw",0.383333333333333,-0.0244980956713593,0.792079207920792,3,FALSE,202608250072,"primary",0.6,0,0.161175197743953,0.185673293415313,0.19368541852695,0.178415064171867,0.0977893682613425,-0.00067939943960057,0.492
"cw",1,0.0114806484914056,0.498442367601246,3,FALSE,202608250073,"primary",0.4,0,0.150584647655057,0.146677556670424,0.186669425359994,0.163581308107229,0.0942102751301848,-0.0130266799459615,0.443
"gini",0.516666666666667,-0.00112891375694105,0.641025641025641,3,FALSE,202608250073,"primary",0.4,0,0.150584647655057,0.146677556670424,0.186669425359994,0.163581308107229,0.0942102751301848,-0.0130266799459615,0.443
"oracle",0,-0.419286875813708,NA,NA,NA,202608250073,"primary",0.4,0,0.150584647655057,0.146677556670424,0.186669425359994,0.163581308107229,0.0942102751301848,-0.0130266799459615,0.443
"over",1,0.0141397638799194,0.498442367601246,3,FALSE,202608250073,"primary",0.4,0,0.150584647655057,0.146677556670424,0.186669425359994,0.163581308107229,0.0942102751301848,-0.0130266799459615,0.443
"raw",0.533333333333333,0.00390709098463246,0.641025641025641,3,FALSE,202608250073,"primary",0.4,0,0.150584647655057,0.146677556670424,0.186669425359994,0.163581308107229,0.0942102751301848,-0.0130266799459615,0.443
"cw",1,0.0117771569629834,1,3,TRUE,202608250074,"primary",0.9,0,0.168857361374813,0.165757964498135,0.179553721252009,0.168225669418783,0.0928951219437915,-0.0185551835310628,0.537
"gini",0.516666666666667,4.51213760434555e-05,1,3,TRUE,202608250074,"primary",0.9,0,0.168857361374813,0.165757964498135,0.179553721252009,0.168225669418783,0.0928951219437915,-0.0185551835310628,0.537
"oracle",0,-0.465916053636503,NA,NA,NA,202608250074,"primary",0.9,0,0.168857361374813,0.165757964498135,0.179553721252009,0.168225669418783,0.0928951219437915,-0.0185551835310628,0.537
"over",1,0.0143591532016155,1,3,TRUE,202608250074,"primary",0.9,0,0.168857361374813,0.165757964498135,0.179553721252009,0.168225669418783,0.0928951219437915,-0.0185551835310628,0.537
"raw",0.516666666666667,0.00309939687667807,1,3,TRUE,202608250074,"primary",0.9,0,0.168857361374813,0.165757964498135,0.179553721252009,0.168225669418783,0.0928951219437915,-0.0185551835310628,0.537
"cw",1,0.00896256816026891,0.792079207920792,3,FALSE,202608250075,"primary",0.6,0,0.139258151987916,0.151627482695145,0.188153924280235,0.16760374993364,0.0833366616352977,-0.00801918407136974,0.370000000000001
"gini",0.45,-0.015825269249266,0.56957928802589,3,FALSE,202608250075,"primary",0.6,0,0.139258151987916,0.151627482695145,0.188153924280235,0.16760374993364,0.0833366616352977,-0.00801918407136974,0.370000000000001
"oracle",0,-0.347654899418992,NA,NA,NA,202608250075,"primary",0.6,0,0.139258151987916,0.151627482695145,0.188153924280235,0.16760374993364,0.0833366616352977,-0.00801918407136974,0.370000000000001
"over",1,0.0111645534686067,0.792079207920792,3,FALSE,202608250075,"primary",0.6,0,0.139258151987916,0.151627482695145,0.188153924280235,0.16760374993364,0.0833366616352977,-0.00801918407136974,0.370000000000001
"raw",0.45,-0.0123693307072293,0.792079207920792,3,FALSE,202608250075,"primary",0.6,0,0.139258151987916,0.151627482695145,0.188153924280235,0.16760374993364,0.0833366616352977,-0.00801918407136974,0.370000000000001
"cw",0.983333333333333,0.0122960615073592,1,3,TRUE,202608250076,"primary",0.9,0,0.176518700251396,0.175406444698812,0.183729634890561,0.174444328994147,0.103482303459876,0.00739397568110839,0.81
"gini",0.55,0.000586904338831878,1,3,TRUE,202608250076,"primary",0.9,0,0.176518700251396,0.175406444698812,0.183729634890561,0.174444328994147,0.103482303459876,0.00739397568110839,0.81
"oracle",0,-0.433041647529863,NA,NA,NA,202608250076,"primary",0.9,0,0.176518700251396,0.175406444698812,0.183729634890561,0.174444328994147,0.103482303459876,0.00739397568110839,0.81
"over",0.983333333333333,0.0149799524952907,1,3,TRUE,202608250076,"primary",0.9,0,0.176518700251396,0.175406444698812,0.183729634890561,0.174444328994147,0.103482303459876,0.00739397568110839,0.81
"raw",0.566666666666667,0.00111225555258429,1,3,TRUE,202608250076,"primary",0.9,0,0.176518700251396,0.175406444698812,0.183729634890561,0.174444328994147,0.103482303459876,0.00739397568110839,0.81
"cw",1,0.0119605592804235,1,3,TRUE,202608250077,"primary",0.9,0,0.167431945281638,0.130224387945773,0.179992832169112,0.165464103116174,0.0996045627378457,-0.00383513861903579,0.513
"gini",0.583333333333333,0.0280901624383675,1,3,TRUE,202608250077,"primary",0.9,0,0.167431945281638,0.130224387945773,0.179992832169112,0.165464103116174,0.0996045627378457,-0.00383513861903579,0.513
"oracle",0,-0.389470980407425,NA,NA,NA,202608250077,"primary",0.9,0,0.167431945281638,0.130224387945773,0.179992832169112,0.165464103116174,0.0996045627378457,-0.00383513861903579,0.513
"over",0.983333333333333,0.0145736740760048,1,3,TRUE,202608250077,"primary",0.9,0,0.167431945281638,0.130224387945773,0.179992832169112,0.165464103116174,0.0996045627378457,-0.00383513861903579,0.513
"raw",0.583333333333333,0.0372075573358646,1,3,TRUE,202608250077,"primary",0.9,0,0.167431945281638,0.130224387945773,0.179992832169112,0.165464103116174,0.0996045627378457,-0.00383513861903579,0.513
"cw",0.916666666666667,0.00684733872282582,0.792079207920792,3,FALSE,202608250078,"primary",0.6,0,0.131972294785353,0.229927747182369,0.162290395506034,0.179946534830047,0.0801650490564075,0.00467875548418932,0.453
"gini",0.1,-0.0777313567420478,0.792079207920792,3,FALSE,202608250078,"primary",0.6,0,0.131972294785353,0.229927747182369,0.162290395506034,0.179946534830047,0.0801650490564075,0.00467875548418932,0.453
"oracle",0,-0.453326635562541,NA,NA,NA,202608250078,"primary",0.6,0,0.131972294785353,0.229927747182369,0.162290395506034,0.179946534830047,0.0801650490564075,0.00467875548418932,0.453
"over",0.9,0.0080473301439297,0.792079207920792,3,FALSE,202608250078,"primary",0.6,0,0.131972294785353,0.229927747182369,0.162290395506034,0.179946534830047,0.0801650490564075,0.00467875548418932,0.453
"raw",0.0833333333333333,-0.0979554523970159,0.792079207920792,3,FALSE,202608250078,"primary",0.6,0,0.131972294785353,0.229927747182369,0.162290395506034,0.179946534830047,0.0801650490564075,0.00467875548418932,0.453
"cw",1,0.0086902890478937,1,3,TRUE,202608250079,"primary",0.8,0,0.130577907113871,0.147500509793842,0.16349477312536,0.167983791726244,0.0789904833758872,-0.00804859314374269,0.436
"gini",0.4,-0.014472139981368,1,3,TRUE,202608250079,"primary",0.8,0,0.130577907113871,0.147500509793842,0.16349477312536,0.167983791726244,0.0789904833758872,-0.00804859314374269,0.436
"oracle",0,-0.32649486627623,NA,NA,NA,202608250079,"primary",0.8,0,0.130577907113871,0.147500509793842,0.16349477312536,0.167983791726244,0.0789904833758872,-0.00804859314374269,0.436
"over",1,0.0103958593997482,1,3,TRUE,202608250079,"primary",0.8,0,0.130577907113871,0.147500509793842,0.16349477312536,0.167983791726244,0.0789904833758872,-0.00804859314374269,0.436
"raw",0.383333333333333,-0.0169226026799709,1,3,TRUE,202608250079,"primary",0.8,0,0.130577907113871,0.147500509793842,0.16349477312536,0.167983791726244,0.0789904833758872,-0.00804859314374269,0.436
"cw",0.983333333333333,0.0075635205010308,1,3,TRUE,202608250080,"primary",0.8,0,0.132770256421184,0.184464932522863,0.178271149220541,0.182113357832234,0.0751654948761705,-0.00465533289952907,0.479
"gini",0.25,-0.0420691086696835,1,3,TRUE,202608250080,"primary",0.8,0,0.132770256421184,0.184464932522863,0.178271149220541,0.182113357832234,0.0751654948761705,-0.00465533289952907,0.479
"oracle",0,-0.471257522858943,NA,NA,NA,202608250080,"primary",0.8,0,0.132770256421184,0.184464932522863,0.178271149220541,0.182113357832234,0.0751654948761705,-0.00465533289952907,0.479
"over",0.983333333333333,0.00916246597721995,1,3,TRUE,202608250080,"primary",0.8,0,0.132770256421184,0.184464932522863,0.178271149220541,0.182113357832234,0.0751654948761705,-0.00465533289952907,0.479
"raw",0.233333333333333,-0.0516946761016794,1,3,TRUE,202608250080,"primary",0.8,0,0.132770256421184,0.184464932522863,0.178271149220541,0.182113357832234,0.0751654948761705,-0.00465533289952907,0.479
"cw",0.966666666666667,0.00848768501358868,1,3,TRUE,202608250081,"primary",0.9,0,0.154704595062853,0.264034130491314,0.143196634006781,0.164402221019642,0.0932462679926583,0.0132291576293584,0.414
"gini",0.116666666666667,-0.0881463177512898,1,3,TRUE,202608250081,"primary",0.9,0,0.154704595062853,0.264034130491314,0.143196634006781,0.164402221019642,0.0932462679926583,0.0132291576293584,0.414
"oracle",0,-0.439792471849854,NA,NA,NA,202608250081,"primary",0.9,0,0.154704595062853,0.264034130491314,0.143196634006781,0.164402221019642,0.0932462679926583,0.0132291576293584,0.414
"over",0.95,0.00989892810554758,1,3,TRUE,202608250081,"primary",0.9,0,0.154704595062853,0.264034130491314,0.143196634006781,0.164402221019642,0.0932462679926583,0.0132291576293584,0.414
"raw",0.0833333333333333,-0.109329535428462,1,3,TRUE,202608250081,"primary",0.9,0,0.154704595062853,0.264034130491314,0.143196634006781,0.164402221019642,0.0932462679926583,0.0132291576293584,0.414
"cw",1,0.014966929631359,1,3,TRUE,202608250082,"primary",0.9,0,0.182703826504096,0.183154697598061,0.172945497066427,0.167097303341703,0.112900405327238,-0.000187140452754051,0.506
"gini",0.416666666666667,-0.000992514704129699,1,3,TRUE,202608250082,"primary",0.9,0,0.182703826504096,0.183154697598061,0.172945497066427,0.167097303341703,0.112900405327238,-0.000187140452754051,0.506
"oracle",0,-0.332964955390647,NA,NA,NA,202608250082,"primary",0.9,0,0.182703826504096,0.183154697598061,0.172945497066427,0.167097303341703,0.112900405327238,-0.000187140452754051,0.506
"over",1,0.0181306810161131,1,3,TRUE,202608250082,"primary",0.9,0,0.182703826504096,0.183154697598061,0.172945497066427,0.167097303341703,0.112900405327238,-0.000187140452754051,0.506
"raw",0.433333333333333,-0.000450871093964772,1,3,TRUE,202608250082,"primary",0.9,0,0.182703826504096,0.183154697598061,0.172945497066427,0.167097303341703,0.112900405327238,-0.000187140452754051,0.506
"cw",1,0.0112408866792066,1,3,TRUE,202608250083,"primary",0.9,0,0.145100635790522,0.147703699428009,0.140994301274279,0.145512809481798,0.0893459164315164,-0.0234147103524932,0.441
"gini",0.433333333333333,-0.000786056378950892,1,3,TRUE,202608250083,"primary",0.9,0,0.145100635790522,0.147703699428009,0.140994301274279,0.145512809481798,0.0893459164315164,-0.0234147103524932,0.441
"oracle",0,-0.397423870152798,NA,NA,NA,202608250083,"primary",0.9,0,0.145100635790522,0.147703699428009,0.140994301274279,0.145512809481798,0.0893459164315164,-0.0234147103524932,0.441
"over",1,0.0130800450559219,1,3,TRUE,202608250083,"primary",0.9,0,0.145100635790522,0.147703699428009,0.140994301274279,0.145512809481798,0.0893459164315164,-0.0234147103524932,0.441
"raw",0.466666666666667,-0.00260306363748686,1,3,TRUE,202608250083,"primary",0.9,0,0.145100635790522,0.147703699428009,0.140994301274279,0.145512809481798,0.0893459164315164,-0.0234147103524932,0.441
"cw",1,0.00471280161091311,0.641025641025641,3,FALSE,202608250084,"primary",0.4,0,0.103589299907283,0.131384521669501,0.167337189862622,0.156915426518354,0.0621478130335456,-0.0190667217166682,0.617
"gini",0.333333333333333,-0.0237939573627873,0.641025641025641,3,FALSE,202608250084,"primary",0.4,0,0.103589299907283,0.131384521669501,0.167337189862622,0.156915426518354,0.0621478130335456,-0.0190667217166682,0.617
"oracle",0,-0.478481355723869,NA,NA,NA,202608250084,"primary",0.4,0,0.103589299907283,0.131384521669501,0.167337189862622,0.156915426518354,0.0621478130335456,-0.0190667217166682,0.617
"over",1,0.00567492551323744,0.641025641025641,3,FALSE,202608250084,"primary",0.4,0,0.103589299907283,0.131384521669501,0.167337189862622,0.156915426518354,0.0621478130335456,-0.0190667217166682,0.617
"raw",0.35,-0.0277952217622188,0.641025641025641,3,FALSE,202608250084,"primary",0.4,0,0.103589299907283,0.131384521669501,0.167337189862622,0.156915426518354,0.0621478130335456,-0.0190667217166682,0.617
"cw",1,0.0182148744133252,1,3,TRUE,202608250085,"primary",0.9,0,0.195635908619651,0.160067567408634,0.162740878076543,0.167223794587482,0.119554449547255,-0.0126211652564726,0.667
"gini",0.7,0.0334524313870669,1,3,TRUE,202608250085,"primary",0.9,0,0.195635908619651,0.160067567408634,0.162740878076543,0.167223794587482,0.119554449547255,-0.0126211652564726,0.667
"oracle",0,-0.304340461628305,NA,NA,NA,202608250085,"primary",0.9,0,0.195635908619651,0.160067567408634,0.162740878076543,0.167223794587482,0.119554449547255,-0.0126211652564726,0.667
"over",1,0.0216004845708076,1,3,TRUE,202608250085,"primary",0.9,0,0.195635908619651,0.160067567408634,0.162740878076543,0.167223794587482,0.119554449547255,-0.0126211652564726,0.667
"raw",0.633333333333333,0.035568341211017,1,3,TRUE,202608250085,"primary",0.9,0,0.195635908619651,0.160067567408634,0.162740878076543,0.167223794587482,0.119554449547255,-0.0126211652564726,0.667
"cw",1,0.0186348742563547,1,3,TRUE,202608250086,"primary",0.9,0,0.216086811831837,0.183800871321696,0.199600837903643,0.165369619312739,0.127192073721573,0.019852533477274,0.476
"gini",0.65,0.0164946019400072,1,3,TRUE,202608250086,"primary",0.9,0,0.216086811831837,0.183800871321696,0.199600837903643,0.165369619312739,0.127192073721573,0.019852533477274,0.476
"oracle",0,-0.29116533373865,NA,NA,NA,202608250086,"primary",0.9,0,0.216086811831837,0.183800871321696,0.199600837903643,0.165369619312739,0.127192073721573,0.019852533477274,0.476
"over",1,0.0235735162333834,1,3,TRUE,202608250086,"primary",0.9,0,0.216086811831837,0.183800871321696,0.199600837903643,0.165369619312739,0.127192073721573,0.019852533477274,0.476
"raw",0.683333333333333,0.0322859405101411,1,3,TRUE,202608250086,"primary",0.9,0,0.216086811831837,0.183800871321696,0.199600837903643,0.165369619312739,0.127192073721573,0.019852533477274,0.476
"cw",0.933333333333333,0.00907716309967146,1,3,TRUE,202608250087,"primary",0.7,0,0.155577265198911,0.175225378645386,0.178789719065245,0.162988068423765,0.0924546483767586,0.011455976469327,0.502
"gini",0.416666666666667,-0.020017516501334,0.792079207920792,3,FALSE,202608250087,"primary",0.7,0,0.155577265198911,0.175225378645386,0.178789719065245,0.162988068423765,0.0924546483767586,0.011455976469327,0.502
"oracle",0,-0.403304306946032,NA,NA,NA,202608250087,"primary",0.7,0,0.155577265198911,0.175225378645386,0.178789719065245,0.162988068423765,0.0924546483767586,0.011455976469327,0.502
"over",0.933333333333333,0.0112682398742678,1,3,TRUE,202608250087,"primary",0.7,0,0.155577265198911,0.175225378645386,0.178789719065245,0.162988068423765,0.0924546483767586,0.011455976469327,0.502
"raw",0.45,-0.0196481134464749,0.792079207920792,3,FALSE,202608250087,"primary",0.7,0,0.155577265198911,0.175225378645386,0.178789719065245,0.162988068423765,0.0924546483767586,0.011455976469327,0.502
"cw",1,0.0251760264886116,1,3,TRUE,202608250088,"primary",0.9,0,0.223870390122773,0.149784801667442,0.161616006037556,0.15460310978685,0.138505609612369,0.00146719153775511,0.548999999999999
"gini",0.7,0.0588355001271905,1,3,TRUE,202608250088,"primary",0.9,0,0.223870390122773,0.149784801667442,0.161616006037556,0.15460310978685,0.138505609612369,0.00146719153775511,0.548999999999999
"oracle",0,-0.276806713064571,NA,NA,NA,202608250088,"primary",0.9,0,0.223870390122773,0.149784801667442,0.161616006037556,0.15460310978685,0.138505609612369,0.00146719153775511,0.548999999999999
"over",1,0.0301995442732494,1,3,TRUE,202608250088,"primary",0.9,0,0.223870390122773,0.149784801667442,0.161616006037556,0.15460310978685,0.138505609612369,0.00146719153775511,0.548999999999999
"raw",0.75,0.0740855884553309,1,3,TRUE,202608250088,"primary",0.9,0,0.223870390122773,0.149784801667442,0.161616006037556,0.15460310978685,0.138505609612369,0.00146719153775511,0.548999999999999
"cw",1,0.017394869944133,1,3,TRUE,202608250089,"primary",0.9,0,0.192591628654803,0.19588092882039,0.162096779221938,0.157142683792454,0.116385546480478,0.000438563377529565,0.532
"gini",0.533333333333333,-0.00767842777261987,1,3,TRUE,202608250089,"primary",0.9,0,0.192591628654803,0.19588092882039,0.162096779221938,0.157142683792454,0.116385546480478,0.000438563377529565,0.532
"oracle",0,-0.297075432424351,NA,NA,NA,202608250089,"primary",0.9,0,0.192591628654803,0.19588092882039,0.162096779221938,0.157142683792454,0.116385546480478,0.000438563377529565,0.532
"over",1,0.0207990233105405,1,3,TRUE,202608250089,"primary",0.9,0,0.192591628654803,0.19588092882039,0.162096779221938,0.157142683792454,0.116385546480478,0.000438563377529565,0.532
"raw",0.55,-0.00328930016558679,1,3,TRUE,202608250089,"primary",0.9,0,0.192591628654803,0.19588092882039,0.162096779221938,0.157142683792454,0.116385546480478,0.000438563377529565,0.532
"cw",1,0.0173838329223275,1,3,TRUE,202608250090,"primary",0.9,0,0.185545167924895,0.191905278115114,0.174915579318038,0.181297182059329,0.116148350074377,-0.0047997248864552,0.57
"gini",0.483333333333333,-0.00651413004528889,1,3,TRUE,202608250090,"primary",0.9,0,0.185545167924895,0.191905278115114,0.174915579318038,0.181297182059329,0.116148350074377,-0.0047997248864552,0.57
"oracle",0,-0.370492724827195,NA,NA,NA,202608250090,"primary",0.9,0,0.185545167924895,0.191905278115114,0.174915579318038,0.181297182059329,0.116148350074377,-0.0047997248864552,0.57
"over",1,0.0211554687679795,1,3,TRUE,202608250090,"primary",0.9,0,0.185545167924895,0.191905278115114,0.174915579318038,0.181297182059329,0.116148350074377,-0.0047997248864552,0.57
"raw",0.466666666666667,-0.00636011019021929,1,3,TRUE,202608250090,"primary",0.9,0,0.185545167924895,0.191905278115114,0.174915579318038,0.181297182059329,0.116148350074377,-0.0047997248864552,0.57
"cw",1,0.0168920030220682,1,3,TRUE,202608250091,"primary",0.9,0,0.183140305568899,0.1862362152302,0.170415893931497,0.152971507581763,0.1107501781851,-0.00923880274804501,0.627
"gini",0.483333333333333,-0.00762762418282087,0.792079207920792,3,FALSE,202608250091,"primary",0.9,0,0.183140305568899,0.1862362152302,0.170415893931497,0.152971507581763,0.1107501781851,-0.00923880274804501,0.627
"oracle",0,-0.355250535278625,NA,NA,NA,202608250091,"primary",0.9,0,0.183140305568899,0.1862362152302,0.170415893931497,0.152971507581763,0.1107501781851,-0.00923880274804501,0.627
"over",1,0.0205839398887941,1,3,TRUE,202608250091,"primary",0.9,0,0.183140305568899,0.1862362152302,0.170415893931497,0.152971507581763,0.1107501781851,-0.00923880274804501,0.627
"raw",0.5,-0.00309590966130094,0.792079207920792,3,FALSE,202608250091,"primary",0.9,0,0.183140305568899,0.1862362152302,0.170415893931497,0.152971507581763,0.1107501781851,-0.00923880274804501,0.627
"cw",0.95,0.00568054598268035,1,3,TRUE,202608250092,"primary",0.8,0,0.12518283040987,0.181037881942476,0.173325090289802,0.163298797860337,0.0720776503464226,0.00260056087973472,0.427
"gini",0.333333333333333,-0.0483926986839683,1,3,TRUE,202608250092,"primary",0.8,0,0.12518283040987,0.181037881942476,0.173325090289802,0.163298797860337,0.0720776503464226,0.00260056087973472,0.427
"oracle",0,-0.397919817124128,NA,NA,NA,202608250092,"primary",0.8,0,0.12518283040987,0.181037881942476,0.173325090289802,0.163298797860337,0.0720776503464226,0.00260056087973472,0.427
"over",0.95,0.00686787887350344,1,3,TRUE,202608250092,"primary",0.8,0,0.12518283040987,0.181037881942476,0.173325090289802,0.163298797860337,0.0720776503464226,0.00260056087973472,0.427
"raw",0.283333333333333,-0.0558550515326062,1,3,TRUE,202608250092,"primary",0.8,0,0.12518283040987,0.181037881942476,0.173325090289802,0.163298797860337,0.0720776503464226,0.00260056087973472,0.427
"cw",1,0.021238332824555,1,3,TRUE,202608250093,"primary",0.9,0,0.210043354145827,0.166201949962724,0.158484039451085,0.16633872123581,0.126008931238819,-0.00289916199756649,0.422000000000001
"gini",0.733333333333333,0.0360079603329581,1,3,TRUE,202608250093,"primary",0.9,0,0.210043354145827,0.166201949962724,0.158484039451085,0.16633872123581,0.126008931238819,-0.00289916199756649,0.422000000000001
"oracle",0.0666666666666667,-0.263471068714792,NA,NA,NA,202608250093,"primary",0.9,0,0.210043354145827,0.166201949962724,0.158484039451085,0.16633872123581,0.126008931238819,-0.00289916199756649,0.422000000000001
"over",1,0.0251675776972759,1,3,TRUE,202608250093,"primary",0.9,0,0.210043354145827,0.166201949962724,0.158484039451085,0.16633872123581,0.126008931238819,-0.00289916199756649,0.422000000000001
"raw",0.716666666666667,0.0438414041831039,1,3,TRUE,202608250093,"primary",0.9,0,0.210043354145827,0.166201949962724,0.158484039451085,0.16633872123581,0.126008931238819,-0.00289916199756649,0.422000000000001
"cw",1,0.00858262644738283,0.792079207920792,3,FALSE,202608250094,"primary",0.6,0,0.133242071834601,0.161513002118426,0.167073247405934,0.145789718058243,0.0787259856640467,-0.01469955060592,0.718
"gini",0.416666666666667,-0.0308957743849854,0.792079207920792,3,FALSE,202608250094,"primary",0.6,0,0.133242071834601,0.161513002118426,0.167073247405934,0.145789718058243,0.0787259856640467,-0.01469955060592,0.718
"oracle",0,-0.416614757419063,NA,NA,NA,202608250094,"primary",0.6,0,0.133242071834601,0.161513002118426,0.167073247405934,0.145789718058243,0.0787259856640467,-0.01469955060592,0.718
"over",1,0.0104087245438232,0.792079207920792,3,FALSE,202608250094,"primary",0.6,0,0.133242071834601,0.161513002118426,0.167073247405934,0.145789718058243,0.0787259856640467,-0.01469955060592,0.718
"raw",0.416666666666667,-0.0282709302838254,0.792079207920792,3,FALSE,202608250094,"primary",0.6,0,0.133242071834601,0.161513002118426,0.167073247405934,0.145789718058243,0.0787259856640467,-0.01469955060592,0.718
"cw",1,0.0109736545324657,1,3,TRUE,202608250095,"primary",0.9,0,0.154259069849875,0.173177236461917,0.152841977592419,0.15717299291925,0.0969146162739433,0.00597309055197184,0.437
"gini",0.383333333333333,-0.0163493027267472,1,3,TRUE,202608250095,"primary",0.9,0,0.154259069849875,0.173177236461917,0.152841977592419,0.15717299291925,0.0969146162739433,0.00597309055197184,0.437
"oracle",0,-0.380809364050042,NA,NA,NA,202608250095,"primary",0.9,0,0.154259069849875,0.173177236461917,0.152841977592419,0.15717299291925,0.0969146162739433,0.00597309055197184,0.437
"over",1,0.0130287165988814,1,3,TRUE,202608250095,"primary",0.9,0,0.154259069849875,0.173177236461917,0.152841977592419,0.15717299291925,0.0969146162739433,0.00597309055197184,0.437
"raw",0.366666666666667,-0.0189181666120415,1,3,TRUE,202608250095,"primary",0.9,0,0.154259069849875,0.173177236461917,0.152841977592419,0.15717299291925,0.0969146162739433,0.00597309055197184,0.437
"cw",0.983333333333333,0.00926520046709228,1,3,TRUE,202608250096,"primary",0.9,0,0.143727806900945,0.162030221416246,0.176505722763003,0.179783343616115,0.081904726626479,-0.018741373071953,0.453
"gini",0.433333333333333,-0.0157229261737092,1,3,TRUE,202608250096,"primary",0.9,0,0.143727806900945,0.162030221416246,0.176505722763003,0.179783343616115,0.081904726626479,-0.018741373071953,0.453
"oracle",0,-0.379113929065085,NA,NA,NA,202608250096,"primary",0.9,0,0.143727806900945,0.162030221416246,0.176505722763003,0.179783343616115,0.081904726626479,-0.018741373071953,0.453
"over",0.983333333333333,0.011271903817942,1,3,TRUE,202608250096,"primary",0.9,0,0.143727806900945,0.162030221416246,0.176505722763003,0.179783343616115,0.081904726626479,-0.018741373071953,0.453
"raw",0.416666666666667,-0.0183024145153013,1,3,TRUE,202608250096,"primary",0.9,0,0.143727806900945,0.162030221416246,0.176505722763003,0.179783343616115,0.081904726626479,-0.018741373071953,0.453
"cw",0.966666666666667,0.00532579802967836,1,3,TRUE,202608250097,"primary",0.8,0,0.116336531458753,0.155492999506576,0.161414524396691,0.154102628632102,0.067688587325896,0.00366007893380028,0.419
"gini",0.366666666666667,-0.0357201027716171,1,3,TRUE,202608250097,"primary",0.8,0,0.116336531458753,0.155492999506576,0.161414524396691,0.154102628632102,0.067688587325896,0.00366007893380028,0.419
"oracle",0,-0.492610938959188,NA,NA,NA,202608250097,"primary",0.8,0,0.116336531458753,0.155492999506576,0.161414524396691,0.154102628632102,0.067688587325896,0.00366007893380028,0.419
"over",0.983333333333333,0.00627178050139278,1,3,TRUE,202608250097,"primary",0.8,0,0.116336531458753,0.155492999506576,0.161414524396691,0.154102628632102,0.067688587325896,0.00366007893380028,0.419
"raw",0.366666666666667,-0.0391564680478229,1,3,TRUE,202608250097,"primary",0.8,0,0.116336531458753,0.155492999506576,0.161414524396691,0.154102628632102,0.067688587325896,0.00366007893380028,0.419
"cw",1,0.0186546010036188,1,3,TRUE,202608250098,"primary",0.9,0,0.20205149232795,0.154650698412557,0.169864800077627,0.162797154902195,0.118954706779377,-0.012657152440444,0.524
"gini",0.7,0.0387548874070952,1,3,TRUE,202608250098,"primary",0.9,0,0.20205149232795,0.154650698412557,0.169864800077627,0.162797154902195,0.118954706779377,-0.012657152440444,0.524
"oracle",0,-0.37265374402895,NA,NA,NA,202608250098,"primary",0.9,0,0.20205149232795,0.154650698412557,0.169864800077627,0.162797154902195,0.118954706779377,-0.012657152440444,0.524
"over",1,0.0223929948045939,1,3,TRUE,202608250098,"primary",0.9,0,0.20205149232795,0.154650698412557,0.169864800077627,0.162797154902195,0.118954706779377,-0.012657152440444,0.524
"raw",0.733333333333333,0.0474007939153935,1,3,TRUE,202608250098,"primary",0.9,0,0.20205149232795,0.154650698412557,0.169864800077627,0.162797154902195,0.118954706779377,-0.012657152440444,0.524
"cw",0.866666666666667,0.0047352072170605,1,3,TRUE,202608250099,"primary",0.8,0,0.127441432001107,0.189547012793933,0.182335138844363,0.175189732615405,0.0786536831435297,0.0209576662178552,0.399999999999999
"gini",0.283333333333333,-0.0531046331093815,1,3,TRUE,202608250099,"primary",0.8,0,0.127441432001107,0.189547012793933,0.182335138844363,0.175189732615405,0.0786536831435297,0.0209576662178552,0.399999999999999
"oracle",0,-0.456703326638616,NA,NA,NA,202608250099,"primary",0.8,0,0.127441432001107,0.189547012793933,0.182335138844363,0.175189732615405,0.0786536831435297,0.0209576662178552,0.399999999999999
"over",0.85,0.00584414819742681,1,3,TRUE,202608250099,"primary",0.8,0,0.127441432001107,0.189547012793933,0.182335138844363,0.175189732615405,0.0786536831435297,0.0209576662178552,0.399999999999999
"raw",0.283333333333333,-0.0621055807928254,1,3,TRUE,202608250099,"primary",0.8,0,0.127441432001107,0.189547012793933,0.182335138844363,0.175189732615405,0.0786536831435297,0.0209576662178552,0.399999999999999
"cw",1,0.0138902771928966,0.792079207920792,3,FALSE,202608250100,"primary",0.6,0,0.169505719202071,0.171304547900638,0.168440959157858,0.17193813335884,0.10309295508418,-0.0163706696148218,0.621
"gini",0.483333333333333,-0.00240433470450196,0.792079207920792,3,FALSE,202608250100,"primary",0.6,0,0.169505719202071,0.171304547900638,0.168440959157858,0.17193813335884,0.10309295508418,-0.0163706696148218,0.621
"oracle",0,-0.406036686374483,NA,NA,NA,202608250100,"primary",0.6,0,0.169505719202071,0.171304547900638,0.168440959157858,0.17193813335884,0.10309295508418,-0.0163706696148218,0.621
"over",1,0.0166993620240091,0.792079207920792,3,FALSE,202608250100,"primary",0.6,0,0.169505719202071,0.171304547900638,0.168440959157858,0.17193813335884,0.10309295508418,-0.0163706696148218,0.621
"raw",0.433333333333333,-0.00179882869856696,0.792079207920792,3,FALSE,202608250100,"primary",0.6,0,0.169505719202071,0.171304547900638,0.168440959157858,0.17193813335884,0.10309295508418,-0.0163706696148218,0.621
"cw",0.933333333333333,0.00807749203525363,0.774193548387097,4,FALSE,202608250101,"primary",0.6,0,0.137718104092424,0.230061372712689,0.16340077645456,0.147333824329348,0.0825526412042257,0.00689581550188706,0.709
"gini",0.183333333333333,-0.0818885720887461,0.56957928802589,3,FALSE,202608250101,"primary",0.6,0,0.137718104092424,0.230061372712689,0.16340077645456,0.147333824329348,0.0825526412042257,0.00689581550188706,0.709
"oracle",0,-0.409180160733398,NA,NA,NA,202608250101,"primary",0.6,0,0.137718104092424,0.230061372712689,0.16340077645456,0.147333824329348,0.0825526412042257,0.00689581550188706,0.709
"over",0.933333333333333,0.00967510802817727,0.774193548387097,4,FALSE,202608250101,"primary",0.6,0,0.137718104092424,0.230061372712689,0.16340077645456,0.147333824329348,0.0825526412042257,0.00689581550188706,0.709
"raw",0.2,-0.0923432686202654,0.56957928802589,3,FALSE,202608250101,"primary",0.6,0,0.137718104092424,0.230061372712689,0.16340077645456,0.147333824329348,0.0825526412042257,0.00689581550188706,0.709
"cw",0.9,0.0092703599109557,1,3,TRUE,202608250102,"primary",0.9,0,0.162556056624487,0.206019168999097,0.168764082215038,0.1796703635516,0.0997681737596548,0.0252180753374169,0.449
"gini",0.316666666666667,-0.0334616984896444,1,3,TRUE,202608250102,"primary",0.9,0,0.162556056624487,0.206019168999097,0.168764082215038,0.1796703635516,0.0997681737596548,0.0252180753374169,0.449
"oracle",0,-0.366676297280149,NA,NA,NA,202608250102,"primary",0.9,0,0.162556056624487,0.206019168999097,0.168764082215038,0.1796703635516,0.0997681737596548,0.0252180753374169,0.449
"over",0.9,0.0110503255614072,1,3,TRUE,202608250102,"primary",0.9,0,0.162556056624487,0.206019168999097,0.168764082215038,0.1796703635516,0.0997681737596548,0.0252180753374169,0.449
"raw",0.3,-0.0434631123746103,1,3,TRUE,202608250102,"primary",0.9,0,0.162556056624487,0.206019168999097,0.168764082215038,0.1796703635516,0.0997681737596548,0.0252180753374169,0.449
"cw",1,0.0142286728550791,0.792079207920792,3,FALSE,202608250103,"primary",0.6,0,0.171425814674366,0.129276548031715,0.17285873347025,0.156889409689654,0.105811099990993,-0.00356514701563378,0.48
"gini",0.616666666666667,0.031662998504585,0.792079207920792,3,FALSE,202608250103,"primary",0.6,0,0.171425814674366,0.129276548031715,0.17285873347025,0.156889409689654,0.105811099990993,-0.00356514701563378,0.48
"oracle",0.05,-0.295320489661778,NA,NA,NA,202608250103,"primary",0.6,0,0.171425814674366,0.129276548031715,0.17285873347025,0.156889409689654,0.105811099990993,-0.00356514701563378,0.48
"over",1,0.0172756546806112,0.792079207920792,3,FALSE,202608250103,"primary",0.6,0,0.171425814674366,0.129276548031715,0.17285873347025,0.156889409689654,0.105811099990993,-0.00356514701563378,0.48
"raw",0.683333333333333,0.0421492666426515,0.792079207920792,3,FALSE,202608250103,"primary",0.6,0,0.171425814674366,0.129276548031715,0.17285873347025,0.156889409689654,0.105811099990993,-0.00356514701563378,0.48
"cw",1,0.012329582598837,1,3,TRUE,202608250104,"primary",0.9,0,0.159086291184233,0.183315973661212,0.158248480547635,0.181262428180664,0.097658138675518,-0.00090359593412901,0.538
"gini",0.416666666666667,-0.0175979347343716,1,3,TRUE,202608250104,"primary",0.9,0,0.159086291184233,0.183315973661212,0.158248480547635,0.181262428180664,0.097658138675518,-0.00090359593412901,0.538
"oracle",0,-0.395152796422213,NA,NA,NA,202608250104,"primary",0.9,0,0.159086291184233,0.183315973661212,0.158248480547635,0.181262428180664,0.097658138675518,-0.00090359593412901,0.538
"over",1,0.0146221823023854,1,3,TRUE,202608250104,"primary",0.9,0,0.159086291184233,0.183315973661212,0.158248480547635,0.181262428180664,0.097658138675518,-0.00090359593412901,0.538
"raw",0.366666666666667,-0.0242296824769787,1,3,TRUE,202608250104,"primary",0.9,0,0.159086291184233,0.183315973661212,0.158248480547635,0.181262428180664,0.097658138675518,-0.00090359593412901,0.538
"cw",0.966666666666667,0.0072906259526103,1,3,TRUE,202608250105,"primary",0.9,0,0.123064811747701,0.192062557991691,0.152542325498217,0.159839726016704,0.0761656567664302,0.00371377948146397,0.673
"gini",0.216666666666667,-0.0592350837939452,1,3,TRUE,202608250105,"primary",0.9,0,0.123064811747701,0.192062557991691,0.152542325498217,0.159839726016704,0.0761656567664302,0.00371377948146397,0.673
"oracle",0,-0.428619049747289,NA,NA,NA,202608250105,"primary",0.9,0,0.123064811747701,0.192062557991691,0.152542325498217,0.159839726016704,0.0761656567664302,0.00371377948146397,0.673
"over",0.966666666666667,0.00863796405783047,1,3,TRUE,202608250105,"primary",0.9,0,0.123064811747701,0.192062557991691,0.152542325498217,0.159839726016704,0.0761656567664302,0.00371377948146397,0.673
"raw",0.216666666666667,-0.0689977462439895,1,3,TRUE,202608250105,"primary",0.9,0,0.123064811747701,0.192062557991691,0.152542325498217,0.159839726016704,0.0761656567664302,0.00371377948146397,0.673
"cw",1,0.0211991345849113,1,3,TRUE,202608250106,"primary",0.9,0,0.212373028271633,0.152145964884669,0.194402058579472,0.157308877319182,0.125562859700261,-0.024509893497716,0.467000000000001
"gini",0.683333333333333,0.0420230340328362,1,3,TRUE,202608250106,"primary",0.9,0,0.212373028271633,0.152145964884669,0.194402058579472,0.157308877319182,0.125562859700261,-0.024509893497716,0.467000000000001
"oracle",0,-0.357865069791362,NA,NA,NA,202608250106,"primary",0.9,0,0.212373028271633,0.152145964884669,0.194402058579472,0.157308877319182,0.125562859700261,-0.024509893497716,0.467000000000001
"over",1,0.0263097080559903,1,3,TRUE,202608250106,"primary",0.9,0,0.212373028271633,0.152145964884669,0.194402058579472,0.157308877319182,0.125562859700261,-0.024509893497716,0.467000000000001
"raw",0.8,0.0602270633869641,1,3,TRUE,202608250106,"primary",0.9,0,0.212373028271633,0.152145964884669,0.194402058579472,0.157308877319182,0.125562859700261,-0.024509893497716,0.467000000000001
"cw",0.95,0.0112126481499566,1,3,TRUE,202608250107,"primary",0.9,0,0.164599068532264,0.180699846929382,0.171082549690444,0.169398426751388,0.100546477353351,0.0124560597227733,0.5
"gini",0.466666666666667,-0.0161075577372067,1,3,TRUE,202608250107,"primary",0.9,0,0.164599068532264,0.180699846929382,0.171082549690444,0.169398426751388,0.100546477353351,0.0124560597227733,0.5
"oracle",0,-0.422469193684019,NA,NA,NA,202608250107,"primary",0.9,0,0.164599068532264,0.180699846929382,0.171082549690444,0.169398426751388,0.100546477353351,0.0124560597227733,0.5
"over",0.95,0.0136195729656751,1,3,TRUE,202608250107,"primary",0.9,0,0.164599068532264,0.180699846929382,0.171082549690444,0.169398426751388,0.100546477353351,0.0124560597227733,0.5
"raw",0.466666666666667,-0.0161007783971184,1,3,TRUE,202608250107,"primary",0.9,0,0.164599068532264,0.180699846929382,0.171082549690444,0.169398426751388,0.100546477353351,0.0124560597227733,0.5
"cw",1,0.0117416628046961,1,3,TRUE,202608250108,"primary",0.9,0,0.15949606608857,0.19337092704695,0.15641977275028,0.176141847197034,0.0952978610608486,-0.0120242648813454,0.6
"gini",0.4,-0.0243707435396525,1,3,TRUE,202608250108,"primary",0.9,0,0.15949606608857,0.19337092704695,0.15641977275028,0.176141847197034,0.0952978610608486,-0.0120242648813454,0.6
"oracle",0.0166666666666667,-0.290723510359238,NA,NA,NA,202608250108,"primary",0.9,0,0.15949606608857,0.19337092704695,0.15641977275028,0.176141847197034,0.0952978610608486,-0.0120242648813454,0.6
"over",1,0.013869720819416,1,3,TRUE,202608250108,"primary",0.9,0,0.15949606608857,0.19337092704695,0.15641977275028,0.176141847197034,0.0952978610608486,-0.0120242648813454,0.6
"raw",0.333333333333333,-0.0338748609583795,1,3,TRUE,202608250108,"primary",0.9,0,0.15949606608857,0.19337092704695,0.15641977275028,0.176141847197034,0.0952978610608486,-0.0120242648813454,0.6
"cw",1,0.0172288789480755,1,3,TRUE,202608250109,"primary",0.9,0,0.194785885292315,0.132722724767878,0.204397046556421,0.197054787150609,0.118249632978499,0.00233821439967363,0.506
"gini",0.6,0.046672731015051,1,3,TRUE,202608250109,"primary",0.9,0,0.194785885292315,0.132722724767878,0.204397046556421,0.197054787150609,0.118249632978499,0.00233821439967363,0.506
"oracle",0,-0.33933630380165,NA,NA,NA,202608250109,"primary",0.9,0,0.194785885292315,0.132722724767878,0.204397046556421,0.197054787150609,0.118249632978499,0.00233821439967363,0.506
"over",1,0.0218083529842172,1,3,TRUE,202608250109,"primary",0.9,0,0.194785885292315,0.132722724767878,0.204397046556421,0.197054787150609,0.118249632978499,0.00233821439967363,0.506
"raw",0.633333333333333,0.0620631605244369,1,3,TRUE,202608250109,"primary",0.9,0,0.194785885292315,0.132722724767878,0.204397046556421,0.197054787150609,0.118249632978499,0.00233821439967363,0.506
"cw",0.983333333333333,0.00859937344114486,1,3,TRUE,202608250110,"primary",0.9,0,0.136296841451208,0.162814688109871,0.187408438123202,0.1668293527248,0.0838707251645977,-0.0132564356234932,0.545
"gini",0.35,-0.0234734205846331,1,3,TRUE,202608250110,"primary",0.9,0,0.136296841451208,0.162814688109871,0.187408438123202,0.1668293527248,0.0838707251645977,-0.0132564356234932,0.545
"oracle",0,-0.436642089487871,NA,NA,NA,202608250110,"primary",0.9,0,0.136296841451208,0.162814688109871,0.187408438123202,0.1668293527248,0.0838707251645977,-0.0132564356234932,0.545
"over",0.983333333333333,0.0106130495422228,1,3,TRUE,202608250110,"primary",0.9,0,0.136296841451208,0.162814688109871,0.187408438123202,0.1668293527248,0.0838707251645977,-0.0132564356234932,0.545
"raw",0.383333333333333,-0.0265178466586635,1,3,TRUE,202608250110,"primary",0.9,0,0.136296841451208,0.162814688109871,0.187408438123202,0.1668293527248,0.0838707251645977,-0.0132564356234932,0.545
"cw",1,0.010775521253357,1,3,TRUE,202608250111,"primary",0.9,0,0.16493553822218,0.204656778308163,0.171033251894708,0.143552981907824,0.100817119698526,0.0139667453929902,0.794
"gini",0.266666666666667,-0.040473555695177,1,3,TRUE,202608250111,"primary",0.9,0,0.16493553822218,0.204656778308163,0.171033251894708,0.143552981907824,0.100817119698526,0.0139667453929902,0.794
"oracle",0,-0.383313394976295,NA,NA,NA,202608250111,"primary",0.9,0,0.16493553822218,0.204656778308163,0.171033251894708,0.143552981907824,0.100817119698526,0.0139667453929902,0.794
"over",1,0.013212781541054,1,3,TRUE,202608250111,"primary",0.9,0,0.16493553822218,0.204656778308163,0.171033251894708,0.143552981907824,0.100817119698526,0.0139667453929902,0.794
"raw",0.266666666666667,-0.0397212400859831,1,3,TRUE,202608250111,"primary",0.9,0,0.16493553822218,0.204656778308163,0.171033251894708,0.143552981907824,0.100817119698526,0.0139667453929902,0.794
"cw",0.95,0.00872997679234974,1,3,TRUE,202608250112,"primary",0.9,0,0.158363135983564,0.201820915720274,0.182076324953904,0.140887452784503,0.09780405653027,0.0207857081080934,0.481000000000001
"gini",0.15,-0.0447318572992509,1,3,TRUE,202608250112,"primary",0.9,0,0.158363135983564,0.201820915720274,0.182076324953904,0.140887452784503,0.09780405653027,0.0207857081080934,0.481000000000001
"oracle",0,-0.33302970203171,NA,NA,NA,202608250112,"primary",0.9,0,0.158363135983564,0.201820915720274,0.182076324953904,0.140887452784503,0.09780405653027,0.0207857081080934,0.481000000000001
"over",0.95,0.0109024172171645,1,3,TRUE,202608250112,"primary",0.9,0,0.158363135983564,0.201820915720274,0.182076324953904,0.140887452784503,0.09780405653027,0.0207857081080934,0.481000000000001
"raw",0.183333333333333,-0.0434577797367093,1,3,TRUE,202608250112,"primary",0.9,0,0.158363135983564,0.201820915720274,0.182076324953904,0.140887452784503,0.09780405653027,0.0207857081080934,0.481000000000001
"cw",1,0.0143386468073264,1,3,TRUE,202608250113,"primary",0.9,0,0.172016378690511,0.158802913282257,0.185523110834391,0.163636145366086,0.103039116556078,-0.0064407172702526,0.381
"gini",0.533333333333333,0.00672614511607961,1,3,TRUE,202608250113,"primary",0.9,0,0.172016378690511,0.158802913282257,0.185523110834391,0.163636145366086,0.103039116556078,-0.0064407172702526,0.381
"oracle",0,-0.299218165118829,NA,NA,NA,202608250113,"primary",0.9,0,0.172016378690511,0.158802913282257,0.185523110834391,0.163636145366086,0.103039116556078,-0.0064407172702526,0.381
"over",1,0.0176751061291777,1,3,TRUE,202608250113,"primary",0.9,0,0.172016378690511,0.158802913282257,0.185523110834391,0.163636145366086,0.103039116556078,-0.0064407172702526,0.381
"raw",0.55,0.0132134654082538,1,3,TRUE,202608250113,"primary",0.9,0,0.172016378690511,0.158802913282257,0.185523110834391,0.163636145366086,0.103039116556078,-0.0064407172702526,0.381
"cw",1,0.0138257016675841,0.792079207920792,3,TRUE,202608250114,"primary",0.9,0,0.164658071040103,0.148940038077661,0.175189310101424,0.172549367051077,0.102373041629355,-0.0166052322911674,0.436999999999999
"gini",0.616666666666667,0.0113861062962594,0.792079207920792,3,TRUE,202608250114,"primary",0.9,0,0.164658071040103,0.148940038077661,0.175189310101424,0.172549367051077,0.102373041629355,-0.0166052322911674,0.436999999999999
"oracle",0,-0.337806398200119,NA,NA,NA,202608250114,"primary",0.9,0,0.164658071040103,0.148940038077661,0.175189310101424,0.172549367051077,0.102373041629355,-0.0166052322911674,0.436999999999999
"over",1,0.0167510166055591,0.792079207920792,3,TRUE,202608250114,"primary",0.9,0,0.164658071040103,0.148940038077661,0.175189310101424,0.172549367051077,0.102373041629355,-0.0166052322911674,0.436999999999999
"raw",0.6,0.0157180329624418,0.792079207920792,3,TRUE,202608250114,"primary",0.9,0,0.164658071040103,0.148940038077661,0.175189310101424,0.172549367051077,0.102373041629355,-0.0166052322911674,0.436999999999999
"cw",0.95,0.00708339572605668,1,3,TRUE,202608250115,"primary",0.9,0,0.147044644437389,0.20199910898397,0.164236713394714,0.165422529916545,0.0854137285746904,0.0186656764662434,0.534000000000001
"gini",0.25,-0.0470142713512384,1,3,TRUE,202608250115,"primary",0.9,0,0.147044644437389,0.20199910898397,0.164236713394714,0.165422529916545,0.0854137285746904,0.0186656764662434,0.534000000000001
"oracle",0,-0.473628874868546,NA,NA,NA,202608250115,"primary",0.9,0,0.147044644437389,0.20199910898397,0.164236713394714,0.165422529916545,0.0854137285746904,0.0186656764662434,0.534000000000001
"over",0.966666666666667,0.00844632769030804,1,3,TRUE,202608250115,"primary",0.9,0,0.147044644437389,0.20199910898397,0.164236713394714,0.165422529916545,0.0854137285746904,0.0186656764662434,0.534000000000001
"raw",0.2,-0.0549544645465812,1,3,TRUE,202608250115,"primary",0.9,0,0.147044644437389,0.20199910898397,0.164236713394714,0.165422529916545,0.0854137285746904,0.0186656764662434,0.534000000000001
"cw",1,0.0136999068060092,1,3,TRUE,202608250116,"primary",0.9,0,0.170019830223157,0.17662411407779,0.172396117980245,0.154242225089178,0.104511528905329,0.00279774287347961,0.719
"gini",0.45,-0.00991362676814006,1,3,TRUE,202608250116,"primary",0.9,0,0.170019830223157,0.17662411407779,0.172396117980245,0.154242225089178,0.104511528905329,0.00279774287347961,0.719
"oracle",0,-0.400848619269341,NA,NA,NA,202608250116,"primary",0.9,0,0.170019830223157,0.17662411407779,0.172396117980245,0.154242225089178,0.104511528905329,0.00279774287347961,0.719
"over",1,0.0165660055270358,1,3,TRUE,202608250116,"primary",0.9,0,0.170019830223157,0.17662411407779,0.172396117980245,0.154242225089178,0.104511528905329,0.00279774287347961,0.719
"raw",0.483333333333333,-0.00660428385463294,1,3,TRUE,202608250116,"primary",0.9,0,0.170019830223157,0.17662411407779,0.172396117980245,0.154242225089178,0.104511528905329,0.00279774287347961,0.719
"cw",0.966666666666667,0.00795320327755171,1,3,TRUE,202608250117,"primary",0.9,0,0.139464343085532,0.222093898250007,0.163423773714106,0.19326597829854,0.0903936216510565,0.0133528867874985,0.636
"gini",0.216666666666667,-0.0624804103695559,1,3,TRUE,202608250117,"primary",0.9,0,0.139464343085532,0.222093898250007,0.163423773714106,0.19326597829854,0.0903936216510565,0.0133528867874985,0.636
"oracle",0,-0.436943342622308,NA,NA,NA,202608250117,"primary",0.9,0,0.139464343085532,0.222093898250007,0.163423773714106,0.19326597829854,0.0903936216510565,0.0133528867874985,0.636
"over",0.933333333333333,0.00930981777482589,1,3,TRUE,202608250117,"primary",0.9,0,0.139464343085532,0.222093898250007,0.163423773714106,0.19326597829854,0.0903936216510565,0.0133528867874985,0.636
"raw",0.183333333333333,-0.0826295551644749,1,3,TRUE,202608250117,"primary",0.9,0,0.139464343085532,0.222093898250007,0.163423773714106,0.19326597829854,0.0903936216510565,0.0133528867874985,0.636
"cw",1,0.0123848061910906,1,3,TRUE,202608250118,"primary",0.9,0,0.170276737132662,0.156577656358697,0.157544677599642,0.171567836002898,0.101229284132813,0.0124701870688992,0.373
"gini",0.566666666666667,0.0141336276769699,1,3,TRUE,202608250118,"primary",0.9,0,0.170276737132662,0.156577656358697,0.157544677599642,0.171567836002898,0.101229284132813,0.0124701870688992,0.373
"oracle",0,-0.390191417860502,NA,NA,NA,202608250118,"primary",0.9,0,0.170276737132662,0.156577656358697,0.157544677599642,0.171567836002898,0.101229284132813,0.0124701870688992,0.373
"over",1,0.0146534494071236,1,3,TRUE,202608250118,"primary",0.9,0,0.170276737132662,0.156577656358697,0.157544677599642,0.171567836002898,0.101229284132813,0.0124701870688992,0.373
"raw",0.566666666666667,0.013699080773965,1,3,TRUE,202608250118,"primary",0.9,0,0.170276737132662,0.156577656358697,0.157544677599642,0.171567836002898,0.101229284132813,0.0124701870688992,0.373
"cw",0.983333333333333,0.0163664306283514,1,3,TRUE,202608250119,"primary",0.9,0,0.182000109017174,0.159526190959219,0.133287913108522,0.155093197863051,0.112614345019844,-0.0126941566406474,0.523
"gini",0.566666666666667,0.0250900494097505,1,3,TRUE,202608250119,"primary",0.9,0,0.182000109017174,0.159526190959219,0.133287913108522,0.155093197863051,0.112614345019844,-0.0126941566406474,0.523
"oracle",0,-0.315979223802108,NA,NA,NA,202608250119,"primary",0.9,0,0.182000109017174,0.159526190959219,0.133287913108522,0.155093197863051,0.112614345019844,-0.0126941566406474,0.523
"over",0.983333333333333,0.0186382438827149,1,3,TRUE,202608250119,"primary",0.9,0,0.182000109017174,0.159526190959219,0.133287913108522,0.155093197863051,0.112614345019844,-0.0126941566406474,0.523
"raw",0.533333333333333,0.0224739180579551,1,3,TRUE,202608250119,"primary",0.9,0,0.182000109017174,0.159526190959219,0.133287913108522,0.155093197863051,0.112614345019844,-0.0126941566406474,0.523
"cw",1,0.0139678158414621,0.792079207920792,3,FALSE,202608250120,"primary",0.6,0,0.167806081750817,0.18280341415345,0.178136126804419,0.167259352415309,0.100446549140794,-0.0113987588052675,0.484999999999999
"gini",0.383333333333333,-0.0156915210135712,0.792079207920792,3,FALSE,202608250120,"primary",0.6,0,0.167806081750817,0.18280341415345,0.178136126804419,0.167259352415309,0.100446549140794,-0.0113987588052675,0.484999999999999
"oracle",0,-0.441159462954808,NA,NA,NA,202608250120,"primary",0.6,0,0.167806081750817,0.18280341415345,0.178136126804419,0.167259352415309,0.100446549140794,-0.0113987588052675,0.484999999999999
"over",1,0.0169986127446494,0.792079207920792,3,FALSE,202608250120,"primary",0.6,0,0.167806081750817,0.18280341415345,0.178136126804419,0.167259352415309,0.100446549140794,-0.0113987588052675,0.484999999999999
"raw",0.383333333333333,-0.0149973324026326,0.792079207920792,3,FALSE,202608250120,"primary",0.6,0,0.167806081750817,0.18280341415345,0.178136126804419,0.167259352415309,0.100446549140794,-0.0113987588052675,0.484999999999999
"cw",1,0.0110828926767402,1,3,TRUE,202608250121,"primary",0.9,0,0.152804198209697,0.168454029550188,0.163711651865034,0.174671583358671,0.0888694596147018,-0.00489671241167704,0.588
"gini",0.466666666666667,-0.0134916306188764,1,3,TRUE,202608250121,"primary",0.9,0,0.152804198209697,0.168454029550188,0.163711651865034,0.174671583358671,0.0888694596147018,-0.00489671241167704,0.588
"oracle",0,-0.340941113096937,NA,NA,NA,202608250121,"primary",0.9,0,0.152804198209697,0.168454029550188,0.163711651865034,0.174671583358671,0.0888694596147018,-0.00489671241167704,0.588
"over",1,0.0132076268203245,1,3,TRUE,202608250121,"primary",0.9,0,0.152804198209697,0.168454029550188,0.163711651865034,0.174671583358671,0.0888694596147018,-0.00489671241167704,0.588
"raw",0.433333333333333,-0.0156498313404906,1,3,TRUE,202608250121,"primary",0.9,0,0.152804198209697,0.168454029550188,0.163711651865034,0.174671583358671,0.0888694596147018,-0.00489671241167704,0.588
"cw",0.95,0.0131383299589104,1,3,TRUE,202608250122,"primary",0.8,0,0.178510403075631,0.197524712711556,0.19423730341851,0.173906487436638,0.110429156896039,0.0166457064445874,0.734
"gini",0.4,-0.0216150147737079,1,3,TRUE,202608250122,"primary",0.8,0,0.178510403075631,0.197524712711556,0.19423730341851,0.173906487436638,0.110429156896039,0.0166457064445874,0.734
"oracle",0,-0.380341475676552,NA,NA,NA,202608250122,"primary",0.8,0,0.178510403075631,0.197524712711556,0.19423730341851,0.173906487436638,0.110429156896039,0.0166457064445874,0.734
"over",0.95,0.0168565313912337,1,3,TRUE,202608250122,"primary",0.8,0,0.178510403075631,0.197524712711556,0.19423730341851,0.173906487436638,0.110429156896039,0.0166457064445874,0.734
"raw",0.466666666666667,-0.0190143096359252,1,3,TRUE,202608250122,"primary",0.8,0,0.178510403075631,0.197524712711556,0.19423730341851,0.173906487436638,0.110429156896039,0.0166457064445874,0.734
"cw",0.966666666666667,0.00890464925074544,1,3,TRUE,202608250123,"primary",0.9,0,0.142133879435579,0.15338502850266,0.157864871097827,0.146081031891371,0.091075821988378,0.00463530544768988,0.67
"gini",0.466666666666667,-0.0119115847521715,1,3,TRUE,202608250123,"primary",0.9,0,0.142133879435579,0.15338502850266,0.157864871097827,0.146081031891371,0.091075821988378,0.00463530544768988,0.67
"oracle",0,-0.32495808296785,NA,NA,NA,202608250123,"primary",0.9,0,0.142133879435579,0.15338502850266,0.157864871097827,0.146081031891371,0.091075821988378,0.00463530544768988,0.67
"over",0.966666666666667,0.0106402311521677,1,3,TRUE,202608250123,"primary",0.9,0,0.142133879435579,0.15338502850266,0.157864871097827,0.146081031891371,0.091075821988378,0.00463530544768988,0.67
"raw",0.483333333333333,-0.0112511490670811,1,3,TRUE,202608250123,"primary",0.9,0,0.142133879435579,0.15338502850266,0.157864871097827,0.146081031891371,0.091075821988378,0.00463530544768988,0.67
"cw",1,0.00966803113817175,1,3,TRUE,202608250124,"primary",0.7,0,0.148516214422627,0.141259043857583,0.178957284195707,0.170678800322414,0.0881448396536181,-0.0100655060598459,0.407999999999999
"gini",0.45,0.00533322448517275,1,3,TRUE,202608250124,"primary",0.7,0,0.148516214422627,0.141259043857583,0.178957284195707,0.170678800322414,0.0881448396536181,-0.0100655060598459,0.407999999999999
"oracle",0,-0.369508044537964,NA,NA,NA,202608250124,"primary",0.7,0,0.148516214422627,0.141259043857583,0.178957284195707,0.170678800322414,0.0881448396536181,-0.0100655060598459,0.407999999999999
"over",1,0.0118347517885756,1,3,TRUE,202608250124,"primary",0.7,0,0.148516214422627,0.141259043857583,0.178957284195707,0.170678800322414,0.0881448396536181,-0.0100655060598459,0.407999999999999
"raw",0.45,0.0072571705650441,1,3,TRUE,202608250124,"primary",0.7,0,0.148516214422627,0.141259043857583,0.178957284195707,0.170678800322414,0.0881448396536181,-0.0100655060598459,0.407999999999999
"cw",0.716666666666667,0.00318538240244232,0.792079207920792,3,FALSE,202608250125,"primary",0.6,0,0.133176452015607,0.237200531725028,0.18013749349447,0.165694096129215,0.0783965714554845,0.0216098010862501,0.390000000000001
"gini",0.1,-0.0887434118456969,0.792079207920792,3,FALSE,202608250125,"primary",0.6,0,0.133176452015607,0.237200531725028,0.18013749349447,0.165694096129215,0.0783965714554845,0.0216098010862501,0.390000000000001
"oracle",0,-0.486098862120927,NA,NA,NA,202608250125,"primary",0.6,0,0.133176452015607,0.237200531725028,0.18013749349447,0.165694096129215,0.0783965714554845,0.0216098010862501,0.390000000000001
"over",0.7,0.00393551243509568,0.792079207920792,3,FALSE,202608250125,"primary",0.6,0,0.133176452015607,0.237200531725028,0.18013749349447,0.165694096129215,0.0783965714554845,0.0216098010862501,0.390000000000001
"raw",0.116666666666667,-0.104024079709421,0.792079207920792,3,FALSE,202608250125,"primary",0.6,0,0.133176452015607,0.237200531725028,0.18013749349447,0.165694096129215,0.0783965714554845,0.0216098010862501,0.390000000000001
"cw",0.983333333333333,0.0143059513824406,1,3,TRUE,202608250126,"primary",0.9,0,0.180527811797058,0.219616647453349,0.158301028060912,0.160128442474513,0.103641741370075,0.00311456079365794,0.681
"gini",0.333333333333333,-0.0312246511000247,1,3,TRUE,202608250126,"primary",0.9,0,0.180527811797058,0.219616647453349,0.158301028060912,0.160128442474513,0.103641741370075,0.00311456079365794,0.681
"oracle",0,-0.359060202207823,NA,NA,NA,202608250126,"primary",0.9,0,0.180527811797058,0.219616647453349,0.158301028060912,0.160128442474513,0.103641741370075,0.00311456079365794,0.681
"over",0.966666666666667,0.0170118166923902,1,3,TRUE,202608250126,"primary",0.9,0,0.180527811797058,0.219616647453349,0.158301028060912,0.160128442474513,0.103641741370075,0.00311456079365794,0.681
"raw",0.316666666666667,-0.0390888356562904,1,3,TRUE,202608250126,"primary",0.9,0,0.180527811797058,0.219616647453349,0.158301028060912,0.160128442474513,0.103641741370075,0.00311456079365794,0.681
"cw",1,0.0135332003603982,1,3,TRUE,202608250127,"primary",0.9,0,0.176575831564734,0.175351784441101,0.171608156681539,0.146350613058388,0.10037464504486,-0.00344918756834541,0.546
"gini",0.516666666666667,-0.00554816058773924,1,3,TRUE,202608250127,"primary",0.9,0,0.176575831564734,0.175351784441101,0.171608156681539,0.146350613058388,0.10037464504486,-0.00344918756834541,0.546
"oracle",0,-0.416492705028321,NA,NA,NA,202608250127,"primary",0.9,0,0.176575831564734,0.175351784441101,0.171608156681539,0.146350613058388,0.10037464504486,-0.00344918756834541,0.546
"over",1,0.0163422290873239,1,3,TRUE,202608250127,"primary",0.9,0,0.176575831564734,0.175351784441101,0.171608156681539,0.146350613058388,0.10037464504486,-0.00344918756834541,0.546
"raw",0.516666666666667,0.00122404712363228,1,3,TRUE,202608250127,"primary",0.9,0,0.176575831564734,0.175351784441101,0.171608156681539,0.146350613058388,0.10037464504486,-0.00344918756834541,0.546
"cw",0.983333333333333,0.00884197115114635,1,3,TRUE,202608250128,"primary",0.9,0,0.143521754366845,0.184236162312895,0.169063129471224,0.153394598958369,0.0854062510217785,0.0024371450412146,0.461
"gini",0.366666666666667,-0.0366235600105767,1,3,TRUE,202608250128,"primary",0.9,0,0.143521754366845,0.184236162312895,0.169063129471224,0.153394598958369,0.0854062510217785,0.0024371450412146,0.461
"oracle",0,-0.348946881156791,NA,NA,NA,202608250128,"primary",0.9,0,0.143521754366845,0.184236162312895,0.169063129471224,0.153394598958369,0.0854062510217785,0.0024371450412146,0.461
"over",0.983333333333333,0.0106320229171753,1,3,TRUE,202608250128,"primary",0.9,0,0.143521754366845,0.184236162312895,0.169063129471224,0.153394598958369,0.0854062510217785,0.0024371450412146,0.461
"raw",0.366666666666667,-0.0407144079460494,1,3,TRUE,202608250128,"primary",0.9,0,0.143521754366845,0.184236162312895,0.169063129471224,0.153394598958369,0.0854062510217785,0.0024371450412146,0.461
"cw",1,0.0150822355455794,1,3,TRUE,202608250129,"primary",0.9,0,0.171897712947052,0.166053297155416,0.184856163890228,0.17231839702767,0.103115037204097,-0.0199094109989008,0.406
"gini",0.533333333333333,0.00122248132870983,1,3,TRUE,202608250129,"primary",0.9,0,0.171897712947052,0.166053297155416,0.184856163890228,0.17231839702767,0.103115037204097,-0.0199094109989008,0.406
"oracle",0,-0.341337913923627,NA,NA,NA,202608250129,"primary",0.9,0,0.171897712947052,0.166053297155416,0.184856163890228,0.17231839702767,0.103115037204097,-0.0199094109989008,0.406
"over",1,0.0187450336965642,1,3,TRUE,202608250129,"primary",0.9,0,0.171897712947052,0.166053297155416,0.184856163890228,0.17231839702767,0.103115037204097,-0.0199094109989008,0.406
"raw",0.566666666666667,0.00584441579163641,1,3,TRUE,202608250129,"primary",0.9,0,0.171897712947052,0.166053297155416,0.184856163890228,0.17231839702767,0.103115037204097,-0.0199094109989008,0.406
"cw",1,0.0188942935851073,1,3,TRUE,202608250130,"primary",0.9,0,0.194267044453564,0.13792166417437,0.17066070571772,0.165567066217153,0.118859909393279,-0.0117181359056249,0.592
"gini",0.733333333333333,0.0468509161679793,1,3,TRUE,202608250130,"primary",0.9,0,0.194267044453564,0.13792166417437,0.17066070571772,0.165567066217153,0.118859909393279,-0.0117181359056249,0.592
"oracle",0,-0.280092570727551,NA,NA,NA,202608250130,"primary",0.9,0,0.194267044453564,0.13792166417437,0.17066070571772,0.165567066217153,0.118859909393279,-0.0117181359056249,0.592
"over",1,0.0228044648844799,1,3,TRUE,202608250130,"primary",0.9,0,0.194267044453564,0.13792166417437,0.17066070571772,0.165567066217153,0.118859909393279,-0.0117181359056249,0.592
"raw",0.75,0.0563453802791942,1,3,TRUE,202608250130,"primary",0.9,0,0.194267044453564,0.13792166417437,0.17066070571772,0.165567066217153,0.118859909393279,-0.0117181359056249,0.592
"cw",1,0.00997116918321294,1,3,TRUE,202608250131,"primary",0.9,0,0.148018113879566,0.18677627171638,0.197833549940108,0.160367486165072,0.088833644979457,-0.00470401456406445,0.375
"gini",0.2,-0.0378334412356056,1,3,TRUE,202608250131,"primary",0.9,0,0.148018113879566,0.18677627171638,0.197833549940108,0.160367486165072,0.088833644979457,-0.00470401456406445,0.375
"oracle",0,-0.379315546075183,NA,NA,NA,202608250131,"primary",0.9,0,0.148018113879566,0.18677627171638,0.197833549940108,0.160367486165072,0.088833644979457,-0.00470401456406445,0.375
"over",1,0.0125138896819833,1,3,TRUE,202608250131,"primary",0.9,0,0.148018113879566,0.18677627171638,0.197833549940108,0.160367486165072,0.088833644979457,-0.00470401456406445,0.375
"raw",0.25,-0.0387581578368142,1,3,TRUE,202608250131,"primary",0.9,0,0.148018113879566,0.18677627171638,0.197833549940108,0.160367486165072,0.088833644979457,-0.00470401456406445,0.375
"cw",1,0.0112695932090372,1,3,TRUE,202608250132,"primary",0.9,0,0.166656038036588,0.180942880439069,0.189077571549123,0.186216604300969,0.0985128008955129,0.0105128028917828,0.419
"gini",0.416666666666667,-0.00999346773773654,1,3,TRUE,202608250132,"primary",0.9,0,0.166656038036588,0.180942880439069,0.189077571549123,0.186216604300969,0.0985128008955129,0.0105128028917828,0.419
"oracle",0,-0.308812146635642,NA,NA,NA,202608250132,"primary",0.9,0,0.166656038036588,0.180942880439069,0.189077571549123,0.186216604300969,0.0985128008955129,0.0105128028917828,0.419
"over",1,0.0138177112367703,1,3,TRUE,202608250132,"primary",0.9,0,0.166656038036588,0.180942880439069,0.189077571549123,0.186216604300969,0.0985128008955129,0.0105128028917828,0.419
"raw",0.4,-0.014286842402481,1,3,TRUE,202608250132,"primary",0.9,0,0.166656038036588,0.180942880439069,0.189077571549123,0.186216604300969,0.0985128008955129,0.0105128028917828,0.419
"cw",1,0.0131294807619839,1,3,TRUE,202608250133,"primary",0.8,0,0.163373551478203,0.186853382510087,0.185824841104901,0.151771561914795,0.0977912546129124,-0.01341491340119,0.566
"gini",0.366666666666667,-0.026712550171631,1,3,TRUE,202608250133,"primary",0.8,0,0.163373551478203,0.186853382510087,0.185824841104901,0.151771561914795,0.0977912546129124,-0.01341491340119,0.566
"oracle",0,-0.35890200566713,NA,NA,NA,202608250133,"primary",0.8,0,0.163373551478203,0.186853382510087,0.185824841104901,0.151771561914795,0.0977912546129124,-0.01341491340119,0.566
"over",1,0.0162365667936431,1,3,TRUE,202608250133,"primary",0.8,0,0.163373551478203,0.186853382510087,0.185824841104901,0.151771561914795,0.0977912546129124,-0.01341491340119,0.566
"raw",0.366666666666667,-0.0234798310318833,1,3,TRUE,202608250133,"primary",0.8,0,0.163373551478203,0.186853382510087,0.185824841104901,0.151771561914795,0.0977912546129124,-0.01341491340119,0.566
"cw",1,0.0135709678250592,1,3,TRUE,202608250134,"primary",0.9,0,0.176748264399736,0.141915799109493,0.172917297708919,0.18107567255351,0.106798108214934,0.0154737630727886,0.422
"gini",0.666666666666667,0.0287708812827337,1,3,TRUE,202608250134,"primary",0.9,0,0.176748264399736,0.141915799109493,0.172917297708919,0.18107567255351,0.106798108214934,0.0154737630727886,0.422
"oracle",0,-0.325944170329105,NA,NA,NA,202608250134,"primary",0.9,0,0.176748264399736,0.141915799109493,0.172917297708919,0.18107567255351,0.106798108214934,0.0154737630727886,0.422
"over",1,0.0162833771623508,1,3,TRUE,202608250134,"primary",0.9,0,0.176748264399736,0.141915799109493,0.172917297708919,0.18107567255351,0.106798108214934,0.0154737630727886,0.422
"raw",0.666666666666667,0.0348324652902426,1,3,TRUE,202608250134,"primary",0.9,0,0.176748264399736,0.141915799109493,0.172917297708919,0.18107567255351,0.106798108214934,0.0154737630727886,0.422
"cw",1,0.0203179508788814,1,3,TRUE,202608250135,"primary",0.9,0,0.203621160148897,0.161074952621079,0.170370362693731,0.156884981463072,0.127760345769905,5.28693225838326e-05,0.492
"gini",0.7,0.0325366011166334,1,3,TRUE,202608250135,"primary",0.9,0,0.203621160148897,0.161074952621079,0.170370362693731,0.156884981463072,0.127760345769905,5.28693225838326e-05,0.492
"oracle",0,-0.329929615513073,NA,NA,NA,202608250135,"primary",0.9,0,0.203621160148897,0.161074952621079,0.170370362693731,0.156884981463072,0.127760345769905,5.28693225838326e-05,0.492
"over",1,0.0246487133972792,1,3,TRUE,202608250135,"primary",0.9,0,0.203621160148897,0.161074952621079,0.170370362693731,0.156884981463072,0.127760345769905,5.28693225838326e-05,0.492
"raw",0.733333333333333,0.0425462075278186,1,3,TRUE,202608250135,"primary",0.9,0,0.203621160148897,0.161074952621079,0.170370362693731,0.156884981463072,0.127760345769905,5.28693225838326e-05,0.492
"cw",1,0.0146178104473905,1,3,TRUE,202608250136,"primary",0.9,0,0.180375415271527,0.170526726448417,0.189409107155273,0.170697335851857,0.107567415961352,-0.000699134655246571,0.655
"gini",0.466666666666667,0.00415077214809187,1,3,TRUE,202608250136,"primary",0.9,0,0.180375415271527,0.170526726448417,0.189409107155273,0.170697335851857,0.107567415961352,-0.000699134655246571,0.655
"oracle",0,-0.362566639720101,NA,NA,NA,202608250136,"primary",0.9,0,0.180375415271527,0.170526726448417,0.189409107155273,0.170697335851857,0.107567415961352,-0.000699134655246571,0.655
"over",1,0.0180249949132182,1,3,TRUE,202608250136,"primary",0.9,0,0.180375415271527,0.170526726448417,0.189409107155273,0.170697335851857,0.107567415961352,-0.000699134655246571,0.655
"raw",0.5,0.00984868882310988,1,3,TRUE,202608250136,"primary",0.9,0,0.180375415271527,0.170526726448417,0.189409107155273,0.170697335851857,0.107567415961352,-0.000699134655246571,0.655
"cw",1,0.0124617009381107,1,3,TRUE,202608250137,"primary",0.9,0,0.165225562774189,0.190375411332132,0.157712248337803,0.173207295651893,0.102250959500883,0.003222087156077,0.422000000000001
"gini",0.316666666666667,-0.0184629158044437,1,3,TRUE,202608250137,"primary",0.9,0,0.165225562774189,0.190375411332132,0.157712248337803,0.173207295651893,0.102250959500883,0.003222087156077,0.422000000000001
"oracle",0,-0.30423643820559,NA,NA,NA,202608250137,"primary",0.9,0,0.165225562774189,0.190375411332132,0.157712248337803,0.173207295651893,0.102250959500883,0.003222087156077,0.422000000000001
"over",1,0.0147631117994155,1,3,TRUE,202608250137,"primary",0.9,0,0.165225562774189,0.190375411332132,0.157712248337803,0.173207295651893,0.102250959500883,0.003222087156077,0.422000000000001
"raw",0.3,-0.0251498485579431,1,3,TRUE,202608250137,"primary",0.9,0,0.165225562774189,0.190375411332132,0.157712248337803,0.173207295651893,0.102250959500883,0.003222087156077,0.422000000000001
"cw",1,0.0176657127113101,1,3,TRUE,202608250138,"primary",0.9,0,0.192182398651514,0.198000497538935,0.169717482230095,0.169255197509849,0.118540451165319,0.0068225066160811,0.479
"gini",0.516666666666667,-0.00594251099568255,1,3,TRUE,202608250138,"primary",0.9,0,0.192182398651514,0.198000497538935,0.169717482230095,0.169255197509849,0.118540451165319,0.0068225066160811,0.479
"oracle",0,-0.439013441304511,NA,NA,NA,202608250138,"primary",0.9,0,0.192182398651514,0.198000497538935,0.169717482230095,0.169255197509849,0.118540451165319,0.0068225066160811,0.479
"over",1,0.0212743842874337,1,3,TRUE,202608250138,"primary",0.9,0,0.192182398651514,0.198000497538935,0.169717482230095,0.169255197509849,0.118540451165319,0.0068225066160811,0.479
"raw",0.433333333333333,-0.00581809888742107,1,3,TRUE,202608250138,"primary",0.9,0,0.192182398651514,0.198000497538935,0.169717482230095,0.169255197509849,0.118540451165319,0.0068225066160811,0.479
"cw",1,0.0156166229681213,0.792079207920792,3,FALSE,202608250139,"primary",0.6,0,0.179255287787726,0.154357755784049,0.160193708155715,0.154502323928694,0.105367997020417,-0.0180135251834549,0.448
"gini",0.583333333333333,0.0177007551780707,0.792079207920792,3,FALSE,202608250139,"primary",0.6,0,0.179255287787726,0.154357755784049,0.160193708155715,0.154502323928694,0.105367997020417,-0.0180135251834549,0.448
"oracle",0,-0.306130257089971,NA,NA,NA,202608250139,"primary",0.6,0,0.179255287787726,0.154357755784049,0.160193708155715,0.154502323928694,0.105367997020417,-0.0180135251834549,0.448
"over",1,0.0187136697916921,0.792079207920792,3,FALSE,202608250139,"primary",0.6,0,0.179255287787726,0.154357755784049,0.160193708155715,0.154502323928694,0.105367997020417,-0.0180135251834549,0.448
"raw",0.6,0.0248975320036773,0.792079207920792,3,FALSE,202608250139,"primary",0.6,0,0.179255287787726,0.154357755784049,0.160193708155715,0.154502323928694,0.105367997020417,-0.0180135251834549,0.448
"cw",1,0.0118000698817521,1,3,TRUE,202608250140,"primary",0.9,0,0.156218123748581,0.158430085067665,0.168356515908667,0.152027924636014,0.0926793703687744,-0.0164622628891485,0.631
"gini",0.516666666666667,-0.00853340720026846,1,3,TRUE,202608250140,"primary",0.9,0,0.156218123748581,0.158430085067665,0.168356515908667,0.152027924636014,0.0926793703687744,-0.0164622628891485,0.631
"oracle",0,-0.3525211886752,NA,NA,NA,202608250140,"primary",0.9,0,0.156218123748581,0.158430085067665,0.168356515908667,0.152027924636014,0.0926793703687744,-0.0164622628891485,0.631
"over",1,0.0142968952344871,1,3,TRUE,202608250140,"primary",0.9,0,0.156218123748581,0.158430085067665,0.168356515908667,0.152027924636014,0.0926793703687744,-0.0164622628891485,0.631
"raw",0.55,-0.00221196131908419,1,3,TRUE,202608250140,"primary",0.9,0,0.156218123748581,0.158430085067665,0.168356515908667,0.152027924636014,0.0926793703687744,-0.0164622628891485,0.631
"cw",0.933333333333333,0.0132773288847221,1,3,TRUE,202608250141,"primary",0.7,0,0.168643206908981,0.192714221910615,0.161977241429607,0.162532000317692,0.104369304584368,0.00210210833178177,0.518
"gini",0.416666666666667,-0.0200892332743202,1,3,TRUE,202608250141,"primary",0.7,0,0.168643206908981,0.192714221910615,0.161977241429607,0.162532000317692,0.104369304584368,0.00210210833178177,0.518
"oracle",0,-0.454064126785354,NA,NA,NA,202608250141,"primary",0.7,0,0.168643206908981,0.192714221910615,0.161977241429607,0.162532000317692,0.104369304584368,0.00210210833178177,0.518
"over",0.933333333333333,0.0158382421984729,1,3,TRUE,202608250141,"primary",0.7,0,0.168643206908981,0.192714221910615,0.161977241429607,0.162532000317692,0.104369304584368,0.00210210833178177,0.518
"raw",0.416666666666667,-0.0240710150016342,1,3,TRUE,202608250141,"primary",0.7,0,0.168643206908981,0.192714221910615,0.161977241429607,0.162532000317692,0.104369304584368,0.00210210833178177,0.518
"cw",1,0.0144917450679121,0.792079207920792,3,FALSE,202608250142,"primary",0.6,0,0.170529910332561,0.162163693778703,0.171808627717698,0.167104108385894,0.104970784842044,-0.0114447543977346,0.539
"gini",0.45,0.00797671753525667,0.792079207920792,3,FALSE,202608250142,"primary",0.6,0,0.170529910332561,0.162163693778703,0.171808627717698,0.167104108385894,0.104970784842044,-0.0114447543977346,0.539
"oracle",0,-0.326312804043936,NA,NA,NA,202608250142,"primary",0.6,0,0.170529910332561,0.162163693778703,0.171808627717698,0.167104108385894,0.104970784842044,-0.0114447543977346,0.539
"over",1,0.0174416597545454,0.792079207920792,3,FALSE,202608250142,"primary",0.6,0,0.170529910332561,0.162163693778703,0.171808627717698,0.167104108385894,0.104970784842044,-0.0114447543977346,0.539
"raw",0.483333333333333,0.00836621655385827,0.792079207920792,3,FALSE,202608250142,"primary",0.6,0,0.170529910332561,0.162163693778703,0.171808627717698,0.167104108385894,0.104970784842044,-0.0114447543977346,0.539
"cw",1,0.0242407857201301,1,3,TRUE,202608250143,"primary",0.9,0,0.218987074336304,0.141981145069596,0.159445456527064,0.163505922863052,0.131968537204518,-0.0227479231894241,0.778
"gini",0.75,0.0640712762587142,1,3,TRUE,202608250143,"primary",0.9,0,0.218987074336304,0.141981145069596,0.159445456527064,0.163505922863052,0.131968537204518,-0.0227479231894241,0.778
"oracle",0,-0.29292507465679,NA,NA,NA,202608250143,"primary",0.9,0,0.218987074336304,0.141981145069596,0.159445456527064,0.163505922863052,0.131968537204518,-0.0227479231894241,0.778
"over",1,0.0288384348386858,1,3,TRUE,202608250143,"primary",0.9,0,0.218987074336304,0.141981145069596,0.159445456527064,0.163505922863052,0.131968537204518,-0.0227479231894241,0.778
"raw",0.766666666666667,0.0770059292667086,1,3,TRUE,202608250143,"primary",0.9,0,0.218987074336304,0.141981145069596,0.159445456527064,0.163505922863052,0.131968537204518,-0.0227479231894241,0.778
"cw",1,0.0158317699479606,1,3,TRUE,202608250144,"primary",0.9,0,0.17997794645718,0.187726576970335,0.179531335275641,0.176896444255781,0.107985115819333,-0.00525666472377484,0.361999999999999
"gini",0.416666666666667,-0.00871386935294896,1,3,TRUE,202608250144,"primary",0.9,0,0.17997794645718,0.187726576970335,0.179531335275641,0.176896444255781,0.107985115819333,-0.00525666472377484,0.361999999999999
"oracle",0,-0.329149628803654,NA,NA,NA,202608250144,"primary",0.9,0,0.17997794645718,0.187726576970335,0.179531335275641,0.176896444255781,0.107985115819333,-0.00525666472377484,0.361999999999999
"over",1,0.0194007478043137,1,3,TRUE,202608250144,"primary",0.9,0,0.17997794645718,0.187726576970335,0.179531335275641,0.176896444255781,0.107985115819333,-0.00525666472377484,0.361999999999999
"raw",0.416666666666667,-0.00774863051315486,1,3,TRUE,202608250144,"primary",0.9,0,0.17997794645718,0.187726576970335,0.179531335275641,0.176896444255781,0.107985115819333,-0.00525666472377484,0.361999999999999
"cw",1,0.0118336042042384,1,3,TRUE,202608250145,"primary",0.9,0,0.155444918095799,0.174452093641699,0.167669246205413,0.186986079730783,0.095997651354718,-0.00847924565710972,0.393
"gini",0.4,-0.0117143347020679,1,3,TRUE,202608250145,"primary",0.9,0,0.155444918095799,0.174452093641699,0.167669246205413,0.186986079730783,0.095997651354718,-0.00847924565710972,0.393
"oracle",0,-0.367826706729766,NA,NA,NA,202608250145,"primary",0.9,0,0.155444918095799,0.174452093641699,0.167669246205413,0.186986079730783,0.095997651354718,-0.00847924565710972,0.393
"over",1,0.0142054360574883,1,3,TRUE,202608250145,"primary",0.9,0,0.155444918095799,0.174452093641699,0.167669246205413,0.186986079730783,0.095997651354718,-0.00847924565710972,0.393
"raw",0.416666666666667,-0.0190071755459,1,3,TRUE,202608250145,"primary",0.9,0,0.155444918095799,0.174452093641699,0.167669246205413,0.186986079730783,0.095997651354718,-0.00847924565710972,0.393
"cw",1,0.0167984808152389,1,3,TRUE,202608250146,"primary",0.9,0,0.18249508337593,0.151451293682275,0.151877846075335,0.163778645485673,0.110384266157769,-0.0106401007415723,0.391
"gini",0.633333333333333,0.0274978077283545,1,3,TRUE,202608250146,"primary",0.9,0,0.18249508337593,0.151451293682275,0.151877846075335,0.163778645485673,0.110384266157769,-0.0106401007415723,0.391
"oracle",0,-0.243981331373291,NA,NA,NA,202608250146,"primary",0.9,0,0.18249508337593,0.151451293682275,0.151877846075335,0.163778645485673,0.110384266157769,-0.0106401007415723,0.391
"over",1,0.0198058259639995,1,3,TRUE,202608250146,"primary",0.9,0,0.18249508337593,0.151451293682275,0.151877846075335,0.163778645485673,0.110384266157769,-0.0106401007415723,0.391
"raw",0.616666666666667,0.0310437896936558,1,3,TRUE,202608250146,"primary",0.9,0,0.18249508337593,0.151451293682275,0.151877846075335,0.163778645485673,0.110384266157769,-0.0106401007415723,0.391
"cw",0.866666666666667,0.00380398284568954,1,3,TRUE,202608250147,"primary",0.9,0,0.115358663730863,0.189547370804152,0.177653428497547,0.159427163756666,0.0689804245770512,0.00540247999881799,0.545
"gini",0.2,-0.0649746572662241,1,3,TRUE,202608250147,"primary",0.9,0,0.115358663730863,0.189547370804152,0.177653428497547,0.159427163756666,0.0689804245770512,0.00540247999881799,0.545
"oracle",0,-0.447269749382268,NA,NA,NA,202608250147,"primary",0.9,0,0.115358663730863,0.189547370804152,0.177653428497547,0.159427163756666,0.0689804245770512,0.00540247999881799,0.545
"over",0.883333333333333,0.00469963275946017,1,3,TRUE,202608250147,"primary",0.9,0,0.115358663730863,0.189547370804152,0.177653428497547,0.159427163756666,0.0689804245770512,0.00540247999881799,0.545
"raw",0.233333333333333,-0.0741887070732884,1,3,TRUE,202608250147,"primary",0.9,0,0.115358663730863,0.189547370804152,0.177653428497547,0.159427163756666,0.0689804245770512,0.00540247999881799,0.545
"cw",1,0.0156088933169656,1,3,TRUE,202608250148,"primary",0.9,0,0.174373051859112,0.0821932564951991,0.14270456878103,0.178201085408143,0.101707835039846,-0.0189209967549058,0.579
"gini",0.883333333333333,0.0803941284454926,1,3,TRUE,202608250148,"primary",0.9,0,0.174373051859112,0.0821932564951991,0.14270456878103,0.178201085408143,0.101707835039846,-0.0189209967549058,0.579
"oracle",0.0333333333333333,-0.353354413805405,NA,NA,NA,202608250148,"primary",0.9,0,0.174373051859112,0.0821932564951991,0.14270456878103,0.178201085408143,0.101707835039846,-0.0189209967549058,0.579
"over",1,0.0183326740106263,1,3,TRUE,202608250148,"primary",0.9,0,0.174373051859112,0.0821932564951991,0.14270456878103,0.178201085408143,0.101707835039846,-0.0189209967549058,0.579
"raw",0.883333333333333,0.0921797953639128,1,3,TRUE,202608250148,"primary",0.9,0,0.174373051859112,0.0821932564951991,0.14270456878103,0.178201085408143,0.101707835039846,-0.0189209967549058,0.579
"cw",1,0.017301729073675,1,3,TRUE,202608250149,"primary",0.9,0,0.191453084777971,0.187044273877265,0.176428725127072,0.173780043004821,0.108934307150541,-0.0097477108430852,0.419
"gini",0.483333333333333,0.00158543783667531,1,3,TRUE,202608250149,"primary",0.9,0,0.191453084777971,0.187044273877265,0.176428725127072,0.173780043004821,0.108934307150541,-0.0097477108430852,0.419
"oracle",0,-0.372517462700358,NA,NA,NA,202608250149,"primary",0.9,0,0.191453084777971,0.187044273877265,0.176428725127072,0.173780043004821,0.108934307150541,-0.0097477108430852,0.419
"over",1,0.021137365914666,1,3,TRUE,202608250149,"primary",0.9,0,0.191453084777971,0.187044273877265,0.176428725127072,0.173780043004821,0.108934307150541,-0.0097477108430852,0.419
"raw",0.5,0.00440881090070647,1,3,TRUE,202608250149,"primary",0.9,0,0.191453084777971,0.187044273877265,0.176428725127072,0.173780043004821,0.108934307150541,-0.0097477108430852,0.419
"cw",1,0.00810369553937994,1,3,TRUE,202608250150,"primary",0.8,0,0.130397053813158,0.161853450804877,0.179150882529333,0.147826109929609,0.0792645424456213,-0.0178738900034724,0.685
"gini",0.266666666666667,-0.031370501129234,1,3,TRUE,202608250150,"primary",0.8,0,0.130397053813158,0.161853450804877,0.179150882529333,0.147826109929609,0.0792645424456213,-0.0178738900034724,0.685
"oracle",0,-0.459605384252453,NA,NA,NA,202608250150,"primary",0.8,0,0.130397053813158,0.161853450804877,0.179150882529333,0.147826109929609,0.0792645424456213,-0.0178738900034724,0.685
"over",1,0.00988393938938178,1,3,TRUE,202608250150,"primary",0.8,0,0.130397053813158,0.161853450804877,0.179150882529333,0.147826109929609,0.0792645424456213,-0.0178738900034724,0.685
"raw",0.266666666666667,-0.031456396991719,1,3,TRUE,202608250150,"primary",0.8,0,0.130397053813158,0.161853450804877,0.179150882529333,0.147826109929609,0.0792645424456213,-0.0178738900034724,0.685
"cw",1,0.0197905787950588,1,3,TRUE,202608250151,"primary",0.9,0,0.203179042661672,0.199465128856401,0.161357556350847,0.170829723735474,0.11768477684454,0.000745021143382718,0.557
"gini",0.4,0.00161118630068396,1,3,TRUE,202608250151,"primary",0.9,0,0.203179042661672,0.199465128856401,0.161357556350847,0.170829723735474,0.11768477684454,0.000745021143382718,0.557
"oracle",0,-0.354901156785783,NA,NA,NA,202608250151,"primary",0.9,0,0.203179042661672,0.199465128856401,0.161357556350847,0.170829723735474,0.11768477684454,0.000745021143382718,0.557
"over",1,0.0237318782929646,1,3,TRUE,202608250151,"primary",0.9,0,0.203179042661672,0.199465128856401,0.161357556350847,0.170829723735474,0.11768477684454,0.000745021143382718,0.557
"raw",0.416666666666667,0.00371391380527045,1,3,TRUE,202608250151,"primary",0.9,0,0.203179042661672,0.199465128856401,0.161357556350847,0.170829723735474,0.11768477684454,0.000745021143382718,0.557
"cw",1,0.00765865592706978,1,3,TRUE,202608250152,"primary",0.9,0,0.143299909758938,0.179649289364375,0.171671545378605,0.158273453890816,0.0828372045047313,0.00627024809424653,0.44
"gini",0.366666666666667,-0.0355967477802031,1,3,TRUE,202608250152,"primary",0.9,0,0.143299909758938,0.179649289364375,0.171671545378605,0.158273453890816,0.0828372045047313,0.00627024809424653,0.44
"oracle",0,-0.411690607270999,NA,NA,NA,202608250152,"primary",0.9,0,0.143299909758938,0.179649289364375,0.171671545378605,0.158273453890816,0.0828372045047313,0.00627024809424653,0.44
"over",1,0.00927965175991286,1,3,TRUE,202608250152,"primary",0.9,0,0.143299909758938,0.179649289364375,0.171671545378605,0.158273453890816,0.0828372045047313,0.00627024809424653,0.44
"raw",0.366666666666667,-0.0363493796054364,1,3,TRUE,202608250152,"primary",0.9,0,0.143299909758938,0.179649289364375,0.171671545378605,0.158273453890816,0.0828372045047313,0.00627024809424653,0.44
"cw",1,0.0175068102459552,1,3,TRUE,202608250153,"primary",0.9,0,0.188488638090219,0.133863860729483,0.177648586429494,0.170142647316305,0.11109945669693,-0.0304616607956289,0.749
"gini",0.716666666666667,0.0434635160643683,1,3,TRUE,202608250153,"primary",0.9,0,0.188488638090219,0.133863860729483,0.177648586429494,0.170142647316305,0.11109945669693,-0.0304616607956289,0.749
"oracle",0,-0.351528917702855,NA,NA,NA,202608250153,"primary",0.9,0,0.188488638090219,0.133863860729483,0.177648586429494,0.170142647316305,0.11109945669693,-0.0304616607956289,0.749
"over",1,0.0213765911801978,1,3,TRUE,202608250153,"primary",0.9,0,0.188488638090219,0.133863860729483,0.177648586429494,0.170142647316305,0.11109945669693,-0.0304616607956289,0.749
"raw",0.7,0.054624777360736,1,3,TRUE,202608250153,"primary",0.9,0,0.188488638090219,0.133863860729483,0.177648586429494,0.170142647316305,0.11109945669693,-0.0304616607956289,0.749
"cw",1,0.0140495651017114,1,3,TRUE,202608250154,"primary",0.9,0,0.168728088901431,0.157480570348478,0.171953015041702,0.161577742734754,0.102671110716858,-0.0132386249915927,0.568
"gini",0.55,0.00639612894729691,1,3,TRUE,202608250154,"primary",0.9,0,0.168728088901431,0.157480570348478,0.171953015041702,0.161577742734754,0.102671110716858,-0.0132386249915927,0.568
"oracle",0,-0.352764211775548,NA,NA,NA,202608250154,"primary",0.9,0,0.168728088901431,0.157480570348478,0.171953015041702,0.161577742734754,0.102671110716858,-0.0132386249915927,0.568
"over",1,0.0170044338477812,1,3,TRUE,202608250154,"primary",0.9,0,0.168728088901431,0.157480570348478,0.171953015041702,0.161577742734754,0.102671110716858,-0.0132386249915927,0.568
"raw",0.55,0.0112475185529529,1,3,TRUE,202608250154,"primary",0.9,0,0.168728088901431,0.157480570348478,0.171953015041702,0.161577742734754,0.102671110716858,-0.0132386249915927,0.568
"cw",1,0.0078460264680852,1,3,TRUE,202608250155,"primary",0.9,0,0.13378386012264,0.156818402814467,0.200876764047551,0.1533734809474,0.0823177208883297,-0.0135062605794979,0.57
"gini",0.383333333333333,-0.026601989628995,1,3,TRUE,202608250155,"primary",0.9,0,0.13378386012264,0.156818402814467,0.200876764047551,0.1533734809474,0.0823177208883297,-0.0135062605794979,0.57
"oracle",0,-0.483272549599343,NA,NA,NA,202608250155,"primary",0.9,0,0.13378386012264,0.156818402814467,0.200876764047551,0.1533734809474,0.0823177208883297,-0.0135062605794979,0.57
"over",1,0.00982730526925619,1,3,TRUE,202608250155,"primary",0.9,0,0.13378386012264,0.156818402814467,0.200876764047551,0.1533734809474,0.0823177208883297,-0.0135062605794979,0.57
"raw",0.4,-0.0230345426918271,1,3,TRUE,202608250155,"primary",0.9,0,0.13378386012264,0.156818402814467,0.200876764047551,0.1533734809474,0.0823177208883297,-0.0135062605794979,0.57
"cw",1,0.0160667386341712,1,3,TRUE,202608250156,"primary",0.9,0,0.188428858842081,0.182876736100476,0.181803193884935,0.168937366596232,0.115067882861283,0.00845705219777229,0.46
"gini",0.466666666666667,0.00340074938605631,1,3,TRUE,202608250156,"primary",0.9,0,0.188428858842081,0.182876736100476,0.181803193884935,0.168937366596232,0.115067882861283,0.00845705219777229,0.46
"oracle",0,-0.423714989032527,NA,NA,NA,202608250156,"primary",0.9,0,0.188428858842081,0.182876736100476,0.181803193884935,0.168937366596232,0.115067882861283,0.00845705219777229,0.46
"over",1,0.0196094596224417,1,3,TRUE,202608250156,"primary",0.9,0,0.188428858842081,0.182876736100476,0.181803193884935,0.168937366596232,0.115067882861283,0.00845705219777229,0.46
"raw",0.5,0.00555212274160505,1,3,TRUE,202608250156,"primary",0.9,0,0.188428858842081,0.182876736100476,0.181803193884935,0.168937366596232,0.115067882861283,0.00845705219777229,0.46
"cw",1,0.0211161501826788,1,3,TRUE,202608250157,"primary",0.9,0,0.208444464886013,0.200656544264128,0.179213011289215,0.163188888034587,0.127272874811659,-0.00791133723354414,0.418
"gini",0.5,0.00324483854926383,1,3,TRUE,202608250157,"primary",0.9,0,0.208444464886013,0.200656544264128,0.179213011289215,0.163188888034587,0.127272874811659,-0.00791133723354414,0.418
"oracle",0,-0.372003280559824,NA,NA,NA,202608250157,"primary",0.9,0,0.208444464886013,0.200656544264128,0.179213011289215,0.163188888034587,0.127272874811659,-0.00791133723354414,0.418
"over",1,0.0257854629109039,1,3,TRUE,202608250157,"primary",0.9,0,0.208444464886013,0.200656544264128,0.179213011289215,0.163188888034587,0.127272874811659,-0.00791133723354414,0.418
"raw",0.483333333333333,0.0077879206218848,1,3,TRUE,202608250157,"primary",0.9,0,0.208444464886013,0.200656544264128,0.179213011289215,0.163188888034587,0.127272874811659,-0.00791133723354414,0.418
"cw",1,0.0184331460169094,1,3,TRUE,202608250158,"primary",0.9,0,0.188752772408211,0.112465327377448,0.163607322313254,0.157529261044275,0.117153585921832,-0.0130932841093787,0.629999999999999
"gini",0.733333333333333,0.0617010591804814,1,3,TRUE,202608250158,"primary",0.9,0,0.188752772408211,0.112465327377448,0.163607322313254,0.157529261044275,0.117153585921832,-0.0130932841093787,0.629999999999999
"oracle",0,-0.294416578313926,NA,NA,NA,202608250158,"primary",0.9,0,0.188752772408211,0.112465327377448,0.163607322313254,0.157529261044275,0.117153585921832,-0.0130932841093787,0.629999999999999
"over",1,0.0221500626081645,1,3,TRUE,202608250158,"primary",0.9,0,0.188752772408211,0.112465327377448,0.163607322313254,0.157529261044275,0.117153585921832,-0.0130932841093787,0.629999999999999
"raw",0.716666666666667,0.0762874450307633,1,3,TRUE,202608250158,"primary",0.9,0,0.188752772408211,0.112465327377448,0.163607322313254,0.157529261044275,0.117153585921832,-0.0130932841093787,0.629999999999999
"cw",1,0.0148600763529798,1,3,TRUE,202608250159,"primary",0.9,0,0.173383408492722,0.126037752059334,0.189460671511256,0.173602785810532,0.105883894970535,-0.0109505761700027,0.459
"gini",0.733333333333333,0.03467422136998,1,3,TRUE,202608250159,"primary",0.9,0,0.173383408492722,0.126037752059334,0.189460671511256,0.173602785810532,0.105883894970535,-0.0109505761700027,0.459
"oracle",0,-0.412242302131857,NA,NA,NA,202608250159,"primary",0.9,0,0.173383408492722,0.126037752059334,0.189460671511256,0.173602785810532,0.105883894970535,-0.0109505761700027,0.459
"over",1,0.018284178836577,1,3,TRUE,202608250159,"primary",0.9,0,0.173383408492722,0.126037752059334,0.189460671511256,0.173602785810532,0.105883894970535,-0.0109505761700027,0.459
"raw",0.75,0.047345656433388,1,3,TRUE,202608250159,"primary",0.9,0,0.173383408492722,0.126037752059334,0.189460671511256,0.173602785810532,0.105883894970535,-0.0109505761700027,0.459
"cw",1,0.00459003785633383,0.533333333333333,2,FALSE,202608250160,"primary",0.4,0,0.0997393719882767,0.163956911275369,0.187747565378052,0.137345393899173,0.0559437286168214,-0.0201950593581758,0.591
"gini",0.116666666666667,-0.0612446553183506,0.641025641025641,3,FALSE,202608250160,"primary",0.4,0,0.0997393719882767,0.163956911275369,0.187747565378052,0.137345393899173,0.0559437286168214,-0.0201950593581758,0.591
"oracle",0,-0.47899759294063,NA,NA,NA,202608250160,"primary",0.4,0,0.0997393719882767,0.163956911275369,0.187747565378052,0.137345393899173,0.0559437286168214,-0.0201950593581758,0.591
"over",1,0.00564319794584101,0.533333333333333,2,FALSE,202608250160,"primary",0.4,0,0.0997393719882767,0.163956911275369,0.187747565378052,0.137345393899173,0.0559437286168214,-0.0201950593581758,0.591
"raw",0.133333333333333,-0.0642175392870919,0.641025641025641,3,FALSE,202608250160,"primary",0.4,0,0.0997393719882767,0.163956911275369,0.187747565378052,0.137345393899173,0.0559437286168214,-0.0201950593581758,0.591
"cw",0.9,0.00712250733491551,0.614886731391586,3,FALSE,202608250161,"primary",0.5,0,0.124253425453899,0.173647075067352,0.184628403809354,0.18452318482493,0.079275426361867,-0.00832679228027095,0.55
"gini",0.383333333333333,-0.0445814035902398,0.792079207920792,3,FALSE,202608250161,"primary",0.5,0,0.124253425453899,0.173647075067352,0.184628403809354,0.18452318482493,0.079275426361867,-0.00832679228027095,0.55
"oracle",0,-0.387048022707183,NA,NA,NA,202608250161,"primary",0.5,0,0.124253425453899,0.173647075067352,0.184628403809354,0.18452318482493,0.079275426361867,-0.00832679228027095,0.55
"over",0.9,0.00884894138952479,0.614886731391586,3,FALSE,202608250161,"primary",0.5,0,0.124253425453899,0.173647075067352,0.184628403809354,0.18452318482493,0.079275426361867,-0.00832679228027095,0.55
"raw",0.366666666666667,-0.0493936496134534,0.792079207920792,3,FALSE,202608250161,"primary",0.5,0,0.124253425453899,0.173647075067352,0.184628403809354,0.18452318482493,0.079275426361867,-0.00832679228027095,0.55
"cw",0.9,0.00588671759224595,1,3,TRUE,202608250162,"primary",0.8,0,0.116771849605703,0.14702304892434,0.175900937188984,0.167103270983148,0.0754355707302861,0.00351284323007223,0.62
"gini",0.4,-0.0275733774521632,1,3,TRUE,202608250162,"primary",0.8,0,0.116771849605703,0.14702304892434,0.175900937188984,0.167103270983148,0.0754355707302861,0.00351284323007223,0.62
"oracle",0,-0.369257938691017,NA,NA,NA,202608250162,"primary",0.8,0,0.116771849605703,0.14702304892434,0.175900937188984,0.167103270983148,0.0754355707302861,0.00351284323007223,0.62
"over",0.9,0.00719878335856004,1,3,TRUE,202608250162,"primary",0.8,0,0.116771849605703,0.14702304892434,0.175900937188984,0.167103270983148,0.0754355707302861,0.00351284323007223,0.62
"raw",0.383333333333333,-0.0302511993186368,1,3,TRUE,202608250162,"primary",0.8,0,0.116771849605703,0.14702304892434,0.175900937188984,0.167103270983148,0.0754355707302861,0.00351284323007223,0.62
"cw",0.983333333333333,0.0151486723197287,0.792079207920792,3,FALSE,202608250163,"primary",0.6,0,0.182471214226764,0.202921637283888,0.16742860579019,0.156194643076248,0.111358958853526,0.00661920701892753,0.382000000000001
"gini",0.383333333333333,-0.0176781360854373,0.792079207920792,3,FALSE,202608250163,"primary",0.6,0,0.182471214226764,0.202921637283888,0.16742860579019,0.156194643076248,0.111358958853526,0.00661920701892753,0.382000000000001
"oracle",0,-0.231466882084468,NA,NA,NA,202608250163,"primary",0.6,0,0.182471214226764,0.202921637283888,0.16742860579019,0.156194643076248,0.111358958853526,0.00661920701892753,0.382000000000001
"over",0.983333333333333,0.0180260203569812,0.792079207920792,3,FALSE,202608250163,"primary",0.6,0,0.182471214226764,0.202921637283888,0.16742860579019,0.156194643076248,0.111358958853526,0.00661920701892753,0.382000000000001
"raw",0.383333333333333,-0.0204504230571245,0.792079207920792,3,FALSE,202608250163,"primary",0.6,0,0.182471214226764,0.202921637283888,0.16742860579019,0.156194643076248,0.111358958853526,0.00661920701892753,0.382000000000001
"cw",1,0.00948628489227509,1,3,TRUE,202608250164,"primary",0.9,0,0.144435065220553,0.18975416283271,0.17493352604323,0.158834679854928,0.0869617821805696,-0.00037746995211647,0.486
"gini",0.283333333333333,-0.0397070118117997,1,3,TRUE,202608250164,"primary",0.9,0,0.144435065220553,0.18975416283271,0.17493352604323,0.158834679854928,0.0869617821805696,-0.00037746995211647,0.486
"oracle",0,-0.394660392657853,NA,NA,NA,202608250164,"primary",0.9,0,0.144435065220553,0.18975416283271,0.17493352604323,0.158834679854928,0.0869617821805696,-0.00037746995211647,0.486
"over",1,0.0115223392748139,1,3,TRUE,202608250164,"primary",0.9,0,0.144435065220553,0.18975416283271,0.17493352604323,0.158834679854928,0.0869617821805696,-0.00037746995211647,0.486
"raw",0.3,-0.0453190976121569,1,3,TRUE,202608250164,"primary",0.9,0,0.144435065220553,0.18975416283271,0.17493352604323,0.158834679854928,0.0869617821805696,-0.00037746995211647,0.486
"cw",1,0.0216201620831819,1,3,TRUE,202608250165,"primary",0.9,0,0.210112006824723,0.169818221057808,0.177747262713936,0.173533838254481,0.124890449842678,-0.0124633241957113,0.454000000000001
"gini",0.65,0.0304016043998508,1,3,TRUE,202608250165,"primary",0.9,0,0.210112006824723,0.169818221057808,0.177747262713936,0.173533838254481,0.124890449842678,-0.0124633241957113,0.454000000000001
"oracle",0,-0.293081908378612,NA,NA,NA,202608250165,"primary",0.9,0,0.210112006824723,0.169818221057808,0.177747262713936,0.173533838254481,0.124890449842678,-0.0124633241957113,0.454000000000001
"over",1,0.0263392065390139,1,3,TRUE,202608250165,"primary",0.9,0,0.210112006824723,0.169818221057808,0.177747262713936,0.173533838254481,0.124890449842678,-0.0124633241957113,0.454000000000001
"raw",0.65,0.0402937857669154,1,3,TRUE,202608250165,"primary",0.9,0,0.210112006824723,0.169818221057808,0.177747262713936,0.173533838254481,0.124890449842678,-0.0124633241957113,0.454000000000001
"cw",0.933333333333333,0.0165796180437097,1,3,TRUE,202608250166,"primary",0.9,0,0.187961778920659,0.137750944555114,0.162705144563012,0.158983320757526,0.109546139153204,-0.00107315109321701,0.409000000000001
"gini",0.75,0.0414071672008025,1,3,TRUE,202608250166,"primary",0.9,0,0.187961778920659,0.137750944555114,0.162705144563012,0.158983320757526,0.109546139153204,-0.00107315109321701,0.409000000000001
"oracle",0,-0.34473666398174,NA,NA,NA,202608250166,"primary",0.9,0,0.187961778920659,0.137750944555114,0.162705144563012,0.158983320757526,0.109546139153204,-0.00107315109321701,0.409000000000001
"over",0.933333333333333,0.0198188083988028,1,3,TRUE,202608250166,"primary",0.9,0,0.187961778920659,0.137750944555114,0.162705144563012,0.158983320757526,0.109546139153204,-0.00107315109321701,0.409000000000001
"raw",0.733333333333333,0.0502108343655457,1,3,TRUE,202608250166,"primary",0.9,0,0.187961778920659,0.137750944555114,0.162705144563012,0.158983320757526,0.109546139153204,-0.00107315109321701,0.409000000000001
"cw",0.933333333333333,0.00601048045855959,0.851063829787234,4,FALSE,202608250167,"primary",0.8,0,0.129496329718029,0.208714080951876,0.176655144337721,0.174739011026361,0.0741827064566158,-0.00341494981265795,0.406000000000001
"gini",0.2,-0.0638634322402956,1,3,TRUE,202608250167,"primary",0.8,0,0.129496329718029,0.208714080951876,0.176655144337721,0.174739011026361,0.0741827064566158,-0.00341494981265795,0.406000000000001
"oracle",0,-0.442038914129603,NA,NA,NA,202608250167,"primary",0.8,0,0.129496329718029,0.208714080951876,0.176655144337721,0.174739011026361,0.0741827064566158,-0.00341494981265795,0.406000000000001
"over",0.933333333333333,0.00729369193960028,0.851063829787234,4,FALSE,202608250167,"primary",0.8,0,0.129496329718029,0.208714080951876,0.176655144337721,0.174739011026361,0.0741827064566158,-0.00341494981265795,0.406000000000001
"raw",0.216666666666667,-0.0792177512338471,1,3,TRUE,202608250167,"primary",0.8,0,0.129496329718029,0.208714080951876,0.176655144337721,0.174739011026361,0.0741827064566158,-0.00341494981265795,0.406000000000001
"cw",1,0.0114546909092373,1,3,TRUE,202608250168,"primary",0.9,0,0.153356621434863,0.172018616603052,0.187856893907216,0.153743535771315,0.0910202269656477,-0.018747117613044,0.498
"gini",0.4,-0.0219041414652502,1,3,TRUE,202608250168,"primary",0.9,0,0.153356621434863,0.172018616603052,0.187856893907216,0.153743535771315,0.0910202269656477,-0.018747117613044,0.498
"oracle",0,-0.498473309422855,NA,NA,NA,202608250168,"primary",0.9,0,0.153356621434863,0.172018616603052,0.187856893907216,0.153743535771315,0.0910202269656477,-0.018747117613044,0.498
"over",1,0.0142579152708914,1,3,TRUE,202608250168,"primary",0.9,0,0.153356621434863,0.172018616603052,0.187856893907216,0.153743535771315,0.0910202269656477,-0.018747117613044,0.498
"raw",0.416666666666667,-0.0186619951681893,1,3,TRUE,202608250168,"primary",0.9,0,0.153356621434863,0.172018616603052,0.187856893907216,0.153743535771315,0.0910202269656477,-0.018747117613044,0.498
"cw",1,0.0146056082133018,1,3,TRUE,202608250169,"primary",0.9,0,0.177091996625864,0.160166774853159,0.191189025890186,0.171744550026174,0.103755818670684,-0.00982415133716625,0.37
"gini",0.55,0.0114102274010627,1,3,TRUE,202608250169,"primary",0.9,0,0.177091996625864,0.160166774853159,0.191189025890186,0.171744550026174,0.103755818670684,-0.00982415133716625,0.37
"oracle",0,-0.373336317669422,NA,NA,NA,202608250169,"primary",0.9,0,0.177091996625864,0.160166774853159,0.191189025890186,0.171744550026174,0.103755818670684,-0.00982415133716625,0.37
"over",1,0.0181432278513896,1,3,TRUE,202608250169,"primary",0.9,0,0.177091996625864,0.160166774853159,0.191189025890186,0.171744550026174,0.103755818670684,-0.00982415133716625,0.37
"raw",0.55,0.0169252217727047,1,3,TRUE,202608250169,"primary",0.9,0,0.177091996625864,0.160166774853159,0.191189025890186,0.171744550026174,0.103755818670684,-0.00982415133716625,0.37
"cw",1,0.00949233510955242,1,3,TRUE,202608250170,"primary",0.9,0,0.134693487538492,0.139787056019817,0.140363136272328,0.157271344001451,0.0784651367188897,-0.0228646122788758,0.398
"gini",0.466666666666667,-0.00494784528577424,1,3,TRUE,202608250170,"primary",0.9,0,0.134693487538492,0.139787056019817,0.140363136272328,0.157271344001451,0.0784651367188897,-0.0228646122788758,0.398
"oracle",0,-0.394444057255222,NA,NA,NA,202608250170,"primary",0.9,0,0.134693487538492,0.139787056019817,0.140363136272328,0.157271344001451,0.0784651367188897,-0.0228646122788758,0.398
"over",1,0.0111556345139231,1,3,TRUE,202608250170,"primary",0.9,0,0.134693487538492,0.139787056019817,0.140363136272328,0.157271344001451,0.0784651367188897,-0.0228646122788758,0.398
"raw",0.466666666666667,-0.00509356848132472,1,3,TRUE,202608250170,"primary",0.9,0,0.134693487538492,0.139787056019817,0.140363136272328,0.157271344001451,0.0784651367188897,-0.0228646122788758,0.398
"cw",1,0.00753839393851923,0.792079207920792,3,FALSE,202608250171,"primary",0.6,0,0.137334940663052,0.173717288988808,0.187373273555186,0.16336870164501,0.0799622964166694,0.00452404469805728,0.351
"gini",0.35,-0.0342010156338343,0.792079207920792,3,FALSE,202608250171,"primary",0.6,0,0.137334940663052,0.173717288988808,0.187373273555186,0.16336870164501,0.0799622964166694,0.00452404469805728,0.351
"oracle",0,-0.380751484698693,NA,NA,NA,202608250171,"primary",0.6,0,0.137334940663052,0.173717288988808,0.187373273555186,0.16336870164501,0.0799622964166694,0.00452404469805728,0.351
"over",1,0.00931334283133667,0.792079207920792,3,FALSE,202608250171,"primary",0.6,0,0.137334940663052,0.173717288988808,0.187373273555186,0.16336870164501,0.0799622964166694,0.00452404469805728,0.351
"raw",0.35,-0.0363823483257557,0.792079207920792,3,FALSE,202608250171,"primary",0.6,0,0.137334940663052,0.173717288988808,0.187373273555186,0.16336870164501,0.0799622964166694,0.00452404469805728,0.351
"cw",1,0.0146137779424105,1,3,TRUE,202608250172,"primary",0.9,0,0.178452929914731,0.184647766476416,0.161776907430807,0.155468219995789,0.109980284802785,0.000648773897851522,0.531
"gini",0.483333333333333,-0.00691403041875668,1,3,TRUE,202608250172,"primary",0.9,0,0.178452929914731,0.184647766476416,0.161776907430807,0.155468219995789,0.109980284802785,0.000648773897851522,0.531
"oracle",0,-0.353422536754873,NA,NA,NA,202608250172,"primary",0.9,0,0.178452929914731,0.184647766476416,0.161776907430807,0.155468219995789,0.109980284802785,0.000648773897851522,0.531
"over",1,0.0173362266878969,1,3,TRUE,202608250172,"primary",0.9,0,0.178452929914731,0.184647766476416,0.161776907430807,0.155468219995789,0.109980284802785,0.000648773897851522,0.531
"raw",0.483333333333333,-0.00619483656168499,1,3,TRUE,202608250172,"primary",0.9,0,0.178452929914731,0.184647766476416,0.161776907430807,0.155468219995789,0.109980284802785,0.000648773897851522,0.531
"cw",1,0.0105759672287034,1,3,TRUE,202608250173,"primary",0.9,0,0.152248333362994,0.165373632858715,0.15180418308906,0.156402156746142,0.0880037553117306,0.00104462014403909,0.416
"gini",0.416666666666667,-0.0119618044344316,1,3,TRUE,202608250173,"primary",0.9,0,0.152248333362994,0.165373632858715,0.15180418308906,0.156402156746142,0.0880037553117306,0.00104462014403909,0.416
"oracle",0,-0.476918038175764,NA,NA,NA,202608250173,"primary",0.9,0,0.152248333362994,0.165373632858715,0.15180418308906,0.156402156746142,0.0880037553117306,0.00104462014403909,0.416
"over",1,0.0125510810311915,1,3,TRUE,202608250173,"primary",0.9,0,0.152248333362994,0.165373632858715,0.15180418308906,0.156402156746142,0.0880037553117306,0.00104462014403909,0.416
"raw",0.45,-0.0131252994957209,1,3,TRUE,202608250173,"primary",0.9,0,0.152248333362994,0.165373632858715,0.15180418308906,0.156402156746142,0.0880037553117306,0.00104462014403909,0.416
"cw",0.983333333333333,0.00805492048086805,0.792079207920792,3,FALSE,202608250174,"primary",0.6,0,0.13782356994682,0.177671326204756,0.165948323489203,0.17614433589899,0.0808312300836917,-0.00301853825314611,0.464
"gini",0.333333333333333,-0.0327812984024213,0.792079207920792,3,FALSE,202608250174,"primary",0.6,0,0.13782356994682,0.177671326204756,0.165948323489203,0.17614433589899,0.0808312300836917,-0.00301853825314611,0.464
"oracle",0,-0.396266381933336,NA,NA,NA,202608250174,"primary",0.6,0,0.13782356994682,0.177671326204756,0.165948323489203,0.17614433589899,0.0808312300836917,-0.00301853825314611,0.464
"over",0.983333333333333,0.0096133469256599,0.792079207920792,3,FALSE,202608250174,"primary",0.6,0,0.13782356994682,0.177671326204756,0.165948323489203,0.17614433589899,0.0808312300836917,-0.00301853825314611,0.464
"raw",0.35,-0.0398477562579367,0.792079207920792,3,FALSE,202608250174,"primary",0.6,0,0.13782356994682,0.177671326204756,0.165948323489203,0.17614433589899,0.0808312300836917,-0.00301853825314611,0.464
"cw",1,0.0173190363906364,1,3,TRUE,202608250175,"primary",0.9,0,0.19244869770503,0.167917145857115,0.181023131063148,0.173085329312261,0.113028957153837,-0.00337606604751201,0.604
"gini",0.633333333333333,0.0175787033261798,1,3,TRUE,202608250175,"primary",0.9,0,0.19244869770503,0.167917145857115,0.181023131063148,0.173085329312261,0.113028957153837,-0.00337606604751201,0.604
"oracle",0,-0.306984550302939,NA,NA,NA,202608250175,"primary",0.9,0,0.19244869770503,0.167917145857115,0.181023131063148,0.173085329312261,0.113028957153837,-0.00337606604751201,0.604
"over",1,0.021187397296254,1,3,TRUE,202608250175,"primary",0.9,0,0.19244869770503,0.167917145857115,0.181023131063148,0.173085329312261,0.113028957153837,-0.00337606604751201,0.604
"raw",0.666666666666667,0.0245315518479149,1,3,TRUE,202608250175,"primary",0.9,0,0.19244869770503,0.167917145857115,0.181023131063148,0.173085329312261,0.113028957153837,-0.00337606604751201,0.604
"cw",0.983333333333333,0.0141524618695608,1,3,TRUE,202608250176,"primary",0.9,0,0.179348559056727,0.204480315669676,0.189579733926944,0.159527860150514,0.107733105016988,-0.0010561052473201,0.433000000000001
"gini",0.383333333333333,-0.0286965351193183,1,3,TRUE,202608250176,"primary",0.9,0,0.179348559056727,0.204480315669676,0.189579733926944,0.159527860150514,0.107733105016988,-0.0010561052473201,0.433000000000001
"oracle",0,-0.325152733004889,NA,NA,NA,202608250176,"primary",0.9,0,0.179348559056727,0.204480315669676,0.189579733926944,0.159527860150514,0.107733105016988,-0.0010561052473201,0.433000000000001
"over",0.966666666666667,0.0177030172251765,1,3,TRUE,202608250176,"primary",0.9,0,0.179348559056727,0.204480315669676,0.189579733926944,0.159527860150514,0.107733105016988,-0.0010561052473201,0.433000000000001
"raw",0.383333333333333,-0.0251317566129498,1,3,TRUE,202608250176,"primary",0.9,0,0.179348559056727,0.204480315669676,0.189579733926944,0.159527860150514,0.107733105016988,-0.0010561052473201,0.433000000000001
"cw",1,0.0165821878377935,1,3,TRUE,202608250177,"primary",0.9,0,0.187661857590531,0.15794953982469,0.191866110908317,0.156599796308124,0.111999631941913,-0.00366739901325243,0.406
"gini",0.616666666666667,0.0172855682037161,1,3,TRUE,202608250177,"primary",0.9,0,0.187661857590531,0.15794953982469,0.191866110908317,0.156599796308124,0.111999631941913,-0.00366739901325243,0.406
"oracle",0,-0.332005906758487,NA,NA,NA,202608250177,"primary",0.9,0,0.187661857590531,0.15794953982469,0.191866110908317,0.156599796308124,0.111999631941913,-0.00366739901325243,0.406
"over",1,0.0207365655649404,1,3,TRUE,202608250177,"primary",0.9,0,0.187661857590531,0.15794953982469,0.191866110908317,0.156599796308124,0.111999631941913,-0.00366739901325243,0.406
"raw",0.666666666666667,0.0297123177658412,1,3,TRUE,202608250177,"primary",0.9,0,0.187661857590531,0.15794953982469,0.191866110908317,0.156599796308124,0.111999631941913,-0.00366739901325243,0.406
"cw",1,0.0120513163693632,0.792079207920792,3,FALSE,202608250178,"primary",0.6,0,0.161028118588447,0.162541442867114,0.165579777065456,0.165264626125933,0.0954789330437771,-0.00282733664044835,0.459000000000001
"gini",0.5,-0.00422825664806975,0.792079207920792,3,FALSE,202608250178,"primary",0.6,0,0.161028118588447,0.162541442867114,0.165579777065456,0.165264626125933,0.0954789330437771,-0.00282733664044835,0.459000000000001
"oracle",0,-0.323553564913682,NA,NA,NA,202608250178,"primary",0.6,0,0.161028118588447,0.162541442867114,0.165579777065456,0.165264626125933,0.0954789330437771,-0.00282733664044835,0.459000000000001
"over",1,0.0144464624694069,0.792079207920792,3,FALSE,202608250178,"primary",0.6,0,0.161028118588447,0.162541442867114,0.165579777065456,0.165264626125933,0.0954789330437771,-0.00282733664044835,0.459000000000001
"raw",0.5,-0.00151332427866674,0.792079207920792,3,FALSE,202608250178,"primary",0.6,0,0.161028118588447,0.162541442867114,0.165579777065456,0.165264626125933,0.0954789330437771,-0.00282733664044835,0.459000000000001
"cw",1,0.0118713021157267,1,3,TRUE,202608250179,"primary",0.9,0,0.157409309646131,0.175063246354096,0.172227986842858,0.170390415704892,0.0945457589638733,-0.00318136028268709,0.545
"gini",0.383333333333333,-0.0156745795958276,1,3,TRUE,202608250179,"primary",0.9,0,0.157409309646131,0.175063246354096,0.172227986842858,0.170390415704892,0.0945457589638733,-0.00318136028268709,0.545
"oracle",0,-0.469204540615463,NA,NA,NA,202608250179,"primary",0.9,0,0.157409309646131,0.175063246354096,0.172227986842858,0.170390415704892,0.0945457589638733,-0.00318136028268709,0.545
"over",1,0.0143999280688798,1,3,TRUE,202608250179,"primary",0.9,0,0.157409309646131,0.175063246354096,0.172227986842858,0.170390415704892,0.0945457589638733,-0.00318136028268709,0.545
"raw",0.383333333333333,-0.0176539367079648,1,3,TRUE,202608250179,"primary",0.9,0,0.157409309646131,0.175063246354096,0.172227986842858,0.170390415704892,0.0945457589638733,-0.00318136028268709,0.545
"cw",1,0.00599905878344979,1,3,TRUE,202608250180,"primary",0.9,0,0.121979217616003,0.178165061388786,0.173228414620587,0.160113390308084,0.0709583570731251,0.00499363358597496,0.57
"gini",0.266666666666667,-0.0521835299250442,1,3,TRUE,202608250180,"primary",0.9,0,0.121979217616003,0.178165061388786,0.173228414620587,0.160113390308084,0.0709583570731251,0.00499363358597496,0.57
"oracle",0,-0.482603866050363,NA,NA,NA,202608250180,"primary",0.9,0,0.121979217616003,0.178165061388786,0.173228414620587,0.160113390308084,0.0709583570731251,0.00499363358597496,0.57
"over",1,0.00725581701595129,1,3,TRUE,202608250180,"primary",0.9,0,0.121979217616003,0.178165061388786,0.173228414620587,0.160113390308084,0.0709583570731251,0.00499363358597496,0.57
"raw",0.266666666666667,-0.056185843772783,1,3,TRUE,202608250180,"primary",0.9,0,0.121979217616003,0.178165061388786,0.173228414620587,0.160113390308084,0.0709583570731251,0.00499363358597496,0.57
"cw",1,0.0115799255476541,0.792079207920792,3,FALSE,202608250181,"primary",0.6,0,0.165357603175244,0.188910498054789,0.179629133802924,0.163700900927886,0.0985257847914953,0.00336493295194726,0.435
"gini",0.366666666666667,-0.0244080353282161,0.792079207920792,3,FALSE,202608250181,"primary",0.6,0,0.165357603175244,0.188910498054789,0.179629133802924,0.163700900927886,0.0985257847914953,0.00336493295194726,0.435
"oracle",0,-0.39101097603827,NA,NA,NA,202608250181,"primary",0.6,0,0.165357603175244,0.188910498054789,0.179629133802924,0.163700900927886,0.0985257847914953,0.00336493295194726,0.435
"over",1,0.0143787492824835,0.792079207920792,3,FALSE,202608250181,"primary",0.6,0,0.165357603175244,0.188910498054789,0.179629133802924,0.163700900927886,0.0985257847914953,0.00336493295194726,0.435
"raw",0.383333333333333,-0.0235528948795445,0.792079207920792,3,FALSE,202608250181,"primary",0.6,0,0.165357603175244,0.188910498054789,0.179629133802924,0.163700900927886,0.0985257847914953,0.00336493295194726,0.435
"cw",1,0.0145156784399405,1,3,TRUE,202608250182,"primary",0.9,0,0.173862873062943,0.142584309768555,0.168975154837822,0.171885140827323,0.104738361441588,-0.00579185623987207,0.443
"gini",0.7,0.0251415253625873,1,3,TRUE,202608250182,"primary",0.9,0,0.173862873062943,0.142584309768555,0.168975154837822,0.171885140827323,0.104738361441588,-0.00579185623987207,0.443
"oracle",0,-0.29312711501464,NA,NA,NA,202608250182,"primary",0.9,0,0.173862873062943,0.142584309768555,0.168975154837822,0.171885140827323,0.104738361441588,-0.00579185623987207,0.443
"over",1,0.0176689223596464,1,3,TRUE,202608250182,"primary",0.9,0,0.173862873062943,0.142584309768555,0.168975154837822,0.171885140827323,0.104738361441588,-0.00579185623987207,0.443
"raw",0.683333333333333,0.0312785632943885,1,3,TRUE,202608250182,"primary",0.9,0,0.173862873062943,0.142584309768555,0.168975154837822,0.171885140827323,0.104738361441588,-0.00579185623987207,0.443
"cw",1,0.0208133957868289,1,3,TRUE,202608250183,"primary",0.9,0,0.203494055691644,0.177101524328307,0.17039325823449,0.151375430314022,0.125261621529498,-0.017251882008258,0.381
"gini",0.633333333333333,0.0171646491939035,1,3,TRUE,202608250183,"primary",0.9,0,0.203494055691644,0.177101524328307,0.17039325823449,0.151375430314022,0.125261621529498,-0.017251882008258,0.381
"oracle",0,-0.38461101283688,NA,NA,NA,202608250183,"primary",0.9,0,0.203494055691644,0.177101524328307,0.17039325823449,0.151375430314022,0.125261621529498,-0.017251882008258,0.381
"over",1,0.0251914584470216,1,3,TRUE,202608250183,"primary",0.9,0,0.203494055691644,0.177101524328307,0.17039325823449,0.151375430314022,0.125261621529498,-0.017251882008258,0.381
"raw",0.633333333333333,0.0263925313633371,1,3,TRUE,202608250183,"primary",0.9,0,0.203494055691644,0.177101524328307,0.17039325823449,0.151375430314022,0.125261621529498,-0.017251882008258,0.381
"cw",1,0.013188174902441,1,3,TRUE,202608250184,"primary",0.9,0,0.166856645653709,0.154585810379853,0.156385509265246,0.138354175795723,0.10036905036024,-0.0051381171670456,0.434
"gini",0.516666666666667,0.00847568589963651,1,3,TRUE,202608250184,"primary",0.9,0,0.166856645653709,0.154585810379853,0.156385509265246,0.138354175795723,0.10036905036024,-0.0051381171670456,0.434
"oracle",0,-0.415060700515935,NA,NA,NA,202608250184,"primary",0.9,0,0.166856645653709,0.154585810379853,0.156385509265246,0.138354175795723,0.10036905036024,-0.0051381171670456,0.434
"over",1,0.0155992318853311,1,3,TRUE,202608250184,"primary",0.9,0,0.166856645653709,0.154585810379853,0.156385509265246,0.138354175795723,0.10036905036024,-0.0051381171670456,0.434
"raw",0.566666666666667,0.0122708352738568,1,3,TRUE,202608250184,"primary",0.9,0,0.166856645653709,0.154585810379853,0.156385509265246,0.138354175795723,0.10036905036024,-0.0051381171670456,0.434
"cw",1,0.0144962311473485,1,3,TRUE,202608250185,"primary",0.9,0,0.183561012388201,0.238244821775567,0.189714241286229,0.155157543620204,0.108262384293146,0.00367425608906734,0.723
"gini",0.233333333333333,-0.0537005750015147,1,3,TRUE,202608250185,"primary",0.9,0,0.183561012388201,0.238244821775567,0.189714241286229,0.155157543620204,0.108262384293146,0.00367425608906734,0.723
"oracle",0,-0.302773667223879,NA,NA,NA,202608250185,"primary",0.9,0,0.183561012388201,0.238244821775567,0.189714241286229,0.155157543620204,0.108262384293146,0.00367425608906734,0.723
"over",1,0.0179192086041606,1,3,TRUE,202608250185,"primary",0.9,0,0.183561012388201,0.238244821775567,0.189714241286229,0.155157543620204,0.108262384293146,0.00367425608906734,0.723
"raw",0.233333333333333,-0.0546838093873659,1,3,TRUE,202608250185,"primary",0.9,0,0.183561012388201,0.238244821775567,0.189714241286229,0.155157543620204,0.108262384293146,0.00367425608906734,0.723
"cw",1,0.00712316388642795,1,3,TRUE,202608250186,"primary",0.9,0,0.132952023027451,0.106763924230139,0.184695968191144,0.163676815662014,0.074961856737679,-0.00347300822262468,0.45
"gini",0.583333333333333,0.0178608004801827,1,3,TRUE,202608250186,"primary",0.9,0,0.132952023027451,0.106763924230139,0.184695968191144,0.163676815662014,0.074961856737679,-0.00347300822262468,0.45
"oracle",0,-0.447080036906398,NA,NA,NA,202608250186,"primary",0.9,0,0.132952023027451,0.106763924230139,0.184695968191144,0.163676815662014,0.074961856737679,-0.00347300822262468,0.45
"over",1,0.00881204052708621,1,3,TRUE,202608250186,"primary",0.9,0,0.132952023027451,0.106763924230139,0.184695968191144,0.163676815662014,0.074961856737679,-0.00347300822262468,0.45
"raw",0.6,0.026188098797312,1,3,TRUE,202608250186,"primary",0.9,0,0.132952023027451,0.106763924230139,0.184695968191144,0.163676815662014,0.074961856737679,-0.00347300822262468,0.45
"cw",1,0.0132402693019815,1,3,TRUE,202608250187,"primary",0.9,0,0.16508718720685,0.16563758298269,0.168942369039625,0.164362666704745,0.0945448846610199,-0.0158506148810397,0.411
"gini",0.55,-0.00391717700857738,1,3,TRUE,202608250187,"primary",0.9,0,0.16508718720685,0.16563758298269,0.168942369039625,0.164362666704745,0.0945448846610199,-0.0158506148810397,0.411
"oracle",0,-0.386618724700663,NA,NA,NA,202608250187,"primary",0.9,0,0.16508718720685,0.16563758298269,0.168942369039625,0.164362666704745,0.0945448846610199,-0.0158506148810397,0.411
"over",1,0.015963195721683,1,3,TRUE,202608250187,"primary",0.9,0,0.16508718720685,0.16563758298269,0.168942369039625,0.164362666704745,0.0945448846610199,-0.0158506148810397,0.411
"raw",0.55,-0.000550395775839485,1,3,TRUE,202608250187,"primary",0.9,0,0.16508718720685,0.16563758298269,0.168942369039625,0.164362666704745,0.0945448846610199,-0.0158506148810397,0.411
"cw",1,0.0145140063771462,1,3,TRUE,202608250188,"primary",0.9,0,0.182683837283946,0.19340159373122,0.174861564856028,0.140716185393362,0.111368624308324,0.00987944798967632,0.39
"gini",0.383333333333333,-0.0159295612831375,1,3,TRUE,202608250188,"primary",0.9,0,0.182683837283946,0.19340159373122,0.174861564856028,0.140716185393362,0.111368624308324,0.00987944798967632,0.39
"oracle",0,-0.294398958023137,NA,NA,NA,202608250188,"primary",0.9,0,0.182683837283946,0.19340159373122,0.174861564856028,0.140716185393362,0.111368624308324,0.00987944798967632,0.39
"over",1,0.0178855838821071,1,3,TRUE,202608250188,"primary",0.9,0,0.182683837283946,0.19340159373122,0.174861564856028,0.140716185393362,0.111368624308324,0.00987944798967632,0.39
"raw",0.433333333333333,-0.0107177564472743,1,3,TRUE,202608250188,"primary",0.9,0,0.182683837283946,0.19340159373122,0.174861564856028,0.140716185393362,0.111368624308324,0.00987944798967632,0.39
"cw",1,0.0299621480438208,1,3,TRUE,202608250189,"primary",0.9,0,0.238137111244602,0.197305039916274,0.162904665855519,0.163149250722617,0.151079995018644,-0.0208580136742592,0.468
"gini",0.7,0.0349228211795028,1,3,TRUE,202608250189,"primary",0.9,0,0.238137111244602,0.197305039916274,0.162904665855519,0.163149250722617,0.151079995018644,-0.0208580136742592,0.468
"oracle",0,-0.252785361211415,NA,NA,NA,202608250189,"primary",0.9,0,0.238137111244602,0.197305039916274,0.162904665855519,0.163149250722617,0.151079995018644,-0.0208580136742592,0.468
"over",1,0.0358688603866406,1,3,TRUE,202608250189,"primary",0.9,0,0.238137111244602,0.197305039916274,0.162904665855519,0.163149250722617,0.151079995018644,-0.0208580136742592,0.468
"raw",0.7,0.0408320713283282,1,3,TRUE,202608250189,"primary",0.9,0,0.238137111244602,0.197305039916274,0.162904665855519,0.163149250722617,0.151079995018644,-0.0208580136742592,0.468
"cw",1,0.0184412922707813,1,3,TRUE,202608250190,"primary",0.9,0,0.197748730710529,0.178075972489191,0.175211698106499,0.154824221690993,0.118377750515678,0.000518916644481877,0.512
"gini",0.533333333333333,0.0128344237271888,1,3,TRUE,202608250190,"primary",0.9,0,0.197748730710529,0.178075972489191,0.175211698106499,0.154824221690993,0.118377750515678,0.000518916644481877,0.512
"oracle",0,-0.341171333874721,NA,NA,NA,202608250190,"primary",0.9,0,0.197748730710529,0.178075972489191,0.175211698106499,0.154824221690993,0.118377750515678,0.000518916644481877,0.512
"over",1,0.0222386263061447,1,3,TRUE,202608250190,"primary",0.9,0,0.197748730710529,0.178075972489191,0.175211698106499,0.154824221690993,0.118377750515678,0.000518916644481877,0.512
"raw",0.583333333333333,0.0196727582213372,1,3,TRUE,202608250190,"primary",0.9,0,0.197748730710529,0.178075972489191,0.175211698106499,0.154824221690993,0.118377750515678,0.000518916644481877,0.512
"cw",1,0.0275746526979287,0.792079207920792,3,TRUE,202608250191,"primary",0.9,0,0.235195576105823,0.155017089662231,0.173514653844627,0.164648118209892,0.143002956736135,-0.0162399366735035,0.358
"gini",0.816666666666667,0.0628288195566434,0.792079207920792,3,TRUE,202608250191,"primary",0.9,0,0.235195576105823,0.155017089662231,0.173514653844627,0.164648118209892,0.143002956736135,-0.0162399366735035,0.358
"oracle",0,-0.3264508551591,NA,NA,NA,202608250191,"primary",0.9,0,0.235195576105823,0.155017089662231,0.173514653844627,0.164648118209892,0.143002956736135,-0.0162399366735035,0.358
"over",1,0.0337520410801719,0.792079207920792,3,TRUE,202608250191,"primary",0.9,0,0.235195576105823,0.155017089662231,0.173514653844627,0.164648118209892,0.143002956736135,-0.0162399366735035,0.358
"raw",0.8,0.0801784864435928,1,3,TRUE,202608250191,"primary",0.9,0,0.235195576105823,0.155017089662231,0.173514653844627,0.164648118209892,0.143002956736135,-0.0162399366735035,0.358
"cw",1,0.0143065756745861,1,3,TRUE,202608250192,"primary",0.9,0,0.175415946239552,0.172487316804881,0.174353279715742,0.175152686692663,0.104343530567944,-0.0129369641812017,0.457999999999999
"gini",0.55,0.0018601577775241,1,3,TRUE,202608250192,"primary",0.9,0,0.175415946239552,0.172487316804881,0.174353279715742,0.175152686692663,0.104343530567944,-0.0129369641812017,0.457999999999999
"oracle",0,-0.423366458519447,NA,NA,NA,202608250192,"primary",0.9,0,0.175415946239552,0.172487316804881,0.174353279715742,0.175152686692663,0.104343530567944,-0.0129369641812017,0.457999999999999
"over",1,0.01741052813069,1,3,TRUE,202608250192,"primary",0.9,0,0.175415946239552,0.172487316804881,0.174353279715742,0.175152686692663,0.104343530567944,-0.0129369641812017,0.457999999999999
"raw",0.55,0.00292862943467129,1,3,TRUE,202608250192,"primary",0.9,0,0.175415946239552,0.172487316804881,0.174353279715742,0.175152686692663,0.104343530567944,-0.0129369641812017,0.457999999999999
"cw",1,0.0153809768150626,1,3,TRUE,202608250193,"primary",0.9,0,0.201794248597526,0.238299808824083,0.197635183030626,0.161980348008608,0.119858682972085,0.019904322528916,0.488
"gini",0.3,-0.0398970660160138,1,3,TRUE,202608250193,"primary",0.9,0,0.201794248597526,0.238299808824083,0.197635183030626,0.161980348008608,0.119858682972085,0.019904322528916,0.488
"oracle",0,-0.263884226058326,NA,NA,NA,202608250193,"primary",0.9,0,0.201794248597526,0.238299808824083,0.197635183030626,0.161980348008608,0.119858682972085,0.019904322528916,0.488
"over",1,0.0197201473103251,1,3,TRUE,202608250193,"primary",0.9,0,0.201794248597526,0.238299808824083,0.197635183030626,0.161980348008608,0.119858682972085,0.019904322528916,0.488
"raw",0.35,-0.036505560226557,1,3,TRUE,202608250193,"primary",0.9,0,0.201794248597526,0.238299808824083,0.197635183030626,0.161980348008608,0.119858682972085,0.019904322528916,0.488
"cw",1,0.0153721739759517,1,3,TRUE,202608250194,"primary",0.8,0,0.178925006133452,0.18438877610973,0.168641795040698,0.159011684739546,0.104944324574254,-0.0214117878169524,0.436
"gini",0.466666666666667,-0.0043417184304608,1,3,TRUE,202608250194,"primary",0.8,0,0.178925006133452,0.18438877610973,0.168641795040698,0.159011684739546,0.104944324574254,-0.0214117878169524,0.436
"oracle",0,-0.36824766765824,NA,NA,NA,202608250194,"primary",0.8,0,0.178925006133452,0.18438877610973,0.168641795040698,0.159011684739546,0.104944324574254,-0.0214117878169524,0.436
"over",1,0.0184663049418012,1,3,TRUE,202608250194,"primary",0.8,0,0.178925006133452,0.18438877610973,0.168641795040698,0.159011684739546,0.104944324574254,-0.0214117878169524,0.436
"raw",0.483333333333333,-0.00546376997627743,1,3,TRUE,202608250194,"primary",0.8,0,0.178925006133452,0.18438877610973,0.168641795040698,0.159011684739546,0.104944324574254,-0.0214117878169524,0.436
"cw",1,0.0116699060632692,1,3,TRUE,202608250195,"primary",0.8,0,0.156444584583179,0.19137666529748,0.183517406493355,0.160161659935223,0.0959317563473584,-0.0073047213552024,0.435
"gini",0.3,-0.0335167990993586,1,3,TRUE,202608250195,"primary",0.8,0,0.156444584583179,0.19137666529748,0.183517406493355,0.160161659935223,0.0959317563473584,-0.0073047213552024,0.435
"oracle",0,-0.469144525047625,NA,NA,NA,202608250195,"primary",0.8,0,0.156444584583179,0.19137666529748,0.183517406493355,0.160161659935223,0.0959317563473584,-0.0073047213552024,0.435
"over",1,0.0143316405723257,1,3,TRUE,202608250195,"primary",0.8,0,0.156444584583179,0.19137666529748,0.183517406493355,0.160161659935223,0.0959317563473584,-0.0073047213552024,0.435
"raw",0.333333333333333,-0.0349320807143015,1,3,TRUE,202608250195,"primary",0.8,0,0.156444584583179,0.19137666529748,0.183517406493355,0.160161659935223,0.0959317563473584,-0.0073047213552024,0.435
"cw",1,0.0120534638911874,1,3,TRUE,202608250196,"primary",0.9,0,0.158705727563392,0.154225664289751,0.173675416624308,0.17419531403534,0.0968006435768152,-0.000840215691366987,0.468
"gini",0.5,0.00417860655555458,1,3,TRUE,202608250196,"primary",0.9,0,0.158705727563392,0.154225664289751,0.173675416624308,0.17419531403534,0.0968006435768152,-0.000840215691366987,0.468
"oracle",0.0333333333333333,-0.327761039541689,NA,NA,NA,202608250196,"primary",0.9,0,0.158705727563392,0.154225664289751,0.173675416624308,0.17419531403534,0.0968006435768152,-0.000840215691366987,0.468
"over",1,0.0146367660893974,1,3,TRUE,202608250196,"primary",0.9,0,0.158705727563392,0.154225664289751,0.173675416624308,0.17419531403534,0.0968006435768152,-0.000840215691366987,0.468
"raw",0.516666666666667,0.00448006327364103,1,3,TRUE,202608250196,"primary",0.9,0,0.158705727563392,0.154225664289751,0.173675416624308,0.17419531403534,0.0968006435768152,-0.000840215691366987,0.468
"cw",1,0.0167034548068559,1,3,TRUE,202608250197,"primary",0.9,0,0.180812731814002,0.175962577408014,0.146144360139039,0.161898926433897,0.108465753819048,-0.0131675065843929,0.428999999999999
"gini",0.583333333333333,0.00478234720506865,1,3,TRUE,202608250197,"primary",0.9,0,0.180812731814002,0.175962577408014,0.146144360139039,0.161898926433897,0.108465753819048,-0.0131675065843929,0.428999999999999
"oracle",0,-0.34942599784351,NA,NA,NA,202608250197,"primary",0.9,0,0.180812731814002,0.175962577408014,0.146144360139039,0.161898926433897,0.108465753819048,-0.0131675065843929,0.428999999999999
"over",1,0.0197275158806569,1,3,TRUE,202608250197,"primary",0.9,0,0.180812731814002,0.175962577408014,0.146144360139039,0.161898926433897,0.108465753819048,-0.0131675065843929,0.428999999999999
"raw",0.55,0.00485015440598777,1,3,TRUE,202608250197,"primary",0.9,0,0.180812731814002,0.175962577408014,0.146144360139039,0.161898926433897,0.108465753819048,-0.0131675065843929,0.428999999999999
"cw",1,0.0131076656920112,1,3,TRUE,202608250198,"primary",0.9,0,0.165306300942233,0.141565833485547,0.172357468433744,0.158719584751306,0.0980591319494055,-0.0354665841724863,0.469
"gini",0.6,0.0191033558788238,1,3,TRUE,202608250198,"primary",0.9,0,0.165306300942233,0.141565833485547,0.172357468433744,0.158719584751306,0.0980591319494055,-0.0354665841724863,0.469
"oracle",0,-0.308462393624738,NA,NA,NA,202608250198,"primary",0.9,0,0.165306300942233,0.141565833485547,0.172357468433744,0.158719584751306,0.0980591319494055,-0.0354665841724863,0.469
"over",1,0.015890208141721,1,3,TRUE,202608250198,"primary",0.9,0,0.165306300942233,0.141565833485547,0.172357468433744,0.158719584751306,0.0980591319494055,-0.0354665841724863,0.469
"raw",0.6,0.0237404674566861,1,3,TRUE,202608250198,"primary",0.9,0,0.165306300942233,0.141565833485547,0.172357468433744,0.158719584751306,0.0980591319494055,-0.0354665841724863,0.469
"cw",0.983333333333333,0.00755721164675466,0.533333333333333,2,FALSE,202608250199,"primary",0.4,0,0.130570495106991,0.198597787043343,0.172251045770932,0.16897499612181,0.0763720534163586,-0.00215060457561931,0.428
"gini",0.1,-0.0585566806869201,0.641025641025641,3,FALSE,202608250199,"primary",0.4,0,0.130570495106991,0.198597787043343,0.172251045770932,0.16897499612181,0.0763720534163586,-0.00215060457561931,0.428
"oracle",0,-0.454470357323091,NA,NA,NA,202608250199,"primary",0.4,0,0.130570495106991,0.198597787043343,0.172251045770932,0.16897499612181,0.0763720534163586,-0.00215060457561931,0.428
"over",0.983333333333333,0.00925710576322697,0.533333333333333,2,FALSE,202608250199,"primary",0.4,0,0.130570495106991,0.198597787043343,0.172251045770932,0.16897499612181,0.0763720534163586,-0.00215060457561931,0.428
"raw",0.116666666666667,-0.0680272919363523,0.641025641025641,3,FALSE,202608250199,"primary",0.4,0,0.130570495106991,0.198597787043343,0.172251045770932,0.16897499612181,0.0763720534163586,-0.00215060457561931,0.428
"cw",1,0.0167646671417122,1,3,TRUE,202608250200,"primary",0.9,0,0.181480869562712,0.136266940568792,0.181098679963592,0.160053562061951,0.112270916230582,-0.0233929771556555,0.443
"gini",0.616666666666667,0.0325990943017176,1,3,TRUE,202608250200,"primary",0.9,0,0.181480869562712,0.136266940568792,0.181098679963592,0.160053562061951,0.112270916230582,-0.0233929771556555,0.443
"oracle",0,-0.423160460607586,NA,NA,NA,202608250200,"primary",0.9,0,0.181480869562712,0.136266940568792,0.181098679963592,0.160053562061951,0.112270916230582,-0.0233929771556555,0.443
"over",1,0.0205750906639085,1,3,TRUE,202608250200,"primary",0.9,0,0.181480869562712,0.136266940568792,0.181098679963592,0.160053562061951,0.112270916230582,-0.0233929771556555,0.443
"raw",0.7,0.0452139289939194,1,3,TRUE,202608250200,"primary",0.9,0,0.181480869562712,0.136266940568792,0.181098679963592,0.160053562061951,0.112270916230582,-0.0233929771556555,0.443
"cw",0.983333333333333,0.0144218208726715,1,3,TRUE,202608250201,"primary",0.9,0,0.176522283548577,0.170962075007527,0.197705931948217,0.164228958930462,0.106407293735349,-0.018477046017089,0.383
"gini",0.583333333333333,-0.00131157295823928,1,3,TRUE,202608250201,"primary",0.9,0,0.176522283548577,0.170962075007527,0.197705931948217,0.164228958930462,0.106407293735349,-0.018477046017089,0.383
"oracle",0,-0.389211061637088,NA,NA,NA,202608250201,"primary",0.9,0,0.176522283548577,0.170962075007527,0.197705931948217,0.164228958930462,0.106407293735349,-0.018477046017089,0.383
"over",0.983333333333333,0.0181185036488431,1,3,TRUE,202608250201,"primary",0.9,0,0.176522283548577,0.170962075007527,0.197705931948217,0.164228958930462,0.106407293735349,-0.018477046017089,0.383
"raw",0.6,0.00556020854105044,1,3,TRUE,202608250201,"primary",0.9,0,0.176522283548577,0.170962075007527,0.197705931948217,0.164228958930462,0.106407293735349,-0.018477046017089,0.383
"cw",1,0.0164441150308209,1,3,TRUE,202608250202,"primary",0.8,0,0.18485130518167,0.201460701465736,0.186984422414147,0.152639282445883,0.113322488870471,-0.00490473420136927,0.363
"gini",0.416666666666667,-0.0204410867740955,1,3,TRUE,202608250202,"primary",0.8,0,0.18485130518167,0.201460701465736,0.186984422414147,0.152639282445883,0.113322488870471,-0.00490473420136927,0.363
"oracle",0,-0.367264801309176,NA,NA,NA,202608250202,"primary",0.8,0,0.18485130518167,0.201460701465736,0.186984422414147,0.152639282445883,0.113322488870471,-0.00490473420136927,0.363
"over",1,0.0202281706381111,1,3,TRUE,202608250202,"primary",0.8,0,0.18485130518167,0.201460701465736,0.186984422414147,0.152639282445883,0.113322488870471,-0.00490473420136927,0.363
"raw",0.483333333333333,-0.0166093962840659,1,3,TRUE,202608250202,"primary",0.8,0,0.18485130518167,0.201460701465736,0.186984422414147,0.152639282445883,0.113322488870471,-0.00490473420136927,0.363
"cw",0.983333333333333,0.0115971694026156,1,3,TRUE,202608250203,"primary",0.9,0,0.156397300698648,0.19488581556048,0.17868939689289,0.144503693643241,0.0949368564343902,-0.0100830863773877,0.394
"gini",0.283333333333333,-0.0392120283343204,1,3,TRUE,202608250203,"primary",0.9,0,0.156397300698648,0.19488581556048,0.17868939689289,0.144503693643241,0.0949368564343902,-0.0100830863773877,0.394
"oracle",0,-0.427182838209106,NA,NA,NA,202608250203,"primary",0.9,0,0.156397300698648,0.19488581556048,0.17868939689289,0.144503693643241,0.0949368564343902,-0.0100830863773877,0.394
"over",0.983333333333333,0.0141684412440351,1,3,TRUE,202608250203,"primary",0.9,0,0.156397300698648,0.19488581556048,0.17868939689289,0.144503693643241,0.0949368564343902,-0.0100830863773877,0.394
"raw",0.3,-0.0384885148618318,1,3,TRUE,202608250203,"primary",0.9,0,0.156397300698648,0.19488581556048,0.17868939689289,0.144503693643241,0.0949368564343902,-0.0100830863773877,0.394
"cw",0.966666666666667,0.0080182452468612,1,3,TRUE,202608250204,"primary",0.9,0,0.143703859220505,0.224356512654314,0.176056427626241,0.165731345149369,0.0852370363486302,0.0035662468045375,0.44
"gini",0.0833333333333333,-0.0697031560696032,1,3,TRUE,202608250204,"primary",0.9,0,0.143703859220505,0.224356512654314,0.176056427626241,0.165731345149369,0.0852370363486302,0.0035662468045375,0.44
"oracle",0,-0.299069986014984,NA,NA,NA,202608250204,"primary",0.9,0,0.143703859220505,0.224356512654314,0.176056427626241,0.165731345149369,0.0852370363486302,0.0035662468045375,0.44
"over",0.966666666666667,0.00972014782539835,1,3,TRUE,202608250204,"primary",0.9,0,0.143703859220505,0.224356512654314,0.176056427626241,0.165731345149369,0.0852370363486302,0.0035662468045375,0.44
"raw",0.0833333333333333,-0.080652653433809,1,3,TRUE,202608250204,"primary",0.9,0,0.143703859220505,0.224356512654314,0.176056427626241,0.165731345149369,0.0852370363486302,0.0035662468045375,0.44
"cw",1,0.00916858181551214,0.641025641025641,3,FALSE,202608250205,"primary",0.4,0,0.142888201464168,0.176612583149415,0.179446304152477,0.145405700092768,0.0845878426715753,-0.00361656998431607,0.444
"gini",0.316666666666667,-0.033166570041302,0.641025641025641,3,FALSE,202608250205,"primary",0.4,0,0.142888201464168,0.176612583149415,0.179446304152477,0.145405700092768,0.0845878426715753,-0.00361656998431607,0.444
"oracle",0,-0.332847760900497,NA,NA,NA,202608250205,"primary",0.4,0,0.142888201464168,0.176612583149415,0.179446304152477,0.145405700092768,0.0845878426715753,-0.00361656998431607,0.444
"over",1,0.0111898486571868,0.641025641025641,3,FALSE,202608250205,"primary",0.4,0,0.142888201464168,0.176612583149415,0.179446304152477,0.145405700092768,0.0845878426715753,-0.00361656998431607,0.444
"raw",0.333333333333333,-0.0337243816852477,0.792079207920792,3,FALSE,202608250205,"primary",0.4,0,0.142888201464168,0.176612583149415,0.179446304152477,0.145405700092768,0.0845878426715753,-0.00361656998431607,0.444
"cw",1,0.0118038151716269,1,3,TRUE,202608250206,"primary",0.9,0,0.156239372686222,0.164397121386618,0.175583262326979,0.162572102611292,0.0948340295696435,-0.0103426456126169,0.371
"gini",0.416666666666667,-0.0107523935768173,1,3,TRUE,202608250206,"primary",0.9,0,0.156239372686222,0.164397121386618,0.175583262326979,0.162572102611292,0.0948340295696435,-0.0103426456126169,0.371
"oracle",0,-0.336698083676698,NA,NA,NA,202608250206,"primary",0.9,0,0.156239372686222,0.164397121386618,0.175583262326979,0.162572102611292,0.0948340295696435,-0.0103426456126169,0.371
"over",1,0.0142662642861946,1,3,TRUE,202608250206,"primary",0.9,0,0.156239372686222,0.164397121386618,0.175583262326979,0.162572102611292,0.0948340295696435,-0.0103426456126169,0.371
"raw",0.433333333333333,-0.00815774870039609,1,3,TRUE,202608250206,"primary",0.9,0,0.156239372686222,0.164397121386618,0.175583262326979,0.162572102611292,0.0948340295696435,-0.0103426456126169,0.371
"cw",1,0.0123294494285749,1,3,TRUE,202608250207,"primary",0.8,0,0.162742060058483,0.152637043230386,0.169579676085346,0.167943284389145,0.09923155485795,0.00169605362265385,0.562
"gini",0.516666666666667,0.00750333216344393,1,3,TRUE,202608250207,"primary",0.8,0,0.162742060058483,0.152637043230386,0.169579676085346,0.167943284389145,0.09923155485795,0.00169605362265385,0.562
"oracle",0,-0.384184262877171,NA,NA,NA,202608250207,"primary",0.8,0,0.162742060058483,0.152637043230386,0.169579676085346,0.167943284389145,0.09923155485795,0.00169605362265385,0.562
"over",0.983333333333333,0.01489615942717,1,3,TRUE,202608250207,"primary",0.8,0,0.162742060058483,0.152637043230386,0.169579676085346,0.167943284389145,0.09923155485795,0.00169605362265385,0.562
"raw",0.566666666666667,0.0101050168280968,1,3,TRUE,202608250207,"primary",0.8,0,0.162742060058483,0.152637043230386,0.169579676085346,0.167943284389145,0.09923155485795,0.00169605362265385,0.562
"cw",1,0.0201442761153756,0.792079207920792,3,FALSE,202608250208,"primary",0.6,0,0.210231507975848,0.184427974356914,0.172317159027257,0.166152255942811,0.127940276075136,0.0118776933616094,0.407999999999999
"gini",0.583333333333333,0.0167570601775895,0.792079207920792,3,FALSE,202608250208,"primary",0.6,0,0.210231507975848,0.184427974356914,0.172317159027257,0.166152255942811,0.127940276075136,0.0118776933616094,0.407999999999999
"oracle",0,-0.399413546482343,NA,NA,NA,202608250208,"primary",0.6,0,0.210231507975848,0.184427974356914,0.172317159027257,0.166152255942811,0.127940276075136,0.0118776933616094,0.407999999999999
"over",1,0.0247065652712183,0.792079207920792,3,FALSE,202608250208,"primary",0.6,0,0.210231507975848,0.184427974356914,0.172317159027257,0.166152255942811,0.127940276075136,0.0118776933616094,0.407999999999999
"raw",0.633333333333333,0.0258035336189334,0.792079207920792,3,FALSE,202608250208,"primary",0.6,0,0.210231507975848,0.184427974356914,0.172317159027257,0.166152255942811,0.127940276075136,0.0118776933616094,0.407999999999999
"cw",1,0.0153545069525288,1,3,TRUE,202608250209,"primary",0.9,0,0.179280448618352,0.124336039377658,0.191443427559787,0.162024995855296,0.106963004178483,-0.040076505215071,0.323
"gini",0.783333333333333,0.0397196771909021,1,3,TRUE,202608250209,"primary",0.9,0,0.179280448618352,0.124336039377658,0.191443427559787,0.162024995855296,0.106963004178483,-0.040076505215071,0.323
"oracle",0,-0.36732008427541,NA,NA,NA,202608250209,"primary",0.9,0,0.179280448618352,0.124336039377658,0.191443427559787,0.162024995855296,0.106963004178483,-0.040076505215071,0.323
"over",1,0.0190982497833432,1,3,TRUE,202608250209,"primary",0.9,0,0.179280448618352,0.124336039377658,0.191443427559787,0.162024995855296,0.106963004178483,-0.040076505215071,0.323
"raw",0.8,0.0549444092406938,1,3,TRUE,202608250209,"primary",0.9,0,0.179280448618352,0.124336039377658,0.191443427559787,0.162024995855296,0.106963004178483,-0.040076505215071,0.323
"cw",1,0.00903138142958479,1,3,TRUE,202608250210,"primary",0.8,0,0.136983519271577,0.174589279982736,0.189887944937958,0.162163975798906,0.0823290658894882,-0.00611292692061436,0.435
"gini",0.316666666666667,-0.033512432620384,1,3,TRUE,202608250210,"primary",0.8,0,0.136983519271577,0.174589279982736,0.189887944937958,0.162163975798906,0.0823290658894882,-0.00611292692061436,0.435
"oracle",0,-0.329236167818092,NA,NA,NA,202608250210,"primary",0.8,0,0.136983519271577,0.174589279982736,0.189887944937958,0.162163975798906,0.0823290658894882,-0.00611292692061436,0.435
"over",1,0.0111072906174897,1,3,TRUE,202608250210,"primary",0.8,0,0.136983519271577,0.174589279982736,0.189887944937958,0.162163975798906,0.0823290658894882,-0.00611292692061436,0.435
"raw",0.333333333333333,-0.0376057607111586,1,3,TRUE,202608250210,"primary",0.8,0,0.136983519271577,0.174589279982736,0.189887944937958,0.162163975798906,0.0823290658894882,-0.00611292692061436,0.435
"cw",1,0.0119634845446266,1,3,TRUE,202608250211,"primary",0.8,0,0.156125307819257,0.133051677622884,0.163958580352677,0.17455697403321,0.0950305490550375,-0.00978548121396963,0.52
"gini",0.566666666666667,0.0201955253293134,1,3,TRUE,202608250211,"primary",0.8,0,0.156125307819257,0.133051677622884,0.163958580352677,0.17455697403321,0.0950305490550375,-0.00978548121396963,0.52
"oracle",0,-0.36911422121629,NA,NA,NA,202608250211,"primary",0.8,0,0.156125307819257,0.133051677622884,0.163958580352677,0.17455697403321,0.0950305490550375,-0.00978548121396963,0.52
"over",1,0.0142349648369419,1,3,TRUE,202608250211,"primary",0.8,0,0.156125307819257,0.133051677622884,0.163958580352677,0.17455697403321,0.0950305490550375,-0.00978548121396963,0.52
"raw",0.583333333333333,0.0230736301963723,1,3,TRUE,202608250211,"primary",0.8,0,0.156125307819257,0.133051677622884,0.163958580352677,0.17455697403321,0.0950305490550375,-0.00978548121396963,0.52
"cw",1,0.0127684769116263,1,3,TRUE,202608250212,"primary",0.9,0,0.171378568484178,0.1837139185867,0.208755796994401,0.164035670875047,0.103043556520052,0.00144297315096785,0.428
"gini",0.316666666666667,-0.0175647117159185,1,3,TRUE,202608250212,"primary",0.9,0,0.171378568484178,0.1837139185867,0.208755796994401,0.164035670875047,0.103043556520052,0.00144297315096785,0.428
"oracle",0,-0.328605507888833,NA,NA,NA,202608250212,"primary",0.9,0,0.171378568484178,0.1837139185867,0.208755796994401,0.164035670875047,0.103043556520052,0.00144297315096785,0.428
"over",1,0.016315842992474,1,3,TRUE,202608250212,"primary",0.9,0,0.171378568484178,0.1837139185867,0.208755796994401,0.164035670875047,0.103043556520052,0.00144297315096785,0.428
"raw",0.35,-0.0123353501025222,1,3,TRUE,202608250212,"primary",0.9,0,0.171378568484178,0.1837139185867,0.208755796994401,0.164035670875047,0.103043556520052,0.00144297315096785,0.428
"cw",1,0.0183700090372301,1,3,TRUE,202608250213,"primary",0.9,0,0.200528608890893,0.175615022088328,0.171102989275937,0.160750185009186,0.120411993845308,0.00434127449872789,0.399
"gini",0.633333333333333,0.0196074565416573,1,3,TRUE,202608250213,"primary",0.9,0,0.200528608890893,0.175615022088328,0.171102989275937,0.160750185009186,0.120411993845308,0.00434127449872789,0.399
"oracle",0,-0.347978939354772,NA,NA,NA,202608250213,"primary",0.9,0,0.200528608890893,0.175615022088328,0.171102989275937,0.160750185009186,0.120411993845308,0.00434127449872789,0.399
"over",1,0.0222306073217469,1,3,TRUE,202608250213,"primary",0.9,0,0.200528608890893,0.175615022088328,0.171102989275937,0.160750185009186,0.120411993845308,0.00434127449872789,0.399
"raw",0.633333333333333,0.0249135868025649,1,3,TRUE,202608250213,"primary",0.9,0,0.200528608890893,0.175615022088328,0.171102989275937,0.160750185009186,0.120411993845308,0.00434127449872789,0.399
"cw",0.966666666666667,0.0119035635484584,0.792079207920792,3,FALSE,202608250214,"primary",0.7,0,0.162199872788479,0.210886729056652,0.179349113996917,0.170642029218175,0.0982142295932652,-0.00195871532782476,0.648
"gini",0.316666666666667,-0.0432121724566612,0.792079207920792,3,FALSE,202608250214,"primary",0.7,0,0.162199872788479,0.210886729056652,0.179349113996917,0.170642029218175,0.0982142295932652,-0.00195871532782476,0.648
"oracle",0,-0.352576845861335,NA,NA,NA,202608250214,"primary",0.7,0,0.162199872788479,0.210886729056652,0.179349113996917,0.170642029218175,0.0982142295932652,-0.00195871532782476,0.648
"over",0.966666666666667,0.0145450892370499,0.792079207920792,3,FALSE,202608250214,"primary",0.7,0,0.162199872788479,0.210886729056652,0.179349113996917,0.170642029218175,0.0982142295932652,-0.00195871532782476,0.648
"raw",0.3,-0.0486868562681731,0.792079207920792,3,FALSE,202608250214,"primary",0.7,0,0.162199872788479,0.210886729056652,0.179349113996917,0.170642029218175,0.0982142295932652,-0.00195871532782476,0.648
"cw",1,0.0213138090017132,1,3,TRUE,202608250215,"primary",0.9,0,0.209451425886726,0.171033799617934,0.173468061430852,0.171626740600277,0.130076203926469,0.00427816305805049,0.507
"gini",0.7,0.0312881832616289,1,3,TRUE,202608250215,"primary",0.9,0,0.209451425886726,0.171033799617934,0.173468061430852,0.171626740600277,0.130076203926469,0.00427816305805049,0.507
"oracle",0,-0.323650722732282,NA,NA,NA,202608250215,"primary",0.9,0,0.209451425886726,0.171033799617934,0.173468061430852,0.171626740600277,0.130076203926469,0.00427816305805049,0.507
"over",1,0.0258202930416068,1,3,TRUE,202608250215,"primary",0.9,0,0.209451425886726,0.171033799617934,0.173468061430852,0.171626740600277,0.130076203926469,0.00427816305805049,0.507
"raw",0.65,0.0384176262687918,1,3,TRUE,202608250215,"primary",0.9,0,0.209451425886726,0.171033799617934,0.173468061430852,0.171626740600277,0.130076203926469,0.00427816305805049,0.507
"cw",1,0.0187660559338617,1,3,TRUE,202608250216,"primary",0.9,0,0.200849432568918,0.171085836543692,0.167807662317453,0.161864511889131,0.121320378944962,0.00939968371356569,0.423
"gini",0.6,0.0231100740795663,1,3,TRUE,202608250216,"primary",0.9,0,0.200849432568918,0.171085836543692,0.167807662317453,0.161864511889131,0.121320378944962,0.00939968371356569,0.423
"oracle",0,-0.381819546731463,NA,NA,NA,202608250216,"primary",0.9,0,0.200849432568918,0.171085836543692,0.167807662317453,0.161864511889131,0.121320378944962,0.00939968371356569,0.423
"over",1,0.0228000020041954,1,3,TRUE,202608250216,"primary",0.9,0,0.200849432568918,0.171085836543692,0.167807662317453,0.161864511889131,0.121320378944962,0.00939968371356569,0.423
"raw",0.616666666666667,0.0297635960252263,1,3,TRUE,202608250216,"primary",0.9,0,0.200849432568918,0.171085836543692,0.167807662317453,0.161864511889131,0.121320378944962,0.00939968371356569,0.423
"cw",1,0.0137943892407335,1,3,TRUE,202608250217,"primary",0.8,0,0.167128155226448,0.136731695495938,0.165223669449903,0.154299516100137,0.10190865367051,-0.0117790454832569,0.45
"gini",0.683333333333333,0.0251061242753452,1,3,TRUE,202608250217,"primary",0.8,0,0.167128155226448,0.136731695495938,0.165223669449903,0.154299516100137,0.10190865367051,-0.0117790454832569,0.45
"oracle",0,-0.393881214851421,NA,NA,NA,202608250217,"primary",0.8,0,0.167128155226448,0.136731695495938,0.165223669449903,0.154299516100137,0.10190865367051,-0.0117790454832569,0.45
"over",1,0.0165493104177069,1,3,TRUE,202608250217,"primary",0.8,0,0.167128155226448,0.136731695495938,0.165223669449903,0.154299516100137,0.10190865367051,-0.0117790454832569,0.45
"raw",0.683333333333333,0.0303964597305104,1,3,TRUE,202608250217,"primary",0.8,0,0.167128155226448,0.136731695495938,0.165223669449903,0.154299516100137,0.10190865367051,-0.0117790454832569,0.45
"cw",1,0.0145939347545819,1,3,TRUE,202608250218,"primary",0.9,0,0.172360841243818,0.147076725278056,0.160224456135341,0.173299336087245,0.106907601584267,-0.00992306725769681,0.366
"gini",0.7,0.0218393612786505,1,3,TRUE,202608250218,"primary",0.9,0,0.172360841243818,0.147076725278056,0.160224456135341,0.173299336087245,0.106907601584267,-0.00992306725769681,0.366
"oracle",0,-0.3620270124719,NA,NA,NA,202608250218,"primary",0.9,0,0.172360841243818,0.147076725278056,0.160224456135341,0.173299336087245,0.106907601584267,-0.00992306725769681,0.366
"over",1,0.0175694156927591,1,3,TRUE,202608250218,"primary",0.9,0,0.172360841243818,0.147076725278056,0.160224456135341,0.173299336087245,0.106907601584267,-0.00992306725769681,0.366
"raw",0.7,0.0252841159657614,1,3,TRUE,202608250218,"primary",0.9,0,0.172360841243818,0.147076725278056,0.160224456135341,0.173299336087245,0.106907601584267,-0.00992306725769681,0.366
"cw",0.933333333333333,0.00747219109137957,0.392156862745098,2,FALSE,202608250219,"primary",0.1,0,0.140303871079869,0.202024428361261,0.179194332417452,0.178197712045404,0.0825438400057944,0.0108146270627686,0.393
"gini",0.216666666666667,-0.0515685293739495,0.498442367601246,3,FALSE,202608250219,"primary",0.1,0,0.140303871079869,0.202024428361261,0.179194332417452,0.178197712045404,0.0825438400057944,0.0108146270627686,0.393
"oracle",0,-0.41416994204773,NA,NA,NA,202608250219,"primary",0.1,0,0.140303871079869,0.202024428361261,0.179194332417452,0.178197712045404,0.0825438400057944,0.0108146270627686,0.393
"over",0.933333333333333,0.0091901291140817,0.392156862745098,2,FALSE,202608250219,"primary",0.1,0,0.140303871079869,0.202024428361261,0.179194332417452,0.178197712045404,0.0825438400057944,0.0108146270627686,0.393
"raw",0.233333333333333,-0.0617205572813923,0.498442367601246,3,FALSE,202608250219,"primary",0.1,0,0.140303871079869,0.202024428361261,0.179194332417452,0.178197712045404,0.0825438400057944,0.0108146270627686,0.393
"cw",0.666666666666667,0.00150718002222306,0.498442367601246,3,FALSE,202608250220,"primary",0.4,0,0.105157308169662,0.209226486991785,0.173535609406328,0.178386826220249,0.0647211327963315,0.0150986326359499,0.467000000000001
"gini",0.2,-0.0885648133244182,0.792079207920792,3,FALSE,202608250220,"primary",0.4,0,0.105157308169662,0.209226486991785,0.173535609406328,0.178386826220249,0.0647211327963315,0.0150986326359499,0.467000000000001
"oracle",0,-0.477918581813107,NA,NA,NA,202608250220,"primary",0.4,0,0.105157308169662,0.209226486991785,0.173535609406328,0.178386826220249,0.0647211327963315,0.0150986326359499,0.467000000000001
"over",0.683333333333333,0.00183857054625164,0.498442367601246,3,FALSE,202608250220,"primary",0.4,0,0.105157308169662,0.209226486991785,0.173535609406328,0.178386826220249,0.0647211327963315,0.0150986326359499,0.467000000000001
"raw",0.216666666666667,-0.104069178822123,0.792079207920792,3,FALSE,202608250220,"primary",0.4,0,0.105157308169662,0.209226486991785,0.173535609406328,0.178386826220249,0.0647211327963315,0.0150986326359499,0.467000000000001
"cw",1,0.0182163322787351,1,3,TRUE,202608250221,"primary",0.9,0,0.189682667617071,0.191061344799379,0.153979649631568,0.158000651072777,0.116124144393027,-0.00800547359886706,0.365
"gini",0.45,-0.000105150566252821,1,3,TRUE,202608250221,"primary",0.9,0,0.189682667617071,0.191061344799379,0.153979649631568,0.158000651072777,0.116124144393027,-0.00800547359886706,0.365
"oracle",0,-0.367609675371895,NA,NA,NA,202608250221,"primary",0.9,0,0.189682667617071,0.191061344799379,0.153979649631568,0.158000651072777,0.116124144393027,-0.00800547359886706,0.365
"over",1,0.0215547914362029,1,3,TRUE,202608250221,"primary",0.9,0,0.189682667617071,0.191061344799379,0.153979649631568,0.158000651072777,0.116124144393027,-0.00800547359886706,0.365
"raw",0.466666666666667,-0.00137867718230814,1,3,TRUE,202608250221,"primary",0.9,0,0.189682667617071,0.191061344799379,0.153979649631568,0.158000651072777,0.116124144393027,-0.00800547359886706,0.365
"cw",1,0.014964489225266,1,3,TRUE,202608250222,"primary",0.9,0,0.17896931531223,0.157878409233622,0.170035121339774,0.157577513428008,0.106504705095486,0.00542141196091417,0.473
"gini",0.583333333333333,0.0139816910244726,1,3,TRUE,202608250222,"primary",0.9,0,0.17896931531223,0.157878409233622,0.170035121339774,0.157577513428008,0.106504705095486,0.00542141196091417,0.473
"oracle",0,-0.40575148422404,NA,NA,NA,202608250222,"primary",0.9,0,0.17896931531223,0.157878409233622,0.170035121339774,0.157577513428008,0.106504705095486,0.00542141196091417,0.473
"over",1,0.0181041700413238,1,3,TRUE,202608250222,"primary",0.9,0,0.17896931531223,0.157878409233622,0.170035121339774,0.157577513428008,0.106504705095486,0.00542141196091417,0.473
"raw",0.616666666666667,0.0210909060786083,1,3,TRUE,202608250222,"primary",0.9,0,0.17896931531223,0.157878409233622,0.170035121339774,0.157577513428008,0.106504705095486,0.00542141196091417,0.473
"cw",1,0.015195663561531,0.792079207920792,3,TRUE,202608250223,"primary",0.9,0,0.178982450012529,0.122988679519626,0.181967549117709,0.162845390065892,0.103851695081064,-0.0253255776305525,0.529
"gini",0.75,0.0433743742710603,0.792079207920792,3,TRUE,202608250223,"primary",0.9,0,0.178982450012529,0.122988679519626,0.181967549117709,0.162845390065892,0.103851695081064,-0.0253255776305525,0.529
"oracle",0,-0.389900826649819,NA,NA,NA,202608250223,"primary",0.9,0,0.178982450012529,0.122988679519626,0.181967549117709,0.162845390065892,0.103851695081064,-0.0253255776305525,0.529
"over",1,0.0185176373615274,0.792079207920792,3,TRUE,202608250223,"primary",0.9,0,0.178982450012529,0.122988679519626,0.181967549117709,0.162845390065892,0.103851695081064,-0.0253255776305525,0.529
"raw",0.766666666666667,0.0559937704929034,0.792079207920792,3,TRUE,202608250223,"primary",0.9,0,0.178982450012529,0.122988679519626,0.181967549117709,0.162845390065892,0.103851695081064,-0.0253255776305525,0.529
"cw",1,0.010001981768153,1,3,TRUE,202608250224,"primary",0.9,0,0.151043543441503,0.131416675397504,0.178540031907487,0.164272924815075,0.0893405371118901,0.00680967713213973,0.578
"gini",0.533333333333333,0.0128765486064679,1,3,TRUE,202608250224,"primary",0.9,0,0.151043543441503,0.131416675397504,0.178540031907487,0.164272924815075,0.0893405371118901,0.00680967713213973,0.578
"oracle",0,-0.398990992620788,NA,NA,NA,202608250224,"primary",0.9,0,0.151043543441503,0.131416675397504,0.178540031907487,0.164272924815075,0.0893405371118901,0.00680967713213973,0.578
"over",1,0.0122005524081088,1,3,TRUE,202608250224,"primary",0.9,0,0.151043543441503,0.131416675397504,0.178540031907487,0.164272924815075,0.0893405371118901,0.00680967713213973,0.578
"raw",0.55,0.0196268680439997,1,3,TRUE,202608250224,"primary",0.9,0,0.151043543441503,0.131416675397504,0.178540031907487,0.164272924815075,0.0893405371118901,0.00680967713213973,0.578
"cw",1,0.0106839326515705,1,3,TRUE,202608250225,"primary",0.9,0,0.144757434562742,0.153553414995851,0.188838301820563,0.164827075601967,0.0877909704160718,-0.0131447076919465,0.37
"gini",0.45,-0.0124360568002532,1,3,TRUE,202608250225,"primary",0.9,0,0.144757434562742,0.153553414995851,0.188838301820563,0.164827075601967,0.0877909704160718,-0.0131447076919465,0.37
"oracle",0,-0.44197952380348,NA,NA,NA,202608250225,"primary",0.9,0,0.144757434562742,0.153553414995851,0.188838301820563,0.164827075601967,0.0877909704160718,-0.0131447076919465,0.37
"over",1,0.0132624308826351,1,3,TRUE,202608250225,"primary",0.9,0,0.144757434562742,0.153553414995851,0.188838301820563,0.164827075601967,0.0877909704160718,-0.0131447076919465,0.37
"raw",0.466666666666667,-0.00879598043310928,1,3,TRUE,202608250225,"primary",0.9,0,0.144757434562742,0.153553414995851,0.188838301820563,0.164827075601967,0.0877909704160718,-0.0131447076919465,0.37
"cw",0.983333333333333,0.00923254494029858,0.792079207920792,3,FALSE,202608250226,"primary",0.6,0,0.144730849245166,0.216795279448214,0.171633742895989,0.168072680732274,0.0891071887991612,0.00161595759375764,0.403
"gini",0.15,-0.0604583908850746,0.792079207920792,3,FALSE,202608250226,"primary",0.6,0,0.144730849245166,0.216795279448214,0.171633742895989,0.168072680732274,0.0891071887991612,0.00161595759375764,0.403
"oracle",0,-0.452927639309065,NA,NA,NA,202608250226,"primary",0.6,0,0.144730849245166,0.216795279448214,0.171633742895989,0.168072680732274,0.0891071887991612,0.00161595759375764,0.403
"over",0.983333333333333,0.0111655239397116,0.792079207920792,3,FALSE,202608250226,"primary",0.6,0,0.144730849245166,0.216795279448214,0.171633742895989,0.168072680732274,0.0891071887991612,0.00161595759375764,0.403
"raw",0.15,-0.0720644302030482,0.792079207920792,3,FALSE,202608250226,"primary",0.6,0,0.144730849245166,0.216795279448214,0.171633742895989,0.168072680732274,0.0891071887991612,0.00161595759375764,0.403
"cw",1,0.0128186457018624,1,3,TRUE,202608250227,"primary",0.9,0,0.166979663053898,0.206597218282616,0.162639585177656,0.157369920388037,0.103951334334522,0.00353616718934325,0.373
"gini",0.3,-0.0356982841157812,1,3,TRUE,202608250227,"primary",0.9,0,0.166979663053898,0.206597218282616,0.162639585177656,0.157369920388037,0.103951334334522,0.00353616718934325,0.373
"oracle",0,-0.354111149744318,NA,NA,NA,202608250227,"primary",0.9,0,0.166979663053898,0.206597218282616,0.162639585177656,0.157369920388037,0.103951334334522,0.00353616718934325,0.373
"over",1,0.0153573729316017,1,3,TRUE,202608250227,"primary",0.9,0,0.166979663053898,0.206597218282616,0.162639585177656,0.157369920388037,0.103951334334522,0.00353616718934325,0.373
"raw",0.3,-0.0396175552287189,1,3,TRUE,202608250227,"primary",0.9,0,0.166979663053898,0.206597218282616,0.162639585177656,0.157369920388037,0.103951334334522,0.00353616718934325,0.373
"cw",0.983333333333333,0.0125813618112708,1,3,TRUE,202608250228,"primary",0.8,0,0.163485327507616,0.202736274141409,0.150333877599756,0.156192278199982,0.0966352054009026,-0.00079732055182208,0.500000000000001
"gini",0.316666666666667,-0.0330470171212248,1,3,TRUE,202608250228,"primary",0.8,0,0.163485327507616,0.202736274141409,0.150333877599756,0.156192278199982,0.0966352054009026,-0.00079732055182208,0.500000000000001
"oracle",0,-0.394006188331267,NA,NA,NA,202608250228,"primary",0.8,0,0.163485327507616,0.202736274141409,0.150333877599756,0.156192278199982,0.0966352054009026,-0.00079732055182208,0.500000000000001
"over",0.983333333333333,0.0148137023563082,1,3,TRUE,202608250228,"primary",0.8,0,0.163485327507616,0.202736274141409,0.150333877599756,0.156192278199982,0.0966352054009026,-0.00079732055182208,0.500000000000001
"raw",0.3,-0.0392509466337929,1,3,TRUE,202608250228,"primary",0.8,0,0.163485327507616,0.202736274141409,0.150333877599756,0.156192278199982,0.0966352054009026,-0.00079732055182208,0.500000000000001
"cw",1,0.0163579649274531,1,3,TRUE,202608250229,"primary",0.9,0,0.184541011733063,0.197296002716917,0.159770311614683,0.167283572356623,0.111776845843805,0.00179082543469577,0.397
"gini",0.4,-0.011306871801633,1,3,TRUE,202608250229,"primary",0.9,0,0.184541011733063,0.197296002716917,0.159770311614683,0.167283572356623,0.111776845843805,0.00179082543469577,0.397
"oracle",0,-0.309222613035712,NA,NA,NA,202608250229,"primary",0.9,0,0.184541011733063,0.197296002716917,0.159770311614683,0.167283572356623,0.111776845843805,0.00179082543469577,0.397
"over",1,0.0195334528977239,1,3,TRUE,202608250229,"primary",0.9,0,0.184541011733063,0.197296002716917,0.159770311614683,0.167283572356623,0.111776845843805,0.00179082543469577,0.397
"raw",0.366666666666667,-0.012754990983854,1,3,TRUE,202608250229,"primary",0.9,0,0.184541011733063,0.197296002716917,0.159770311614683,0.167283572356623,0.111776845843805,0.00179082543469577,0.397
"cw",1,0.0154879623523243,1,3,TRUE,202608250230,"primary",0.9,0,0.181315511737775,0.177991913207102,0.17408932454983,0.165738286262048,0.105218810172378,-0.0194659730220803,0.333
"gini",0.533333333333333,0.00127217019026812,1,3,TRUE,202608250230,"primary",0.9,0,0.181315511737775,0.177991913207102,0.17408932454983,0.165738286262048,0.105218810172378,-0.0194659730220803,0.333
"oracle",0,-0.404712986625665,NA,NA,NA,202608250230,"primary",0.9,0,0.181315511737775,0.177991913207102,0.17408932454983,0.165738286262048,0.105218810172378,-0.0194659730220803,0.333
"over",1,0.0186624771240008,1,3,TRUE,202608250230,"primary",0.9,0,0.181315511737775,0.177991913207102,0.17408932454983,0.165738286262048,0.105218810172378,-0.0194659730220803,0.333
"raw",0.516666666666667,0.00332359853067304,1,3,TRUE,202608250230,"primary",0.9,0,0.181315511737775,0.177991913207102,0.17408932454983,0.165738286262048,0.105218810172378,-0.0194659730220803,0.333
"cw",1,0.0177275736687721,1,3,TRUE,202608250231,"primary",0.9,0,0.191217459965275,0.182619149725384,0.159474158059815,0.152804930839232,0.112371149476015,-0.0106510407183959,0.426
"gini",0.5,0.00524731194026309,1,3,TRUE,202608250231,"primary",0.9,0,0.191217459965275,0.182619149725384,0.159474158059815,0.152804930839232,0.112371149476015,-0.0106510407183959,0.426
"oracle",0,-0.43621169909969,NA,NA,NA,202608250231,"primary",0.9,0,0.191217459965275,0.182619149725384,0.159474158059815,0.152804930839232,0.112371149476015,-0.0106510407183959,0.426
"over",1,0.0212031080032039,1,3,TRUE,202608250231,"primary",0.9,0,0.191217459965275,0.182619149725384,0.159474158059815,0.152804930839232,0.112371149476015,-0.0106510407183959,0.426
"raw",0.416666666666667,0.00859831023989149,1,3,TRUE,202608250231,"primary",0.9,0,0.191217459965275,0.182619149725384,0.159474158059815,0.152804930839232,0.112371149476015,-0.0106510407183959,0.426
"cw",0.683333333333333,0.00324548143883958,1,3,TRUE,202608250232,"primary",0.8,0,0.125377030279483,0.232413992753781,0.154552110306629,0.176297288225141,0.0773234873964422,0.0177566135111613,0.438
"gini",0.183333333333333,-0.0849449570103356,0.792079207920792,3,TRUE,202608250232,"primary",0.8,0,0.125377030279483,0.232413992753781,0.154552110306629,0.176297288225141,0.0773234873964422,0.0177566135111613,0.438
"oracle",0,-0.426387980296254,NA,NA,NA,202608250232,"primary",0.8,0,0.125377030279483,0.232413992753781,0.154552110306629,0.176297288225141,0.0773234873964422,0.0177566135111613,0.438
"over",0.683333333333333,0.00372566079962583,1,3,TRUE,202608250232,"primary",0.8,0,0.125377030279483,0.232413992753781,0.154552110306629,0.176297288225141,0.0773234873964422,0.0177566135111613,0.438
"raw",0.183333333333333,-0.107036962474298,0.792079207920792,3,TRUE,202608250232,"primary",0.8,0,0.125377030279483,0.232413992753781,0.154552110306629,0.176297288225141,0.0773234873964422,0.0177566135111613,0.438
"cw",0.933333333333333,0.0110666184945958,1,3,TRUE,202608250233,"primary",0.9,0,0.163320240718615,0.183236552345201,0.164285042191733,0.166324255471595,0.0995864804309779,0.00607850459695453,0.351
"gini",0.45,-0.0161410792817962,1,3,TRUE,202608250233,"primary",0.9,0,0.163320240718615,0.183236552345201,0.164285042191733,0.166324255471595,0.0995864804309779,0.00607850459695453,0.351
"oracle",0,-0.414586856398324,NA,NA,NA,202608250233,"primary",0.9,0,0.163320240718615,0.183236552345201,0.164285042191733,0.166324255471595,0.0995864804309779,0.00607850459695453,0.351
"over",0.916666666666667,0.0130463453147405,1,3,TRUE,202608250233,"primary",0.9,0,0.163320240718615,0.183236552345201,0.164285042191733,0.166324255471595,0.0995864804309779,0.00607850459695453,0.351
"raw",0.433333333333333,-0.0199163116265859,1,3,TRUE,202608250233,"primary",0.9,0,0.163320240718615,0.183236552345201,0.164285042191733,0.166324255471595,0.0995864804309779,0.00607850459695453,0.351
"cw",1,0.0172208706228731,1,3,TRUE,202608250234,"primary",0.9,0,0.190074488160906,0.134696127386073,0.163909387414208,0.166275094397679,0.113276334495918,0.00151376074830925,0.383999999999999
"gini",0.683333333333333,0.043614946871034,1,3,TRUE,202608250234,"primary",0.9,0,0.190074488160906,0.134696127386073,0.163909387414208,0.166275094397679,0.113276334495918,0.00151376074830925,0.383999999999999
"oracle",0.0166666666666667,-0.242196669383065,NA,NA,NA,202608250234,"primary",0.9,0,0.190074488160906,0.134696127386073,0.163909387414208,0.166275094397679,0.113276334495918,0.00151376074830925,0.383999999999999
"over",1,0.0207718033620518,1,3,TRUE,202608250234,"primary",0.9,0,0.190074488160906,0.134696127386073,0.163909387414208,0.166275094397679,0.113276334495918,0.00151376074830925,0.383999999999999
"raw",0.7,0.0553783607748332,1,3,TRUE,202608250234,"primary",0.9,0,0.190074488160906,0.134696127386073,0.163909387414208,0.166275094397679,0.113276334495918,0.00151376074830925,0.383999999999999
"cw",0.983333333333333,0.00948322840947193,1,3,TRUE,202608250235,"primary",0.9,0,0.13780421762619,0.163042582970056,0.176588896059885,0.166347174764003,0.0858063786822611,-0.016038883930529,0.383
"gini",0.4,-0.0250375940669032,1,3,TRUE,202608250235,"primary",0.9,0,0.13780421762619,0.163042582970056,0.176588896059885,0.166347174764003,0.0858063786822611,-0.016038883930529,0.383
"oracle",0.0333333333333333,-0.278542130009853,NA,NA,NA,202608250235,"primary",0.9,0,0.13780421762619,0.163042582970056,0.176588896059885,0.166347174764003,0.0858063786822611,-0.016038883930529,0.383
"over",0.983333333333333,0.0115260666673416,1,3,TRUE,202608250235,"primary",0.9,0,0.13780421762619,0.163042582970056,0.176588896059885,0.166347174764003,0.0858063786822611,-0.016038883930529,0.383
"raw",0.366666666666667,-0.0252383653438659,1,3,TRUE,202608250235,"primary",0.9,0,0.13780421762619,0.163042582970056,0.176588896059885,0.166347174764003,0.0858063786822611,-0.016038883930529,0.383
"cw",1,0.0191682801516188,1,3,TRUE,202608250236,"primary",0.9,0,0.193660691407418,0.182976616067712,0.151981891576017,0.163940234598856,0.118463089643289,-0.00636146645597578,0.368
"gini",0.633333333333333,0.0105646387630233,1,3,TRUE,202608250236,"primary",0.9,0,0.193660691407418,0.182976616067712,0.151981891576017,0.163940234598856,0.118463089643289,-0.00636146645597578,0.368
"oracle",0,-0.33737885399442,NA,NA,NA,202608250236,"primary",0.9,0,0.193660691407418,0.182976616067712,0.151981891576017,0.163940234598856,0.118463089643289,-0.00636146645597578,0.368
"over",1,0.0225530531957968,1,3,TRUE,202608250236,"primary",0.9,0,0.193660691407418,0.182976616067712,0.151981891576017,0.163940234598856,0.118463089643289,-0.00636146645597578,0.368
"raw",0.583333333333333,0.0106840753397053,1,3,TRUE,202608250236,"primary",0.9,0,0.193660691407418,0.182976616067712,0.151981891576017,0.163940234598856,0.118463089643289,-0.00636146645597578,0.368
"cw",0.95,0.00525322300811424,0.792079207920792,3,FALSE,202608250237,"primary",0.6,0,0.105946192464005,0.158230713774278,0.176968675909219,0.159762176808738,0.065965762624129,-0.00767101123596125,0.389
"gini",0.25,-0.0453069975889815,0.792079207920792,3,FALSE,202608250237,"primary",0.6,0,0.105946192464005,0.158230713774278,0.176968675909219,0.159762176808738,0.065965762624129,-0.00767101123596125,0.389
"oracle",0,-0.429840840244845,NA,NA,NA,202608250237,"primary",0.6,0,0.105946192464005,0.158230713774278,0.176968675909219,0.159762176808738,0.065965762624129,-0.00767101123596125,0.389
"over",0.95,0.00645137448064029,0.792079207920792,3,FALSE,202608250237,"primary",0.6,0,0.105946192464005,0.158230713774278,0.176968675909219,0.159762176808738,0.065965762624129,-0.00767101123596125,0.389
"raw",0.25,-0.0522845213102736,0.792079207920792,3,FALSE,202608250237,"primary",0.6,0,0.105946192464005,0.158230713774278,0.176968675909219,0.159762176808738,0.065965762624129,-0.00767101123596125,0.389
"cw",1,0.0159534859853636,1,3,TRUE,202608250238,"primary",0.9,0,0.203712765915454,0.229497156043957,0.171153584596169,0.172377677412119,0.122721035688859,0.0217113050856531,0.404999999999999
"gini",0.4,-0.0214379780153503,1,3,TRUE,202608250238,"primary",0.9,0,0.203712765915454,0.229497156043957,0.171153584596169,0.172377677412119,0.122721035688859,0.0217113050856531,0.404999999999999
"oracle",0,-0.325022155698479,NA,NA,NA,202608250238,"primary",0.9,0,0.203712765915454,0.229497156043957,0.171153584596169,0.172377677412119,0.122721035688859,0.0217113050856531,0.404999999999999
"over",1,0.019132382845921,1,3,TRUE,202608250238,"primary",0.9,0,0.203712765915454,0.229497156043957,0.171153584596169,0.172377677412119,0.122721035688859,0.0217113050856531,0.404999999999999
"raw",0.416666666666667,-0.0257843901285029,1,3,TRUE,202608250238,"primary",0.9,0,0.203712765915454,0.229497156043957,0.171153584596169,0.172377677412119,0.122721035688859,0.0217113050856531,0.404999999999999
"cw",0.983333333333333,0.00750907704282417,1,3,TRUE,202608250239,"primary",0.8,0,0.127309894775646,0.184629591747957,0.169555963404655,0.162261412825482,0.0740230386842342,-0.021063508680733,0.52
"gini",0.2,-0.050859686183176,1,3,TRUE,202608250239,"primary",0.8,0,0.127309894775646,0.184629591747957,0.169555963404655,0.162261412825482,0.0740230386842342,-0.021063508680733,0.52
"oracle",0,-0.418265700476962,NA,NA,NA,202608250239,"primary",0.8,0,0.127309894775646,0.184629591747957,0.169555963404655,0.162261412825482,0.0740230386842342,-0.021063508680733,0.52
"over",0.983333333333333,0.00912162962578502,1,3,TRUE,202608250239,"primary",0.8,0,0.127309894775646,0.184629591747957,0.169555963404655,0.162261412825482,0.0740230386842342,-0.021063508680733,0.52
"raw",0.216666666666667,-0.0573196969723111,1,3,TRUE,202608250239,"primary",0.8,0,0.127309894775646,0.184629591747957,0.169555963404655,0.162261412825482,0.0740230386842342,-0.021063508680733,0.52
"cw",1,0.0175219026430099,1,3,TRUE,202608250240,"primary",0.9,0,0.191786391563736,0.205329370849601,0.172509247256114,0.166558570406053,0.115627854055812,-0.00110744313110905,0.557
"gini",0.45,-0.0142635080070183,1,3,TRUE,202608250240,"primary",0.9,0,0.191786391563736,0.205329370849601,0.172509247256114,0.166558570406053,0.115627854055812,-0.00110744313110905,0.557
"oracle",0,-0.331013412881831,NA,NA,NA,202608250240,"primary",0.9,0,0.191786391563736,0.205329370849601,0.172509247256114,0.166558570406053,0.115627854055812,-0.00110744313110905,0.557
"over",1,0.0214090143635292,1,3,TRUE,202608250240,"primary",0.9,0,0.191786391563736,0.205329370849601,0.172509247256114,0.166558570406053,0.115627854055812,-0.00110744313110905,0.557
"raw",0.466666666666667,-0.0135429792858654,1,3,TRUE,202608250240,"primary",0.9,0,0.191786391563736,0.205329370849601,0.172509247256114,0.166558570406053,0.115627854055812,-0.00110744313110905,0.557
"cw",1,0.012419018950738,1,3,TRUE,202608250241,"primary",0.9,0,0.16166744095826,0.126292389915163,0.175415305608104,0.171225822837112,0.0959942323775484,-0.0116967370463082,0.355
"gini",0.733333333333333,0.028161476933351,1,3,TRUE,202608250241,"primary",0.9,0,0.16166744095826,0.126292389915163,0.175415305608104,0.171225822837112,0.0959942323775484,-0.0116967370463082,0.355
"oracle",0.0333333333333333,-0.331980515965186,NA,NA,NA,202608250241,"primary",0.9,0,0.16166744095826,0.126292389915163,0.175415305608104,0.171225822837112,0.0959942323775484,-0.0116967370463082,0.355
"over",1,0.0150504532600794,1,3,TRUE,202608250241,"primary",0.9,0,0.16166744095826,0.126292389915163,0.175415305608104,0.171225822837112,0.0959942323775484,-0.0116967370463082,0.355
"raw",0.733333333333333,0.035375051043097,1,3,TRUE,202608250241,"primary",0.9,0,0.16166744095826,0.126292389915163,0.175415305608104,0.171225822837112,0.0959942323775484,-0.0116967370463082,0.355
"cw",1,0.0107707786929345,0.792079207920792,3,FALSE,202608250242,"primary",0.8,0,0.153375789259205,0.148075298169071,0.16660871720512,0.161784248255815,0.0893316799581578,-0.0114556093518115,0.411
"gini",0.466666666666667,0.00320272325189248,0.641025641025641,3,TRUE,202608250242,"primary",0.8,0,0.153375789259205,0.148075298169071,0.16660871720512,0.161784248255815,0.0893316799581578,-0.0114556093518115,0.411
"oracle",0,-0.444005346720027,NA,NA,NA,202608250242,"primary",0.8,0,0.153375789259205,0.148075298169071,0.16660871720512,0.161784248255815,0.0893316799581578,-0.0114556093518115,0.411
"over",1,0.0130358218220773,0.792079207920792,3,FALSE,202608250242,"primary",0.8,0,0.153375789259205,0.148075298169071,0.16660871720512,0.161784248255815,0.0893316799581578,-0.0114556093518115,0.411
"raw",0.483333333333333,0.00530049109013317,0.641025641025641,3,TRUE,202608250242,"primary",0.8,0,0.153375789259205,0.148075298169071,0.16660871720512,0.161784248255815,0.0893316799581578,-0.0114556093518115,0.411
"cw",0.966666666666667,0.00948779576464901,1,3,TRUE,202608250243,"primary",0.9,0,0.149239699470802,0.146621002540747,0.194360069872702,0.162127278129658,0.0884083270761098,0.000487801916694518,0.323
"gini",0.566666666666667,-0.00348690010027057,1,3,TRUE,202608250243,"primary",0.9,0,0.149239699470802,0.146621002540747,0.194360069872702,0.162127278129658,0.0884083270761098,0.000487801916694518,0.323
"oracle",0,-0.437737731806947,NA,NA,NA,202608250243,"primary",0.9,0,0.149239699470802,0.146621002540747,0.194360069872702,0.162127278129658,0.0884083270761098,0.000487801916694518,0.323
"over",0.966666666666667,0.0118032601478281,1,3,TRUE,202608250243,"primary",0.9,0,0.149239699470802,0.146621002540747,0.194360069872702,0.162127278129658,0.0884083270761098,0.000487801916694518,0.323
"raw",0.566666666666667,0.00261869693005506,1,3,TRUE,202608250243,"primary",0.9,0,0.149239699470802,0.146621002540747,0.194360069872702,0.162127278129658,0.0884083270761098,0.000487801916694518,0.323
"cw",1,0.0148451416441832,1,3,TRUE,202608250244,"primary",0.9,0,0.185299920965173,0.160027620540908,0.153289223805889,0.175634185305646,0.108959106362204,0.0142857863539438,0.553
"gini",0.633333333333333,0.0260228583137963,1,3,TRUE,202608250244,"primary",0.9,0,0.185299920965173,0.160027620540908,0.153289223805889,0.175634185305646,0.108959106362204,0.0142857863539438,0.553
"oracle",0,-0.365899423389264,NA,NA,NA,202608250244,"primary",0.9,0,0.185299920965173,0.160027620540908,0.153289223805889,0.175634185305646,0.108959106362204,0.0142857863539438,0.553
"over",1,0.0174329537612264,1,3,TRUE,202608250244,"primary",0.9,0,0.185299920965173,0.160027620540908,0.153289223805889,0.175634185305646,0.108959106362204,0.0142857863539438,0.553
"raw",0.633333333333333,0.0252723004242659,1,3,TRUE,202608250244,"primary",0.9,0,0.185299920965173,0.160027620540908,0.153289223805889,0.175634185305646,0.108959106362204,0.0142857863539438,0.553
"cw",1,0.0170302963160564,1,3,TRUE,202608250245,"primary",0.8,0,0.180198638675681,0.151013366868229,0.165480674820235,0.151492333163164,0.10863557600682,-0.017945905132365,0.523
"gini",0.65,0.0204215125766428,1,3,TRUE,202608250245,"primary",0.8,0,0.180198638675681,0.151013366868229,0.165480674820235,0.151492333163164,0.10863557600682,-0.017945905132365,0.523
"oracle",0,-0.374683270501755,NA,NA,NA,202608250245,"primary",0.8,0,0.180198638675681,0.151013366868229,0.165480674820235,0.151492333163164,0.10863557600682,-0.017945905132365,0.523
"over",1,0.0206678223747568,1,3,TRUE,202608250245,"primary",0.8,0,0.180198638675681,0.151013366868229,0.165480674820235,0.151492333163164,0.10863557600682,-0.017945905132365,0.523
"raw",0.633333333333333,0.0291852718074519,1,3,TRUE,202608250245,"primary",0.8,0,0.180198638675681,0.151013366868229,0.165480674820235,0.151492333163164,0.10863557600682,-0.017945905132365,0.523
"cw",1,0.0125158924408436,1,3,TRUE,202608250246,"primary",0.9,0,0.169766628339164,0.149917376096597,0.192095729697323,0.152907248483241,0.10478984257573,0.00880470962452415,0.493
"gini",0.55,0.00958026968850237,1,3,TRUE,202608250246,"primary",0.9,0,0.169766628339164,0.149917376096597,0.192095729697323,0.152907248483241,0.10478984257573,0.00880470962452415,0.493
"oracle",0,-0.395758013037945,NA,NA,NA,202608250246,"primary",0.9,0,0.169766628339164,0.149917376096597,0.192095729697323,0.152907248483241,0.10478984257573,0.00880470962452415,0.493
"over",1,0.0155826355321902,1,3,TRUE,202608250246,"primary",0.9,0,0.169766628339164,0.149917376096597,0.192095729697323,0.152907248483241,0.10478984257573,0.00880470962452415,0.493
"raw",0.55,0.0198492522425676,1,3,TRUE,202608250246,"primary",0.9,0,0.169766628339164,0.149917376096597,0.192095729697323,0.152907248483241,0.10478984257573,0.00880470962452415,0.493
"cw",1,0.00960249259368021,0.792079207920792,3,FALSE,202608250247,"primary",0.6,0,0.147566453736938,0.153764131580214,0.169989064150455,0.163656699710823,0.087995928460676,-0.00102444886667271,0.509
"gini",0.466666666666667,-0.00614326902644309,0.792079207920792,3,FALSE,202608250247,"primary",0.6,0,0.147566453736938,0.153764131580214,0.169989064150455,0.163656699710823,0.087995928460676,-0.00102444886667271,0.509
"oracle",0.0333333333333333,-0.365066705525528,NA,NA,NA,202608250247,"primary",0.6,0,0.147566453736938,0.153764131580214,0.169989064150455,0.163656699710823,0.087995928460676,-0.00102444886667271,0.509
"over",1,0.01153054730062,0.792079207920792,3,FALSE,202608250247,"primary",0.6,0,0.147566453736938,0.153764131580214,0.169989064150455,0.163656699710823,0.087995928460676,-0.00102444886667271,0.509
"raw",0.516666666666667,-0.00619767784327663,0.792079207920792,3,FALSE,202608250247,"primary",0.6,0,0.147566453736938,0.153764131580214,0.169989064150455,0.163656699710823,0.087995928460676,-0.00102444886667271,0.509
"cw",1,0.0177029279959121,1,3,TRUE,202608250248,"primary",0.9,0,0.193746838046934,0.182372904356322,0.186563653102857,0.163033427789931,0.117686737567769,-0.0131297394405844,0.412
"gini",0.516666666666667,0.00456925368572475,1,3,TRUE,202608250248,"primary",0.9,0,0.193746838046934,0.182372904356322,0.186563653102857,0.163033427789931,0.117686737567769,-0.0131297394405844,0.412
"oracle",0,-0.322631305902016,NA,NA,NA,202608250248,"primary",0.9,0,0.193746838046934,0.182372904356322,0.186563653102857,0.163033427789931,0.117686737567769,-0.0131297394405844,0.412
"over",1,0.0218617564638444,1,3,TRUE,202608250248,"primary",0.9,0,0.193746838046934,0.182372904356322,0.186563653102857,0.163033427789931,0.117686737567769,-0.0131297394405844,0.412
"raw",0.566666666666667,0.011373933690612,1,3,TRUE,202608250248,"primary",0.9,0,0.193746838046934,0.182372904356322,0.186563653102857,0.163033427789931,0.117686737567769,-0.0131297394405844,0.412
"cw",0.983333333333333,0.0118703650693253,1,3,TRUE,202608250249,"primary",0.9,0,0.166388611561179,0.192758066518608,0.147894980172211,0.166102003249956,0.0988416652929247,0.011166001134867,0.515000000000001
"gini",0.383333333333333,-0.0200690511424284,1,3,TRUE,202608250249,"primary",0.9,0,0.166388611561179,0.192758066518608,0.147894980172211,0.166102003249956,0.0988416652929247,0.011166001134867,0.515000000000001
"oracle",0,-0.475450097063626,NA,NA,NA,202608250249,"primary",0.9,0,0.166388611561179,0.192758066518608,0.147894980172211,0.166102003249956,0.0988416652929247,0.011166001134867,0.515000000000001
"over",0.983333333333333,0.0138769680291029,1,3,TRUE,202608250249,"primary",0.9,0,0.166388611561179,0.192758066518608,0.147894980172211,0.166102003249956,0.0988416652929247,0.011166001134867,0.515000000000001
"raw",0.316666666666667,-0.0263694549574284,1,3,TRUE,202608250249,"primary",0.9,0,0.166388611561179,0.192758066518608,0.147894980172211,0.166102003249956,0.0988416652929247,0.011166001134867,0.515000000000001
"cw",1,0.0154769683002001,1,3,TRUE,202608250250,"primary",0.9,0,0.176328633113676,0.162499243807071,0.162950233520031,0.172845432811217,0.108713502061981,-0.0219468558565458,0.353
"gini",0.516666666666667,0.0124190288652253,1,3,TRUE,202608250250,"primary",0.9,0,0.176328633113676,0.162499243807071,0.162950233520031,0.172845432811217,0.108713502061981,-0.0219468558565458,0.353
"oracle",0,-0.406234503022326,NA,NA,NA,202608250250,"primary",0.9,0,0.176328633113676,0.162499243807071,0.162950233520031,0.172845432811217,0.108713502061981,-0.0219468558565458,0.353
"over",1,0.0185505926106855,1,3,TRUE,202608250250,"primary",0.9,0,0.176328633113676,0.162499243807071,0.162950233520031,0.172845432811217,0.108713502061981,-0.0219468558565458,0.353
"raw",0.533333333333333,0.0138293893066051,1,3,TRUE,202608250250,"primary",0.9,0,0.176328633113676,0.162499243807071,0.162950233520031,0.172845432811217,0.108713502061981,-0.0219468558565458,0.353
"cw",1,0.0136841960717776,0.792079207920792,3,FALSE,202608250251,"primary",0.5,0,0.167029591655714,0.145067860628178,0.170889691245163,0.161583729005594,0.100243124776342,-0.0249976761477849,0.407
"gini",0.6,0.014169688038567,0.792079207920792,3,FALSE,202608250251,"primary",0.5,0,0.167029591655714,0.145067860628178,0.170889691245163,0.161583729005594,0.100243124776342,-0.0249976761477849,0.407
"oracle",0,-0.369118103177369,NA,NA,NA,202608250251,"primary",0.5,0,0.167029591655714,0.145067860628178,0.170889691245163,0.161583729005594,0.100243124776342,-0.0249976761477849,0.407
"over",1,0.0164880571371075,0.792079207920792,3,FALSE,202608250251,"primary",0.5,0,0.167029591655714,0.145067860628178,0.170889691245163,0.161583729005594,0.100243124776342,-0.0249976761477849,0.407
"raw",0.633333333333333,0.0219617310275355,0.792079207920792,3,FALSE,202608250251,"primary",0.5,0,0.167029591655714,0.145067860628178,0.170889691245163,0.161583729005594,0.100243124776342,-0.0249976761477849,0.407
"cw",1,0.0134664589519544,1,3,TRUE,202608250252,"primary",0.9,0,0.166600375192076,0.163783310794966,0.176452332433306,0.165202131585742,0.100821128305587,-0.00963927160311658,0.406
"gini",0.55,0.000301042077147262,1,3,TRUE,202608250252,"primary",0.9,0,0.166600375192076,0.163783310794966,0.176452332433306,0.165202131585742,0.100821128305587,-0.00963927160311658,0.406
"oracle",0,-0.359336389918007,NA,NA,NA,202608250252,"primary",0.9,0,0.166600375192076,0.163783310794966,0.176452332433306,0.165202131585742,0.100821128305587,-0.00963927160311658,0.406
"over",1,0.016405595043922,1,3,TRUE,202608250252,"primary",0.9,0,0.166600375192076,0.163783310794966,0.176452332433306,0.165202131585742,0.100821128305587,-0.00963927160311658,0.406
"raw",0.566666666666667,0.00281706439711016,1,3,TRUE,202608250252,"primary",0.9,0,0.166600375192076,0.163783310794966,0.176452332433306,0.165202131585742,0.100821128305587,-0.00963927160311658,0.406
"cw",0.983333333333333,0.00923786484579887,1,3,TRUE,202608250253,"primary",0.9,0,0.146562768620592,0.164202601044346,0.162873123667546,0.171054451561293,0.0900380081266261,0.00558430745427487,0.323
"gini",0.45,-0.0146329351039592,1,3,TRUE,202608250253,"primary",0.9,0,0.146562768620592,0.164202601044346,0.162873123667546,0.171054451561293,0.0900380081266261,0.00558430745427487,0.323
"oracle",0,-0.487909436961494,NA,NA,NA,202608250253,"primary",0.9,0,0.146562768620592,0.164202601044346,0.162873123667546,0.171054451561293,0.0900380081266261,0.00558430745427487,0.323
"over",0.983333333333333,0.011044282430665,1,3,TRUE,202608250253,"primary",0.9,0,0.146562768620592,0.164202601044346,0.162873123667546,0.171054451561293,0.0900380081266261,0.00558430745427487,0.323
"raw",0.466666666666667,-0.0176398324237539,1,3,TRUE,202608250253,"primary",0.9,0,0.146562768620592,0.164202601044346,0.162873123667546,0.171054451561293,0.0900380081266261,0.00558430745427487,0.323
"cw",1,0.0135498163081272,1,3,TRUE,202608250254,"primary",0.9,0,0.166362164019781,0.125643841538704,0.173594766772349,0.163032536550266,0.102057094169871,-0.00206822787687779,0.45
"gini",0.666666666666667,0.0303523954586334,1,3,TRUE,202608250254,"primary",0.9,0,0.166362164019781,0.125643841538704,0.173594766772349,0.163032536550266,0.102057094169871,-0.00206822787687779,0.45
"oracle",0,-0.345317225751446,NA,NA,NA,202608250254,"primary",0.9,0,0.166362164019781,0.125643841538704,0.173594766772349,0.163032536550266,0.102057094169871,-0.00206822787687779,0.45
"over",1,0.0164179568654296,1,3,TRUE,202608250254,"primary",0.9,0,0.166362164019781,0.125643841538704,0.173594766772349,0.163032536550266,0.102057094169871,-0.00206822787687779,0.45
"raw",0.7,0.040718322481077,1,3,TRUE,202608250254,"primary",0.9,0,0.166362164019781,0.125643841538704,0.173594766772349,0.163032536550266,0.102057094169871,-0.00206822787687779,0.45
"cw",1,0.0137364888543768,1,3,TRUE,202608250255,"primary",0.9,0,0.173361321625329,0.159756535553841,0.180956334041567,0.160505759398546,0.100279383597093,-0.00335487373219941,0.541
"gini",0.616666666666667,0.00448044199784139,1,3,TRUE,202608250255,"primary",0.9,0,0.173361321625329,0.159756535553841,0.180956334041567,0.160505759398546,0.100279383597093,-0.00335487373219941,0.541
"oracle",0,-0.36454740295412,NA,NA,NA,202608250255,"primary",0.9,0,0.173361321625329,0.159756535553841,0.180956334041567,0.160505759398546,0.100279383597093,-0.00335487373219941,0.541
"over",1,0.0168636241157445,1,3,TRUE,202608250255,"primary",0.9,0,0.173361321625329,0.159756535553841,0.180956334041567,0.160505759398546,0.100279383597093,-0.00335487373219941,0.541
"raw",0.633333333333333,0.0136047860714879,1,3,TRUE,202608250255,"primary",0.9,0,0.173361321625329,0.159756535553841,0.180956334041567,0.160505759398546,0.100279383597093,-0.00335487373219941,0.541
"cw",1,0.0157041540803037,1,3,TRUE,202608250256,"primary",0.9,0,0.183437556693718,0.16149720733973,0.152340956349635,0.179938564385735,0.108299315899081,0.00590736399597477,0.468
"gini",0.733333333333333,0.0214998684029873,1,3,TRUE,202608250256,"primary",0.9,0,0.183437556693718,0.16149720733973,0.152340956349635,0.179938564385735,0.108299315899081,0.00590736399597477,0.468
"oracle",0.0666666666666667,-0.248952440467619,NA,NA,NA,202608250256,"primary",0.9,0,0.183437556693718,0.16149720733973,0.152340956349635,0.179938564385735,0.108299315899081,0.00590736399597477,0.468
"over",1,0.01844986713175,1,3,TRUE,202608250256,"primary",0.9,0,0.183437556693718,0.16149720733973,0.152340956349635,0.179938564385735,0.108299315899081,0.00590736399597477,0.468
"raw",0.683333333333333,0.0219403493539882,1,3,TRUE,202608250256,"primary",0.9,0,0.183437556693718,0.16149720733973,0.152340956349635,0.179938564385735,0.108299315899081,0.00590736399597477,0.468
"cw",1,0.0169881247866882,1,3,TRUE,202608250257,"primary",0.9,0,0.191347262968891,0.182448453231196,0.159550907499745,0.161551944600841,0.118307776470292,0.00193589348656728,0.326000000000001
"gini",0.516666666666667,0.00652375014849682,1,3,TRUE,202608250257,"primary",0.9,0,0.191347262968891,0.182448453231196,0.159550907499745,0.161551944600841,0.118307776470292,0.00193589348656728,0.326000000000001
"oracle",0.0166666666666667,-0.306059294806944,NA,NA,NA,202608250257,"primary",0.9,0,0.191347262968891,0.182448453231196,0.159550907499745,0.161551944600841,0.118307776470292,0.00193589348656728,0.326000000000001
"over",1,0.0203052726111393,1,3,TRUE,202608250257,"primary",0.9,0,0.191347262968891,0.182448453231196,0.159550907499745,0.161551944600841,0.118307776470292,0.00193589348656728,0.326000000000001
"raw",0.516666666666667,0.00889880973769519,1,3,TRUE,202608250257,"primary",0.9,0,0.191347262968891,0.182448453231196,0.159550907499745,0.161551944600841,0.118307776470292,0.00193589348656728,0.326000000000001
"cw",1,0.0127915767494321,1,3,TRUE,202608250258,"primary",0.9,0,0.180252132358674,0.189514642877198,0.183262952528119,0.164479401607047,0.106442271033497,0.0100839069366936,0.441
"gini",0.316666666666667,-0.0146576710533376,1,3,TRUE,202608250258,"primary",0.9,0,0.180252132358674,0.189514642877198,0.183262952528119,0.164479401607047,0.106442271033497,0.0100839069366936,0.441
"oracle",0,-0.305577585583109,NA,NA,NA,202608250258,"primary",0.9,0,0.180252132358674,0.189514642877198,0.183262952528119,0.164479401607047,0.106442271033497,0.0100839069366936,0.441
"over",1,0.0157860969229854,1,3,TRUE,202608250258,"primary",0.9,0,0.180252132358674,0.189514642877198,0.183262952528119,0.164479401607047,0.106442271033497,0.0100839069366936,0.441
"raw",0.333333333333333,-0.00926251051852445,1,3,TRUE,202608250258,"primary",0.9,0,0.180252132358674,0.189514642877198,0.183262952528119,0.164479401607047,0.106442271033497,0.0100839069366936,0.441
"cw",1,0.0212326091412724,1,3,TRUE,202608250259,"primary",0.9,0,0.211434256920009,0.15037006133169,0.164432558929458,0.182849434160605,0.126430968959162,0.00405354649343172,0.354
"gini",0.783333333333333,0.053205069890275,1,3,TRUE,202608250259,"primary",0.9,0,0.211434256920009,0.15037006133169,0.164432558929458,0.182849434160605,0.126430968959162,0.00405354649343172,0.354
"oracle",0,-0.382548434578835,NA,NA,NA,202608250259,"primary",0.9,0,0.211434256920009,0.15037006133169,0.164432558929458,0.182849434160605,0.126430968959162,0.00405354649343172,0.354
"over",1,0.0252818342203716,1,3,TRUE,202608250259,"primary",0.9,0,0.211434256920009,0.15037006133169,0.164432558929458,0.182849434160605,0.126430968959162,0.00405354649343172,0.354
"raw",0.816666666666667,0.0610641955883186,1,3,TRUE,202608250259,"primary",0.9,0,0.211434256920009,0.15037006133169,0.164432558929458,0.182849434160605,0.126430968959162,0.00405354649343172,0.354
"cw",0.983333333333333,0.0136604102163278,1,3,TRUE,202608250260,"primary",0.9,0,0.171364163333209,0.180833070452972,0.168362560752416,0.165374523055878,0.0996044757286002,-0.00614570649357431,0.526999999999999
"gini",0.533333333333333,-0.00827684033802281,0.792079207920792,3,TRUE,202608250260,"primary",0.9,0,0.171364163333209,0.180833070452972,0.168362560752416,0.165374523055878,0.0996044757286002,-0.00614570649357431,0.526999999999999
"oracle",0,-0.365045410258633,NA,NA,NA,202608250260,"primary",0.9,0,0.171364163333209,0.180833070452972,0.168362560752416,0.165374523055878,0.0996044757286002,-0.00614570649357431,0.526999999999999
"over",0.983333333333333,0.0163603409458622,1,3,TRUE,202608250260,"primary",0.9,0,0.171364163333209,0.180833070452972,0.168362560752416,0.165374523055878,0.0996044757286002,-0.00614570649357431,0.526999999999999
"raw",0.533333333333333,-0.00946890711976259,0.792079207920792,3,TRUE,202608250260,"primary",0.9,0,0.171364163333209,0.180833070452972,0.168362560752416,0.165374523055878,0.0996044757286002,-0.00614570649357431,0.526999999999999
"cw",1,0.0130476139854474,1,3,TRUE,202608250261,"primary",0.8,0,0.168131215226627,0.158372479766776,0.157577906363489,0.170178890213811,0.0966471940179096,-0.020003470143878,0.435
"gini",0.566666666666667,0.0090940425605778,1,3,TRUE,202608250261,"primary",0.8,0,0.168131215226627,0.158372479766776,0.157577906363489,0.170178890213811,0.0966471940179096,-0.020003470143878,0.435
"oracle",0.0166666666666667,-0.323412662731975,NA,NA,NA,202608250261,"primary",0.8,0,0.168131215226627,0.158372479766776,0.157577906363489,0.170178890213811,0.0966471940179096,-0.020003470143878,0.435
"over",1,0.0155337677151941,1,3,TRUE,202608250261,"primary",0.8,0,0.168131215226627,0.158372479766776,0.157577906363489,0.170178890213811,0.0966471940179096,-0.020003470143878,0.435
"raw",0.566666666666667,0.00975873545985093,1,3,TRUE,202608250261,"primary",0.8,0,0.168131215226627,0.158372479766776,0.157577906363489,0.170178890213811,0.0966471940179096,-0.020003470143878,0.435
"cw",0.983333333333333,0.0170086704037242,1,3,TRUE,202608250262,"primary",0.9,0,0.187183642232069,0.17489752100228,0.157079230889377,0.160079668679358,0.118332418704027,0.00139429423799303,0.475
"gini",0.5,0.0124387056162942,1,3,TRUE,202608250262,"primary",0.9,0,0.187183642232069,0.17489752100228,0.157079230889377,0.160079668679358,0.118332418704027,0.00139429423799303,0.475
"oracle",0.0333333333333333,-0.241042453268851,NA,NA,NA,202608250262,"primary",0.9,0,0.187183642232069,0.17489752100228,0.157079230889377,0.160079668679358,0.118332418704027,0.00139429423799303,0.475
"over",0.983333333333333,0.0201071557246744,1,3,TRUE,202608250262,"primary",0.9,0,0.187183642232069,0.17489752100228,0.157079230889377,0.160079668679358,0.118332418704027,0.00139429423799303,0.475
"raw",0.5,0.0122861212297892,1,3,TRUE,202608250262,"primary",0.9,0,0.187183642232069,0.17489752100228,0.157079230889377,0.160079668679358,0.118332418704027,0.00139429423799303,0.475
"cw",1,0.0171068607024737,1,3,TRUE,202608250263,"primary",0.9,0,0.193966734138686,0.146431636879518,0.196701389005614,0.176779635007574,0.113257505791833,-0.0147066939564004,0.414
"gini",0.666666666666667,0.0347031205027831,1,3,TRUE,202608250263,"primary",0.9,0,0.193966734138686,0.146431636879518,0.196701389005614,0.176779635007574,0.113257505791833,-0.0147066939564004,0.414
"oracle",0.0166666666666667,-0.3021017095173,NA,NA,NA,202608250263,"primary",0.9,0,0.193966734138686,0.146431636879518,0.196701389005614,0.176779635007574,0.113257505791833,-0.0147066939564004,0.414
"over",1,0.0213553446218379,1,3,TRUE,202608250263,"primary",0.9,0,0.193966734138686,0.146431636879518,0.196701389005614,0.176779635007574,0.113257505791833,-0.0147066939564004,0.414
"raw",0.666666666666667,0.047535097259168,1,3,TRUE,202608250263,"primary",0.9,0,0.193966734138686,0.146431636879518,0.196701389005614,0.176779635007574,0.113257505791833,-0.0147066939564004,0.414
"cw",1,0.0142783866078073,0.792079207920792,3,TRUE,202608250264,"primary",0.8,0,0.173590319083064,0.129078036571245,0.170023764170393,0.160130884177177,0.104297986120402,-0.00286639739958036,0.448
"gini",0.683333333333333,0.0322188208948022,0.792079207920792,3,TRUE,202608250264,"primary",0.8,0,0.173590319083064,0.129078036571245,0.170023764170393,0.160130884177177,0.104297986120402,-0.00286639739958036,0.448
"oracle",0,-0.367913062018515,NA,NA,NA,202608250264,"primary",0.8,0,0.173590319083064,0.129078036571245,0.170023764170393,0.160130884177177,0.104297986120402,-0.00286639739958036,0.448
"over",1,0.0171983509387188,0.792079207920792,3,TRUE,202608250264,"primary",0.8,0,0.173590319083064,0.129078036571245,0.170023764170393,0.160130884177177,0.104297986120402,-0.00286639739958036,0.448
"raw",0.683333333333333,0.044512282511819,0.792079207920792,3,TRUE,202608250264,"primary",0.8,0,0.173590319083064,0.129078036571245,0.170023764170393,0.160130884177177,0.104297986120402,-0.00286639739958036,0.448
"cw",1,0.011561276095739,1,3,TRUE,202608250265,"primary",0.9,0,0.156892195506764,0.174489445546775,0.183638310483662,0.169189106902307,0.0933686102517015,-0.0167561355480378,0.379
"gini",0.366666666666667,-0.0176324522468107,0.792079207920792,3,TRUE,202608250265,"primary",0.9,0,0.156892195506764,0.174489445546775,0.183638310483662,0.169189106902307,0.0933686102517015,-0.0167561355480378,0.379
"oracle",0,-0.380785191723452,NA,NA,NA,202608250265,"primary",0.9,0,0.156892195506764,0.174489445546775,0.183638310483662,0.169189106902307,0.0933686102517015,-0.0167561355480378,0.379
"over",1,0.01411345564567,1,3,TRUE,202608250265,"primary",0.9,0,0.156892195506764,0.174489445546775,0.183638310483662,0.169189106902307,0.0933686102517015,-0.0167561355480378,0.379
"raw",0.333333333333333,-0.0175972500400113,0.792079207920792,3,TRUE,202608250265,"primary",0.9,0,0.156892195506764,0.174489445546775,0.183638310483662,0.169189106902307,0.0933686102517015,-0.0167561355480378,0.379
"cw",1,0.013687180768586,1,3,TRUE,202608250266,"primary",0.9,0,0.165295301451943,0.203423444848227,0.182152973393017,0.172371448743764,0.103967056160512,-0.00724186769262332,0.395
"gini",0.416666666666667,-0.033399502602395,1,3,TRUE,202608250266,"primary",0.9,0,0.165295301451943,0.203423444848227,0.182152973393017,0.172371448743764,0.103967056160512,-0.00724186769262332,0.395
"oracle",0,-0.389264632400496,NA,NA,NA,202608250266,"primary",0.9,0,0.165295301451943,0.203423444848227,0.182152973393017,0.172371448743764,0.103967056160512,-0.00724186769262332,0.395
"over",1,0.0167787748828189,1,3,TRUE,202608250266,"primary",0.9,0,0.165295301451943,0.203423444848227,0.182152973393017,0.172371448743764,0.103967056160512,-0.00724186769262332,0.395
"raw",0.383333333333333,-0.0381281433962842,1,3,TRUE,202608250266,"primary",0.9,0,0.165295301451943,0.203423444848227,0.182152973393017,0.172371448743764,0.103967056160512,-0.00724186769262332,0.395
"cw",1,0.0153043451232129,1,3,TRUE,202608250267,"primary",0.9,0,0.187706924857109,0.21782233993541,0.167956390998848,0.159591593449069,0.114086355250136,0.0055063529148696,0.479
"gini",0.266666666666667,-0.0285183862473971,1,3,TRUE,202608250267,"primary",0.9,0,0.187706924857109,0.21782233993541,0.167956390998848,0.159591593449069,0.114086355250136,0.0055063529148696,0.479
"oracle",0,-0.431921970426697,NA,NA,NA,202608250267,"primary",0.9,0,0.187706924857109,0.21782233993541,0.167956390998848,0.159591593449069,0.114086355250136,0.0055063529148696,0.479
"over",1,0.0184738109012706,1,3,TRUE,202608250267,"primary",0.9,0,0.187706924857109,0.21782233993541,0.167956390998848,0.159591593449069,0.114086355250136,0.0055063529148696,0.479
"raw",0.283333333333333,-0.0301154150783005,1,3,TRUE,202608250267,"primary",0.9,0,0.187706924857109,0.21782233993541,0.167956390998848,0.159591593449069,0.114086355250136,0.0055063529148696,0.479
"cw",0.9,0.00729845214986991,0.792079207920792,3,FALSE,202608250268,"primary",0.5,0,0.124014095541114,0.185420927594654,0.166573419806031,0.140186528598648,0.0708736621072407,-0.00723717958866414,0.510999999999999
"gini",0.3,-0.0575025659370316,0.792079207920792,3,FALSE,202608250268,"primary",0.5,0,0.124014095541114,0.185420927594654,0.166573419806031,0.140186528598648,0.0708736621072407,-0.00723717958866414,0.510999999999999
"oracle",0,-0.479752152835606,NA,NA,NA,202608250268,"primary",0.5,0,0.124014095541114,0.185420927594654,0.166573419806031,0.140186528598648,0.0708736621072407,-0.00723717958866414,0.510999999999999
"over",0.9,0.00889919349612645,0.792079207920792,3,FALSE,202608250268,"primary",0.5,0,0.124014095541114,0.185420927594654,0.166573419806031,0.140186528598648,0.0708736621072407,-0.00723717958866414,0.510999999999999
"raw",0.316666666666667,-0.0614068320535403,0.792079207920792,3,FALSE,202608250268,"primary",0.5,0,0.124014095541114,0.185420927594654,0.166573419806031,0.140186528598648,0.0708736621072407,-0.00723717958866414,0.510999999999999
"cw",1,0.018278114674851,1,3,TRUE,202608250269,"primary",0.9,0,0.196720623027178,0.16747240168478,0.164612845875445,0.155639957665868,0.119566773771402,0.00666611491291147,0.44
"gini",0.566666666666667,0.0203162179950296,1,3,TRUE,202608250269,"primary",0.9,0,0.196720623027178,0.16747240168478,0.164612845875445,0.155639957665868,0.119566773771402,0.00666611491291147,0.44
"oracle",0,-0.313711317973443,NA,NA,NA,202608250269,"primary",0.9,0,0.196720623027178,0.16747240168478,0.164612845875445,0.155639957665868,0.119566773771402,0.00666611491291147,0.44
"over",1,0.0220757514415193,1,3,TRUE,202608250269,"primary",0.9,0,0.196720623027178,0.16747240168478,0.164612845875445,0.155639957665868,0.119566773771402,0.00666611491291147,0.44
"raw",0.583333333333333,0.0292482213423979,1,3,TRUE,202608250269,"primary",0.9,0,0.196720623027178,0.16747240168478,0.164612845875445,0.155639957665868,0.119566773771402,0.00666611491291147,0.44
"cw",1,0.019146857129702,1,3,TRUE,202608250270,"primary",0.9,0,0.201361170042964,0.17537186221522,0.181773137915863,0.16574477516626,0.119941626864135,0.00124302622512849,0.341
"gini",0.616666666666667,0.019230326632495,1,3,TRUE,202608250270,"primary",0.9,0,0.201361170042964,0.17537186221522,0.181773137915863,0.16574477516626,0.119941626864135,0.00124302622512849,0.341
"oracle",0,-0.42044649790584,NA,NA,NA,202608250270,"primary",0.9,0,0.201361170042964,0.17537186221522,0.181773137915863,0.16574477516626,0.119941626864135,0.00124302622512849,0.341
"over",1,0.0231751365872421,1,3,TRUE,202608250270,"primary",0.9,0,0.201361170042964,0.17537186221522,0.181773137915863,0.16574477516626,0.119941626864135,0.00124302622512849,0.341
"raw",0.65,0.0259893078277432,1,3,TRUE,202608250270,"primary",0.9,0,0.201361170042964,0.17537186221522,0.181773137915863,0.16574477516626,0.119941626864135,0.00124302622512849,0.341
"cw",0.683333333333333,0.00347404107281476,0.792079207920792,3,FALSE,202608250271,"primary",0.6,0,0.130084438043508,0.209666082865904,0.184393769258663,0.173755206222378,0.0788258384411625,0.0298880134433666,0.532999999999999
"gini",0.266666666666667,-0.069985949473357,0.792079207920792,3,FALSE,202608250271,"primary",0.6,0,0.130084438043508,0.209666082865904,0.184393769258663,0.173755206222378,0.0788258384411625,0.0298880134433666,0.532999999999999
"oracle",0,-0.393073340697832,NA,NA,NA,202608250271,"primary",0.6,0,0.130084438043508,0.209666082865904,0.184393769258663,0.173755206222378,0.0788258384411625,0.0298880134433666,0.532999999999999
"over",0.683333333333333,0.00447085460661441,0.792079207920792,3,FALSE,202608250271,"primary",0.6,0,0.130084438043508,0.209666082865904,0.184393769258663,0.173755206222378,0.0788258384411625,0.0298880134433666,0.532999999999999
"raw",0.266666666666667,-0.0795816448223957,0.792079207920792,3,FALSE,202608250271,"primary",0.6,0,0.130084438043508,0.209666082865904,0.184393769258663,0.173755206222378,0.0788258384411625,0.0298880134433666,0.532999999999999
"cw",1,0.014234287076277,1,3,TRUE,202608250272,"primary",0.9,0,0.166182005178091,0.15216439294284,0.162322876246056,0.16574471491313,0.103487165201985,-0.0146111641340143,0.505000000000001
"gini",0.566666666666667,0.0105806872924245,1,3,TRUE,202608250272,"primary",0.9,0,0.166182005178091,0.15216439294284,0.162322876246056,0.16574471491313,0.103487165201985,-0.0146111641340143,0.505000000000001
"oracle",0,-0.381938686398532,NA,NA,NA,202608250272,"primary",0.9,0,0.166182005178091,0.15216439294284,0.162322876246056,0.16574471491313,0.103487165201985,-0.0146111641340143,0.505000000000001
"over",1,0.0169906146014984,1,3,TRUE,202608250272,"primary",0.9,0,0.166182005178091,0.15216439294284,0.162322876246056,0.16574471491313,0.103487165201985,-0.0146111641340143,0.505000000000001
"raw",0.55,0.014017612235251,1,3,TRUE,202608250272,"primary",0.9,0,0.166182005178091,0.15216439294284,0.162322876246056,0.16574471491313,0.103487165201985,-0.0146111641340143,0.505000000000001
"cw",1,0.0188074638734061,1,3,TRUE,202608250273,"primary",0.9,0,0.201853943003086,0.12877550828025,0.18597668593253,0.173280158851695,0.122271712826356,0.00525369963560226,0.409999999999999
"gini",0.8,0.0581883672118085,1,3,TRUE,202608250273,"primary",0.9,0,0.201853943003086,0.12877550828025,0.18597668593253,0.173280158851695,0.122271712826356,0.00525369963560226,0.409999999999999
"oracle",0,-0.338708441450137,NA,NA,NA,202608250273,"primary",0.9,0,0.201853943003086,0.12877550828025,0.18597668593253,0.173280158851695,0.122271712826356,0.00525369963560226,0.409999999999999
"over",1,0.0230134313390704,1,3,TRUE,202608250273,"primary",0.9,0,0.201853943003086,0.12877550828025,0.18597668593253,0.173280158851695,0.122271712826356,0.00525369963560226,0.409999999999999
"raw",0.866666666666667,0.0730784347228361,1,3,TRUE,202608250273,"primary",0.9,0,0.201853943003086,0.12877550828025,0.18597668593253,0.173280158851695,0.122271712826356,0.00525369963560226,0.409999999999999
"cw",1,0.0169988358915058,1,3,TRUE,202608250274,"primary",0.9,0,0.188506283369556,0.153443838822019,0.172443283595301,0.165604869947868,0.114546918956462,0.00112258787856243,0.372
"gini",0.633333333333333,0.0285880174441832,1,3,TRUE,202608250274,"primary",0.9,0,0.188506283369556,0.153443838822019,0.172443283595301,0.165604869947868,0.114546918956462,0.00112258787856243,0.372
"oracle",0,-0.352921235242648,NA,NA,NA,202608250274,"primary",0.9,0,0.188506283369556,0.153443838822019,0.172443283595301,0.165604869947868,0.114546918956462,0.00112258787856243,0.372
"over",1,0.0205096400938231,1,3,TRUE,202608250274,"primary",0.9,0,0.188506283369556,0.153443838822019,0.172443283595301,0.165604869947868,0.114546918956462,0.00112258787856243,0.372
"raw",0.683333333333333,0.0350624445475366,1,3,TRUE,202608250274,"primary",0.9,0,0.188506283369556,0.153443838822019,0.172443283595301,0.165604869947868,0.114546918956462,0.00112258787856243,0.372
"cw",0.983333333333333,0.00806346221421,0.792079207920792,3,FALSE,202608250275,"primary",0.6,0,0.140195865407475,0.186417544498436,0.178935392963963,0.159755341725498,0.0876473995874399,0.0092796259161981,0.418
"gini",0.333333333333333,-0.0436933354317066,0.792079207920792,3,FALSE,202608250275,"primary",0.6,0,0.140195865407475,0.186417544498436,0.178935392963963,0.159755341725498,0.0876473995874399,0.0092796259161981,0.418
"oracle",0,-0.364559781605808,NA,NA,NA,202608250275,"primary",0.6,0,0.140195865407475,0.186417544498436,0.178935392963963,0.159755341725498,0.0876473995874399,0.0092796259161981,0.418
"over",1,0.00983228874409326,0.792079207920792,3,FALSE,202608250275,"primary",0.6,0,0.140195865407475,0.186417544498436,0.178935392963963,0.159755341725498,0.0876473995874399,0.0092796259161981,0.418
"raw",0.333333333333333,-0.0462216790909614,0.792079207920792,3,FALSE,202608250275,"primary",0.6,0,0.140195865407475,0.186417544498436,0.178935392963963,0.159755341725498,0.0876473995874399,0.0092796259161981,0.418
"cw",1,0.0197209857550774,1,3,TRUE,202608250276,"primary",0.9,0,0.207391187977983,0.154570697741268,0.195777511450975,0.173778812877585,0.123993976503839,-0.0120943756947961,0.42
"gini",0.733333333333333,0.0393138376299409,1,3,TRUE,202608250276,"primary",0.9,0,0.207391187977983,0.154570697741268,0.195777511450975,0.173778812877585,0.123993976503839,-0.0120943756947961,0.42
"oracle",0,-0.285610161943698,NA,NA,NA,202608250276,"primary",0.9,0,0.207391187977983,0.154570697741268,0.195777511450975,0.173778812877585,0.123993976503839,-0.0120943756947961,0.42
"over",1,0.0246210914021208,1,3,TRUE,202608250276,"primary",0.9,0,0.207391187977983,0.154570697741268,0.195777511450975,0.173778812877585,0.123993976503839,-0.0120943756947961,0.42
"raw",0.75,0.0528204902367157,1,3,TRUE,202608250276,"primary",0.9,0,0.207391187977983,0.154570697741268,0.195777511450975,0.173778812877585,0.123993976503839,-0.0120943756947961,0.42
"cw",1,0.0141384942965111,0.902777777777778,4,FALSE,202608250277,"primary",0.7,0,0.164139812006177,0.171295134278196,0.154802653819245,0.17646249152788,0.0978041427338889,-0.0110705874936812,0.622000000000001
"gini",0.5,-0.00251845444296064,0.792079207920792,3,FALSE,202608250277,"primary",0.7,0,0.164139812006177,0.171295134278196,0.154802653819245,0.17646249152788,0.0978041427338889,-0.0110705874936812,0.622000000000001
"oracle",0,-0.364755020306221,NA,NA,NA,202608250277,"primary",0.7,0,0.164139812006177,0.171295134278196,0.154802653819245,0.17646249152788,0.0978041427338889,-0.0110705874936812,0.622000000000001
"over",1,0.0168021592197182,0.902777777777778,4,FALSE,202608250277,"primary",0.7,0,0.164139812006177,0.171295134278196,0.154802653819245,0.17646249152788,0.0978041427338889,-0.0110705874936812,0.622000000000001
"raw",0.466666666666667,-0.00715532227201893,0.792079207920792,3,FALSE,202608250277,"primary",0.7,0,0.164139812006177,0.171295134278196,0.154802653819245,0.17646249152788,0.0978041427338889,-0.0110705874936812,0.622000000000001
"cw",1,0.0156254794643441,1,3,TRUE,202608250278,"primary",0.9,0,0.174903816200253,0.14413977736839,0.155047421702138,0.183487462875118,0.103478602081337,-0.0251903544701401,0.532999999999999
"gini",0.566666666666667,0.0275054100576959,1,3,TRUE,202608250278,"primary",0.9,0,0.174903816200253,0.14413977736839,0.155047421702138,0.183487462875118,0.103478602081337,-0.0251903544701401,0.532999999999999
"oracle",0,-0.326852440423899,NA,NA,NA,202608250278,"primary",0.9,0,0.174903816200253,0.14413977736839,0.155047421702138,0.183487462875118,0.103478602081337,-0.0251903544701401,0.532999999999999
"over",1,0.018678788447559,1,3,TRUE,202608250278,"primary",0.9,0,0.174903816200253,0.14413977736839,0.155047421702138,0.183487462875118,0.103478602081337,-0.0251903544701401,0.532999999999999
"raw",0.583333333333333,0.0307640388318632,1,3,TRUE,202608250278,"primary",0.9,0,0.174903816200253,0.14413977736839,0.155047421702138,0.183487462875118,0.103478602081337,-0.0251903544701401,0.532999999999999
"cw",1,0.0114651658080441,1,3,TRUE,202608250279,"primary",0.8,0,0.15001141244189,0.157684208823117,0.172435870206607,0.184692774700227,0.090420817748582,-0.0133205860466828,0.496
"gini",0.483333333333333,-0.00654582177882564,1,3,TRUE,202608250279,"primary",0.8,0,0.15001141244189,0.157684208823117,0.172435870206607,0.184692774700227,0.090420817748582,-0.0133205860466828,0.496
"oracle",0,-0.405489576713308,NA,NA,NA,202608250279,"primary",0.8,0,0.15001141244189,0.157684208823117,0.172435870206607,0.184692774700227,0.090420817748582,-0.0133205860466828,0.496
"over",1,0.0138538353709091,1,3,TRUE,202608250279,"primary",0.8,0,0.15001141244189,0.157684208823117,0.172435870206607,0.184692774700227,0.090420817748582,-0.0133205860466828,0.496
"raw",0.45,-0.00767279638122681,1,3,TRUE,202608250279,"primary",0.8,0,0.15001141244189,0.157684208823117,0.172435870206607,0.184692774700227,0.090420817748582,-0.0133205860466828,0.496
"cw",1,0.0211550448132653,1,3,TRUE,202608250280,"primary",0.9,0,0.20832609957999,0.161271043288578,0.179308104923317,0.170749132488304,0.127585843783651,0.00327643565526379,0.388999999999999
"gini",0.75,0.038533388031853,1,3,TRUE,202608250280,"primary",0.9,0,0.20832609957999,0.161271043288578,0.179308104923317,0.170749132488304,0.127585843783651,0.00327643565526379,0.388999999999999
"oracle",0,-0.259373526222409,NA,NA,NA,202608250280,"primary",0.9,0,0.20832609957999,0.161271043288578,0.179308104923317,0.170749132488304,0.127585843783651,0.00327643565526379,0.388999999999999
"over",1,0.0257279258511052,1,3,TRUE,202608250280,"primary",0.9,0,0.20832609957999,0.161271043288578,0.179308104923317,0.170749132488304,0.127585843783651,0.00327643565526379,0.388999999999999
"raw",0.733333333333333,0.0470550562914119,1,3,TRUE,202608250280,"primary",0.9,0,0.20832609957999,0.161271043288578,0.179308104923317,0.170749132488304,0.127585843783651,0.00327643565526379,0.388999999999999
"cw",1,0.0164629088513754,1,3,TRUE,202608250281,"primary",0.9,0,0.185703198878018,0.148509830540714,0.159047779538313,0.159910552372267,0.111235108973898,-0.014011460336922,0.396
"gini",0.666666666666667,0.0318422408998096,1,3,TRUE,202608250281,"primary",0.9,0,0.185703198878018,0.148509830540714,0.159047779538313,0.159910552372267,0.111235108973898,-0.014011460336922,0.396
"oracle",0,-0.284098284265533,NA,NA,NA,202608250281,"primary",0.9,0,0.185703198878018,0.148509830540714,0.159047779538313,0.159910552372267,0.111235108973898,-0.014011460336922,0.396
"over",1,0.0196125419278309,1,3,TRUE,202608250281,"primary",0.9,0,0.185703198878018,0.148509830540714,0.159047779538313,0.159910552372267,0.111235108973898,-0.014011460336922,0.396
"raw",0.666666666666667,0.0371933683373041,1,3,TRUE,202608250281,"primary",0.9,0,0.185703198878018,0.148509830540714,0.159047779538313,0.159910552372267,0.111235108973898,-0.014011460336922,0.396
"cw",0.983333333333333,0.0133590953061338,1,3,TRUE,202608250282,"primary",0.9,0,0.17534758878734,0.190250434623345,0.170067433205698,0.174911716070328,0.106805653280526,0.00118917585853726,0.397
"gini",0.333333333333333,-0.0130742730823655,1,3,TRUE,202608250282,"primary",0.9,0,0.17534758878734,0.190250434623345,0.170067433205698,0.174911716070328,0.106805653280526,0.00118917585853726,0.397
"oracle",0,-0.322586817145647,NA,NA,NA,202608250282,"primary",0.9,0,0.17534758878734,0.190250434623345,0.170067433205698,0.174911716070328,0.106805653280526,0.00118917585853726,0.397
"over",0.983333333333333,0.0161231360982729,1,3,TRUE,202608250282,"primary",0.9,0,0.17534758878734,0.190250434623345,0.170067433205698,0.174911716070328,0.106805653280526,0.00118917585853726,0.397
"raw",0.366666666666667,-0.014902845836005,0.792079207920792,3,TRUE,202608250282,"primary",0.9,0,0.17534758878734,0.190250434623345,0.170067433205698,0.174911716070328,0.106805653280526,0.00118917585853726,0.397
"cw",0.933333333333333,0.00790745724927396,0.792079207920792,3,FALSE,202608250283,"primary",0.6,0,0.147032810600805,0.226226474088337,0.175183889636662,0.173608305508643,0.0920959556696164,0.0148007938618979,0.374000000000001
"gini",0.166666666666667,-0.0657017071305886,0.792079207920792,3,FALSE,202608250283,"primary",0.6,0,0.147032810600805,0.226226474088337,0.175183889636662,0.173608305508643,0.0920959556696164,0.0148007938618979,0.374000000000001
"oracle",0,-0.430241270810802,NA,NA,NA,202608250283,"primary",0.6,0,0.147032810600805,0.226226474088337,0.175183889636662,0.173608305508643,0.0920959556696164,0.0148007938618979,0.374000000000001
"over",0.933333333333333,0.00963675746810155,0.792079207920792,3,FALSE,202608250283,"primary",0.6,0,0.147032810600805,0.226226474088337,0.175183889636662,0.173608305508643,0.0920959556696164,0.0148007938618979,0.374000000000001
"raw",0.183333333333333,-0.0791936634875324,0.792079207920792,3,FALSE,202608250283,"primary",0.6,0,0.147032810600805,0.226226474088337,0.175183889636662,0.173608305508643,0.0920959556696164,0.0148007938618979,0.374000000000001
"cw",1,0.00965991324570014,1,3,TRUE,202608250284,"primary",0.9,0,0.142030335611514,0.159678805361271,0.169622527097779,0.164250607051703,0.0872613450734502,0.00139464783027253,0.524
"gini",0.333333333333333,-0.015636070075753,1,3,TRUE,202608250284,"primary",0.9,0,0.142030335611514,0.159678805361271,0.169622527097779,0.164250607051703,0.0872613450734502,0.00139464783027253,0.524
"oracle",0,-0.415732560602633,NA,NA,NA,202608250284,"primary",0.9,0,0.142030335611514,0.159678805361271,0.169622527097779,0.164250607051703,0.0872613450734502,0.00139464783027253,0.524
"over",1,0.0115959208475639,1,3,TRUE,202608250284,"primary",0.9,0,0.142030335611514,0.159678805361271,0.169622527097779,0.164250607051703,0.0872613450734502,0.00139464783027253,0.524
"raw",0.35,-0.0176484697497578,1,3,TRUE,202608250284,"primary",0.9,0,0.142030335611514,0.159678805361271,0.169622527097779,0.164250607051703,0.0872613450734502,0.00139464783027253,0.524
"cw",1,0.00912787874123505,1,3,TRUE,202608250285,"primary",0.9,0,0.141820968713659,0.176865380441939,0.156313797163457,0.152791602901711,0.0839846928411809,0.00169559716248753,0.48
"gini",0.316666666666667,-0.0298808321569209,1,3,TRUE,202608250285,"primary",0.9,0,0.141820968713659,0.176865380441939,0.156313797163457,0.152791602901711,0.0839846928411809,0.00169559716248753,0.48
"oracle",0,-0.314217800506358,NA,NA,NA,202608250285,"primary",0.9,0,0.141820968713659,0.176865380441939,0.156313797163457,0.152791602901711,0.0839846928411809,0.00169559716248753,0.48
"over",1,0.010938788571998,1,3,TRUE,202608250285,"primary",0.9,0,0.141820968713659,0.176865380441939,0.156313797163457,0.152791602901711,0.0839846928411809,0.00169559716248753,0.48
"raw",0.3,-0.0350444117282795,1,3,TRUE,202608250285,"primary",0.9,0,0.141820968713659,0.176865380441939,0.156313797163457,0.152791602901711,0.0839846928411809,0.00169559716248753,0.48
"cw",1,0.0168238917120595,1,3,TRUE,202608250286,"primary",0.9,0,0.205546364047127,0.207204282335687,0.192076104910502,0.174436406792126,0.127425286932479,0.0218577052149251,0.438000000000001
"gini",0.483333333333333,-0.00620478543228545,1,3,TRUE,202608250286,"primary",0.9,0,0.205546364047127,0.207204282335687,0.192076104910502,0.174436406792126,0.127425286932479,0.0218577052149251,0.438000000000001
"oracle",0,-0.277054730150257,NA,NA,NA,202608250286,"primary",0.9,0,0.205546364047127,0.207204282335687,0.192076104910502,0.174436406792126,0.127425286932479,0.0218577052149251,0.438000000000001
"over",1,0.02110093976495,1,3,TRUE,202608250286,"primary",0.9,0,0.205546364047127,0.207204282335687,0.192076104910502,0.174436406792126,0.127425286932479,0.0218577052149251,0.438000000000001
"raw",0.466666666666667,-0.00165791828856077,1,3,TRUE,202608250286,"primary",0.9,0,0.205546364047127,0.207204282335687,0.192076104910502,0.174436406792126,0.127425286932479,0.0218577052149251,0.438000000000001
"cw",0.983333333333333,0.0102642618286911,1,3,TRUE,202608250287,"primary",0.9,0,0.153196618970093,0.164959011453164,0.186407618662336,0.166333006182034,0.09492142402055,0.00267311551300181,0.424
"gini",0.4,-0.0129951144237961,1,3,TRUE,202608250287,"primary",0.9,0,0.153196618970093,0.164959011453164,0.186407618662336,0.166333006182034,0.09492142402055,0.00267311551300181,0.424
"oracle",0,-0.368856491994579,NA,NA,NA,202608250287,"primary",0.9,0,0.153196618970093,0.164959011453164,0.186407618662336,0.166333006182034,0.09492142402055,0.00267311551300181,0.424
"over",0.983333333333333,0.0127477606866371,1,3,TRUE,202608250287,"primary",0.9,0,0.153196618970093,0.164959011453164,0.186407618662336,0.166333006182034,0.09492142402055,0.00267311551300181,0.424
"raw",0.45,-0.0117623924830713,1,3,TRUE,202608250287,"primary",0.9,0,0.153196618970093,0.164959011453164,0.186407618662336,0.166333006182034,0.09492142402055,0.00267311551300181,0.424
"cw",0.95,0.0106532479044362,1,3,TRUE,202608250288,"primary",0.9,0,0.160078340568242,0.177175427002494,0.172160591458783,0.14852812124663,0.0928783851782843,0.00541766967616014,0.506
"gini",0.416666666666667,-0.0217809333793247,0.792079207920792,3,TRUE,202608250288,"primary",0.9,0,0.160078340568242,0.177175427002494,0.172160591458783,0.14852812124663,0.0928783851782843,0.00541766967616014,0.506
"oracle",0,-0.43280091285152,NA,NA,NA,202608250288,"primary",0.9,0,0.160078340568242,0.177175427002494,0.172160591458783,0.14852812124663,0.0928783851782843,0.00541766967616014,0.506
"over",0.933333333333333,0.0131831197257556,1,3,TRUE,202608250288,"primary",0.9,0,0.160078340568242,0.177175427002494,0.172160591458783,0.14852812124663,0.0928783851782843,0.00541766967616014,0.506
"raw",0.383333333333333,-0.0170970864342512,0.56957928802589,3,FALSE,202608250288,"primary",0.9,0,0.160078340568242,0.177175427002494,0.172160591458783,0.14852812124663,0.0928783851782843,0.00541766967616014,0.506
"cw",1,0.0134290145711426,1,3,TRUE,202608250289,"primary",0.8,0,0.169251722713885,0.177450234323208,0.183208846751229,0.153323867933154,0.102267666021029,-0.00587307144488871,0.441
"gini",0.433333333333333,-0.0131656024120047,1,3,TRUE,202608250289,"primary",0.8,0,0.169251722713885,0.177450234323208,0.183208846751229,0.153323867933154,0.102267666021029,-0.00587307144488871,0.441
"oracle",0,-0.408030287893142,NA,NA,NA,202608250289,"primary",0.8,0,0.169251722713885,0.177450234323208,0.183208846751229,0.153323867933154,0.102267666021029,-0.00587307144488871,0.441
"over",1,0.0164161498981963,1,3,TRUE,202608250289,"primary",0.8,0,0.169251722713885,0.177450234323208,0.183208846751229,0.153323867933154,0.102267666021029,-0.00587307144488871,0.441
"raw",0.45,-0.00819851160932272,1,3,TRUE,202608250289,"primary",0.8,0,0.169251722713885,0.177450234323208,0.183208846751229,0.153323867933154,0.102267666021029,-0.00587307144488871,0.441
"cw",0.966666666666667,0.01038159539305,1,3,TRUE,202608250290,"primary",0.9,0,0.161361527337389,0.208870352585615,0.164841484385408,0.166239850812317,0.0987472405240009,0.0117994953257862,0.340000000000001
"gini",0.316666666666667,-0.038249160823995,1,3,TRUE,202608250290,"primary",0.9,0,0.161361527337389,0.208870352585615,0.164841484385408,0.166239850812317,0.0987472405240009,0.0117994953257862,0.340000000000001
"oracle",0,-0.27160538371506,NA,NA,NA,202608250290,"primary",0.9,0,0.161361527337389,0.208870352585615,0.164841484385408,0.166239850812317,0.0987472405240009,0.0117994953257862,0.340000000000001
"over",0.95,0.012261035323365,1,3,TRUE,202608250290,"primary",0.9,0,0.161361527337389,0.208870352585615,0.164841484385408,0.166239850812317,0.0987472405240009,0.0117994953257862,0.340000000000001
"raw",0.316666666666667,-0.0475088252482257,1,3,TRUE,202608250290,"primary",0.9,0,0.161361527337389,0.208870352585615,0.164841484385408,0.166239850812317,0.0987472405240009,0.0117994953257862,0.340000000000001
"cw",1,0.0174240489554568,1,3,TRUE,202608250291,"primary",0.9,0,0.186869721333335,0.137988222880236,0.165748114945708,0.173177579313159,0.113949388566987,-0.0124660972937393,0.495
"gini",0.716666666666667,0.0391790646699566,1,3,TRUE,202608250291,"primary",0.9,0,0.186869721333335,0.137988222880236,0.165748114945708,0.173177579313159,0.113949388566987,-0.0124660972937393,0.495
"oracle",0,-0.337900447799683,NA,NA,NA,202608250291,"primary",0.9,0,0.186869721333335,0.137988222880236,0.165748114945708,0.173177579313159,0.113949388566987,-0.0124660972937393,0.495
"over",1,0.0209387649573658,1,3,TRUE,202608250291,"primary",0.9,0,0.186869721333335,0.137988222880236,0.165748114945708,0.173177579313159,0.113949388566987,-0.0124660972937393,0.495
"raw",0.7,0.048881498453099,1,3,TRUE,202608250291,"primary",0.9,0,0.186869721333335,0.137988222880236,0.165748114945708,0.173177579313159,0.113949388566987,-0.0124660972937393,0.495
"cw",1,0.0174966926571325,1,3,TRUE,202608250292,"primary",0.9,0,0.190781798608417,0.161034728583071,0.160861125327965,0.157844951153575,0.114260131055918,-0.0137856647868534,0.405
"gini",0.65,0.0254259035173439,1,3,TRUE,202608250292,"primary",0.9,0,0.190781798608417,0.161034728583071,0.160861125327965,0.157844951153575,0.114260131055918,-0.0137856647868534,0.405
"oracle",0,-0.279240692058027,NA,NA,NA,202608250292,"primary",0.9,0,0.190781798608417,0.161034728583071,0.160861125327965,0.157844951153575,0.114260131055918,-0.0137856647868534,0.405
"over",1,0.0208822655839614,1,3,TRUE,202608250292,"primary",0.9,0,0.190781798608417,0.161034728583071,0.160861125327965,0.157844951153575,0.114260131055918,-0.0137856647868534,0.405
"raw",0.65,0.0297470700253456,1,3,TRUE,202608250292,"primary",0.9,0,0.190781798608417,0.161034728583071,0.160861125327965,0.157844951153575,0.114260131055918,-0.0137856647868534,0.405
"cw",1,0.00769033720883946,0.533333333333333,2,FALSE,202608250293,"primary",0.5,0,0.130138283248893,0.155548367456119,0.170705330156559,0.151136192532709,0.0750690689034978,-0.0139388923306565,0.415
"gini",0.333333333333333,-0.026149225046285,0.641025641025641,3,FALSE,202608250293,"primary",0.5,0,0.130138283248893,0.155548367456119,0.170705330156559,0.151136192532709,0.0750690689034978,-0.0139388923306565,0.415
"oracle",0,-0.42964773489525,NA,NA,NA,202608250293,"primary",0.5,0,0.130138283248893,0.155548367456119,0.170705330156559,0.151136192532709,0.0750690689034978,-0.0139388923306565,0.415
"over",1,0.00937197401580324,0.533333333333333,2,FALSE,202608250293,"primary",0.5,0,0.130138283248893,0.155548367456119,0.170705330156559,0.151136192532709,0.0750690689034978,-0.0139388923306565,0.415
"raw",0.35,-0.0254100842072258,0.641025641025641,3,FALSE,202608250293,"primary",0.5,0,0.130138283248893,0.155548367456119,0.170705330156559,0.151136192532709,0.0750690689034978,-0.0139388923306565,0.415
"cw",1,0.0210483274810637,1,3,TRUE,202608250294,"primary",0.9,0,0.207018719452186,0.145592851116192,0.181851845660689,0.16079936054001,0.126851195014441,-0.0091204466562483,0.527
"gini",0.8,0.046707481059836,1,3,TRUE,202608250294,"primary",0.9,0,0.207018719452186,0.145592851116192,0.181851845660689,0.16079936054001,0.126851195014441,-0.0091204466562483,0.527
"oracle",0,-0.323074346343071,NA,NA,NA,202608250294,"primary",0.9,0,0.207018719452186,0.145592851116192,0.181851845660689,0.16079936054001,0.126851195014441,-0.0091204466562483,0.527
"over",1,0.0257694223295868,1,3,TRUE,202608250294,"primary",0.9,0,0.207018719452186,0.145592851116192,0.181851845660689,0.16079936054001,0.126851195014441,-0.0091204466562483,0.527
"raw",0.85,0.0614258683359941,1,3,TRUE,202608250294,"primary",0.9,0,0.207018719452186,0.145592851116192,0.181851845660689,0.16079936054001,0.126851195014441,-0.0091204466562483,0.527
"cw",0.9,0.00732450342549784,1,3,TRUE,202608250295,"primary",0.9,0,0.152744408577985,0.231507055233963,0.174776225430938,0.151770762511048,0.0885541972015123,0.0179607068805342,0.591
"gini",0.166666666666667,-0.0717704679002707,1,3,TRUE,202608250295,"primary",0.9,0,0.152744408577985,0.231507055233963,0.174776225430938,0.151770762511048,0.0885541972015123,0.0179607068805342,0.591
"oracle",0,-0.427906618106034,NA,NA,NA,202608250295,"primary",0.9,0,0.152744408577985,0.231507055233963,0.174776225430938,0.151770762511048,0.0885541972015123,0.0179607068805342,0.591
"over",0.916666666666667,0.00897797458004845,1,3,TRUE,202608250295,"primary",0.9,0,0.152744408577985,0.231507055233963,0.174776225430938,0.151770762511048,0.0885541972015123,0.0179607068805342,0.591
"raw",0.166666666666667,-0.0787626466559785,1,3,TRUE,202608250295,"primary",0.9,0,0.152744408577985,0.231507055233963,0.174776225430938,0.151770762511048,0.0885541972015123,0.0179607068805342,0.591
"cw",1,0.0176486609420804,0.792079207920792,3,FALSE,202608250296,"primary",0.6,0,0.194818133446575,0.195701074892481,0.174634768519501,0.157869445131054,0.118649064912234,-0.0105125946055419,0.462999999999999
"gini",0.5,-0.00507463103572042,0.792079207920792,3,FALSE,202608250296,"primary",0.6,0,0.194818133446575,0.195701074892481,0.174634768519501,0.157869445131054,0.118649064912234,-0.0105125946055419,0.462999999999999
"oracle",0,-0.423255280512455,NA,NA,NA,202608250296,"primary",0.6,0,0.194818133446575,0.195701074892481,0.174634768519501,0.157869445131054,0.118649064912234,-0.0105125946055419,0.462999999999999
"over",1,0.021425865925178,0.792079207920792,3,FALSE,202608250296,"primary",0.6,0,0.194818133446575,0.195701074892481,0.174634768519501,0.157869445131054,0.118649064912234,-0.0105125946055419,0.462999999999999
"raw",0.5,-0.000882941445906449,0.792079207920792,3,FALSE,202608250296,"primary",0.6,0,0.194818133446575,0.195701074892481,0.174634768519501,0.157869445131054,0.118649064912234,-0.0105125946055419,0.462999999999999
"cw",1,0.0170390991709938,0.792079207920792,3,TRUE,202608250297,"primary",0.9,0,0.191902930872083,0.171218301338096,0.165140376786344,0.178476132148376,0.116328498075021,0.00330864527469918,0.401
"gini",0.616666666666667,0.0204131769756288,0.792079207920792,3,TRUE,202608250297,"primary",0.9,0,0.191902930872083,0.171218301338096,0.165140376786344,0.178476132148376,0.116328498075021,0.00330864527469918,0.401
"oracle",0,-0.299039503945611,NA,NA,NA,202608250297,"primary",0.9,0,0.191902930872083,0.171218301338096,0.165140376786344,0.178476132148376,0.116328498075021,0.00330864527469918,0.401
"over",1,0.0204999249192433,0.792079207920792,3,TRUE,202608250297,"primary",0.9,0,0.191902930872083,0.171218301338096,0.165140376786344,0.178476132148376,0.116328498075021,0.00330864527469918,0.401
"raw",0.616666666666667,0.0206846295339868,0.792079207920792,3,TRUE,202608250297,"primary",0.9,0,0.191902930872083,0.171218301338096,0.165140376786344,0.178476132148376,0.116328498075021,0.00330864527469918,0.401
"cw",0.95,0.0077429062808706,0.792079207920792,3,FALSE,202608250298,"primary",0.6,0,0.139505510676044,0.200032022392262,0.187504004597903,0.175381041516891,0.0823713366567584,0.00875099973061241,0.437
"gini",0.283333333333333,-0.0523815302374612,0.626666666666667,3,FALSE,202608250298,"primary",0.6,0,0.139505510676044,0.200032022392262,0.187504004597903,0.175381041516891,0.0823713366567584,0.00875099973061241,0.437
"oracle",0,-0.431398701281436,NA,NA,NA,202608250298,"primary",0.6,0,0.139505510676044,0.200032022392262,0.187504004597903,0.175381041516891,0.0823713366567584,0.00875099973061241,0.437
"over",0.95,0.00948480869430617,0.792079207920792,3,FALSE,202608250298,"primary",0.6,0,0.139505510676044,0.200032022392262,0.187504004597903,0.175381041516891,0.0823713366567584,0.00875099973061241,0.437
"raw",0.233333333333333,-0.0605265117162175,0.626666666666667,3,FALSE,202608250298,"primary",0.6,0,0.139505510676044,0.200032022392262,0.187504004597903,0.175381041516891,0.0823713366567584,0.00875099973061241,0.437
"cw",1,0.0125035309960129,1,3,TRUE,202608250299,"primary",0.9,0,0.177936992716,0.202095999552717,0.174216650630006,0.165595681267999,0.105797911717704,0.0118064641323604,0.380999999999999
"gini",0.333333333333333,-0.0215616612673568,1,3,TRUE,202608250299,"primary",0.9,0,0.177936992716,0.202095999552717,0.174216650630006,0.165595681267999,0.105797911717704,0.0118064641323604,0.380999999999999
"oracle",0,-0.407144824725548,NA,NA,NA,202608250299,"primary",0.9,0,0.177936992716,0.202095999552717,0.174216650630006,0.165595681267999,0.105797911717704,0.0118064641323604,0.380999999999999
"over",1,0.015146951816901,1,3,TRUE,202608250299,"primary",0.9,0,0.177936992716,0.202095999552717,0.174216650630006,0.165595681267999,0.105797911717704,0.0118064641323604,0.380999999999999
"raw",0.35,-0.0241590068367168,1,3,TRUE,202608250299,"primary",0.9,0,0.177936992716,0.202095999552717,0.174216650630006,0.165595681267999,0.105797911717704,0.0118064641323604,0.380999999999999
"cw",1,0.00558263681914371,0.687285223367698,4,FALSE,202608250300,"primary",0.4,0,0.113939631367931,0.187447515206552,0.197344154847678,0.158375395798549,0.0654215253448248,-0.00939954055931341,0.572
"gini",0.216666666666667,-0.0688715294958763,0.55045871559633,3,FALSE,202608250300,"primary",0.4,0,0.113939631367931,0.187447515206552,0.197344154847678,0.158375395798549,0.0654215253448248,-0.00939954055931341,0.572
"oracle",0,-0.400990803891881,NA,NA,NA,202608250300,"primary",0.4,0,0.113939631367931,0.187447515206552,0.197344154847678,0.158375395798549,0.0654215253448248,-0.00939954055931341,0.572
"over",1,0.00702492925142322,0.687285223367698,4,FALSE,202608250300,"primary",0.4,0,0.113939631367931,0.187447515206552,0.197344154847678,0.158375395798549,0.0654215253448248,-0.00939954055931341,0.572
"raw",0.233333333333333,-0.0735078838386211,0.55045871559633,3,FALSE,202608250300,"primary",0.4,0,0.113939631367931,0.187447515206552,0.197344154847678,0.158375395798549,0.0654215253448248,-0.00939954055931341,0.572
"cw",0.7,0.00232265982685611,1,3,TRUE,202608250301,"primary",0.9,0,0.12574929143869,0.21151148852716,0.171421802806817,0.161082452975707,0.0769483903301213,0.0210476052509845,0.407999999999999
"gini",0.233333333333333,-0.0731985634540859,1,3,TRUE,202608250301,"primary",0.9,0,0.12574929143869,0.21151148852716,0.171421802806817,0.161082452975707,0.0769483903301213,0.0210476052509845,0.407999999999999
"oracle",0.0833333333333333,-0.321131813353092,NA,NA,NA,202608250301,"primary",0.9,0,0.12574929143869,0.21151148852716,0.171421802806817,0.161082452975707,0.0769483903301213,0.0210476052509845,0.407999999999999
"over",0.716666666666667,0.00275097329486271,1,3,TRUE,202608250301,"primary",0.9,0,0.12574929143869,0.21151148852716,0.171421802806817,0.161082452975707,0.0769483903301213,0.0210476052509845,0.407999999999999
"raw",0.216666666666667,-0.0857621970884693,1,3,TRUE,202608250301,"primary",0.9,0,0.12574929143869,0.21151148852716,0.171421802806817,0.161082452975707,0.0769483903301213,0.0210476052509845,0.407999999999999
"cw",1,0.0144241308711013,1,3,TRUE,202608250302,"primary",0.9,0,0.17629163741299,0.173430424646526,0.177750048067651,0.163109417361844,0.108400709446263,-0.00245158457991277,0.426
"gini",0.55,-0.00228053184417581,1,3,TRUE,202608250302,"primary",0.9,0,0.17629163741299,0.173430424646526,0.177750048067651,0.163109417361844,0.108400709446263,-0.00245158457991277,0.426
"oracle",0.166666666666667,-0.172773914181381,NA,NA,NA,202608250302,"primary",0.9,0,0.17629163741299,0.173430424646526,0.177750048067651,0.163109417361844,0.108400709446263,-0.00245158457991277,0.426
"over",1,0.0176498871698575,1,3,TRUE,202608250302,"primary",0.9,0,0.17629163741299,0.173430424646526,0.177750048067651,0.163109417361844,0.108400709446263,-0.00245158457991277,0.426
"raw",0.55,0.00286121276646345,1,3,TRUE,202608250302,"primary",0.9,0,0.17629163741299,0.173430424646526,0.177750048067651,0.163109417361844,0.108400709446263,-0.00245158457991277,0.426
"cw",1,0.0131281439137728,1,3,TRUE,202608250303,"primary",0.9,0,0.16097086733942,0.164099629399862,0.155009708452212,0.16603403862303,0.100222665414554,-0.0144940174764272,0.554
"gini",0.466666666666667,-0.00227415683501461,1,3,TRUE,202608250303,"primary",0.9,0,0.16097086733942,0.164099629399862,0.155009708452212,0.16603403862303,0.100222665414554,-0.0144940174764272,0.554
"oracle",0,-0.393409661469147,NA,NA,NA,202608250303,"primary",0.9,0,0.16097086733942,0.164099629399862,0.155009708452212,0.16603403862303,0.100222665414554,-0.0144940174764272,0.554
"over",0.983333333333333,0.0154145791605861,1,3,TRUE,202608250303,"primary",0.9,0,0.16097086733942,0.164099629399862,0.155009708452212,0.16603403862303,0.100222665414554,-0.0144940174764272,0.554
"raw",0.466666666666667,-0.0031287620604428,1,3,TRUE,202608250303,"primary",0.9,0,0.16097086733942,0.164099629399862,0.155009708452212,0.16603403862303,0.100222665414554,-0.0144940174764272,0.554
"cw",1,0.0199033067746028,1,3,TRUE,202608250304,"primary",0.9,0,0.205585274757917,0.15997578999588,0.174259414824,0.169152818808638,0.122877408435812,-0.0108411847612997,0.633
"gini",0.716666666666667,0.0393973752256705,1,3,TRUE,202608250304,"primary",0.9,0,0.205585274757917,0.15997578999588,0.174259414824,0.169152818808638,0.122877408435812,-0.0108411847612997,0.633
"oracle",0,-0.394604564543661,NA,NA,NA,202608250304,"primary",0.9,0,0.205585274757917,0.15997578999588,0.174259414824,0.169152818808638,0.122877408435812,-0.0108411847612997,0.633
"over",1,0.0241517586110644,1,3,TRUE,202608250304,"primary",0.9,0,0.205585274757917,0.15997578999588,0.174259414824,0.169152818808638,0.122877408435812,-0.0108411847612997,0.633
"raw",0.683333333333333,0.0456094847620368,1,3,TRUE,202608250304,"primary",0.9,0,0.205585274757917,0.15997578999588,0.174259414824,0.169152818808638,0.122877408435812,-0.0108411847612997,0.633
"cw",1,0.033969546666129,1,3,TRUE,202608250305,"primary",0.9,0,0.26224050098118,0.191645710809363,0.151760875509621,0.168923305057638,0.156622839156306,-0.00512661278730795,0.441000000000001
"gini",0.816666666666667,0.0622434488313514,1,3,TRUE,202608250305,"primary",0.9,0,0.26224050098118,0.191645710809363,0.151760875509621,0.168923305057638,0.156622839156306,-0.00512661278730795,0.441000000000001
"oracle",0,-0.325405836123212,NA,NA,NA,202608250305,"primary",0.9,0,0.26224050098118,0.191645710809363,0.151760875509621,0.168923305057638,0.156622839156306,-0.00512661278730795,0.441000000000001
"over",1,0.0400292615750879,1,3,TRUE,202608250305,"primary",0.9,0,0.26224050098118,0.191645710809363,0.151760875509621,0.168923305057638,0.156622839156306,-0.00512661278730795,0.441000000000001
"raw",0.833333333333333,0.0705947901718165,1,3,TRUE,202608250305,"primary",0.9,0,0.26224050098118,0.191645710809363,0.151760875509621,0.168923305057638,0.156622839156306,-0.00512661278730795,0.441000000000001
"cw",1,0.0170566092677016,1,3,TRUE,202608250306,"primary",0.9,0,0.193139669364309,0.195412842197421,0.180300786942444,0.154586719475048,0.11296206309347,-0.00218164351616306,0.382
"gini",0.5,-0.00733042395408612,1,3,TRUE,202608250306,"primary",0.9,0,0.193139669364309,0.195412842197421,0.180300786942444,0.154586719475048,0.11296206309347,-0.00218164351616306,0.382
"oracle",0,-0.381931995769644,NA,NA,NA,202608250306,"primary",0.9,0,0.193139669364309,0.195412842197421,0.180300786942444,0.154586719475048,0.11296206309347,-0.00218164351616306,0.382
"over",1,0.0209764081757104,1,3,TRUE,202608250306,"primary",0.9,0,0.193139669364309,0.195412842197421,0.180300786942444,0.154586719475048,0.11296206309347,-0.00218164351616306,0.382
"raw",0.55,-0.00227317283311285,1,3,TRUE,202608250306,"primary",0.9,0,0.193139669364309,0.195412842197421,0.180300786942444,0.154586719475048,0.11296206309347,-0.00218164351616306,0.382
"cw",0.966666666666667,0.0101258341102164,0.792079207920792,3,FALSE,202608250307,"primary",0.9,0,0.161277972698935,0.232038111967612,0.181032338714728,0.160588391722131,0.0960292999404544,0.0101481483549382,0.488
"gini",0.15,-0.0627154565601586,1,3,TRUE,202608250307,"primary",0.9,0,0.161277972698935,0.232038111967612,0.181032338714728,0.160588391722131,0.0960292999404544,0.0101481483549382,0.488
"oracle",0,-0.365671576803158,NA,NA,NA,202608250307,"primary",0.9,0,0.161277972698935,0.232038111967612,0.181032338714728,0.160588391722131,0.0960292999404544,0.0101481483549382,0.488
"over",0.983333333333333,0.0125302454955324,0.792079207920792,3,FALSE,202608250307,"primary",0.9,0,0.161277972698935,0.232038111967612,0.181032338714728,0.160588391722131,0.0960292999404544,0.0101481483549382,0.488
"raw",0.183333333333333,-0.0707601392686767,1,3,TRUE,202608250307,"primary",0.9,0,0.161277972698935,0.232038111967612,0.181032338714728,0.160588391722131,0.0960292999404544,0.0101481483549382,0.488
"cw",1,0.0125440370828963,1,3,TRUE,202608250308,"primary",0.9,0,0.160692075207591,0.169589111159584,0.173044511890517,0.161769181205298,0.0995548585750819,-0.0243117634351955,0.487
"gini",0.5,-0.0131847911762573,1,3,TRUE,202608250308,"primary",0.9,0,0.160692075207591,0.169589111159584,0.173044511890517,0.161769181205298,0.0995548585750819,-0.0243117634351955,0.487
"oracle",0,-0.38281703133421,NA,NA,NA,202608250308,"primary",0.9,0,0.160692075207591,0.169589111159584,0.173044511890517,0.161769181205298,0.0995548585750819,-0.0243117634351955,0.487
"over",1,0.015210462668948,1,3,TRUE,202608250308,"primary",0.9,0,0.160692075207591,0.169589111159584,0.173044511890517,0.161769181205298,0.0995548585750819,-0.0243117634351955,0.487
"raw",0.5,-0.00889703595199348,1,3,TRUE,202608250308,"primary",0.9,0,0.160692075207591,0.169589111159584,0.173044511890517,0.161769181205298,0.0995548585750819,-0.0243117634351955,0.487
"cw",1,0.0123753479194006,1,3,TRUE,202608250309,"primary",0.9,0,0.167166250997079,0.185859845153992,0.182906921953868,0.168358819496419,0.0973826453051269,-0.000935976520766289,0.489
"gini",0.433333333333333,-0.0200348319000848,1,3,TRUE,202608250309,"primary",0.9,0,0.167166250997079,0.185859845153992,0.182906921953868,0.168358819496419,0.0973826453051269,-0.000935976520766289,0.489
"oracle",0,-0.423061281670916,NA,NA,NA,202608250309,"primary",0.9,0,0.167166250997079,0.185859845153992,0.182906921953868,0.168358819496419,0.0973826453051269,-0.000935976520766289,0.489
"over",1,0.015180504246397,1,3,TRUE,202608250309,"primary",0.9,0,0.167166250997079,0.185859845153992,0.182906921953868,0.168358819496419,0.0973826453051269,-0.000935976520766289,0.489
"raw",0.433333333333333,-0.0186935941569132,1,3,TRUE,202608250309,"primary",0.9,0,0.167166250997079,0.185859845153992,0.182906921953868,0.168358819496419,0.0973826453051269,-0.000935976520766289,0.489
"cw",1,0.0145410066089353,0.902777777777778,4,TRUE,202608250310,"primary",0.9,0,0.178601561810603,0.186781801085655,0.185521499660547,0.162755010102613,0.113692670670154,0.00398308674111731,0.461
"gini",0.45,-0.0122511138909003,0.792079207920792,3,TRUE,202608250310,"primary",0.9,0,0.178601561810603,0.186781801085655,0.185521499660547,0.162755010102613,0.113692670670154,0.00398308674111731,0.461
"oracle",0.0166666666666667,-0.286222392472185,NA,NA,NA,202608250310,"primary",0.9,0,0.178601561810603,0.186781801085655,0.185521499660547,0.162755010102613,0.113692670670154,0.00398308674111731,0.461
"over",1,0.0179274366207553,1,3,TRUE,202608250310,"primary",0.9,0,0.178601561810603,0.186781801085655,0.185521499660547,0.162755010102613,0.113692670670154,0.00398308674111731,0.461
"raw",0.466666666666667,-0.00818023927505199,0.792079207920792,3,TRUE,202608250310,"primary",0.9,0,0.178601561810603,0.186781801085655,0.185521499660547,0.162755010102613,0.113692670670154,0.00398308674111731,0.461
"cw",1,0.00589077342015591,0.792079207920792,3,FALSE,202608250311,"primary",0.8,0,0.118774290747274,0.187575339960514,0.176571270053302,0.161692770048077,0.0716032388703261,-0.00260890065033853,0.458
"gini",0.183333333333333,-0.0596848321085212,0.792079207920792,3,FALSE,202608250311,"primary",0.8,0,0.118774290747274,0.187575339960514,0.176571270053302,0.161692770048077,0.0716032388703261,-0.00260890065033853,0.458
"oracle",0,-0.404628096606135,NA,NA,NA,202608250311,"primary",0.8,0,0.118774290747274,0.187575339960514,0.176571270053302,0.161692770048077,0.0716032388703261,-0.00260890065033853,0.458
"over",1,0.00716394457131856,0.792079207920792,3,FALSE,202608250311,"primary",0.8,0,0.118774290747274,0.187575339960514,0.176571270053302,0.161692770048077,0.0716032388703261,-0.00260890065033853,0.458
"raw",0.166666666666667,-0.0688010492132402,0.792079207920792,3,FALSE,202608250311,"primary",0.8,0,0.118774290747274,0.187575339960514,0.176571270053302,0.161692770048077,0.0716032388703261,-0.00260890065033853,0.458
"cw",1,0.0136607100447165,0.792079207920792,3,FALSE,202608250312,"primary",0.6,0,0.172888580839303,0.152846247509918,0.176713160334475,0.15929701464228,0.102450500582997,0.000523376727704216,0.409
"gini",0.633333333333333,0.0142685427569555,0.792079207920792,3,FALSE,202608250312,"primary",0.6,0,0.172888580839303,0.152846247509918,0.176713160334475,0.15929701464228,0.102450500582997,0.000523376727704216,0.409
"oracle",0,-0.362305510024193,NA,NA,NA,202608250312,"primary",0.6,0,0.172888580839303,0.152846247509918,0.176713160334475,0.15929701464228,0.102450500582997,0.000523376727704216,0.409
"over",1,0.0166505815562028,0.792079207920792,3,FALSE,202608250312,"primary",0.6,0,0.172888580839303,0.152846247509918,0.176713160334475,0.15929701464228,0.102450500582997,0.000523376727704216,0.409
"raw",0.666666666666667,0.0200423333293854,0.792079207920792,3,FALSE,202608250312,"primary",0.6,0,0.172888580839303,0.152846247509918,0.176713160334475,0.15929701464228,0.102450500582997,0.000523376727704216,0.409
"cw",1,0.0162294259438714,1,3,TRUE,202608250313,"primary",0.9,0,0.181512016673053,0.145174071707853,0.187798391330887,0.150415989632,0.10857213613313,-0.017796398467364,0.405
"gini",0.6,0.0227499533432071,1,3,TRUE,202608250313,"primary",0.9,0,0.181512016673053,0.145174071707853,0.187798391330887,0.150415989632,0.10857213613313,-0.017796398467364,0.405
"oracle",0,-0.33844612875062,NA,NA,NA,202608250313,"primary",0.9,0,0.181512016673053,0.145174071707853,0.187798391330887,0.150415989632,0.10857213613313,-0.017796398467364,0.405
"over",1,0.0200521912018793,1,3,TRUE,202608250313,"primary",0.9,0,0.181512016673053,0.145174071707853,0.187798391330887,0.150415989632,0.10857213613313,-0.017796398467364,0.405
"raw",0.633333333333333,0.0363379449652002,1,3,TRUE,202608250313,"primary",0.9,0,0.181512016673053,0.145174071707853,0.187798391330887,0.150415989632,0.10857213613313,-0.017796398467364,0.405
"cw",0.983333333333333,0.0106267533020281,1,3,TRUE,202608250314,"primary",0.9,0,0.155046656003088,0.179231871687326,0.159837095422266,0.151625574288064,0.0927795378238744,-0.0134283659554709,0.442
"gini",0.4,-0.0235617845197496,1,3,TRUE,202608250314,"primary",0.9,0,0.155046656003088,0.179231871687326,0.159837095422266,0.151625574288064,0.0927795378238744,-0.0134283659554709,0.442
"oracle",0,-0.481329980833382,NA,NA,NA,202608250314,"primary",0.9,0,0.155046656003088,0.179231871687326,0.159837095422266,0.151625574288064,0.0927795378238744,-0.0134283659554709,0.442
"over",0.983333333333333,0.0126923496524765,1,3,TRUE,202608250314,"primary",0.9,0,0.155046656003088,0.179231871687326,0.159837095422266,0.151625574288064,0.0927795378238744,-0.0134283659554709,0.442
"raw",0.416666666666667,-0.0241852156842374,1,3,TRUE,202608250314,"primary",0.9,0,0.155046656003088,0.179231871687326,0.159837095422266,0.151625574288064,0.0927795378238744,-0.0134283659554709,0.442
"cw",1,0.0157312558921362,1,3,TRUE,202608250315,"primary",0.9,0,0.183613840803167,0.189868599499041,0.156890142047642,0.188470802331091,0.108352076353726,-0.00867749627785178,0.625999999999999
"gini",0.55,-0.000120762620947068,1,3,TRUE,202608250315,"primary",0.9,0,0.183613840803167,0.189868599499041,0.156890142047642,0.188470802331091,0.108352076353726,-0.00867749627785178,0.625999999999999
"oracle",0,-0.377308889299166,NA,NA,NA,202608250315,"primary",0.9,0,0.183613840803167,0.189868599499041,0.156890142047642,0.188470802331091,0.108352076353726,-0.00867749627785178,0.625999999999999
"over",1,0.018572196701195,1,3,TRUE,202608250315,"primary",0.9,0,0.183613840803167,0.189868599499041,0.156890142047642,0.188470802331091,0.108352076353726,-0.00867749627785178,0.625999999999999
"raw",0.5,-0.00625475869587475,1,3,TRUE,202608250315,"primary",0.9,0,0.183613840803167,0.189868599499041,0.156890142047642,0.188470802331091,0.108352076353726,-0.00867749627785178,0.625999999999999
"cw",1,0.00806139068844174,1,3,TRUE,202608250316,"primary",0.9,0,0.130357642785409,0.174558636797203,0.178985311034855,0.156610307310453,0.0785698694246363,-0.0183377139883086,0.442
"gini",0.233333333333333,-0.0410396770277309,1,3,TRUE,202608250316,"primary",0.9,0,0.130357642785409,0.174558636797203,0.178985311034855,0.156610307310453,0.0785698694246363,-0.0183377139883086,0.442
"oracle",0,-0.468655766356342,NA,NA,NA,202608250316,"primary",0.9,0,0.130357642785409,0.174558636797203,0.178985311034855,0.156610307310453,0.0785698694246363,-0.0183377139883086,0.442
"over",1,0.00986400218834914,1,3,TRUE,202608250316,"primary",0.9,0,0.130357642785409,0.174558636797203,0.178985311034855,0.156610307310453,0.0785698694246363,-0.0183377139883086,0.442
"raw",0.266666666666667,-0.0442009940117936,1,3,TRUE,202608250316,"primary",0.9,0,0.130357642785409,0.174558636797203,0.178985311034855,0.156610307310453,0.0785698694246363,-0.0183377139883086,0.442
"cw",1,0.0122387111413823,1,3,TRUE,202608250317,"primary",0.9,0,0.160758922726029,0.158798191925298,0.16851946807578,0.175870449651589,0.0958618448980812,-0.0148519334816507,0.416
"gini",0.566666666666667,0.00194674815271831,1,3,TRUE,202608250317,"primary",0.9,0,0.160758922726029,0.158798191925298,0.16851946807578,0.175870449651589,0.0958618448980812,-0.0148519334816507,0.416
"oracle",0,-0.394331962833888,NA,NA,NA,202608250317,"primary",0.9,0,0.160758922726029,0.158798191925298,0.16851946807578,0.175870449651589,0.0958618448980812,-0.0148519334816507,0.416
"over",1,0.014813032663297,1,3,TRUE,202608250317,"primary",0.9,0,0.160758922726029,0.158798191925298,0.16851946807578,0.175870449651589,0.0958618448980812,-0.0148519334816507,0.416
"raw",0.533333333333333,0.00196073080073167,1,3,TRUE,202608250317,"primary",0.9,0,0.160758922726029,0.158798191925298,0.16851946807578,0.175870449651589,0.0958618448980812,-0.0148519334816507,0.416
"cw",1,0.0137116715714344,1,3,TRUE,202608250318,"primary",0.9,0,0.169570203575424,0.189850828467731,0.164728266940021,0.165215691870438,0.105489986544886,0.00121221213533837,0.472
"gini",0.366666666666667,-0.0172216598388454,1,3,TRUE,202608250318,"primary",0.9,0,0.169570203575424,0.189850828467731,0.164728266940021,0.165215691870438,0.105489986544886,0.00121221213533837,0.472
"oracle",0,-0.385595719704008,NA,NA,NA,202608250318,"primary",0.9,0,0.169570203575424,0.189850828467731,0.164728266940021,0.165215691870438,0.105489986544886,0.00121221213533837,0.472
"over",1,0.0165731735771538,1,3,TRUE,202608250318,"primary",0.9,0,0.169570203575424,0.189850828467731,0.164728266940021,0.165215691870438,0.105489986544886,0.00121221213533837,0.472
"raw",0.383333333333333,-0.0202806248923076,1,3,TRUE,202608250318,"primary",0.9,0,0.169570203575424,0.189850828467731,0.164728266940021,0.165215691870438,0.105489986544886,0.00121221213533837,0.472
"cw",1,0.00887438154690259,1,3,TRUE,202608250319,"primary",0.9,0,0.148279680812449,0.215648977737502,0.147452196398911,0.176201290204581,0.0899465086322533,0.00740443894783971,0.367999999999999
"gini",0.166666666666667,-0.0520134910079714,1,3,TRUE,202608250319,"primary",0.9,0,0.148279680812449,0.215648977737502,0.147452196398911,0.176201290204581,0.0899465086322533,0.00740443894783971,0.367999999999999
"oracle",0,-0.300772293564208,NA,NA,NA,202608250319,"primary",0.9,0,0.148279680812449,0.215648977737502,0.147452196398911,0.176201290204581,0.0899465086322533,0.00740443894783971,0.367999999999999
"over",0.983333333333333,0.0102367572345623,1,3,TRUE,202608250319,"primary",0.9,0,0.148279680812449,0.215648977737502,0.147452196398911,0.176201290204581,0.0899465086322533,0.00740443894783971,0.367999999999999
"raw",0.15,-0.0673692969250537,1,3,TRUE,202608250319,"primary",0.9,0,0.148279680812449,0.215648977737502,0.147452196398911,0.176201290204581,0.0899465086322533,0.00740443894783971,0.367999999999999
"cw",1,0.0166049698045065,1,3,TRUE,202608250320,"primary",0.9,0,0.191648104763506,0.204074978951864,0.166955048324768,0.167161942961046,0.111734617005263,-0.0056605657501826,0.581
"gini",0.416666666666667,-0.0108452024350785,0.792079207920792,3,FALSE,202608250320,"primary",0.9,0,0.191648104763506,0.204074978951864,0.166955048324768,0.167161942961046,0.111734617005263,-0.0056605657501826,0.581
"oracle",0,-0.38801302651247,NA,NA,NA,202608250320,"primary",0.9,0,0.191648104763506,0.204074978951864,0.166955048324768,0.167161942961046,0.111734617005263,-0.0056605657501826,0.581
"over",1,0.0199455996396005,1,3,TRUE,202608250320,"primary",0.9,0,0.191648104763506,0.204074978951864,0.166955048324768,0.167161942961046,0.111734617005263,-0.0056605657501826,0.581
"raw",0.383333333333333,-0.0124268741883573,0.792079207920792,3,FALSE,202608250320,"primary",0.9,0,0.191648104763506,0.204074978951864,0.166955048324768,0.167161942961046,0.111734617005263,-0.0056605657501826,0.581
"cw",0.983333333333333,0.0100684397880544,1,3,TRUE,202608250321,"primary",0.9,0,0.14412981404801,0.164833115444446,0.163554009256225,0.171571700870075,0.0889155194308589,-0.00570089383980052,0.592000000000001
"gini",0.45,-0.0148281066626754,1,3,TRUE,202608250321,"primary",0.9,0,0.14412981404801,0.164833115444446,0.163554009256225,0.171571700870075,0.0889155194308589,-0.00570089383980052,0.592000000000001
"oracle",0,-0.330631079942952,NA,NA,NA,202608250321,"primary",0.9,0,0.14412981404801,0.164833115444446,0.163554009256225,0.171571700870075,0.0889155194308589,-0.00570089383980052,0.592000000000001
"over",0.983333333333333,0.0121007364165273,1,3,TRUE,202608250321,"primary",0.9,0,0.14412981404801,0.164833115444446,0.163554009256225,0.171571700870075,0.0889155194308589,-0.00570089383980052,0.592000000000001
"raw",0.433333333333333,-0.0207033013964358,1,3,TRUE,202608250321,"primary",0.9,0,0.14412981404801,0.164833115444446,0.163554009256225,0.171571700870075,0.0889155194308589,-0.00570089383980052,0.592000000000001
"cw",1,0.0109618746364729,1,3,TRUE,202608250322,"primary",0.9,0,0.15191798888803,0.186983322997179,0.166795800834389,0.155458411968924,0.0925445729067958,0.0023071132264332,0.431999999999999
"gini",0.316666666666667,-0.0329468050399171,1,3,TRUE,202608250322,"primary",0.9,0,0.15191798888803,0.186983322997179,0.166795800834389,0.155458411968924,0.0925445729067958,0.0023071132264332,0.431999999999999
"oracle",0.0333333333333333,-0.370151814475563,NA,NA,NA,202608250322,"primary",0.9,0,0.15191798888803,0.186983322997179,0.166795800834389,0.155458411968924,0.0925445729067958,0.0023071132264332,0.431999999999999
"over",1,0.0132523664130629,1,3,TRUE,202608250322,"primary",0.9,0,0.15191798888803,0.186983322997179,0.166795800834389,0.155458411968924,0.0925445729067958,0.0023071132264332,0.431999999999999
"raw",0.333333333333333,-0.0350653341091484,1,3,TRUE,202608250322,"primary",0.9,0,0.15191798888803,0.186983322997179,0.166795800834389,0.155458411968924,0.0925445729067958,0.0023071132264332,0.431999999999999
"cw",1,0.0138687375603064,1,3,TRUE,202608250323,"primary",0.9,0,0.167912917652446,0.16013835276731,0.165751138751805,0.144741449239618,0.103139665425216,-0.0104648082653221,0.495
"gini",0.533333333333333,0.000705816625392597,1,3,TRUE,202608250323,"primary",0.9,0,0.167912917652446,0.16013835276731,0.165751138751805,0.144741449239618,0.103139665425216,-0.0104648082653221,0.495
"oracle",0,-0.367796411101546,NA,NA,NA,202608250323,"primary",0.9,0,0.167912917652446,0.16013835276731,0.165751138751805,0.144741449239618,0.103139665425216,-0.0104648082653221,0.495
"over",1,0.0168569996187351,1,3,TRUE,202608250323,"primary",0.9,0,0.167912917652446,0.16013835276731,0.165751138751805,0.144741449239618,0.103139665425216,-0.0104648082653221,0.495
"raw",0.566666666666667,0.00777456488513545,1,3,TRUE,202608250323,"primary",0.9,0,0.167912917652446,0.16013835276731,0.165751138751805,0.144741449239618,0.103139665425216,-0.0104648082653221,0.495
"cw",1,0.0164923814092519,1,3,TRUE,202608250324,"primary",0.9,0,0.183450734455917,0.200230906042541,0.15523747774669,0.160146649644714,0.1106408596764,-0.0276782396963412,0.673
"gini",0.45,-0.0118778988409372,0.792079207920792,3,TRUE,202608250324,"primary",0.9,0,0.183450734455917,0.200230906042541,0.15523747774669,0.160146649644714,0.1106408596764,-0.0276782396963412,0.673
"oracle",0,-0.365887813827555,NA,NA,NA,202608250324,"primary",0.9,0,0.183450734455917,0.200230906042541,0.15523747774669,0.160146649644714,0.1106408596764,-0.0276782396963412,0.673
"over",1,0.0196080030365993,1,3,TRUE,202608250324,"primary",0.9,0,0.183450734455917,0.200230906042541,0.15523747774669,0.160146649644714,0.1106408596764,-0.0276782396963412,0.673
"raw",0.5,-0.0167801715866249,0.792079207920792,3,TRUE,202608250324,"primary",0.9,0,0.183450734455917,0.200230906042541,0.15523747774669,0.160146649644714,0.1106408596764,-0.0276782396963412,0.673
"cw",0.85,0.00799860427017688,1,3,TRUE,202608250325,"primary",0.7,0,0.146679253193141,0.195722945159108,0.1483048955566,0.161550737989262,0.0891157606803154,0.00875798076250191,0.548
"gini",0.3,-0.0395452448914878,1,3,TRUE,202608250325,"primary",0.7,0,0.146679253193141,0.195722945159108,0.1483048955566,0.161550737989262,0.0891157606803154,0.00875798076250191,0.548
"oracle",0,-0.452958995499421,NA,NA,NA,202608250325,"primary",0.7,0,0.146679253193141,0.195722945159108,0.1483048955566,0.161550737989262,0.0891157606803154,0.00875798076250191,0.548
"over",0.816666666666667,0.00931733498775388,1,3,TRUE,202608250325,"primary",0.7,0,0.146679253193141,0.195722945159108,0.1483048955566,0.161550737989262,0.0891157606803154,0.00875798076250191,0.548
"raw",0.266666666666667,-0.0490436919659664,1,3,TRUE,202608250325,"primary",0.7,0,0.146679253193141,0.195722945159108,0.1483048955566,0.161550737989262,0.0891157606803154,0.00875798076250191,0.548
"cw",0.916666666666667,0.00742727258494969,1,3,TRUE,202608250326,"primary",0.8,0,0.139708620128758,0.183462178730458,0.168725860666097,0.166021090160895,0.081599165620807,0.000708484331596014,0.619
"gini",0.383333333333333,-0.037943435471859,1,3,TRUE,202608250326,"primary",0.8,0,0.139708620128758,0.183462178730458,0.168725860666097,0.166021090160895,0.081599165620807,0.000708484331596014,0.619
"oracle",0,-0.511989569506469,NA,NA,NA,202608250326,"primary",0.8,0,0.139708620128758,0.183462178730458,0.168725860666097,0.166021090160895,0.081599165620807,0.000708484331596014,0.619
"over",0.916666666666667,0.00884878896561413,1,3,TRUE,202608250326,"primary",0.8,0,0.139708620128758,0.183462178730458,0.168725860666097,0.166021090160895,0.081599165620807,0.000708484331596014,0.619
"raw",0.316666666666667,-0.0437535586017006,1,3,TRUE,202608250326,"primary",0.8,0,0.139708620128758,0.183462178730458,0.168725860666097,0.166021090160895,0.081599165620807,0.000708484331596014,0.619
"cw",1,0.0178381276424152,1,3,TRUE,202608250327,"primary",0.9,0,0.187643524826385,0.117088321525069,0.172168820937752,0.150993500813644,0.114154453958617,-0.0135255215134017,0.406
"gini",0.733333333333333,0.0555479096512076,1,3,TRUE,202608250327,"primary",0.9,0,0.187643524826385,0.117088321525069,0.172168820937752,0.150993500813644,0.114154453958617,-0.0135255215134017,0.406
"oracle",0.05,-0.255234082793334,NA,NA,NA,202608250327,"primary",0.9,0,0.187643524826385,0.117088321525069,0.172168820937752,0.150993500813644,0.114154453958617,-0.0135255215134017,0.406
"over",1,0.0216382368170854,1,3,TRUE,202608250327,"primary",0.9,0,0.187643524826385,0.117088321525069,0.172168820937752,0.150993500813644,0.114154453958617,-0.0135255215134017,0.406
"raw",0.733333333333333,0.0705552033013159,1,3,TRUE,202608250327,"primary",0.9,0,0.187643524826385,0.117088321525069,0.172168820937752,0.150993500813644,0.114154453958617,-0.0135255215134017,0.406
"cw",0.983333333333333,0.0118589645346132,1,3,TRUE,202608250328,"primary",0.8,0,0.159787290829173,0.131937878014323,0.17962631661438,0.165845738072157,0.0988115616718312,-0.0110475251265402,0.429
"gini",0.65,0.022072420992445,0.792079207920792,3,FALSE,202608250328,"primary",0.8,0,0.159787290829173,0.131937878014323,0.17962631661438,0.165845738072157,0.0988115616718312,-0.0110475251265402,0.429
"oracle",0,-0.383276552149285,NA,NA,NA,202608250328,"primary",0.8,0,0.159787290829173,0.131937878014323,0.17962631661438,0.165845738072157,0.0988115616718312,-0.0110475251265402,0.429
"over",0.983333333333333,0.0142547897049587,1,3,TRUE,202608250328,"primary",0.8,0,0.159787290829173,0.131937878014323,0.17962631661438,0.165845738072157,0.0988115616718312,-0.0110475251265402,0.429
"raw",0.616666666666667,0.0278494128148507,0.792079207920792,3,FALSE,202608250328,"primary",0.8,0,0.159787290829173,0.131937878014323,0.17962631661438,0.165845738072157,0.0988115616718312,-0.0110475251265402,0.429
"cw",0.966666666666667,0.0182233929429327,1,3,TRUE,202608250329,"primary",0.9,0,0.207511942726711,0.242152919355806,0.165149412364167,0.173077015473583,0.123685440318108,0.00482869752985375,0.634
"gini",0.366666666666667,-0.029115434148,1,3,TRUE,202608250329,"primary",0.9,0,0.207511942726711,0.242152919355806,0.165149412364167,0.173077015473583,0.123685440318108,0.00482869752985375,0.634
"oracle",0,-0.26683013721832,NA,NA,NA,202608250329,"primary",0.9,0,0.207511942726711,0.242152919355806,0.165149412364167,0.173077015473583,0.123685440318108,0.00482869752985375,0.634
"over",0.966666666666667,0.0220494703185289,1,3,TRUE,202608250329,"primary",0.9,0,0.207511942726711,0.242152919355806,0.165149412364167,0.173077015473583,0.123685440318108,0.00482869752985375,0.634
"raw",0.383333333333333,-0.0346409766290954,1,3,TRUE,202608250329,"primary",0.9,0,0.207511942726711,0.242152919355806,0.165149412364167,0.173077015473583,0.123685440318108,0.00482869752985375,0.634
"cw",1,0.0108532747603447,1,3,TRUE,202608250330,"primary",0.9,0,0.164241008036541,0.21296535981538,0.170755785750615,0.162235587365731,0.102898464081302,0.0154710165027817,0.451
"gini",0.3,-0.0440328709261707,1,3,TRUE,202608250330,"primary",0.9,0,0.164241008036541,0.21296535981538,0.170755785750615,0.162235587365731,0.102898464081302,0.0154710165027817,0.451
"oracle",0,-0.386042782038034,NA,NA,NA,202608250330,"primary",0.9,0,0.164241008036541,0.21296535981538,0.170755785750615,0.162235587365731,0.102898464081302,0.0154710165027817,0.451
"over",1,0.0133251933239276,1,3,TRUE,202608250330,"primary",0.9,0,0.164241008036541,0.21296535981538,0.170755785750615,0.162235587365731,0.102898464081302,0.0154710165027817,0.451
"raw",0.266666666666667,-0.0487243517788387,1,3,TRUE,202608250330,"primary",0.9,0,0.164241008036541,0.21296535981538,0.170755785750615,0.162235587365731,0.102898464081302,0.0154710165027817,0.451
"cw",0.95,0.00801520002118111,1,3,TRUE,202608250331,"primary",0.9,0,0.132322299019437,0.195529558498321,0.153761284210575,0.167145852059921,0.0830017741443559,-0.00332081421102123,0.449
"gini",0.283333333333333,-0.0539634242296243,1,3,TRUE,202608250331,"primary",0.9,0,0.132322299019437,0.195529558498321,0.153761284210575,0.167145852059921,0.0830017741443559,-0.00332081421102123,0.449
"oracle",0,-0.429804461005479,NA,NA,NA,202608250331,"primary",0.9,0,0.132322299019437,0.195529558498321,0.153761284210575,0.167145852059921,0.0830017741443559,-0.00332081421102123,0.449
"over",0.95,0.00953873512935674,1,3,TRUE,202608250331,"primary",0.9,0,0.132322299019437,0.195529558498321,0.153761284210575,0.167145852059921,0.0830017741443559,-0.00332081421102123,0.449
"raw",0.283333333333333,-0.0632072594788846,1,3,TRUE,202608250331,"primary",0.9,0,0.132322299019437,0.195529558498321,0.153761284210575,0.167145852059921,0.0830017741443559,-0.00332081421102123,0.449
"cw",1,0.011664585700105,1,3,TRUE,202608250332,"primary",0.8,0,0.160104757064754,0.158171072322661,0.158412209994002,0.163777464268708,0.0964697918054579,-0.0168987292907644,0.579
"gini",0.533333333333333,0.00276809823220214,1,3,TRUE,202608250332,"primary",0.8,0,0.160104757064754,0.158171072322661,0.158412209994002,0.163777464268708,0.0964697918054579,-0.0168987292907644,0.579
"oracle",0,-0.371650387867324,NA,NA,NA,202608250332,"primary",0.8,0,0.160104757064754,0.158171072322661,0.158412209994002,0.163777464268708,0.0964697918054579,-0.0168987292907644,0.579
"over",1,0.0138717802789242,1,3,TRUE,202608250332,"primary",0.8,0,0.160104757064754,0.158171072322661,0.158412209994002,0.163777464268708,0.0964697918054579,-0.0168987292907644,0.579
"raw",0.466666666666667,0.0019336847420936,1,3,TRUE,202608250332,"primary",0.8,0,0.160104757064754,0.158171072322661,0.158412209994002,0.163777464268708,0.0964697918054579,-0.0168987292907644,0.579
"cw",0.966666666666667,0.00975628172929772,0.792079207920792,3,FALSE,202608250333,"primary",0.6,0,0.138107699271133,0.186037129272762,0.182830858612792,0.145043319759839,0.0822287640561347,-0.0150425589563913,0.442
"gini",0.266666666666667,-0.047759734320255,0.792079207920792,3,FALSE,202608250333,"primary",0.6,0,0.138107699271133,0.186037129272762,0.182830858612792,0.145043319759839,0.0822287640561347,-0.0150425589563913,0.442
"oracle",0.0166666666666667,-0.343362019779244,NA,NA,NA,202608250333,"primary",0.6,0,0.138107699271133,0.186037129272762,0.182830858612792,0.145043319759839,0.0822287640561347,-0.0150425589563913,0.442
"over",0.966666666666667,0.0119919883007389,0.792079207920792,3,FALSE,202608250333,"primary",0.6,0,0.138107699271133,0.186037129272762,0.182830858612792,0.145043319759839,0.0822287640561347,-0.0150425589563913,0.442
"raw",0.283333333333333,-0.0479294300016293,0.792079207920792,3,FALSE,202608250333,"primary",0.6,0,0.138107699271133,0.186037129272762,0.182830858612792,0.145043319759839,0.0822287640561347,-0.0150425589563913,0.442
"cw",1,0.0147082738582462,1,3,TRUE,202608250334,"primary",0.9,0,0.179061175908407,0.195890342587171,0.184638155157927,0.155928762481748,0.107997780912224,-0.00277147574259785,0.466
"gini",0.433333333333333,-0.0201583476604919,1,3,TRUE,202608250334,"primary",0.9,0,0.179061175908407,0.195890342587171,0.184638155157927,0.155928762481748,0.107997780912224,-0.00277147574259785,0.466
"oracle",0,-0.307518827372938,NA,NA,NA,202608250334,"primary",0.9,0,0.179061175908407,0.195890342587171,0.184638155157927,0.155928762481748,0.107997780912224,-0.00277147574259785,0.466
"over",1,0.0180914539473007,1,3,TRUE,202608250334,"primary",0.9,0,0.179061175908407,0.195890342587171,0.184638155157927,0.155928762481748,0.107997780912224,-0.00277147574259785,0.466
"raw",0.483333333333333,-0.0168291666787639,1,3,TRUE,202608250334,"primary",0.9,0,0.179061175908407,0.195890342587171,0.184638155157927,0.155928762481748,0.107997780912224,-0.00277147574259785,0.466
"cw",0.966666666666667,0.0177966702951426,1,3,TRUE,202608250335,"primary",0.9,0,0.196289574756618,0.221222984306617,0.181421663934607,0.161314654739192,0.118577679723386,-0.0046394710171641,0.569
"gini",0.4,-0.0272621367239646,1,3,TRUE,202608250335,"primary",0.9,0,0.196289574756618,0.221222984306617,0.181421663934607,0.161314654739192,0.118577679723386,-0.0046394710171641,0.569
"oracle",0,-0.322815381588109,NA,NA,NA,202608250335,"primary",0.9,0,0.196289574756618,0.221222984306617,0.181421663934607,0.161314654739192,0.118577679723386,-0.0046394710171641,0.569
"over",0.966666666666667,0.021816201893545,1,3,TRUE,202608250335,"primary",0.9,0,0.196289574756618,0.221222984306617,0.181421663934607,0.161314654739192,0.118577679723386,-0.0046394710171641,0.569
"raw",0.45,-0.0249334095499986,1,3,TRUE,202608250335,"primary",0.9,0,0.196289574756618,0.221222984306617,0.181421663934607,0.161314654739192,0.118577679723386,-0.0046394710171641,0.569
"cw",1,0.00836732562011203,0.792079207920792,3,FALSE,202608250336,"primary",0.6,0,0.127765563424404,0.131506162313426,0.153303106103788,0.165969971416824,0.078947606530169,-0.0233941764452721,0.699
"gini",0.45,-8.78512822984623e-05,0.792079207920792,3,FALSE,202608250336,"primary",0.6,0,0.127765563424404,0.131506162313426,0.153303106103788,0.165969971416824,0.078947606530169,-0.0233941764452721,0.699
"oracle",0,-0.43382889624428,NA,NA,NA,202608250336,"primary",0.6,0,0.127765563424404,0.131506162313426,0.153303106103788,0.165969971416824,0.078947606530169,-0.0233941764452721,0.699
"over",1,0.00988008482761801,0.792079207920792,3,FALSE,202608250336,"primary",0.6,0,0.127765563424404,0.131506162313426,0.153303106103788,0.165969971416824,0.078947606530169,-0.0233941764452721,0.699
"raw",0.466666666666667,-0.00374059888902176,0.792079207920792,3,FALSE,202608250336,"primary",0.6,0,0.127765563424404,0.131506162313426,0.153303106103788,0.165969971416824,0.078947606530169,-0.0233941764452721,0.699
"cw",1,0.01612646536742,0.792079207920792,3,FALSE,202608250337,"primary",0.6,0,0.175843993176324,0.199937481122304,0.165904681433896,0.160607057514636,0.106254200984407,-0.00816192222836041,0.441
"gini",0.366666666666667,-0.0232582709681915,0.792079207920792,3,FALSE,202608250337,"primary",0.6,0,0.175843993176324,0.199937481122304,0.165904681433896,0.160607057514636,0.106254200984407,-0.00816192222836041,0.441
"oracle",0,-0.435931602584713,NA,NA,NA,202608250337,"primary",0.6,0,0.175843993176324,0.199937481122304,0.165904681433896,0.160607057514636,0.106254200984407,-0.00816192222836041,0.441
"over",1,0.0197119777014576,0.792079207920792,3,FALSE,202608250337,"primary",0.6,0,0.175843993176324,0.199937481122304,0.165904681433896,0.160607057514636,0.106254200984407,-0.00816192222836041,0.441
"raw",0.383333333333333,-0.0240934879459792,0.792079207920792,3,FALSE,202608250337,"primary",0.6,0,0.175843993176324,0.199937481122304,0.165904681433896,0.160607057514636,0.106254200984407,-0.00816192222836041,0.441
"cw",1,0.020105023801047,1,3,TRUE,202608250338,"primary",0.9,0,0.20412886669043,0.198800261119908,0.161320808813397,0.150403767381189,0.128303486214373,0.00597966032884906,0.389
"gini",0.466666666666667,0.00291984037627419,1,3,TRUE,202608250338,"primary",0.9,0,0.20412886669043,0.198800261119908,0.161320808813397,0.150403767381189,0.128303486214373,0.00597966032884906,0.389
"oracle",0.0166666666666667,-0.313952233771034,NA,NA,NA,202608250338,"primary",0.9,0,0.20412886669043,0.198800261119908,0.161320808813397,0.150403767381189,0.128303486214373,0.00597966032884906,0.389
"over",1,0.0240560021384648,1,3,TRUE,202608250338,"primary",0.9,0,0.20412886669043,0.198800261119908,0.161320808813397,0.150403767381189,0.128303486214373,0.00597966032884906,0.389
"raw",0.516666666666667,0.00532860557052195,1,3,TRUE,202608250338,"primary",0.9,0,0.20412886669043,0.198800261119908,0.161320808813397,0.150403767381189,0.128303486214373,0.00597966032884906,0.389
"cw",1,0.0162356860574369,1,3,TRUE,202608250339,"primary",0.9,0,0.175630176602604,0.185920640347077,0.16829585319811,0.154160773753417,0.110509333214651,-0.0163517930924255,0.701000000000001
"gini",0.5,-0.0125137840702232,1,3,TRUE,202608250339,"primary",0.9,0,0.175630176602604,0.185920640347077,0.16829585319811,0.154160773753417,0.110509333214651,-0.0163517930924255,0.701000000000001
"oracle",0,-0.381680870636372,NA,NA,NA,202608250339,"primary",0.9,0,0.175630176602604,0.185920640347077,0.16829585319811,0.154160773753417,0.110509333214651,-0.0163517930924255,0.701000000000001
"over",1,0.019728749483812,1,3,TRUE,202608250339,"primary",0.9,0,0.175630176602604,0.185920640347077,0.16829585319811,0.154160773753417,0.110509333214651,-0.0163517930924255,0.701000000000001
"raw",0.5,-0.0102904637444733,1,3,TRUE,202608250339,"primary",0.9,0,0.175630176602604,0.185920640347077,0.16829585319811,0.154160773753417,0.110509333214651,-0.0163517930924255,0.701000000000001
"cw",1,0.0184494695674333,1,3,TRUE,202608250340,"primary",0.9,0,0.199498484837166,0.152953590382409,0.166160459410635,0.165147743375943,0.11832959258279,0.00340205371928717,0.59
"gini",0.666666666666667,0.0397492957397772,1,3,TRUE,202608250340,"primary",0.9,0,0.199498484837166,0.152953590382409,0.166160459410635,0.165147743375943,0.11832959258279,0.00340205371928717,0.59
"oracle",0.0166666666666667,-0.268813886383767,NA,NA,NA,202608250340,"primary",0.9,0,0.199498484837166,0.152953590382409,0.166160459410635,0.165147743375943,0.11832959258279,0.00340205371928717,0.59
"over",1,0.0220342405432733,1,3,TRUE,202608250340,"primary",0.9,0,0.199498484837166,0.152953590382409,0.166160459410635,0.165147743375943,0.11832959258279,0.00340205371928717,0.59
"raw",0.65,0.0465448944547568,1,3,TRUE,202608250340,"primary",0.9,0,0.199498484837166,0.152953590382409,0.166160459410635,0.165147743375943,0.11832959258279,0.00340205371928717,0.59
"cw",0.916666666666667,0.00629887798842548,0.792079207920792,3,FALSE,202608250341,"primary",0.6,0,0.138882952932839,0.246004479096873,0.164086559581305,0.168688850766736,0.0825785916206546,0.0155233470369118,0.471
"gini",0.05,-0.0878087238183746,0.792079207920792,3,FALSE,202608250341,"primary",0.6,0,0.138882952932839,0.246004479096873,0.164086559581305,0.168688850766736,0.0825785916206546,0.0155233470369118,0.471
"oracle",0,-0.373646191945358,NA,NA,NA,202608250341,"primary",0.6,0,0.138882952932839,0.246004479096873,0.164086559581305,0.168688850766736,0.0825785916206546,0.0155233470369118,0.471
"over",0.916666666666667,0.00758016200939957,0.792079207920792,3,FALSE,202608250341,"primary",0.6,0,0.138882952932839,0.246004479096873,0.164086559581305,0.168688850766736,0.0825785916206546,0.0155233470369118,0.471
"raw",0.0666666666666667,-0.107121526164034,0.792079207920792,3,FALSE,202608250341,"primary",0.6,0,0.138882952932839,0.246004479096873,0.164086559581305,0.168688850766736,0.0825785916206546,0.0155233470369118,0.471
"cw",0.966666666666667,0.00830756590493477,1,3,TRUE,202608250342,"primary",0.9,0,0.136163590823328,0.201509977793192,0.165251864974551,0.177061825791121,0.0798893051854574,-0.00547942589482773,0.493
"gini",0.333333333333333,-0.0533249111388241,1,3,TRUE,202608250342,"primary",0.9,0,0.136163590823328,0.201509977793192,0.165251864974551,0.177061825791121,0.0798893051854574,-0.00547942589482773,0.493
"oracle",0,-0.415332934443225,NA,NA,NA,202608250342,"primary",0.9,0,0.136163590823328,0.201509977793192,0.165251864974551,0.177061825791121,0.0798893051854574,-0.00547942589482773,0.493
"over",0.966666666666667,0.00995256320157507,1,3,TRUE,202608250342,"primary",0.9,0,0.136163590823328,0.201509977793192,0.165251864974551,0.177061825791121,0.0798893051854574,-0.00547942589482773,0.493
"raw",0.25,-0.0653463869698643,1,3,TRUE,202608250342,"primary",0.9,0,0.136163590823328,0.201509977793192,0.165251864974551,0.177061825791121,0.0798893051854574,-0.00547942589482773,0.493
"cw",1,0.0149350690778489,1,3,TRUE,202608250343,"primary",0.8,0,0.174655792264114,0.172419177400781,0.176884029162261,0.154114477437863,0.109089215716905,-0.000157236711772599,0.409999999999999
"gini",0.516666666666667,-0.00118076516842111,1,3,TRUE,202608250343,"primary",0.8,0,0.174655792264114,0.172419177400781,0.176884029162261,0.154114477437863,0.109089215716905,-0.000157236711772599,0.409999999999999
"oracle",0,-0.258936910084127,NA,NA,NA,202608250343,"primary",0.8,0,0.174655792264114,0.172419177400781,0.176884029162261,0.154114477437863,0.109089215716905,-0.000157236711772599,0.409999999999999
"over",1,0.0180887734545228,1,3,TRUE,202608250343,"primary",0.8,0,0.174655792264114,0.172419177400781,0.176884029162261,0.154114477437863,0.109089215716905,-0.000157236711772599,0.409999999999999
"raw",0.55,0.00223661486333335,1,3,TRUE,202608250343,"primary",0.8,0,0.174655792264114,0.172419177400781,0.176884029162261,0.154114477437863,0.109089215716905,-0.000157236711772599,0.409999999999999
"cw",1,0.0111484631910934,1,3,TRUE,202608250344,"primary",0.9,0,0.160228897008771,0.222656722259427,0.181744908629719,0.14746132999231,0.0956332160288235,0.000154368860143039,0.448
"gini",0.183333333333333,-0.0605060926815582,1,3,TRUE,202608250344,"primary",0.9,0,0.160228897008771,0.222656722259427,0.181744908629719,0.14746132999231,0.0956332160288235,0.000154368860143039,0.448
"oracle",0,-0.371262754311104,NA,NA,NA,202608250344,"primary",0.9,0,0.160228897008771,0.222656722259427,0.181744908629719,0.14746132999231,0.0956332160288235,0.000154368860143039,0.448
"over",1,0.0137954394779302,1,3,TRUE,202608250344,"primary",0.9,0,0.160228897008771,0.222656722259427,0.181744908629719,0.14746132999231,0.0956332160288235,0.000154368860143039,0.448
"raw",0.183333333333333,-0.0624278252506552,1,3,TRUE,202608250344,"primary",0.9,0,0.160228897008771,0.222656722259427,0.181744908629719,0.14746132999231,0.0956332160288235,0.000154368860143039,0.448
"cw",1,0.0109420281793333,1,3,TRUE,202608250345,"primary",0.9,0,0.154402372743476,0.163660528487602,0.169502628007325,0.162193917330902,0.0877895540394798,-0.00920559621634631,0.667
"gini",0.45,-0.00964880437322541,1,3,TRUE,202608250345,"primary",0.9,0,0.154402372743476,0.163660528487602,0.169502628007325,0.162193917330902,0.0877895540394798,-0.00920559621634631,0.667
"oracle",0,-0.502027901812616,NA,NA,NA,202608250345,"primary",0.9,0,0.154402372743476,0.163660528487602,0.169502628007325,0.162193917330902,0.0877895540394798,-0.00920559621634631,0.667
"over",1,0.0132907702909664,1,3,TRUE,202608250345,"primary",0.9,0,0.154402372743476,0.163660528487602,0.169502628007325,0.162193917330902,0.0877895540394798,-0.00920559621634631,0.667
"raw",0.45,-0.00925815574412556,1,3,TRUE,202608250345,"primary",0.9,0,0.154402372743476,0.163660528487602,0.169502628007325,0.162193917330902,0.0877895540394798,-0.00920559621634631,0.667
"cw",1,0.0105154666107121,1,3,TRUE,202608250346,"primary",0.9,0,0.145444702812141,0.156752093503117,0.170924054846444,0.174398102241569,0.092183312631466,-0.00712855816337914,0.449
"gini",0.433333333333333,-0.00862434015823185,1,3,TRUE,202608250346,"primary",0.9,0,0.145444702812141,0.156752093503117,0.170924054846444,0.174398102241569,0.092183312631466,-0.00712855816337914,0.449
"oracle",0,-0.406545509369208,NA,NA,NA,202608250346,"primary",0.9,0,0.145444702812141,0.156752093503117,0.170924054846444,0.174398102241569,0.092183312631466,-0.00712855816337914,0.449
"over",1,0.0126984559439002,1,3,TRUE,202608250346,"primary",0.9,0,0.145444702812141,0.156752093503117,0.170924054846444,0.174398102241569,0.092183312631466,-0.00712855816337914,0.449
"raw",0.416666666666667,-0.0113073906909761,1,3,TRUE,202608250346,"primary",0.9,0,0.145444702812141,0.156752093503117,0.170924054846444,0.174398102241569,0.092183312631466,-0.00712855816337914,0.449
"cw",0.966666666666667,0.00925745025244559,1,3,TRUE,202608250347,"primary",0.9,0,0.146717663962388,0.188431498090641,0.183319396749089,0.177221722460776,0.0890216192200083,-0.00885780598546267,0.524000000000001
"gini",0.216666666666667,-0.0358684828771529,1,3,TRUE,202608250347,"primary",0.9,0,0.146717663962388,0.188431498090641,0.183319396749089,0.177221722460776,0.0890216192200083,-0.00885780598546267,0.524000000000001
"oracle",0,-0.343013113640733,NA,NA,NA,202608250347,"primary",0.9,0,0.146717663962388,0.188431498090641,0.183319396749089,0.177221722460776,0.0890216192200083,-0.00885780598546267,0.524000000000001
"over",0.966666666666667,0.011369667515491,1,3,TRUE,202608250347,"primary",0.9,0,0.146717663962388,0.188431498090641,0.183319396749089,0.177221722460776,0.0890216192200083,-0.00885780598546267,0.524000000000001
"raw",0.25,-0.0417138341282532,1,3,TRUE,202608250347,"primary",0.9,0,0.146717663962388,0.188431498090641,0.183319396749089,0.177221722460776,0.0890216192200083,-0.00885780598546267,0.524000000000001
"cw",1,0.0150702913893607,1,3,TRUE,202608250348,"primary",0.9,0,0.180509100869097,0.194530894291386,0.167583134538168,0.160406045900453,0.11092737261718,0.0094376386885912,0.537
"gini",0.416666666666667,-0.0131707871402502,1,3,TRUE,202608250348,"primary",0.9,0,0.180509100869097,0.194530894291386,0.167583134538168,0.160406045900453,0.11092737261718,0.0094376386885912,0.537
"oracle",0,-0.30861824937179,NA,NA,NA,202608250348,"primary",0.9,0,0.180509100869097,0.194530894291386,0.167583134538168,0.160406045900453,0.11092737261718,0.0094376386885912,0.537
"over",1,0.0183895682145757,1,3,TRUE,202608250348,"primary",0.9,0,0.180509100869097,0.194530894291386,0.167583134538168,0.160406045900453,0.11092737261718,0.0094376386885912,0.537
"raw",0.4,-0.0140217934222885,1,3,TRUE,202608250348,"primary",0.9,0,0.180509100869097,0.194530894291386,0.167583134538168,0.160406045900453,0.11092737261718,0.0094376386885912,0.537
"cw",0.966666666666667,0.00585009762222601,1,3,TRUE,202608250349,"primary",0.9,0,0.121352575288087,0.192075738660794,0.173663187502213,0.176306443038798,0.0709186230343435,0.000751880343881508,0.329000000000001
"gini",0.116666666666667,-0.0586207311157517,0.792079207920792,3,FALSE,202608250349,"primary",0.9,0,0.121352575288087,0.192075738660794,0.173663187502213,0.176306443038798,0.0709186230343435,0.000751880343881508,0.329000000000001
"oracle",0,-0.391641154741333,NA,NA,NA,202608250349,"primary",0.9,0,0.121352575288087,0.192075738660794,0.173663187502213,0.176306443038798,0.0709186230343435,0.000751880343881508,0.329000000000001
"over",0.966666666666667,0.0071305321488088,1,3,TRUE,202608250349,"primary",0.9,0,0.121352575288087,0.192075738660794,0.173663187502213,0.176306443038798,0.0709186230343435,0.000751880343881508,0.329000000000001
"raw",0.116666666666667,-0.0707231633727062,0.792079207920792,3,FALSE,202608250349,"primary",0.9,0,0.121352575288087,0.192075738660794,0.173663187502213,0.176306443038798,0.0709186230343435,0.000751880343881508,0.329000000000001
"cw",0.95,0.00664780563410971,0.792079207920792,3,FALSE,202608250350,"primary",0.6,0,0.132704078901881,0.205228020761433,0.174067591604466,0.158569481647118,0.0825045579916479,0.0137175812009991,0.633999999999999
"gini",0.116666666666667,-0.0621470104610761,0.792079207920792,3,FALSE,202608250350,"primary",0.6,0,0.132704078901881,0.205228020761433,0.174067591604466,0.158569481647118,0.0825045579916479,0.0137175812009991,0.633999999999999
"oracle",0,-0.395903347006223,NA,NA,NA,202608250350,"primary",0.6,0,0.132704078901881,0.205228020761433,0.174067591604466,0.158569481647118,0.0825045579916479,0.0137175812009991,0.633999999999999
"over",0.95,0.00808584117671119,0.792079207920792,3,FALSE,202608250350,"primary",0.6,0,0.132704078901881,0.205228020761433,0.174067591604466,0.158569481647118,0.0825045579916479,0.0137175812009991,0.633999999999999
"raw",0.116666666666667,-0.0725239418595519,0.792079207920792,3,FALSE,202608250350,"primary",0.6,0,0.132704078901881,0.205228020761433,0.174067591604466,0.158569481647118,0.0825045579916479,0.0137175812009991,0.633999999999999
"cw",1,0.0137853128083624,1,3,TRUE,202608250351,"primary",0.9,0,0.170496541630198,0.175373148386688,0.185419364688526,0.168454860441042,0.102881964875901,-0.00282651909278174,0.489
"gini",0.4,-0.00865225324215324,1,3,TRUE,202608250351,"primary",0.9,0,0.170496541630198,0.175373148386688,0.185419364688526,0.168454860441042,0.102881964875901,-0.00282651909278174,0.489
"oracle",0,-0.391070864944905,NA,NA,NA,202608250351,"primary",0.9,0,0.170496541630198,0.175373148386688,0.185419364688526,0.168454860441042,0.102881964875901,-0.00282651909278174,0.489
"over",1,0.0171074333784825,1,3,TRUE,202608250351,"primary",0.9,0,0.170496541630198,0.175373148386688,0.185419364688526,0.168454860441042,0.102881964875901,-0.00282651909278174,0.489
"raw",0.45,-0.00487660675648965,1,3,TRUE,202608250351,"primary",0.9,0,0.170496541630198,0.175373148386688,0.185419364688526,0.168454860441042,0.102881964875901,-0.00282651909278174,0.489
"cw",1,0.0152387754155161,1,3,TRUE,202608250352,"primary",0.9,0,0.175795053708563,0.158765154853004,0.160125508853439,0.162169239446137,0.107212893662619,-0.0110083484535121,0.444
"gini",0.666666666666667,0.0126377036083318,1,3,TRUE,202608250352,"primary",0.9,0,0.175795053708563,0.158765154853004,0.160125508853439,0.162169239446137,0.107212893662619,-0.0110083484535121,0.444
"oracle",0,-0.390514830003148,NA,NA,NA,202608250352,"primary",0.9,0,0.175795053708563,0.158765154853004,0.160125508853439,0.162169239446137,0.107212893662619,-0.0110083484535121,0.444
"over",1,0.0182797635769969,1,3,TRUE,202608250352,"primary",0.9,0,0.175795053708563,0.158765154853004,0.160125508853439,0.162169239446137,0.107212893662619,-0.0110083484535121,0.444
"raw",0.7,0.0170298988555594,1,3,TRUE,202608250352,"primary",0.9,0,0.175795053708563,0.158765154853004,0.160125508853439,0.162169239446137,0.107212893662619,-0.0110083484535121,0.444
"cw",1,0.0158712283701898,1,3,TRUE,202608250353,"primary",0.9,0,0.181714770095565,0.156299359710825,0.152362165403511,0.188036670946511,0.115635348290529,0.00107396443032851,0.675
"gini",0.616666666666667,0.0276244144001772,1,3,TRUE,202608250353,"primary",0.9,0,0.181714770095565,0.156299359710825,0.152362165403511,0.188036670946511,0.115635348290529,0.00107396443032851,0.675
"oracle",0,-0.364653269083279,NA,NA,NA,202608250353,"primary",0.9,0,0.181714770095565,0.156299359710825,0.152362165403511,0.188036670946511,0.115635348290529,0.00107396443032851,0.675
"over",1,0.0186289158666764,1,3,TRUE,202608250353,"primary",0.9,0,0.181714770095565,0.156299359710825,0.152362165403511,0.188036670946511,0.115635348290529,0.00107396443032851,0.675
"raw",0.6,0.0254154103847407,1,3,TRUE,202608250353,"primary",0.9,0,0.181714770095565,0.156299359710825,0.152362165403511,0.188036670946511,0.115635348290529,0.00107396443032851,0.675
"cw",1,0.0169928873324654,1,3,TRUE,202608250354,"primary",0.9,0,0.188939330896338,0.186832465685212,0.171682505259996,0.164670086447268,0.11578678703699,-0.00420929947895547,0.493
"gini",0.5,0.00117530104569427,1,3,TRUE,202608250354,"primary",0.9,0,0.188939330896338,0.186832465685212,0.171682505259996,0.164670086447268,0.11578678703699,-0.00420929947895547,0.493
"oracle",0,-0.400241854213634,NA,NA,NA,202608250354,"primary",0.9,0,0.188939330896338,0.186832465685212,0.171682505259996,0.164670086447268,0.11578678703699,-0.00420929947895547,0.493
"over",1,0.0205312281786339,1,3,TRUE,202608250354,"primary",0.9,0,0.188939330896338,0.186832465685212,0.171682505259996,0.164670086447268,0.11578678703699,-0.00420929947895547,0.493
"raw",0.5,0.00210686521112646,1,3,TRUE,202608250354,"primary",0.9,0,0.188939330896338,0.186832465685212,0.171682505259996,0.164670086447268,0.11578678703699,-0.00420929947895547,0.493
"cw",0.966666666666667,0.0111631225415001,1,3,TRUE,202608250355,"primary",0.9,0,0.161271251485762,0.157454102721594,0.182873445087172,0.157506451116517,0.0983409274162208,0.0116074498102986,0.493
"gini",0.516666666666667,-0.00290162221479479,1,3,TRUE,202608250355,"primary",0.9,0,0.161271251485762,0.157454102721594,0.182873445087172,0.157506451116517,0.0983409274162208,0.0116074498102986,0.493
"oracle",0,-0.389476705681226,NA,NA,NA,202608250355,"primary",0.9,0,0.161271251485762,0.157454102721594,0.182873445087172,0.157506451116517,0.0983409274162208,0.0116074498102986,0.493
"over",0.966666666666667,0.0139115103502305,1,3,TRUE,202608250355,"primary",0.9,0,0.161271251485762,0.157454102721594,0.182873445087172,0.157506451116517,0.0983409274162208,0.0116074498102986,0.493
"raw",0.533333333333333,0.00381714876416811,1,3,TRUE,202608250355,"primary",0.9,0,0.161271251485762,0.157454102721594,0.182873445087172,0.157506451116517,0.0983409274162208,0.0116074498102986,0.493
"cw",1,0.0136327874695873,1,3,TRUE,202608250356,"primary",0.9,0,0.171123550327539,0.161245592262006,0.176366538648083,0.165827855397564,0.0995562717311739,-0.0134845101301871,0.435
"gini",0.5,0.00576538395992951,1,3,TRUE,202608250356,"primary",0.9,0,0.171123550327539,0.161245592262006,0.176366538648083,0.165827855397564,0.0995562717311739,-0.0134845101301871,0.435
"oracle",0,-0.410216465533138,NA,NA,NA,202608250356,"primary",0.9,0,0.171123550327539,0.161245592262006,0.176366538648083,0.165827855397564,0.0995562717311739,-0.0134845101301871,0.435
"over",1,0.016589719959993,1,3,TRUE,202608250356,"primary",0.9,0,0.171123550327539,0.161245592262006,0.176366538648083,0.165827855397564,0.0995562717311739,-0.0134845101301871,0.435
"raw",0.5,0.0098779580655331,1,3,TRUE,202608250356,"primary",0.9,0,0.171123550327539,0.161245592262006,0.176366538648083,0.165827855397564,0.0995562717311739,-0.0134845101301871,0.435
"cw",0.933333333333333,0.00712114505445755,1,3,TRUE,202608250357,"primary",0.9,0,0.138921915436795,0.197059574058592,0.177724432268724,0.174600639802821,0.0831557428802052,0.00521699937804627,0.592999999999999
"gini",0.266666666666667,-0.0471046422694099,1,3,TRUE,202608250357,"primary",0.9,0,0.138921915436795,0.197059574058592,0.177724432268724,0.174600639802821,0.0831557428802052,0.00521699937804627,0.592999999999999
"oracle",0,-0.443648271186687,NA,NA,NA,202608250357,"primary",0.9,0,0.138921915436795,0.197059574058592,0.177724432268724,0.174600639802821,0.0831557428802052,0.00521699937804627,0.592999999999999
"over",0.933333333333333,0.00872585372304978,1,3,TRUE,202608250357,"primary",0.9,0,0.138921915436795,0.197059574058592,0.177724432268724,0.174600639802821,0.0831557428802052,0.00521699937804627,0.592999999999999
"raw",0.283333333333333,-0.0581376586217971,1,3,TRUE,202608250357,"primary",0.9,0,0.138921915436795,0.197059574058592,0.177724432268724,0.174600639802821,0.0831557428802052,0.00521699937804627,0.592999999999999
"cw",1,0.0152482900015132,1,3,TRUE,202608250358,"primary",0.9,0,0.17192999086591,0.184392387663132,0.157805852719699,0.160914836567493,0.105784738648177,-0.00710769455821966,0.721
"gini",0.45,-0.0143597726043463,1,3,TRUE,202608250358,"primary",0.9,0,0.17192999086591,0.184392387663132,0.157805852719699,0.160914836567493,0.105784738648177,-0.00710769455821966,0.721
"oracle",0.0166666666666667,-0.286950305436723,NA,NA,NA,202608250358,"primary",0.9,0,0.17192999086591,0.184392387663132,0.157805852719699,0.160914836567493,0.105784738648177,-0.00710769455821966,0.721
"over",1,0.0181841403581922,1,3,TRUE,202608250358,"primary",0.9,0,0.17192999086591,0.184392387663132,0.157805852719699,0.160914836567493,0.105784738648177,-0.00710769455821966,0.721
"raw",0.466666666666667,-0.0124623967972228,1,3,TRUE,202608250358,"primary",0.9,0,0.17192999086591,0.184392387663132,0.157805852719699,0.160914836567493,0.105784738648177,-0.00710769455821966,0.721
"cw",1,0.0186476002298927,1,3,TRUE,202608250359,"primary",0.9,0,0.200935527952453,0.220427405774411,0.159561244380041,0.147059392490768,0.120395750149405,0.00177578624691498,0.473000000000001
"gini",0.416666666666667,-0.021424249990287,1,3,TRUE,202608250359,"primary",0.9,0,0.200935527952453,0.220427405774411,0.159561244380041,0.147059392490768,0.120395750149405,0.00177578624691498,0.473000000000001
"oracle",0,-0.360993086617686,NA,NA,NA,202608250359,"primary",0.9,0,0.200935527952453,0.220427405774411,0.159561244380041,0.147059392490768,0.120395750149405,0.00177578624691498,0.473000000000001
"over",1,0.0222810749523579,1,3,TRUE,202608250359,"primary",0.9,0,0.200935527952453,0.220427405774411,0.159561244380041,0.147059392490768,0.120395750149405,0.00177578624691498,0.473000000000001
"raw",0.433333333333333,-0.0194918778219575,1,3,TRUE,202608250359,"primary",0.9,0,0.200935527952453,0.220427405774411,0.159561244380041,0.147059392490768,0.120395750149405,0.00177578624691498,0.473000000000001
"cw",0.983333333333333,0.0148850243514826,1,3,TRUE,202608250360,"primary",0.9,0,0.188166642770367,0.165683694887983,0.191781670747354,0.185862779012229,0.113196482538162,0.016955668333057,0.541
"gini",0.6,0.016502967230828,1,3,TRUE,202608250360,"primary",0.9,0,0.188166642770367,0.165683694887983,0.191781670747354,0.185862779012229,0.113196482538162,0.016955668333057,0.541
"oracle",0,-0.362177252437846,NA,NA,NA,202608250360,"primary",0.9,0,0.188166642770367,0.165683694887983,0.191781670747354,0.185862779012229,0.113196482538162,0.016955668333057,0.541
"over",0.983333333333333,0.0185174995209955,1,3,TRUE,202608250360,"primary",0.9,0,0.188166642770367,0.165683694887983,0.191781670747354,0.185862779012229,0.113196482538162,0.016955668333057,0.541
"raw",0.616666666666667,0.0224829478823837,1,3,TRUE,202608250360,"primary",0.9,0,0.188166642770367,0.165683694887983,0.191781670747354,0.185862779012229,0.113196482538162,0.016955668333057,0.541
"cw",1,0.013857866448616,1,3,TRUE,202608250361,"primary",0.9,0,0.172799335326397,0.182207096174585,0.160255447353217,0.176211554590188,0.10579155651206,-0.00277766039979277,0.556999999999999
"gini",0.45,-0.00588502518633477,1,3,TRUE,202608250361,"primary",0.9,0,0.172799335326397,0.182207096174585,0.160255447353217,0.176211554590188,0.10579155651206,-0.00277766039979277,0.556999999999999
"oracle",0,-0.331339058433744,NA,NA,NA,202608250361,"primary",0.9,0,0.172799335326397,0.182207096174585,0.160255447353217,0.176211554590188,0.10579155651206,-0.00277766039979277,0.556999999999999
"over",1,0.0163617513269331,1,3,TRUE,202608250361,"primary",0.9,0,0.172799335326397,0.182207096174585,0.160255447353217,0.176211554590188,0.10579155651206,-0.00277766039979277,0.556999999999999
"raw",0.416666666666667,-0.00940776084818787,1,3,TRUE,202608250361,"primary",0.9,0,0.172799335326397,0.182207096174585,0.160255447353217,0.176211554590188,0.10579155651206,-0.00277766039979277,0.556999999999999
"cw",1,0.0137816383662623,1,3,TRUE,202608250362,"primary",0.9,0,0.167385264621025,0.194242229021906,0.157015071573221,0.166882871911124,0.100428012529331,0.00104502888991783,0.425999999999999
"gini",0.4,-0.0216371166959773,1,3,TRUE,202608250362,"primary",0.9,0,0.167385264621025,0.194242229021906,0.157015071573221,0.166882871911124,0.100428012529331,0.00104502888991783,0.425999999999999
"oracle",0,-0.298277018107014,NA,NA,NA,202608250362,"primary",0.9,0,0.167385264621025,0.194242229021906,0.157015071573221,0.166882871911124,0.100428012529331,0.00104502888991783,0.425999999999999
"over",1,0.0163926449536202,1,3,TRUE,202608250362,"primary",0.9,0,0.167385264621025,0.194242229021906,0.157015071573221,0.166882871911124,0.100428012529331,0.00104502888991783,0.425999999999999
"raw",0.45,-0.0268569644008807,1,3,TRUE,202608250362,"primary",0.9,0,0.167385264621025,0.194242229021906,0.157015071573221,0.166882871911124,0.100428012529331,0.00104502888991783,0.425999999999999
"cw",1,0.00954646392103559,1,3,TRUE,202608250363,"primary",0.8,0,0.145410103532365,0.157633508695922,0.179773770973871,0.170085726710592,0.0878931803657211,-0.00157073301486273,0.437
"gini",0.433333333333333,-0.0118897459433498,1,3,TRUE,202608250363,"primary",0.8,0,0.145410103532365,0.157633508695922,0.179773770973871,0.170085726710592,0.0878931803657211,-0.00157073301486273,0.437
"oracle",0,-0.467543971528932,NA,NA,NA,202608250363,"primary",0.8,0,0.145410103532365,0.157633508695922,0.179773770973871,0.170085726710592,0.0878931803657211,-0.00157073301486273,0.437
"over",1,0.0117715527639504,1,3,TRUE,202608250363,"primary",0.8,0,0.145410103532365,0.157633508695922,0.179773770973871,0.170085726710592,0.0878931803657211,-0.00157073301486273,0.437
"raw",0.433333333333333,-0.0122234051635571,1,3,TRUE,202608250363,"primary",0.8,0,0.145410103532365,0.157633508695922,0.179773770973871,0.170085726710592,0.0878931803657211,-0.00157073301486273,0.437
"cw",1,0.0097522312726868,1,3,TRUE,202608250364,"primary",0.8,0,0.146974974513254,0.117353598095244,0.184913016074784,0.161094631322015,0.0883347973139801,-0.0260325319046711,0.48
"gini",0.6,0.0198164458625174,1,3,TRUE,202608250364,"primary",0.8,0,0.146974974513254,0.117353598095244,0.184913016074784,0.161094631322015,0.0883347973139801,-0.0260325319046711,0.48
"oracle",0,-0.310780558337583,NA,NA,NA,202608250364,"primary",0.8,0,0.146974974513254,0.117353598095244,0.184913016074784,0.161094631322015,0.0883347973139801,-0.0260325319046711,0.48
"over",1,0.0120383407043728,1,3,TRUE,202608250364,"primary",0.8,0,0.146974974513254,0.117353598095244,0.184913016074784,0.161094631322015,0.0883347973139801,-0.0260325319046711,0.48
"raw",0.6,0.0296213764180094,1,3,TRUE,202608250364,"primary",0.8,0,0.146974974513254,0.117353598095244,0.184913016074784,0.161094631322015,0.0883347973139801,-0.0260325319046711,0.48
"cw",0.95,0.00914622044822819,1,3,TRUE,202608250365,"primary",0.9,0,0.144506850761249,0.214364380837806,0.175794434889804,0.156117110527209,0.0843428441307702,0.00107971885330637,0.647
"gini",0.233333333333333,-0.066226743599219,1,3,TRUE,202608250365,"primary",0.9,0,0.144506850761249,0.214364380837806,0.175794434889804,0.156117110527209,0.0843428441307702,0.00107971885330637,0.647
"oracle",0,-0.386860926512395,NA,NA,NA,202608250365,"primary",0.9,0,0.144506850761249,0.214364380837806,0.175794434889804,0.156117110527209,0.0843428441307702,0.00107971885330637,0.647
"over",0.95,0.0112954259440462,1,3,TRUE,202608250365,"primary",0.9,0,0.144506850761249,0.214364380837806,0.175794434889804,0.156117110527209,0.0843428441307702,0.00107971885330637,0.647
"raw",0.25,-0.0698575300765568,1,3,TRUE,202608250365,"primary",0.9,0,0.144506850761249,0.214364380837806,0.175794434889804,0.156117110527209,0.0843428441307702,0.00107971885330637,0.647
"cw",0.983333333333333,0.0138221779892653,1,3,TRUE,202608250366,"primary",0.9,0,0.172626902921379,0.214588090163723,0.166995853860696,0.170552599752508,0.104415265726174,-0.00358321037938681,0.475
"gini",0.35,-0.0327395241931934,1,3,TRUE,202608250366,"primary",0.9,0,0.172626902921379,0.214588090163723,0.166995853860696,0.170552599752508,0.104415265726174,-0.00358321037938681,0.475
"oracle",0,-0.41463799531715,NA,NA,NA,202608250366,"primary",0.9,0,0.172626902921379,0.214588090163723,0.166995853860696,0.170552599752508,0.104415265726174,-0.00358321037938681,0.475
"over",0.983333333333333,0.0166071955761687,1,3,TRUE,202608250366,"primary",0.9,0,0.172626902921379,0.214588090163723,0.166995853860696,0.170552599752508,0.104415265726174,-0.00358321037938681,0.475
"raw",0.383333333333333,-0.0419611872423437,1,3,TRUE,202608250366,"primary",0.9,0,0.172626902921379,0.214588090163723,0.166995853860696,0.170552599752508,0.104415265726174,-0.00358321037938681,0.475
"cw",1,0.022479354848587,1,3,TRUE,202608250367,"primary",0.9,0,0.21532580470601,0.17412576774747,0.170519000925163,0.181521734393101,0.131926202157131,-0.0034367176316156,0.487
"gini",0.766666666666667,0.0359141478984741,1,3,TRUE,202608250367,"primary",0.9,0,0.21532580470601,0.17412576774747,0.170519000925163,0.181521734393101,0.131926202157131,-0.0034367176316156,0.487
"oracle",0,-0.335151050913257,NA,NA,NA,202608250367,"primary",0.9,0,0.21532580470601,0.17412576774747,0.170519000925163,0.181521734393101,0.131926202157131,-0.0034367176316156,0.487
"over",1,0.0270284733029399,1,3,TRUE,202608250367,"primary",0.9,0,0.21532580470601,0.17412576774747,0.170519000925163,0.181521734393101,0.131926202157131,-0.0034367176316156,0.487
"raw",0.766666666666667,0.04120003695854,1,3,TRUE,202608250367,"primary",0.9,0,0.21532580470601,0.17412576774747,0.170519000925163,0.181521734393101,0.131926202157131,-0.0034367176316156,0.487
"cw",1,0.0195903483987915,1,3,TRUE,202608250368,"primary",0.9,0,0.195362421491896,0.155415760696455,0.183854156174753,0.162595111907684,0.121968328484897,-0.0132678847467573,0.444000000000001
"gini",0.716666666666667,0.0280805473922953,1,3,TRUE,202608250368,"primary",0.9,0,0.195362421491896,0.155415760696455,0.183854156174753,0.162595111907684,0.121968328484897,-0.0132678847467573,0.444000000000001
"oracle",0,-0.27891051504949,NA,NA,NA,202608250368,"primary",0.9,0,0.195362421491896,0.155415760696455,0.183854156174753,0.162595111907684,0.121968328484897,-0.0132678847467573,0.444000000000001
"over",1,0.0242456078349249,1,3,TRUE,202608250368,"primary",0.9,0,0.195362421491896,0.155415760696455,0.183854156174753,0.162595111907684,0.121968328484897,-0.0132678847467573,0.444000000000001
"raw",0.716666666666667,0.0399466607954409,1,3,TRUE,202608250368,"primary",0.9,0,0.195362421491896,0.155415760696455,0.183854156174753,0.162595111907684,0.121968328484897,-0.0132678847467573,0.444000000000001
"cw",1,0.0161790575411939,1,3,TRUE,202608250369,"primary",0.9,0,0.181566846565989,0.161699281496063,0.179007618433033,0.177832538952805,0.10896151523453,-0.0160727947590884,0.576
"gini",0.616666666666667,0.0141805345512235,1,3,TRUE,202608250369,"primary",0.9,0,0.181566846565989,0.161699281496063,0.179007618433033,0.177832538952805,0.10896151523453,-0.0160727947590884,0.576
"oracle",0,-0.380642458079702,NA,NA,NA,202608250369,"primary",0.9,0,0.181566846565989,0.161699281496063,0.179007618433033,0.177832538952805,0.10896151523453,-0.0160727947590884,0.576
"over",1,0.0198108646873376,1,3,TRUE,202608250369,"primary",0.9,0,0.181566846565989,0.161699281496063,0.179007618433033,0.177832538952805,0.10896151523453,-0.0160727947590884,0.576
"raw",0.6,0.0198675650699255,1,3,TRUE,202608250369,"primary",0.9,0,0.181566846565989,0.161699281496063,0.179007618433033,0.177832538952805,0.10896151523453,-0.0160727947590884,0.576
"cw",1,0.0154251575536175,1,3,TRUE,202608250370,"primary",0.9,0,0.177393215197331,0.164757672230974,0.171904933893505,0.163173396405569,0.106975374459764,-0.0140787591326779,0.473999999999999
"gini",0.533333333333333,0.00778319745596648,1,3,TRUE,202608250370,"primary",0.9,0,0.177393215197331,0.164757672230974,0.171904933893505,0.163173396405569,0.106975374459764,-0.0140787591326779,0.473999999999999
"oracle",0,-0.382730680685874,NA,NA,NA,202608250370,"primary",0.9,0,0.177393215197331,0.164757672230974,0.171904933893505,0.163173396405569,0.106975374459764,-0.0140787591326779,0.473999999999999
"over",1,0.0186738812386621,1,3,TRUE,202608250370,"primary",0.9,0,0.177393215197331,0.164757672230974,0.171904933893505,0.163173396405569,0.106975374459764,-0.0140787591326779,0.473999999999999
"raw",0.566666666666667,0.0126355429663568,1,3,TRUE,202608250370,"primary",0.9,0,0.177393215197331,0.164757672230974,0.171904933893505,0.163173396405569,0.106975374459764,-0.0140787591326779,0.473999999999999
"cw",1,0.0153207425262085,0.391304347826087,4,FALSE,202608250371,"primary",0.6,0,0.173522114888488,0.223563307774326,0.149974381767567,0.170998798465868,0.10651518456045,-0.0058496610584647,0.561
"gini",0.15,-0.0387334694306572,0.237623762376238,3,FALSE,202608250371,"primary",0.6,0,0.173522114888488,0.223563307774326,0.149974381767567,0.170998798465868,0.10651518456045,-0.0058496610584647,0.561
"oracle",0,-0.409537424926974,NA,NA,NA,202608250371,"primary",0.6,0,0.173522114888488,0.223563307774326,0.149974381767567,0.170998798465868,0.10651518456045,-0.0058496610584647,0.561
"over",1,0.0179947847358253,0.237623762376238,3,FALSE,202608250371,"primary",0.6,0,0.173522114888488,0.223563307774326,0.149974381767567,0.170998798465868,0.10651518456045,-0.0058496610584647,0.561
"raw",0.15,-0.0500411928858381,0.237623762376238,3,FALSE,202608250371,"primary",0.6,0,0.173522114888488,0.223563307774326,0.149974381767567,0.170998798465868,0.10651518456045,-0.0058496610584647,0.561
"cw",1,0.0143941652313673,1,3,TRUE,202608250372,"primary",0.9,0,0.169791465605109,0.16034363744304,0.155430280679189,0.16710195886333,0.102643286293347,-0.00597279284652108,0.634
"gini",0.516666666666667,0.0080542929954498,1,3,TRUE,202608250372,"primary",0.9,0,0.169791465605109,0.16034363744304,0.155430280679189,0.16710195886333,0.102643286293347,-0.00597279284652108,0.634
"oracle",0,-0.343477466529024,NA,NA,NA,202608250372,"primary",0.9,0,0.169791465605109,0.16034363744304,0.155430280679189,0.16710195886333,0.102643286293347,-0.00597279284652108,0.634
"over",1,0.0171559669898062,1,3,TRUE,202608250372,"primary",0.9,0,0.169791465605109,0.16034363744304,0.155430280679189,0.16710195886333,0.102643286293347,-0.00597279284652108,0.634
"raw",0.533333333333333,0.00944782816206852,1,3,TRUE,202608250372,"primary",0.9,0,0.169791465605109,0.16034363744304,0.155430280679189,0.16710195886333,0.102643286293347,-0.00597279284652108,0.634
"cw",0.933333333333333,0.0102156145994607,1,3,TRUE,202608250373,"primary",0.9,0,0.170308766687331,0.1816454876643,0.157317394511241,0.176684494556349,0.104033039200452,0.0256374239126984,0.689
"gini",0.483333333333333,-0.00641301704383546,1,3,TRUE,202608250373,"primary",0.9,0,0.170308766687331,0.1816454876643,0.157317394511241,0.176684494556349,0.104033039200452,0.0256374239126984,0.689
"oracle",0,-0.335565652429129,NA,NA,NA,202608250373,"primary",0.9,0,0.170308766687331,0.1816454876643,0.157317394511241,0.176684494556349,0.104033039200452,0.0256374239126984,0.689
"over",0.933333333333333,0.0120341473650448,1,3,TRUE,202608250373,"primary",0.9,0,0.170308766687331,0.1816454876643,0.157317394511241,0.176684494556349,0.104033039200452,0.0256374239126984,0.689
"raw",0.466666666666667,-0.011336720976969,1,3,TRUE,202608250373,"primary",0.9,0,0.170308766687331,0.1816454876643,0.157317394511241,0.176684494556349,0.104033039200452,0.0256374239126984,0.689
"cw",0.983333333333333,0.0148543570737123,1,3,TRUE,202608250374,"primary",0.9,0,0.181881154872569,0.134896434457014,0.172366222091691,0.177262926578817,0.107969185026874,0.00106285347798203,0.526999999999999
"gini",0.7,0.0390433900110763,1,3,TRUE,202608250374,"primary",0.9,0,0.181881154872569,0.134896434457014,0.172366222091691,0.177262926578817,0.107969185026874,0.00106285347798203,0.526999999999999
"oracle",0,-0.285100914227792,NA,NA,NA,202608250374,"primary",0.9,0,0.181881154872569,0.134896434457014,0.172366222091691,0.177262926578817,0.107969185026874,0.00106285347798203,0.526999999999999
"over",0.983333333333333,0.017992803014863,1,3,TRUE,202608250374,"primary",0.9,0,0.181881154872569,0.134896434457014,0.172366222091691,0.177262926578817,0.107969185026874,0.00106285347798203,0.526999999999999
"raw",0.666666666666667,0.0469847204155549,1,3,TRUE,202608250374,"primary",0.9,0,0.181881154872569,0.134896434457014,0.172366222091691,0.177262926578817,0.107969185026874,0.00106285347798203,0.526999999999999
"cw",1,0.0264054128195448,1,3,TRUE,202608250375,"primary",0.9,0,0.234088084494186,0.177714622118413,0.156405802210386,0.158361191430168,0.142814893399695,0.0129790157688536,0.438000000000001
"gini",0.783333333333333,0.0489808689451361,1,3,TRUE,202608250375,"primary",0.9,0,0.234088084494186,0.177714622118413,0.156405802210386,0.158361191430168,0.142814893399695,0.0129790157688536,0.438000000000001
"oracle",0,-0.330058013671961,NA,NA,NA,202608250375,"primary",0.9,0,0.234088084494186,0.177714622118413,0.156405802210386,0.158361191430168,0.142814893399695,0.0129790157688536,0.438000000000001
"over",1,0.0313807127843396,1,3,TRUE,202608250375,"primary",0.9,0,0.234088084494186,0.177714622118413,0.156405802210386,0.158361191430168,0.142814893399695,0.0129790157688536,0.438000000000001
"raw",0.766666666666667,0.0563734623757736,1,3,TRUE,202608250375,"primary",0.9,0,0.234088084494186,0.177714622118413,0.156405802210386,0.158361191430168,0.142814893399695,0.0129790157688536,0.438000000000001
"cw",0.933333333333333,0.00788976744767707,0.792079207920792,3,FALSE,202608250376,"primary",0.7,0,0.129234821250993,0.192408877037442,0.158389112858485,0.158116111469382,0.0787777758777704,-0.00775499537630895,0.373000000000001
"gini",0.283333333333333,-0.055259723551981,0.792079207920792,3,FALSE,202608250376,"primary",0.7,0,0.129234821250993,0.192408877037442,0.158389112858485,0.158116111469382,0.0787777758777704,-0.00775499537630895,0.373000000000001
"oracle",0,-0.422526481863365,NA,NA,NA,202608250376,"primary",0.7,0,0.129234821250993,0.192408877037442,0.158389112858485,0.158116111469382,0.0787777758777704,-0.00775499537630895,0.373000000000001
"over",0.933333333333333,0.00941141405777344,0.792079207920792,3,FALSE,202608250376,"primary",0.7,0,0.129234821250993,0.192408877037442,0.158389112858485,0.158116111469382,0.0787777758777704,-0.00775499537630895,0.373000000000001
"raw",0.283333333333333,-0.0631740557864488,0.792079207920792,3,FALSE,202608250376,"primary",0.7,0,0.129234821250993,0.192408877037442,0.158389112858485,0.158116111469382,0.0787777758777704,-0.00775499537630895,0.373000000000001
"cw",1,0.00699087259553099,1,3,TRUE,202608250377,"primary",0.7,0,0.125532135172448,0.14808081850256,0.181636287281963,0.151816183587717,0.0728829436963832,-0.0122017927571179,0.601
"gini",0.4,-0.0263057574476045,1,3,TRUE,202608250377,"primary",0.7,0,0.125532135172448,0.14808081850256,0.181636287281963,0.151816183587717,0.0728829436963832,-0.0122017927571179,0.601
"oracle",0,-0.490171216212776,NA,NA,NA,202608250377,"primary",0.7,0,0.125532135172448,0.14808081850256,0.181636287281963,0.151816183587717,0.0728829436963832,-0.0122017927571179,0.601
"over",1,0.00857068705386738,1,3,TRUE,202608250377,"primary",0.7,0,0.125532135172448,0.14808081850256,0.181636287281963,0.151816183587717,0.0728829436963832,-0.0122017927571179,0.601
"raw",0.416666666666667,-0.0225486833301114,1,3,TRUE,202608250377,"primary",0.7,0,0.125532135172448,0.14808081850256,0.181636287281963,0.151816183587717,0.0728829436963832,-0.0122017927571179,0.601
"cw",1,0.0211097340101144,1,3,TRUE,202608250378,"primary",0.9,0,0.212884333478727,0.186591730683068,0.176879935504278,0.166169642364624,0.131303718160752,0.0116729172022053,0.564
"gini",0.616666666666667,0.0180167911034269,1,3,TRUE,202608250378,"primary",0.9,0,0.212884333478727,0.186591730683068,0.176879935504278,0.166169642364624,0.131303718160752,0.0116729172022053,0.564
"oracle",0,-0.315111596285903,NA,NA,NA,202608250378,"primary",0.9,0,0.212884333478727,0.186591730683068,0.176879935504278,0.166169642364624,0.131303718160752,0.0116729172022053,0.564
"over",1,0.0257740748262528,1,3,TRUE,202608250378,"primary",0.9,0,0.212884333478727,0.186591730683068,0.176879935504278,0.166169642364624,0.131303718160752,0.0116729172022053,0.564
"raw",0.666666666666667,0.0262926027956587,1,3,TRUE,202608250378,"primary",0.9,0,0.212884333478727,0.186591730683068,0.176879935504278,0.166169642364624,0.131303718160752,0.0116729172022053,0.564
"cw",1,0.0156276638519281,1,3,TRUE,202608250379,"primary",0.9,0,0.181486565936527,0.179319838864418,0.166712717590835,0.165758723766952,0.108915294287151,-0.00245835646195169,0.433
"gini",0.55,0.000721903768115095,1,3,TRUE,202608250379,"primary",0.9,0,0.181486565936527,0.179319838864418,0.166712717590835,0.165758723766952,0.108915294287151,-0.00245835646195169,0.433
"oracle",0.0333333333333333,-0.307475503706471,NA,NA,NA,202608250379,"primary",0.9,0,0.181486565936527,0.179319838864418,0.166712717590835,0.165758723766952,0.108915294287151,-0.00245835646195169,0.433
"over",1,0.0187308392513237,1,3,TRUE,202608250379,"primary",0.9,0,0.181486565936527,0.179319838864418,0.166712717590835,0.165758723766952,0.108915294287151,-0.00245835646195169,0.433
"raw",0.533333333333333,0.00216672707210974,1,3,TRUE,202608250379,"primary",0.9,0,0.181486565936527,0.179319838864418,0.166712717590835,0.165758723766952,0.108915294287151,-0.00245835646195169,0.433
"cw",1,0.0152403468863478,1,3,TRUE,202608250380,"primary",0.9,0,0.179363007273191,0.152525165676352,0.206086900625814,0.167702164880762,0.111926061206905,-0.00122979334659789,0.596
"gini",0.6,0.0142968689027811,1,3,TRUE,202608250380,"primary",0.9,0,0.179363007273191,0.152525165676352,0.206086900625814,0.167702164880762,0.111926061206905,-0.00122979334659789,0.596
"oracle",0,-0.445178600855605,NA,NA,NA,202608250380,"primary",0.9,0,0.179363007273191,0.152525165676352,0.206086900625814,0.167702164880762,0.111926061206905,-0.00122979334659789,0.596
"over",1,0.019365250306905,1,3,TRUE,202608250380,"primary",0.9,0,0.179363007273191,0.152525165676352,0.206086900625814,0.167702164880762,0.111926061206905,-0.00122979334659789,0.596
"raw",0.6,0.0268378415968387,1,3,TRUE,202608250380,"primary",0.9,0,0.179363007273191,0.152525165676352,0.206086900625814,0.167702164880762,0.111926061206905,-0.00122979334659789,0.596
"cw",1,0.0173570180246768,1,3,TRUE,202608250381,"primary",0.9,0,0.185679407021528,0.160451533532834,0.16275360474826,0.170398475841836,0.114977183946082,0.000867616201905738,0.662
"gini",0.6,0.021758068624613,1,3,TRUE,202608250381,"primary",0.9,0,0.185679407021528,0.160451533532834,0.16275360474826,0.170398475841836,0.114977183946082,0.000867616201905738,0.662
"oracle",0,-0.341041665357406,NA,NA,NA,202608250381,"primary",0.9,0,0.185679407021528,0.160451533532834,0.16275360474826,0.170398475841836,0.114977183946082,0.000867616201905738,0.662
"over",1,0.0206877960214929,1,3,TRUE,202608250381,"primary",0.9,0,0.185679407021528,0.160451533532834,0.16275360474826,0.170398475841836,0.114977183946082,0.000867616201905738,0.662
"raw",0.583333333333333,0.0252278734886936,1,3,TRUE,202608250381,"primary",0.9,0,0.185679407021528,0.160451533532834,0.16275360474826,0.170398475841836,0.114977183946082,0.000867616201905738,0.662
"cw",1,0.0121580872584428,1,3,TRUE,202608250382,"primary",0.9,0,0.160452457493483,0.217414671435522,0.179204788837781,0.164101336294907,0.0976150667064755,0.000306243981767382,0.763
"gini",0.166666666666667,-0.0518588636578916,1,3,TRUE,202608250382,"primary",0.9,0,0.160452457493483,0.217414671435522,0.179204788837781,0.164101336294907,0.0976150667064755,0.000306243981767382,0.763
"oracle",0,-0.407778732702702,NA,NA,NA,202608250382,"primary",0.9,0,0.160452457493483,0.217414671435522,0.179204788837781,0.164101336294907,0.0976150667064755,0.000306243981767382,0.763
"over",1,0.014737226630487,1,3,TRUE,202608250382,"primary",0.9,0,0.160452457493483,0.217414671435522,0.179204788837781,0.164101336294907,0.0976150667064755,0.000306243981767382,0.763
"raw",0.15,-0.0569622139420388,1,3,TRUE,202608250382,"primary",0.9,0,0.160452457493483,0.217414671435522,0.179204788837781,0.164101336294907,0.0976150667064755,0.000306243981767382,0.763
"cw",0.933333333333333,0.0151189524008668,0.851063829787234,4,TRUE,202608250383,"primary",0.9,0,0.194327654582383,0.227829915153504,0.172744160334845,0.168221339857392,0.119080466008718,0.021435369518541,0.622000000000001
"gini",0.366666666666667,-0.0292725916680672,0.792079207920792,3,TRUE,202608250383,"primary",0.9,0,0.194327654582383,0.227829915153504,0.172744160334845,0.168221339857392,0.119080466008718,0.021435369518541,0.622000000000001
"oracle",0,-0.313021577953079,NA,NA,NA,202608250383,"primary",0.9,0,0.194327654582383,0.227829915153504,0.172744160334845,0.168221339857392,0.119080466008718,0.021435369518541,0.622000000000001
"over",0.933333333333333,0.0181457568648524,0.851063829787234,4,TRUE,202608250383,"primary",0.9,0,0.194327654582383,0.227829915153504,0.172744160334845,0.168221339857392,0.119080466008718,0.021435369518541,0.622000000000001
"raw",0.366666666666667,-0.0335022605711214,0.792079207920792,3,TRUE,202608250383,"primary",0.9,0,0.194327654582383,0.227829915153504,0.172744160334845,0.168221339857392,0.119080466008718,0.021435369518541,0.622000000000001
"cw",1,0.0132171432322301,1,3,TRUE,202608250384,"primary",0.9,0,0.165700034353427,0.169477681519996,0.175241636805318,0.155909462891668,0.0990169991356388,-0.0135453096098664,0.44
"gini",0.466666666666667,-0.00580658490685873,1,3,TRUE,202608250384,"primary",0.9,0,0.165700034353427,0.169477681519996,0.175241636805318,0.155909462891668,0.0990169991356388,-0.0135453096098664,0.44
"oracle",0,-0.399800311278005,NA,NA,NA,202608250384,"primary",0.9,0,0.165700034353427,0.169477681519996,0.175241636805318,0.155909462891668,0.0990169991356388,-0.0135453096098664,0.44
"over",1,0.0159623247406866,1,3,TRUE,202608250384,"primary",0.9,0,0.165700034353427,0.169477681519996,0.175241636805318,0.155909462891668,0.0990169991356388,-0.0135453096098664,0.44
"raw",0.45,-0.00377764716656878,1,3,TRUE,202608250384,"primary",0.9,0,0.165700034353427,0.169477681519996,0.175241636805318,0.155909462891668,0.0990169991356388,-0.0135453096098664,0.44
"cw",1,0.0155444824420569,1,3,TRUE,202608250385,"primary",0.9,0,0.182183360171068,0.134308200641274,0.187935279047934,0.163217660563657,0.108044500388602,-0.00995987365116275,0.611000000000001
"gini",0.666666666666667,0.0338777191680524,1,3,TRUE,202608250385,"primary",0.9,0,0.182183360171068,0.134308200641274,0.187935279047934,0.163217660563657,0.108044500388602,-0.00995987365116275,0.611000000000001
"oracle",0,-0.352154097651568,NA,NA,NA,202608250385,"primary",0.9,0,0.182183360171068,0.134308200641274,0.187935279047934,0.163217660563657,0.108044500388602,-0.00995987365116275,0.611000000000001
"over",1,0.0191823761353197,1,3,TRUE,202608250385,"primary",0.9,0,0.182183360171068,0.134308200641274,0.187935279047934,0.163217660563657,0.108044500388602,-0.00995987365116275,0.611000000000001
"raw",0.666666666666667,0.047875159529794,1,3,TRUE,202608250385,"primary",0.9,0,0.182183360171068,0.134308200641274,0.187935279047934,0.163217660563657,0.108044500388602,-0.00995987365116275,0.611000000000001
"cw",1,0.0180445504811272,1,3,TRUE,202608250386,"primary",0.9,0,0.196468161995552,0.19120525207697,0.172002717268961,0.165058872168578,0.114046026964665,0.000225863230907251,0.589
"gini",0.4,0.00329792312807145,1,3,TRUE,202608250386,"primary",0.9,0,0.196468161995552,0.19120525207697,0.172002717268961,0.165058872168578,0.114046026964665,0.000225863230907251,0.589
"oracle",0,-0.297733071215899,NA,NA,NA,202608250386,"primary",0.9,0,0.196468161995552,0.19120525207697,0.172002717268961,0.165058872168578,0.114046026964665,0.000225863230907251,0.589
"over",1,0.0217290291898714,1,3,TRUE,202608250386,"primary",0.9,0,0.196468161995552,0.19120525207697,0.172002717268961,0.165058872168578,0.114046026964665,0.000225863230907251,0.589
"raw",0.433333333333333,0.00526290991858186,1,3,TRUE,202608250386,"primary",0.9,0,0.196468161995552,0.19120525207697,0.172002717268961,0.165058872168578,0.114046026964665,0.000225863230907251,0.589
"cw",0.95,0.0091649343570065,1,3,TRUE,202608250387,"primary",0.7,0,0.144967022394539,0.178707752807006,0.172347617232387,0.159992826257824,0.0854888450757471,0.00177764747792086,0.468999999999999
"gini",0.383333333333333,-0.0298452939952159,1,3,TRUE,202608250387,"primary",0.7,0,0.144967022394539,0.178707752807006,0.172347617232387,0.159992826257824,0.0854888450757471,0.00177764747792086,0.468999999999999
"oracle",0,-0.441894084418178,NA,NA,NA,202608250387,"primary",0.7,0,0.144967022394539,0.178707752807006,0.172347617232387,0.159992826257824,0.0854888450757471,0.00177764747792086,0.468999999999999
"over",0.95,0.0111087507367853,1,3,TRUE,202608250387,"primary",0.7,0,0.144967022394539,0.178707752807006,0.172347617232387,0.159992826257824,0.0854888450757471,0.00177764747792086,0.468999999999999
"raw",0.366666666666667,-0.0337407304124668,1,3,TRUE,202608250387,"primary",0.7,0,0.144967022394539,0.178707752807006,0.172347617232387,0.159992826257824,0.0854888450757471,0.00177764747792086,0.468999999999999
"cw",1,0.0124467283357834,1,3,TRUE,202608250388,"primary",0.9,0,0.163109830044166,0.14692010635155,0.175926136771809,0.158281457291616,0.0982590743814418,-0.00284825579087065,0.496
"gini",0.633333333333333,0.0100154922857791,1,3,TRUE,202608250388,"primary",0.9,0,0.163109830044166,0.14692010635155,0.175926136771809,0.158281457291616,0.0982590743814418,-0.00284825579087065,0.496
"oracle",0,-0.368670818867675,NA,NA,NA,202608250388,"primary",0.9,0,0.163109830044166,0.14692010635155,0.175926136771809,0.158281457291616,0.0982590743814418,-0.00284825579087065,0.496
"over",1,0.0153374310316802,1,3,TRUE,202608250388,"primary",0.9,0,0.163109830044166,0.14692010635155,0.175926136771809,0.158281457291616,0.0982590743814418,-0.00284825579087065,0.496
"raw",0.683333333333333,0.0161897236926151,1,3,TRUE,202608250388,"primary",0.9,0,0.163109830044166,0.14692010635155,0.175926136771809,0.158281457291616,0.0982590743814418,-0.00284825579087065,0.496
"cw",0.983333333333333,0.011335755521485,1,3,TRUE,202608250389,"primary",0.8,0,0.157422363322376,0.15246027618617,0.164766843207633,0.173080484980794,0.091400370891419,-0.00724296383029827,0.549000000000001
"gini",0.516666666666667,0.00284224880082859,1,3,TRUE,202608250389,"primary",0.8,0,0.157422363322376,0.15246027618617,0.164766843207633,0.173080484980794,0.091400370891419,-0.00724296383029827,0.549000000000001
"oracle",0,-0.348029511153784,NA,NA,NA,202608250389,"primary",0.8,0,0.157422363322376,0.15246027618617,0.164766843207633,0.173080484980794,0.091400370891419,-0.00724296383029827,0.549000000000001
"over",0.983333333333333,0.0136440850800644,1,3,TRUE,202608250389,"primary",0.8,0,0.157422363322376,0.15246027618617,0.164766843207633,0.173080484980794,0.091400370891419,-0.00724296383029827,0.549000000000001
"raw",0.533333333333333,0.00496208713620605,1,3,TRUE,202608250389,"primary",0.8,0,0.157422363322376,0.15246027618617,0.164766843207633,0.173080484980794,0.091400370891419,-0.00724296383029827,0.549000000000001
"cw",0.95,0.00905857632929693,1,3,TRUE,202608250390,"primary",0.9,0,0.158727414681924,0.191277832882182,0.181313404744296,0.172476293637378,0.0955723755810123,0.0180889417255139,0.645
"gini",0.366666666666667,-0.0319479917918808,1,3,TRUE,202608250390,"primary",0.9,0,0.158727414681924,0.191277832882182,0.181313404744296,0.172476293637378,0.0955723755810123,0.0180889417255139,0.645
"oracle",0,-0.404849774516817,NA,NA,NA,202608250390,"primary",0.9,0,0.158727414681924,0.191277832882182,0.181313404744296,0.172476293637378,0.0955723755810123,0.0180889417255139,0.645
"over",0.983333333333333,0.0112390374336999,1,3,TRUE,202608250390,"primary",0.9,0,0.158727414681924,0.191277832882182,0.181313404744296,0.172476293637378,0.0955723755810123,0.0180889417255139,0.645
"raw",0.383333333333333,-0.0325504182002579,1,3,TRUE,202608250390,"primary",0.9,0,0.158727414681924,0.191277832882182,0.181313404744296,0.172476293637378,0.0955723755810123,0.0180889417255139,0.645
"cw",1,0.0186737232776477,1,3,TRUE,202608250391,"primary",0.9,0,0.191543743401438,0.217191036210913,0.164591775635141,0.159632925301009,0.114894740808322,-0.0178052463848426,0.406000000000001
"gini",0.316666666666667,-0.0220152765227348,1,3,TRUE,202608250391,"primary",0.9,0,0.191543743401438,0.217191036210913,0.164591775635141,0.159632925301009,0.114894740808322,-0.0178052463848426,0.406000000000001
"oracle",0,-0.311914295555088,NA,NA,NA,202608250391,"primary",0.9,0,0.191543743401438,0.217191036210913,0.164591775635141,0.159632925301009,0.114894740808322,-0.0178052463848426,0.406000000000001
"over",1,0.0223033661137179,1,3,TRUE,202608250391,"primary",0.9,0,0.191543743401438,0.217191036210913,0.164591775635141,0.159632925301009,0.114894740808322,-0.0178052463848426,0.406000000000001
"raw",0.333333333333333,-0.0256472928094753,1,3,TRUE,202608250391,"primary",0.9,0,0.191543743401438,0.217191036210913,0.164591775635141,0.159632925301009,0.114894740808322,-0.0178052463848426,0.406000000000001
"cw",1,0.0152968869727901,1,3,TRUE,202608250392,"primary",0.9,0,0.176270467832853,0.181373903740646,0.190579865931006,0.171687879317064,0.106704675283672,-0.00739832136156439,0.507000000000001
"gini",0.55,-0.0111498618567111,1,3,TRUE,202608250392,"primary",0.9,0,0.176270467832853,0.181373903740646,0.190579865931006,0.171687879317064,0.106704675283672,-0.00739832136156439,0.507000000000001
"oracle",0,-0.293978257416791,NA,NA,NA,202608250392,"primary",0.9,0,0.176270467832853,0.181373903740646,0.190579865931006,0.171687879317064,0.106704675283672,-0.00739832136156439,0.507000000000001
"over",1,0.0191297942773283,1,3,TRUE,202608250392,"primary",0.9,0,0.176270467832853,0.181373903740646,0.190579865931006,0.171687879317064,0.106704675283672,-0.00739832136156439,0.507000000000001
"raw",0.533333333333333,-0.00510343590779364,1,3,TRUE,202608250392,"primary",0.9,0,0.176270467832853,0.181373903740646,0.190579865931006,0.171687879317064,0.106704675283672,-0.00739832136156439,0.507000000000001
"cw",1,0.0132538410475081,1,3,TRUE,202608250393,"primary",0.9,0,0.175694088242714,0.207981741247557,0.163976868413219,0.160635473034733,0.10599305489215,0.0134845672987654,0.369999999999999
"gini",0.3,-0.0294064489573746,1,3,TRUE,202608250393,"primary",0.9,0,0.175694088242714,0.207981741247557,0.163976868413219,0.160635473034733,0.10599305489215,0.0134845672987654,0.369999999999999
"oracle",0,-0.390626829078072,NA,NA,NA,202608250393,"primary",0.9,0,0.175694088242714,0.207981741247557,0.163976868413219,0.160635473034733,0.10599305489215,0.0134845672987654,0.369999999999999
"over",1,0.0159805820783273,1,3,TRUE,202608250393,"primary",0.9,0,0.175694088242714,0.207981741247557,0.163976868413219,0.160635473034733,0.10599305489215,0.0134845672987654,0.369999999999999
"raw",0.25,-0.0322876530048428,1,3,TRUE,202608250393,"primary",0.9,0,0.175694088242714,0.207981741247557,0.163976868413219,0.160635473034733,0.10599305489215,0.0134845672987654,0.369999999999999
"cw",1,0.0185123864862103,1,3,TRUE,202608250394,"primary",0.9,0,0.19780500984531,0.143826450617448,0.167480250310091,0.163452864681006,0.118933470698131,-0.0016707935576254,0.414000000000001
"gini",0.75,0.0430063366139405,1,3,TRUE,202608250394,"primary",0.9,0,0.19780500984531,0.143826450617448,0.167480250310091,0.163452864681006,0.118933470698131,-0.0016707935576254,0.414000000000001
"oracle",0,-0.328192095091438,NA,NA,NA,202608250394,"primary",0.9,0,0.19780500984531,0.143826450617448,0.167480250310091,0.163452864681006,0.118933470698131,-0.0016707935576254,0.414000000000001
"over",1,0.0223886413619053,1,3,TRUE,202608250394,"primary",0.9,0,0.19780500984531,0.143826450617448,0.167480250310091,0.163452864681006,0.118933470698131,-0.0016707935576254,0.414000000000001
"raw",0.733333333333333,0.0539785592278618,1,3,TRUE,202608250394,"primary",0.9,0,0.19780500984531,0.143826450617448,0.167480250310091,0.163452864681006,0.118933470698131,-0.0016707935576254,0.414000000000001
"cw",1,0.0149742371420775,1,3,TRUE,202608250395,"primary",0.9,0,0.17503537749395,0.110797859147772,0.179602129554744,0.165353468122377,0.10423352495655,-0.0188447540182852,0.64
"gini",0.816666666666667,0.0515081482340669,1,3,TRUE,202608250395,"primary",0.9,0,0.17503537749395,0.110797859147772,0.179602129554744,0.165353468122377,0.10423352495655,-0.0188447540182852,0.64
"oracle",0,-0.375165770743848,NA,NA,NA,202608250395,"primary",0.9,0,0.17503537749395,0.110797859147772,0.179602129554744,0.165353468122377,0.10423352495655,-0.0188447540182852,0.64
"over",1,0.0182651023890445,1,3,TRUE,202608250395,"primary",0.9,0,0.17503537749395,0.110797859147772,0.179602129554744,0.165353468122377,0.10423352495655,-0.0188447540182852,0.64
"raw",0.816666666666667,0.0642375183461783,1,3,TRUE,202608250395,"primary",0.9,0,0.17503537749395,0.110797859147772,0.179602129554744,0.165353468122377,0.10423352495655,-0.0188447540182852,0.64
"cw",1,0.0144640279532793,1,3,TRUE,202608250396,"primary",0.9,0,0.177180366717429,0.211780033161211,0.184457777605323,0.155137562160477,0.111281733081329,0.0106714240386047,0.564
"gini",0.316666666666667,-0.0361027270319212,1,3,TRUE,202608250396,"primary",0.9,0,0.177180366717429,0.211780033161211,0.184457777605323,0.155137562160477,0.111281733081329,0.0106714240386047,0.564
"oracle",0,-0.39368429386799,NA,NA,NA,202608250396,"primary",0.9,0,0.177180366717429,0.211780033161211,0.184457777605323,0.155137562160477,0.111281733081329,0.0106714240386047,0.564
"over",1,0.0179025364747095,1,3,TRUE,202608250396,"primary",0.9,0,0.177180366717429,0.211780033161211,0.184457777605323,0.155137562160477,0.111281733081329,0.0106714240386047,0.564
"raw",0.3,-0.0345996664437823,1,3,TRUE,202608250396,"primary",0.9,0,0.177180366717429,0.211780033161211,0.184457777605323,0.155137562160477,0.111281733081329,0.0106714240386047,0.564
"cw",1,0.010603942557866,0.614886731391586,3,FALSE,202608250397,"primary",0.3,0,0.156847217212011,0.203308653929964,0.189068167948626,0.172916408417379,0.092419658383749,-0.00527263232896134,0.442
"gini",0.216666666666667,-0.0404622602966615,0.614886731391586,3,FALSE,202608250397,"primary",0.3,0,0.156847217212011,0.203308653929964,0.189068167948626,0.172916408417379,0.092419658383749,-0.00527263232896134,0.442
"oracle",0,-0.43625110152879,NA,NA,NA,202608250397,"primary",0.3,0,0.156847217212011,0.203308653929964,0.189068167948626,0.172916408417379,0.092419658383749,-0.00527263232896134,0.442
"over",1,0.0131536066634617,0.614886731391586,3,FALSE,202608250397,"primary",0.3,0,0.156847217212011,0.203308653929964,0.189068167948626,0.172916408417379,0.092419658383749,-0.00527263232896134,0.442
"raw",0.216666666666667,-0.0464614367179531,0.614886731391586,3,FALSE,202608250397,"primary",0.3,0,0.156847217212011,0.203308653929964,0.189068167948626,0.172916408417379,0.092419658383749,-0.00527263232896134,0.442
"cw",1,0.0099160834577463,0.792079207920792,3,FALSE,202608250398,"primary",0.6,0,0.151175395115749,0.170824090197892,0.187153720370769,0.170022789039281,0.089220272518503,0.00317036868879137,0.582
"gini",0.383333333333333,-0.0190212800543845,0.792079207920792,3,FALSE,202608250398,"primary",0.6,0,0.151175395115749,0.170824090197892,0.187153720370769,0.170022789039281,0.089220272518503,0.00317036868879137,0.582
"oracle",0,-0.4209256421472,NA,NA,NA,202608250398,"primary",0.6,0,0.151175395115749,0.170824090197892,0.187153720370769,0.170022789039281,0.089220272518503,0.00317036868879137,0.582
"over",1,0.0123022315235529,0.792079207920792,3,FALSE,202608250398,"primary",0.6,0,0.151175395115749,0.170824090197892,0.187153720370769,0.170022789039281,0.089220272518503,0.00317036868879137,0.582
"raw",0.383333333333333,-0.019648695082143,0.792079207920792,3,FALSE,202608250398,"primary",0.6,0,0.151175395115749,0.170824090197892,0.187153720370769,0.170022789039281,0.089220272518503,0.00317036868879137,0.582
"cw",1,0.0170213387829856,1,3,TRUE,202608250399,"primary",0.9,0,0.18479135862805,0.138318325789496,0.168900989397336,0.172964744814865,0.117270346566971,-0.0168790568326165,0.562
"gini",0.716666666666667,0.0380308390437536,1,3,TRUE,202608250399,"primary",0.9,0,0.18479135862805,0.138318325789496,0.168900989397336,0.172964744814865,0.117270346566971,-0.0168790568326165,0.562
"oracle",0,-0.355102753822782,NA,NA,NA,202608250399,"primary",0.9,0,0.18479135862805,0.138318325789496,0.168900989397336,0.172964744814865,0.117270346566971,-0.0168790568326165,0.562
"over",1,0.0205659936793531,1,3,TRUE,202608250399,"primary",0.9,0,0.18479135862805,0.138318325789496,0.168900989397336,0.172964744814865,0.117270346566971,-0.0168790568326165,0.562
"raw",0.7,0.0464730328385546,1,3,TRUE,202608250399,"primary",0.9,0,0.18479135862805,0.138318325789496,0.168900989397336,0.172964744814865,0.117270346566971,-0.0168790568326165,0.562
"cw",0.983333333333333,0.0168608198347471,1,3,TRUE,202608250400,"primary",0.9,0,0.190282362252032,0.211859732084092,0.161766244913518,0.152934907982313,0.116689321193738,-0.00281711090539719,0.459999999999999
"gini",0.383333333333333,-0.0219879625176108,1,3,TRUE,202608250400,"primary",0.9,0,0.190282362252032,0.211859732084092,0.161766244913518,0.152934907982313,0.116689321193738,-0.00281711090539719,0.459999999999999
"oracle",0,-0.273016653858013,NA,NA,NA,202608250400,"primary",0.9,0,0.190282362252032,0.211859732084092,0.161766244913518,0.152934907982313,0.116689321193738,-0.00281711090539719,0.459999999999999
"over",0.983333333333333,0.0201164924694096,1,3,TRUE,202608250400,"primary",0.9,0,0.190282362252032,0.211859732084092,0.161766244913518,0.152934907982313,0.116689321193738,-0.00281711090539719,0.459999999999999
"raw",0.416666666666667,-0.02157736983206,1,3,TRUE,202608250400,"primary",0.9,0,0.190282362252032,0.211859732084092,0.161766244913518,0.152934907982313,0.116689321193738,-0.00281711090539719,0.459999999999999
"cw",1,0.0238802560738892,1,3,TRUE,202608250401,"primary",0.9,0,0.223317330408932,0.175612693771534,0.172577632233687,0.167660590903812,0.132660209711661,0.00222043889742653,0.461
"gini",0.766666666666667,0.0378446082823738,1,3,TRUE,202608250401,"primary",0.9,0,0.223317330408932,0.175612693771534,0.172577632233687,0.167660590903812,0.132660209711661,0.00222043889742653,0.461
"oracle",0,-0.322923057565066,NA,NA,NA,202608250401,"primary",0.9,0,0.223317330408932,0.175612693771534,0.172577632233687,0.167660590903812,0.132660209711661,0.00222043889742653,0.461
"over",1,0.0289254391802647,1,3,TRUE,202608250401,"primary",0.9,0,0.223317330408932,0.175612693771534,0.172577632233687,0.167660590903812,0.132660209711661,0.00222043889742653,0.461
"raw",0.8,0.0477046366373986,1,3,TRUE,202608250401,"primary",0.9,0,0.223317330408932,0.175612693771534,0.172577632233687,0.167660590903812,0.132660209711661,0.00222043889742653,0.461
"cw",1,0.0192430633727684,1,3,TRUE,202608250402,"primary",0.9,0,0.20910475935029,0.213089529204473,0.168558212313143,0.153822031738843,0.12912384488613,0.0151771843814537,0.494000000000001
"gini",0.45,-0.0076970920572221,1,3,TRUE,202608250402,"primary",0.9,0,0.20910475935029,0.213089529204473,0.168558212313143,0.153822031738843,0.12912384488613,0.0151771843814537,0.494000000000001
"oracle",0,-0.351961307387725,NA,NA,NA,202608250402,"primary",0.9,0,0.20910475935029,0.213089529204473,0.168558212313143,0.153822031738843,0.12912384488613,0.0151771843814537,0.494000000000001
"over",1,0.0234464061783794,1,3,TRUE,202608250402,"primary",0.9,0,0.20910475935029,0.213089529204473,0.168558212313143,0.153822031738843,0.12912384488613,0.0151771843814537,0.494000000000001
"raw",0.466666666666667,-0.00398476985418247,1,3,TRUE,202608250402,"primary",0.9,0,0.20910475935029,0.213089529204473,0.168558212313143,0.153822031738843,0.12912384488613,0.0151771843814537,0.494000000000001
"cw",1,0.0198509746729619,1,3,TRUE,202608250403,"primary",0.9,0,0.210831485595665,0.205517860175665,0.168663419165,0.164842101661112,0.125354987236586,0.0114764476957338,0.478
"gini",0.566666666666667,0.00491206174018619,1,3,TRUE,202608250403,"primary",0.9,0,0.210831485595665,0.205517860175665,0.168663419165,0.164842101661112,0.125354987236586,0.0114764476957338,0.478
"oracle",0,-0.357486591838361,NA,NA,NA,202608250403,"primary",0.9,0,0.210831485595665,0.205517860175665,0.168663419165,0.164842101661112,0.125354987236586,0.0114764476957338,0.478
"over",1,0.0238811017109169,1,3,TRUE,202608250403,"primary",0.9,0,0.210831485595665,0.205517860175665,0.168663419165,0.164842101661112,0.125354987236586,0.0114764476957338,0.478
"raw",0.583333333333333,0.00531362541999994,1,3,TRUE,202608250403,"primary",0.9,0,0.210831485595665,0.205517860175665,0.168663419165,0.164842101661112,0.125354987236586,0.0114764476957338,0.478
"cw",1,0.0216037544748655,1,3,TRUE,202608250404,"primary",0.9,0,0.215491681196936,0.196896606891925,0.187071871436887,0.156194569951891,0.12713811175084,-0.00454639959940173,0.713999999999999
"gini",0.516666666666667,0.00794246752149969,0.792079207920792,3,TRUE,202608250404,"primary",0.9,0,0.215491681196936,0.196896606891925,0.187071871436887,0.156194569951891,0.12713811175084,-0.00454639959940173,0.713999999999999
"oracle",0,-0.306231014429635,NA,NA,NA,202608250404,"primary",0.9,0,0.215491681196936,0.196896606891925,0.187071871436887,0.156194569951891,0.12713811175084,-0.00454639959940173,0.713999999999999
"over",1,0.0266432743681622,1,3,TRUE,202608250404,"primary",0.9,0,0.215491681196936,0.196896606891925,0.187071871436887,0.156194569951891,0.12713811175084,-0.00454639959940173,0.713999999999999
"raw",0.6,0.0185950743050108,0.792079207920792,3,TRUE,202608250404,"primary",0.9,0,0.215491681196936,0.196896606891925,0.187071871436887,0.156194569951891,0.12713811175084,-0.00454639959940173,0.713999999999999
"cw",0.983333333333333,0.00766322412762581,0.792079207920792,3,FALSE,202608250405,"primary",0.6,0,0.126174201798429,0.151329570267313,0.184439962072457,0.16902253497133,0.0794059575554915,-0.014314701664061,0.564
"gini",0.416666666666667,-0.0239375733825225,0.792079207920792,3,FALSE,202608250405,"primary",0.6,0,0.126174201798429,0.151329570267313,0.184439962072457,0.16902253497133,0.0794059575554915,-0.014314701664061,0.564
"oracle",0,-0.331272840484371,NA,NA,NA,202608250405,"primary",0.6,0,0.126174201798429,0.151329570267313,0.184439962072457,0.16902253497133,0.0794059575554915,-0.014314701664061,0.564
"over",0.983333333333333,0.0094227015239094,0.792079207920792,3,FALSE,202608250405,"primary",0.6,0,0.126174201798429,0.151329570267313,0.184439962072457,0.16902253497133,0.0794059575554915,-0.014314701664061,0.564
"raw",0.45,-0.0251553684688846,0.792079207920792,3,FALSE,202608250405,"primary",0.6,0,0.126174201798429,0.151329570267313,0.184439962072457,0.16902253497133,0.0794059575554915,-0.014314701664061,0.564
"cw",0.983333333333333,0.0147809835142093,1,3,TRUE,202608250406,"primary",0.8,0,0.195184787466549,0.206580875277924,0.182337669436634,0.184008869815708,0.114911948133509,0.0150666985000425,0.544
"gini",0.466666666666667,-0.0106092173194857,1,3,TRUE,202608250406,"primary",0.8,0,0.195184787466549,0.206580875277924,0.182337669436634,0.184008869815708,0.114911948133509,0.0150666985000425,0.544
"oracle",0,-0.365152978136043,NA,NA,NA,202608250406,"primary",0.8,0,0.195184787466549,0.206580875277924,0.182337669436634,0.184008869815708,0.114911948133509,0.0150666985000425,0.544
"over",0.983333333333333,0.0180971655735054,1,3,TRUE,202608250406,"primary",0.8,0,0.195184787466549,0.206580875277924,0.182337669436634,0.184008869815708,0.114911948133509,0.0150666985000425,0.544
"raw",0.483333333333333,-0.0113960878113754,1,3,TRUE,202608250406,"primary",0.8,0,0.195184787466549,0.206580875277924,0.182337669436634,0.184008869815708,0.114911948133509,0.0150666985000425,0.544
"cw",1,0.00815613490650024,1,3,TRUE,202608250407,"primary",0.9,0,0.144470198173979,0.169089369799062,0.156227125952055,0.152713893198527,0.0869497242958466,0.00840926864599826,0.385
"gini",0.35,-0.0207353595437813,1,3,TRUE,202608250407,"primary",0.9,0,0.144470198173979,0.169089369799062,0.156227125952055,0.152713893198527,0.0869497242958466,0.00840926864599826,0.385
"oracle",0,-0.405700779693646,NA,NA,NA,202608250407,"primary",0.9,0,0.144470198173979,0.169089369799062,0.156227125952055,0.152713893198527,0.0869497242958466,0.00840926864599826,0.385
"over",1,0.00968132030088004,1,3,TRUE,202608250407,"primary",0.9,0,0.144470198173979,0.169089369799062,0.156227125952055,0.152713893198527,0.0869497242958466,0.00840926864599826,0.385
"raw",0.383333333333333,-0.0246191716250827,1,3,TRUE,202608250407,"primary",0.9,0,0.144470198173979,0.169089369799062,0.156227125952055,0.152713893198527,0.0869497242958466,0.00840926864599826,0.385
"cw",1,0.0154382403827887,1,3,TRUE,202608250408,"primary",0.9,0,0.181872662135139,0.175476945197588,0.189234437738265,0.1629802722644,0.108696628333739,-0.0122824027112695,0.662000000000001
"gini",0.516666666666667,0.00169372171389712,1,3,TRUE,202608250408,"primary",0.9,0,0.181872662135139,0.175476945197588,0.189234437738265,0.1629802722644,0.108696628333739,-0.0122824027112695,0.662000000000001
"oracle",0,-0.381526859032264,NA,NA,NA,202608250408,"primary",0.9,0,0.181872662135139,0.175476945197588,0.189234437738265,0.1629802722644,0.108696628333739,-0.0122824027112695,0.662000000000001
"over",1,0.0189097383198139,1,3,TRUE,202608250408,"primary",0.9,0,0.181872662135139,0.175476945197588,0.189234437738265,0.1629802722644,0.108696628333739,-0.0122824027112695,0.662000000000001
"raw",0.55,0.00639571693755128,1,3,TRUE,202608250408,"primary",0.9,0,0.181872662135139,0.175476945197588,0.189234437738265,0.1629802722644,0.108696628333739,-0.0122824027112695,0.662000000000001
"cw",1,0.00923368337126353,0.792079207920792,3,FALSE,202608250409,"primary",0.6,0,0.139173873539403,0.183527155844205,0.151539559221027,0.17358782136389,0.085725918766061,-0.0162584222945078,0.500000000000001
"gini",0.3,-0.0339647965852094,0.792079207920792,3,FALSE,202608250409,"primary",0.6,0,0.139173873539403,0.183527155844205,0.151539559221027,0.17358782136389,0.085725918766061,-0.0162584222945078,0.500000000000001
"oracle",0,-0.403920509719327,NA,NA,NA,202608250409,"primary",0.6,0,0.139173873539403,0.183527155844205,0.151539559221027,0.17358782136389,0.085725918766061,-0.0162584222945078,0.500000000000001
"over",1,0.0109036983479361,0.792079207920792,3,FALSE,202608250409,"primary",0.6,0,0.139173873539403,0.183527155844205,0.151539559221027,0.17358782136389,0.085725918766061,-0.0162584222945078,0.500000000000001
"raw",0.283333333333333,-0.0443532823048023,0.792079207920792,3,FALSE,202608250409,"primary",0.6,0,0.139173873539403,0.183527155844205,0.151539559221027,0.17358782136389,0.085725918766061,-0.0162584222945078,0.500000000000001
"cw",1,0.0233502333226373,1,3,TRUE,202608250410,"primary",0.9,0,0.214821535233891,0.160717267239379,0.182199059825134,0.158983605456927,0.135391109923966,-0.0119723593700858,0.600000000000001
"gini",0.816666666666667,0.0405874033252757,1,3,TRUE,202608250410,"primary",0.9,0,0.214821535233891,0.160717267239379,0.182199059825134,0.158983605456927,0.135391109923966,-0.0119723593700858,0.600000000000001
"oracle",0,-0.308713233670679,NA,NA,NA,202608250410,"primary",0.9,0,0.214821535233891,0.160717267239379,0.182199059825134,0.158983605456927,0.135391109923966,-0.0119723593700858,0.600000000000001
"over",1,0.0286513879154272,1,3,TRUE,202608250410,"primary",0.9,0,0.214821535233891,0.160717267239379,0.182199059825134,0.158983605456927,0.135391109923966,-0.0119723593700858,0.600000000000001
"raw",0.833333333333333,0.054104267994512,1,3,TRUE,202608250410,"primary",0.9,0,0.214821535233891,0.160717267239379,0.182199059825134,0.158983605456927,0.135391109923966,-0.0119723593700858,0.600000000000001
"cw",0.916666666666667,0.00633726905035198,0.641025641025641,3,FALSE,202608250411,"primary",0.5,0,0.137126891250172,0.192832254909965,0.178208643996499,0.162550738452376,0.0832053532971405,0.00877627126357955,0.384
"gini",0.216666666666667,-0.0491804719038585,0.626666666666667,3,FALSE,202608250411,"primary",0.5,0,0.137126891250172,0.192832254909965,0.178208643996499,0.162550738452376,0.0832053532971405,0.00877627126357955,0.384
"oracle",0,-0.351547059554289,NA,NA,NA,202608250411,"primary",0.5,0,0.137126891250172,0.192832254909965,0.178208643996499,0.162550738452376,0.0832053532971405,0.00877627126357955,0.384
"over",0.9,0.00756316354144317,0.641025641025641,3,FALSE,202608250411,"primary",0.5,0,0.137126891250172,0.192832254909965,0.178208643996499,0.162550738452376,0.0832053532971405,0.00877627126357955,0.384
"raw",0.216666666666667,-0.0557053636597931,0.626666666666667,3,FALSE,202608250411,"primary",0.5,0,0.137126891250172,0.192832254909965,0.178208643996499,0.162550738452376,0.0832053532971405,0.00877627126357955,0.384
"cw",1,0.0205669455445171,1,3,TRUE,202608250412,"primary",0.9,0,0.213673687840019,0.201977437285583,0.153812845077705,0.160263964480337,0.126587887154552,0.00876967483954642,0.558
"gini",0.6,0.00961500240408386,1,3,TRUE,202608250412,"primary",0.9,0,0.213673687840019,0.201977437285583,0.153812845077705,0.160263964480337,0.126587887154552,0.00876967483954642,0.558
"oracle",0,-0.387124577724608,NA,NA,NA,202608250412,"primary",0.9,0,0.213673687840019,0.201977437285583,0.153812845077705,0.160263964480337,0.126587887154552,0.00876967483954642,0.558
"over",1,0.0243501435122416,1,3,TRUE,202608250412,"primary",0.9,0,0.213673687840019,0.201977437285583,0.153812845077705,0.160263964480337,0.126587887154552,0.00876967483954642,0.558
"raw",0.583333333333333,0.0116962505544359,1,3,TRUE,202608250412,"primary",0.9,0,0.213673687840019,0.201977437285583,0.153812845077705,0.160263964480337,0.126587887154552,0.00876967483954642,0.558
"cw",0.966666666666667,0.0101652783873462,1,3,TRUE,202608250413,"primary",0.8,0,0.163256742683172,0.197720702058713,0.181504137029338,0.167962389215033,0.095140700996054,0.00736945199297208,0.576000000000001
"gini",0.333333333333333,-0.0308065600334962,1,3,TRUE,202608250413,"primary",0.8,0,0.163256742683172,0.197720702058713,0.181504137029338,0.167962389215033,0.095140700996054,0.00736945199297208,0.576000000000001
"oracle",0,-0.445510143697545,NA,NA,NA,202608250413,"primary",0.8,0,0.163256742683172,0.197720702058713,0.181504137029338,0.167962389215033,0.095140700996054,0.00736945199297208,0.576000000000001
"over",0.966666666666667,0.0124907326163088,1,3,TRUE,202608250413,"primary",0.8,0,0.163256742683172,0.197720702058713,0.181504137029338,0.167962389215033,0.095140700996054,0.00736945199297208,0.576000000000001
"raw",0.366666666666667,-0.0344639593755411,1,3,TRUE,202608250413,"primary",0.8,0,0.163256742683172,0.197720702058713,0.181504137029338,0.167962389215033,0.095140700996054,0.00736945199297208,0.576000000000001
"cw",1,0.0171413829040894,1,3,TRUE,202608250414,"primary",0.9,0,0.184881245144466,0.20359772909041,0.168462785300504,0.164425563299314,0.111895062588461,-0.0293589446951054,0.67
"gini",0.45,-0.0179680085784021,1,3,TRUE,202608250414,"primary",0.9,0,0.184881245144466,0.20359772909041,0.168462785300504,0.164425563299314,0.111895062588461,-0.0293589446951054,0.67
"oracle",0,-0.369799026927207,NA,NA,NA,202608250414,"primary",0.9,0,0.184881245144466,0.20359772909041,0.168462785300504,0.164425563299314,0.111895062588461,-0.0293589446951054,0.67
"over",1,0.0206515570503807,1,3,TRUE,202608250414,"primary",0.9,0,0.184881245144466,0.20359772909041,0.168462785300504,0.164425563299314,0.111895062588461,-0.0293589446951054,0.67
"raw",0.383333333333333,-0.0187164839459439,1,3,TRUE,202608250414,"primary",0.9,0,0.184881245144466,0.20359772909041,0.168462785300504,0.164425563299314,0.111895062588461,-0.0293589446951054,0.67
"cw",1,0.0118369187258288,1,3,TRUE,202608250415,"primary",0.9,0,0.152246645080583,0.116523703922026,0.178587224377713,0.16533039571755,0.0918126120802826,-0.0126408718520249,0.524999999999999
"gini",0.583333333333333,0.025823532374936,1,3,TRUE,202608250415,"primary",0.9,0,0.152246645080583,0.116523703922026,0.178587224377713,0.16533039571755,0.0918126120802826,-0.0126408718520249,0.524999999999999
"oracle",0,-0.36962917092332,NA,NA,NA,202608250415,"primary",0.9,0,0.152246645080583,0.116523703922026,0.178587224377713,0.16533039571755,0.0918126120802826,-0.0126408718520249,0.524999999999999
"over",1,0.0144660426923165,1,3,TRUE,202608250415,"primary",0.9,0,0.152246645080583,0.116523703922026,0.178587224377713,0.16533039571755,0.0918126120802826,-0.0126408718520249,0.524999999999999
"raw",0.633333333333333,0.0357229411585575,1,3,TRUE,202608250415,"primary",0.9,0,0.152246645080583,0.116523703922026,0.178587224377713,0.16533039571755,0.0918126120802826,-0.0126408718520249,0.524999999999999
"cw",1,0.0182397080296355,0.792079207920792,3,FALSE,202608250416,"primary",0.6,0,0.189364971358817,0.113457259462689,0.153655637215814,0.171883783274315,0.112255114125372,-0.0110845542677887,0.629
"gini",0.766666666666667,0.0653345596876529,0.792079207920792,3,FALSE,202608250416,"primary",0.6,0,0.189364971358817,0.113457259462689,0.153655637215814,0.171883783274315,0.112255114125372,-0.0110845542677887,0.629
"oracle",0,-0.363078658450988,NA,NA,NA,202608250416,"primary",0.6,0,0.189364971358817,0.113457259462689,0.153655637215814,0.171883783274315,0.112255114125372,-0.0110845542677887,0.629
"over",1,0.0215903222804519,0.792079207920792,3,FALSE,202608250416,"primary",0.6,0,0.189364971358817,0.113457259462689,0.153655637215814,0.171883783274315,0.112255114125372,-0.0110845542677887,0.629
"raw",0.766666666666667,0.0759077118961278,0.792079207920792,3,FALSE,202608250416,"primary",0.6,0,0.189364971358817,0.113457259462689,0.153655637215814,0.171883783274315,0.112255114125372,-0.0110845542677887,0.629
"cw",1,0.00926118406958138,1,3,TRUE,202608250417,"primary",0.9,0,0.155607754357986,0.192721610398004,0.161470889263431,0.177055904687365,0.0894244970369075,0.0011274185390695,0.432
"gini",0.366666666666667,-0.0297495952922961,1,3,TRUE,202608250417,"primary",0.9,0,0.155607754357986,0.192721610398004,0.161470889263431,0.177055904687365,0.0894244970369075,0.0011274185390695,0.432
"oracle",0,-0.381628491297752,NA,NA,NA,202608250417,"primary",0.9,0,0.155607754357986,0.192721610398004,0.161470889263431,0.177055904687365,0.0894244970369075,0.0011274185390695,0.432
"over",1,0.0111020692190315,1,3,TRUE,202608250417,"primary",0.9,0,0.155607754357986,0.192721610398004,0.161470889263431,0.177055904687365,0.0894244970369075,0.0011274185390695,0.432
"raw",0.316666666666667,-0.0371138560400177,1,3,TRUE,202608250417,"primary",0.9,0,0.155607754357986,0.192721610398004,0.161470889263431,0.177055904687365,0.0894244970369075,0.0011274185390695,0.432
"cw",1,0.0161080455317365,1,3,TRUE,202608250418,"primary",0.9,0,0.188402163746667,0.169917799095443,0.163974291793871,0.155570762236372,0.113536908730088,0.0103789731636635,0.673
"gini",0.483333333333333,0.0123183785658998,1,3,TRUE,202608250418,"primary",0.9,0,0.188402163746667,0.169917799095443,0.163974291793871,0.155570762236372,0.113536908730088,0.0103789731636635,0.673
"oracle",0,-0.443769354670915,NA,NA,NA,202608250418,"primary",0.9,0,0.188402163746667,0.169917799095443,0.163974291793871,0.155570762236372,0.113536908730088,0.0103789731636635,0.673
"over",1,0.0193680996703864,1,3,TRUE,202608250418,"primary",0.9,0,0.188402163746667,0.169917799095443,0.163974291793871,0.155570762236372,0.113536908730088,0.0103789731636635,0.673
"raw",0.5,0.0184843646512239,1,3,TRUE,202608250418,"primary",0.9,0,0.188402163746667,0.169917799095443,0.163974291793871,0.155570762236372,0.113536908730088,0.0103789731636635,0.673
"cw",0.983333333333333,0.0136961533689165,1,3,TRUE,202608250419,"primary",0.9,0,0.176893079721445,0.136538575395025,0.181741570211792,0.167897556743853,0.104294458190616,0.0107449162544679,0.544
"gini",0.65,0.0293176808188553,1,3,TRUE,202608250419,"primary",0.9,0,0.176893079721445,0.136538575395025,0.181741570211792,0.167897556743853,0.104294458190616,0.0107449162544679,0.544
"oracle",0,-0.37671422149338,NA,NA,NA,202608250419,"primary",0.9,0,0.176893079721445,0.136538575395025,0.181741570211792,0.167897556743853,0.104294458190616,0.0107449162544679,0.544
"over",0.983333333333333,0.0168620513345554,1,3,TRUE,202608250419,"primary",0.9,0,0.176893079721445,0.136538575395025,0.181741570211792,0.167897556743853,0.104294458190616,0.0107449162544679,0.544
"raw",0.716666666666667,0.0403545043264198,1,3,TRUE,202608250419,"primary",0.9,0,0.176893079721445,0.136538575395025,0.181741570211792,0.167897556743853,0.104294458190616,0.0107449162544679,0.544
"cw",1,0.0170883194515498,1,3,TRUE,202608250420,"primary",0.9,0,0.189225019763179,0.139649747693744,0.171451778297122,0.160806191257093,0.115391103387268,-0.0078293773843162,0.546999999999999
"gini",0.816666666666667,0.0398084832745191,1,3,TRUE,202608250420,"primary",0.9,0,0.189225019763179,0.139649747693744,0.171451778297122,0.160806191257093,0.115391103387268,-0.0078293773843162,0.546999999999999
"oracle",0,-0.314762905583368,NA,NA,NA,202608250420,"primary",0.9,0,0.189225019763179,0.139649747693744,0.171451778297122,0.160806191257093,0.115391103387268,-0.0078293773843162,0.546999999999999
"over",1,0.020655427661303,1,3,TRUE,202608250420,"primary",0.9,0,0.189225019763179,0.139649747693744,0.171451778297122,0.160806191257093,0.115391103387268,-0.0078293773843162,0.546999999999999
"raw",0.783333333333333,0.0495752720694346,1,3,TRUE,202608250420,"primary",0.9,0,0.189225019763179,0.139649747693744,0.171451778297122,0.160806191257093,0.115391103387268,-0.0078293773843162,0.546999999999999
"cw",1,0.0115411565639106,1,3,TRUE,202608250421,"primary",0.9,0,0.155596918953989,0.194118110743169,0.160702359698188,0.173402911967923,0.0916110690024612,-0.012368026374835,0.561
"gini",0.333333333333333,-0.0322534209160719,1,3,TRUE,202608250421,"primary",0.9,0,0.155596918953989,0.194118110743169,0.160702359698188,0.173402911967923,0.0916110690024612,-0.012368026374835,0.561
"oracle",0,-0.359264807742535,NA,NA,NA,202608250421,"primary",0.9,0,0.155596918953989,0.194118110743169,0.160702359698188,0.173402911967923,0.0916110690024612,-0.012368026374835,0.561
"over",1,0.0138385650737494,1,3,TRUE,202608250421,"primary",0.9,0,0.155596918953989,0.194118110743169,0.160702359698188,0.173402911967923,0.0916110690024612,-0.012368026374835,0.561
"raw",0.333333333333333,-0.0385211917891801,1,3,TRUE,202608250421,"primary",0.9,0,0.155596918953989,0.194118110743169,0.160702359698188,0.173402911967923,0.0916110690024612,-0.012368026374835,0.561
"cw",1,0.0131597821335779,1,3,TRUE,202608250422,"primary",0.9,0,0.170898610836024,0.15723330204095,0.160109276428777,0.177519450822037,0.100161232819111,-0.00514999393534693,0.669
"gini",0.55,0.0117540874843592,1,3,TRUE,202608250422,"primary",0.9,0,0.170898610836024,0.15723330204095,0.160109276428777,0.177519450822037,0.100161232819111,-0.00514999393534693,0.669
"oracle",0.0166666666666667,-0.34113861456316,NA,NA,NA,202608250422,"primary",0.9,0,0.170898610836024,0.15723330204095,0.160109276428777,0.177519450822037,0.100161232819111,-0.00514999393534693,0.669
"over",1,0.0159372775724199,1,3,TRUE,202608250422,"primary",0.9,0,0.170898610836024,0.15723330204095,0.160109276428777,0.177519450822037,0.100161232819111,-0.00514999393534693,0.669
"raw",0.55,0.0136653087950734,1,3,TRUE,202608250422,"primary",0.9,0,0.170898610836024,0.15723330204095,0.160109276428777,0.177519450822037,0.100161232819111,-0.00514999393534693,0.669
"cw",1,0.0172043345816349,1,3,TRUE,202608250423,"primary",0.9,0,0.203779281288411,0.179460290688946,0.1459894815956,0.159356957562974,0.122470952041422,0.0225581071229532,0.401
"gini",0.65,0.0227337339941227,1,3,TRUE,202608250423,"primary",0.9,0,0.203779281288411,0.179460290688946,0.1459894815956,0.159356957562974,0.122470952041422,0.0225581071229532,0.401
"oracle",0,-0.304752558978224,NA,NA,NA,202608250423,"primary",0.9,0,0.203779281288411,0.179460290688946,0.1459894815956,0.159356957562974,0.122470952041422,0.0225581071229532,0.401
"over",1,0.0201211734920633,1,3,TRUE,202608250423,"primary",0.9,0,0.203779281288411,0.179460290688946,0.1459894815956,0.159356957562974,0.122470952041422,0.0225581071229532,0.401
"raw",0.65,0.0243189905994648,1,3,TRUE,202608250423,"primary",0.9,0,0.203779281288411,0.179460290688946,0.1459894815956,0.159356957562974,0.122470952041422,0.0225581071229532,0.401
"cw",1,0.00749700313843364,0.792079207920792,3,FALSE,202608250424,"primary",0.6,0,0.123229051221486,0.127496618846565,0.170066754253368,0.184051475522031,0.0720804230217908,-0.033966615034325,0.414
"gini",0.583333333333333,-0.00388973572620929,0.792079207920792,3,FALSE,202608250424,"primary",0.6,0,0.123229051221486,0.127496618846565,0.170066754253368,0.184051475522031,0.0720804230217908,-0.033966615034325,0.414
"oracle",0,-0.456178797770348,NA,NA,NA,202608250424,"primary",0.6,0,0.123229051221486,0.127496618846565,0.170066754253368,0.184051475522031,0.0720804230217908,-0.033966615034325,0.414
"over",1,0.00916496732687531,0.792079207920792,3,FALSE,202608250424,"primary",0.6,0,0.123229051221486,0.127496618846565,0.170066754253368,0.184051475522031,0.0720804230217908,-0.033966615034325,0.414
"raw",0.583333333333333,-0.0042675676250782,0.792079207920792,3,FALSE,202608250424,"primary",0.6,0,0.123229051221486,0.127496618846565,0.170066754253368,0.184051475522031,0.0720804230217908,-0.033966615034325,0.414
"cw",0.916666666666667,0.0112776258629914,1,3,TRUE,202608250425,"primary",0.8,0,0.16226155285757,0.216961434700779,0.161340385094746,0.178064964146257,0.102240954328576,0.0161439352320749,0.431000000000001
"gini",0.35,-0.0459554923652121,1,3,TRUE,202608250425,"primary",0.8,0,0.16226155285757,0.216961434700779,0.161340385094746,0.178064964146257,0.102240954328576,0.0161439352320749,0.431000000000001
"oracle",0,-0.402714791917262,NA,NA,NA,202608250425,"primary",0.8,0,0.16226155285757,0.216961434700779,0.161340385094746,0.178064964146257,0.102240954328576,0.0161439352320749,0.431000000000001
"over",0.933333333333333,0.0134692647440181,1,3,TRUE,202608250425,"primary",0.8,0,0.16226155285757,0.216961434700779,0.161340385094746,0.178064964146257,0.102240954328576,0.0161439352320749,0.431000000000001
"raw",0.333333333333333,-0.0546998818432085,1,3,TRUE,202608250425,"primary",0.8,0,0.16226155285757,0.216961434700779,0.161340385094746,0.178064964146257,0.102240954328576,0.0161439352320749,0.431000000000001
"cw",1,0.0145205136834824,1,3,TRUE,202608250426,"primary",0.9,0,0.177795969289796,0.172011597444658,0.171386083552941,0.15528462517897,0.106905020085375,-0.00571187362040249,0.423999999999999
"gini",0.466666666666667,0.00297080502163452,1,3,TRUE,202608250426,"primary",0.9,0,0.177795969289796,0.172011597444658,0.171386083552941,0.15528462517897,0.106905020085375,-0.00571187362040249,0.423999999999999
"oracle",0,-0.338757825140965,NA,NA,NA,202608250426,"primary",0.9,0,0.177795969289796,0.172011597444658,0.171386083552941,0.15528462517897,0.106905020085375,-0.00571187362040249,0.423999999999999
"over",1,0.0175338916048209,1,3,TRUE,202608250426,"primary",0.9,0,0.177795969289796,0.172011597444658,0.171386083552941,0.15528462517897,0.106905020085375,-0.00571187362040249,0.423999999999999
"raw",0.483333333333333,0.00578437184513833,1,3,TRUE,202608250426,"primary",0.9,0,0.177795969289796,0.172011597444658,0.171386083552941,0.15528462517897,0.106905020085375,-0.00571187362040249,0.423999999999999
"cw",1,0.0115650841623892,1,3,TRUE,202608250427,"primary",0.9,0,0.1511731245988,0.192084916613685,0.165601565463711,0.156792252310172,0.0920032038451298,-0.00999560741277132,0.577
"gini",0.233333333333333,-0.0377367150398133,1,3,TRUE,202608250427,"primary",0.9,0,0.1511731245988,0.192084916613685,0.165601565463711,0.156792252310172,0.0920032038451298,-0.00999560741277132,0.577
"oracle",0,-0.439554952380066,NA,NA,NA,202608250427,"primary",0.9,0,0.1511731245988,0.192084916613685,0.165601565463711,0.156792252310172,0.0920032038451298,-0.00999560741277132,0.577
"over",1,0.0140349312099297,1,3,TRUE,202608250427,"primary",0.9,0,0.1511731245988,0.192084916613685,0.165601565463711,0.156792252310172,0.0920032038451298,-0.00999560741277132,0.577
"raw",0.233333333333333,-0.0409117920148852,1,3,TRUE,202608250427,"primary",0.9,0,0.1511731245988,0.192084916613685,0.165601565463711,0.156792252310172,0.0920032038451298,-0.00999560741277132,0.577
"cw",1,0.0129101554751534,1,3,TRUE,202608250428,"primary",0.9,0,0.164498813136792,0.183619387738595,0.177347217931399,0.172833253106189,0.101046620039976,0.00289240101031153,0.456999999999999
"gini",0.383333333333333,-0.0187679361886594,1,3,TRUE,202608250428,"primary",0.9,0,0.164498813136792,0.183619387738595,0.177347217931399,0.172833253106189,0.101046620039976,0.00289240101031153,0.456999999999999
"oracle",0.0166666666666667,-0.308963004623345,NA,NA,NA,202608250428,"primary",0.9,0,0.164498813136792,0.183619387738595,0.177347217931399,0.172833253106189,0.101046620039976,0.00289240101031153,0.456999999999999
"over",1,0.015695505416447,1,3,TRUE,202608250428,"primary",0.9,0,0.164498813136792,0.183619387738595,0.177347217931399,0.172833253106189,0.101046620039976,0.00289240101031153,0.456999999999999
"raw",0.383333333333333,-0.019120574601803,1,3,TRUE,202608250428,"primary",0.9,0,0.164498813136792,0.183619387738595,0.177347217931399,0.172833253106189,0.101046620039976,0.00289240101031153,0.456999999999999
"cw",0.983333333333333,0.0148285621843494,1,3,TRUE,202608250429,"primary",0.8,0,0.178295037836319,0.150400210468972,0.170118474300282,0.167521115331775,0.109448090781255,0.00169258795446004,0.556000000000001
"gini",0.6,0.0223057585162796,1,3,TRUE,202608250429,"primary",0.8,0,0.178295037836319,0.150400210468972,0.170118474300282,0.167521115331775,0.109448090781255,0.00169258795446004,0.556000000000001
"oracle",0,-0.407661196801153,NA,NA,NA,202608250429,"primary",0.8,0,0.178295037836319,0.150400210468972,0.170118474300282,0.167521115331775,0.109448090781255,0.00169258795446004,0.556000000000001
"over",0.983333333333333,0.0177548405197443,1,3,TRUE,202608250429,"primary",0.8,0,0.178295037836319,0.150400210468972,0.170118474300282,0.167521115331775,0.109448090781255,0.00169258795446004,0.556000000000001
"raw",0.616666666666667,0.0278948273673469,1,3,TRUE,202608250429,"primary",0.8,0,0.178295037836319,0.150400210468972,0.170118474300282,0.167521115331775,0.109448090781255,0.00169258795446004,0.556000000000001
"cw",1,0.0147864463728432,1,3,TRUE,202608250430,"primary",0.9,0,0.179111786555449,0.187739827811869,0.184886044639152,0.166854907334313,0.103712544414043,-0.0104974797939234,0.472
"gini",0.483333333333333,-0.011257457027722,1,3,TRUE,202608250430,"primary",0.9,0,0.179111786555449,0.187739827811869,0.184886044639152,0.166854907334313,0.103712544414043,-0.0104974797939234,0.472
"oracle",0,-0.37262478860503,NA,NA,NA,202608250430,"primary",0.9,0,0.179111786555449,0.187739827811869,0.184886044639152,0.166854907334313,0.103712544414043,-0.0104974797939234,0.472
"over",1,0.0181540154944339,1,3,TRUE,202608250430,"primary",0.9,0,0.179111786555449,0.187739827811869,0.184886044639152,0.166854907334313,0.103712544414043,-0.0104974797939234,0.472
"raw",0.483333333333333,-0.00862804125641992,1,3,TRUE,202608250430,"primary",0.9,0,0.179111786555449,0.187739827811869,0.184886044639152,0.166854907334313,0.103712544414043,-0.0104974797939234,0.472
"cw",1,0.0123154505451374,1,3,TRUE,202608250431,"primary",0.8,0,0.166669426220408,0.188602805077109,0.170899048794698,0.15403551793588,0.100240440218998,0.00923396266233907,0.538
"gini",0.366666666666667,-0.0225291780992565,1,3,TRUE,202608250431,"primary",0.8,0,0.166669426220408,0.188602805077109,0.170899048794698,0.15403551793588,0.100240440218998,0.00923396266233907,0.538
"oracle",0,-0.339296689046564,NA,NA,NA,202608250431,"primary",0.8,0,0.166669426220408,0.188602805077109,0.170899048794698,0.15403551793588,0.100240440218998,0.00923396266233907,0.538
"over",1,0.0148891391077592,1,3,TRUE,202608250431,"primary",0.8,0,0.166669426220408,0.188602805077109,0.170899048794698,0.15403551793588,0.100240440218998,0.00923396266233907,0.538
"raw",0.383333333333333,-0.0219333788567015,1,3,TRUE,202608250431,"primary",0.8,0,0.166669426220408,0.188602805077109,0.170899048794698,0.15403551793588,0.100240440218998,0.00923396266233907,0.538
"cw",1,0.0131303049880484,1,3,TRUE,202608250432,"primary",0.9,0,0.166235810196364,0.167012682090025,0.168169113510518,0.170562701746375,0.104225743496601,-0.00761576514372374,0.715
"gini",0.45,-0.000426289405057012,1,3,TRUE,202608250432,"primary",0.9,0,0.166235810196364,0.167012682090025,0.168169113510518,0.170562701746375,0.104225743496601,-0.00761576514372374,0.715
"oracle",0,-0.349422993173991,NA,NA,NA,202608250432,"primary",0.9,0,0.166235810196364,0.167012682090025,0.168169113510518,0.170562701746375,0.104225743496601,-0.00761576514372374,0.715
"over",1,0.0157849532667755,1,3,TRUE,202608250432,"primary",0.9,0,0.166235810196364,0.167012682090025,0.168169113510518,0.170562701746375,0.104225743496601,-0.00761576514372374,0.715
"raw",0.433333333333333,-0.00077687189366063,1,3,TRUE,202608250432,"primary",0.9,0,0.166235810196364,0.167012682090025,0.168169113510518,0.170562701746375,0.104225743496601,-0.00761576514372374,0.715
"cw",0.983333333333333,0.011741857701487,1,3,TRUE,202608250433,"primary",0.9,0,0.158546228403909,0.157875319691575,0.181383403151339,0.172864617390009,0.0964544078263084,-0.0168739070016585,0.440000000000001
"gini",0.533333333333333,-0.00319669568972072,0.792079207920792,3,TRUE,202608250433,"primary",0.9,0,0.158546228403909,0.157875319691575,0.181383403151339,0.172864617390009,0.0964544078263084,-0.0168739070016585,0.440000000000001
"oracle",0,-0.366309055498389,NA,NA,NA,202608250433,"primary",0.9,0,0.158546228403909,0.157875319691575,0.181383403151339,0.172864617390009,0.0964544078263084,-0.0168739070016585,0.440000000000001
"over",0.983333333333333,0.014386609606788,1,3,TRUE,202608250433,"primary",0.9,0,0.158546228403909,0.157875319691575,0.181383403151339,0.172864617390009,0.0964544078263084,-0.0168739070016585,0.440000000000001
"raw",0.533333333333333,0.000670908712334051,0.792079207920792,3,TRUE,202608250433,"primary",0.9,0,0.158546228403909,0.157875319691575,0.181383403151339,0.172864617390009,0.0964544078263084,-0.0168739070016585,0.440000000000001
"cw",0.983333333333333,0.00965903065725544,0.792079207920792,3,FALSE,202608250434,"primary",0.6,0,0.143958128287267,0.179425550428367,0.170884202421444,0.159674878219165,0.087835198129699,-0.0132378367481559,0.459
"gini",0.416666666666667,-0.0336694367752518,0.792079207920792,3,FALSE,202608250434,"primary",0.6,0,0.143958128287267,0.179425550428367,0.170884202421444,0.159674878219165,0.087835198129699,-0.0132378367481559,0.459
"oracle",0,-0.439478673420955,NA,NA,NA,202608250434,"primary",0.6,0,0.143958128287267,0.179425550428367,0.170884202421444,0.159674878219165,0.087835198129699,-0.0132378367481559,0.459
"over",0.983333333333333,0.0117231605532654,0.792079207920792,3,FALSE,202608250434,"primary",0.6,0,0.143958128287267,0.179425550428367,0.170884202421444,0.159674878219165,0.087835198129699,-0.0132378367481559,0.459
"raw",0.4,-0.0354674221410997,0.792079207920792,3,FALSE,202608250434,"primary",0.6,0,0.143958128287267,0.179425550428367,0.170884202421444,0.159674878219165,0.087835198129699,-0.0132378367481559,0.459
"cw",1,0.0178380593503951,1,3,TRUE,202608250435,"primary",0.9,0,0.19918751709848,0.208267714864044,0.159657047834203,0.156078651802103,0.118700541672021,0.00917388705362781,0.519
"gini",0.433333333333333,-0.00877970605535031,1,3,TRUE,202608250435,"primary",0.9,0,0.19918751709848,0.208267714864044,0.159657047834203,0.156078651802103,0.118700541672021,0.00917388705362781,0.519
"oracle",0,-0.318599152444662,NA,NA,NA,202608250435,"primary",0.9,0,0.19918751709848,0.208267714864044,0.159657047834203,0.156078651802103,0.118700541672021,0.00917388705362781,0.519
"over",1,0.0211848493583901,1,3,TRUE,202608250435,"primary",0.9,0,0.19918751709848,0.208267714864044,0.159657047834203,0.156078651802103,0.118700541672021,0.00917388705362781,0.519
"raw",0.45,-0.00908019776556351,1,3,TRUE,202608250435,"primary",0.9,0,0.19918751709848,0.208267714864044,0.159657047834203,0.156078651802103,0.118700541672021,0.00917388705362781,0.519
"cw",1,0.0109120319656255,0.902777777777778,4,FALSE,202608250436,"primary",0.8,0,0.156032665592549,0.187820753901158,0.169713070292933,0.187134025299729,0.0944487356720825,0.00414960890984685,0.753
"gini",0.45,-0.0224856280766694,1,3,TRUE,202608250436,"primary",0.8,0,0.156032665592549,0.187820753901158,0.169713070292933,0.187134025299729,0.0944487356720825,0.00414960890984685,0.753
"oracle",0,-0.364053270510561,NA,NA,NA,202608250436,"primary",0.8,0,0.156032665592549,0.187820753901158,0.169713070292933,0.187134025299729,0.0944487356720825,0.00414960890984685,0.753
"over",0.983333333333333,0.013065823420972,0.902777777777778,4,FALSE,202608250436,"primary",0.8,0,0.156032665592549,0.187820753901158,0.169713070292933,0.187134025299729,0.0944487356720825,0.00414960890984685,0.753
"raw",0.4,-0.0317880883086091,1,3,TRUE,202608250436,"primary",0.8,0,0.156032665592549,0.187820753901158,0.169713070292933,0.187134025299729,0.0944487356720825,0.00414960890984685,0.753
"cw",1,0.00700654842670239,1,3,TRUE,202608250437,"primary",0.9,0,0.12248515948898,0.155036333161754,0.16934900646483,0.166920832545437,0.075888133863011,-0.0115189926863504,0.571999999999999
"gini",0.383333333333333,-0.0293938753218459,1,3,TRUE,202608250437,"primary",0.9,0,0.12248515948898,0.155036333161754,0.16934900646483,0.166920832545437,0.075888133863011,-0.0115189926863504,0.571999999999999
"oracle",0,-0.45115496752435,NA,NA,NA,202608250437,"primary",0.9,0,0.12248515948898,0.155036333161754,0.16934900646483,0.166920832545437,0.075888133863011,-0.0115189926863504,0.571999999999999
"over",1,0.00845142178058197,1,3,TRUE,202608250437,"primary",0.9,0,0.12248515948898,0.155036333161754,0.16934900646483,0.166920832545437,0.075888133863011,-0.0115189926863504,0.571999999999999
"raw",0.4,-0.0325511736727743,1,3,TRUE,202608250437,"primary",0.9,0,0.12248515948898,0.155036333161754,0.16934900646483,0.166920832545437,0.075888133863011,-0.0115189926863504,0.571999999999999
"cw",1,0.0115428697017008,1,3,TRUE,202608250438,"primary",0.9,0,0.157943623205138,0.16317202230308,0.183820917874012,0.165259290446204,0.0976026337185208,-0.002138059688627,0.494
"gini",0.4,-0.00715672353275784,1,3,TRUE,202608250438,"primary",0.9,0,0.157943623205138,0.16317202230308,0.183820917874012,0.165259290446204,0.0976026337185208,-0.002138059688627,0.494
"oracle",0,-0.382206910536813,NA,NA,NA,202608250438,"primary",0.9,0,0.157943623205138,0.16317202230308,0.183820917874012,0.165259290446204,0.0976026337185208,-0.002138059688627,0.494
"over",1,0.0140916084141918,1,3,TRUE,202608250438,"primary",0.9,0,0.157943623205138,0.16317202230308,0.183820917874012,0.165259290446204,0.0976026337185208,-0.002138059688627,0.494
"raw",0.433333333333333,-0.00522839909794137,1,3,TRUE,202608250438,"primary",0.9,0,0.157943623205138,0.16317202230308,0.183820917874012,0.165259290446204,0.0976026337185208,-0.002138059688627,0.494
"cw",1,0.0096091622251799,0.533333333333333,2,FALSE,202608250439,"primary",0.3,0,0.146307435715246,0.186903281467751,0.167321480670292,0.177236030646491,0.085860669418825,-0.00303208479978367,0.641
"gini",0.3,-0.0301179419574824,0.614886731391586,3,FALSE,202608250439,"primary",0.3,0,0.146307435715246,0.186903281467751,0.167321480670292,0.177236030646491,0.085860669418825,-0.00303208479978367,0.641
"oracle",0,-0.411832089824053,NA,NA,NA,202608250439,"primary",0.3,0,0.146307435715246,0.186903281467751,0.167321480670292,0.177236030646491,0.085860669418825,-0.00303208479978367,0.641
"over",1,0.0114857129891137,0.533333333333333,2,FALSE,202608250439,"primary",0.3,0,0.146307435715246,0.186903281467751,0.167321480670292,0.177236030646491,0.085860669418825,-0.00303208479978367,0.641
"raw",0.3,-0.0405958457525047,0.614886731391586,3,FALSE,202608250439,"primary",0.3,0,0.146307435715246,0.186903281467751,0.167321480670292,0.177236030646491,0.085860669418825,-0.00303208479978367,0.641
"cw",1,0.0171475692926245,1,3,TRUE,202608250440,"primary",0.9,0,0.184949233966037,0.182331943221367,0.175101435683276,0.162038211613361,0.111426154225136,-0.00999191356164584,0.619999999999999
"gini",0.4,-0.000190774369459495,1,3,TRUE,202608250440,"primary",0.9,0,0.184949233966037,0.182331943221367,0.175101435683276,0.162038211613361,0.111426154225136,-0.00999191356164584,0.619999999999999
"oracle",0,-0.356912003058045,NA,NA,NA,202608250440,"primary",0.9,0,0.184949233966037,0.182331943221367,0.175101435683276,0.162038211613361,0.111426154225136,-0.00999191356164584,0.619999999999999
"over",1,0.020922819527318,1,3,TRUE,202608250440,"primary",0.9,0,0.184949233966037,0.182331943221367,0.175101435683276,0.162038211613361,0.111426154225136,-0.00999191356164584,0.619999999999999
"raw",0.483333333333333,0.00261729074466999,1,3,TRUE,202608250440,"primary",0.9,0,0.184949233966037,0.182331943221367,0.175101435683276,0.162038211613361,0.111426154225136,-0.00999191356164584,0.619999999999999
"cw",0.933333333333333,0.00782934427714407,1,3,TRUE,202608250441,"primary",0.9,0,0.140497612907622,0.156047189727225,0.178942260229547,0.156094783403001,0.0871654307455417,-0.0107013896299339,0.498999999999999
"gini",0.433333333333333,-0.0158485750606791,1,3,TRUE,202608250441,"primary",0.9,0,0.140497612907622,0.156047189727225,0.178942260229547,0.156094783403001,0.0871654307455417,-0.0107013896299339,0.498999999999999
"oracle",0,-0.443399360674585,NA,NA,NA,202608250441,"primary",0.9,0,0.140497612907622,0.156047189727225,0.178942260229547,0.156094783403001,0.0871654307455417,-0.0107013896299339,0.498999999999999
"over",0.933333333333333,0.00935227637288097,1,3,TRUE,202608250441,"primary",0.9,0,0.140497612907622,0.156047189727225,0.178942260229547,0.156094783403001,0.0871654307455417,-0.0107013896299339,0.498999999999999
"raw",0.5,-0.0155495768196028,1,3,TRUE,202608250441,"primary",0.9,0,0.140497612907622,0.156047189727225,0.178942260229547,0.156094783403001,0.0871654307455417,-0.0107013896299339,0.498999999999999
"cw",1,0.0155289855931017,1,3,TRUE,202608250442,"primary",0.9,0,0.176469269835421,0.171608656559619,0.152402977821333,0.153460017247618,0.107094003270709,-0.0306607398744522,0.478999999999999
"gini",0.566666666666667,0.00496666592741352,1,3,TRUE,202608250442,"primary",0.9,0,0.176469269835421,0.171608656559619,0.152402977821333,0.153460017247618,0.107094003270709,-0.0306607398744522,0.478999999999999
"oracle",0,-0.453714365066262,NA,NA,NA,202608250442,"primary",0.9,0,0.176469269835421,0.171608656559619,0.152402977821333,0.153460017247618,0.107094003270709,-0.0306607398744522,0.478999999999999
"over",1,0.0181930325768399,1,3,TRUE,202608250442,"primary",0.9,0,0.176469269835421,0.171608656559619,0.152402977821333,0.153460017247618,0.107094003270709,-0.0306607398744522,0.478999999999999
"raw",0.55,0.0048606132758017,1,3,TRUE,202608250442,"primary",0.9,0,0.176469269835421,0.171608656559619,0.152402977821333,0.153460017247618,0.107094003270709,-0.0306607398744522,0.478999999999999
"cw",1,0.0159891032118242,1,3,TRUE,202608250443,"primary",0.9,0,0.177591367268752,0.159079100238571,0.172462683424886,0.157795501577392,0.110804130800216,-0.00773874432964221,0.401
"gini",0.533333333333333,0.0117145629268882,1,3,TRUE,202608250443,"primary",0.9,0,0.177591367268752,0.159079100238571,0.172462683424886,0.157795501577392,0.110804130800216,-0.00773874432964221,0.401
"oracle",0.0166666666666667,-0.344050407632727,NA,NA,NA,202608250443,"primary",0.9,0,0.177591367268752,0.159079100238571,0.172462683424886,0.157795501577392,0.110804130800216,-0.00773874432964221,0.401
"over",1,0.0193986755092162,1,3,TRUE,202608250443,"primary",0.9,0,0.177591367268752,0.159079100238571,0.172462683424886,0.157795501577392,0.110804130800216,-0.00773874432964221,0.401
"raw",0.566666666666667,0.018512267030181,1,3,TRUE,202608250443,"primary",0.9,0,0.177591367268752,0.159079100238571,0.172462683424886,0.157795501577392,0.110804130800216,-0.00773874432964221,0.401
"cw",0.966666666666667,0.00744282872739225,0.792079207920792,3,FALSE,202608250444,"primary",0.6,0,0.135837780284828,0.210150431874012,0.162882009638859,0.172151841620692,0.0760580679403165,-0.00875746662436503,0.695
"gini",0.183333333333333,-0.0587819251093128,0.792079207920792,3,FALSE,202608250444,"primary",0.6,0,0.135837780284828,0.210150431874012,0.162882009638859,0.172151841620692,0.0760580679403165,-0.00875746662436503,0.695
"oracle",0,-0.329618883882931,NA,NA,NA,202608250444,"primary",0.6,0,0.135837780284828,0.210150431874012,0.162882009638859,0.172151841620692,0.0760580679403165,-0.00875746662436503,0.695
"over",0.966666666666667,0.00878268690609676,0.792079207920792,3,FALSE,202608250444,"primary",0.6,0,0.135837780284828,0.210150431874012,0.162882009638859,0.172151841620692,0.0760580679403165,-0.00875746662436503,0.695
"raw",0.183333333333333,-0.0743126515891834,0.792079207920792,3,FALSE,202608250444,"primary",0.6,0,0.135837780284828,0.210150431874012,0.162882009638859,0.172151841620692,0.0760580679403165,-0.00875746662436503,0.695
"cw",1,0.0102255194892532,0.792079207920792,3,FALSE,202608250445,"primary",0.6,0,0.143880196275193,0.19435622025933,0.173031549490115,0.175693184749093,0.0876294546663841,-0.0159970285994168,0.680999999999999
"gini",0.35,-0.0421602418143737,0.792079207920792,3,FALSE,202608250445,"primary",0.6,0,0.143880196275193,0.19435622025933,0.173031549490115,0.175693184749093,0.0876294546663841,-0.0159970285994168,0.680999999999999
"oracle",0,-0.401573654377244,NA,NA,NA,202608250445,"primary",0.6,0,0.143880196275193,0.19435622025933,0.173031549490115,0.175693184749093,0.0876294546663841,-0.0159970285994168,0.680999999999999
"over",1,0.0124178035818571,0.792079207920792,3,FALSE,202608250445,"primary",0.6,0,0.143880196275193,0.19435622025933,0.173031549490115,0.175693184749093,0.0876294546663841,-0.0159970285994168,0.680999999999999
"raw",0.35,-0.0504760239841374,0.792079207920792,3,FALSE,202608250445,"primary",0.6,0,0.143880196275193,0.19435622025933,0.173031549490115,0.175693184749093,0.0876294546663841,-0.0159970285994168,0.680999999999999
"cw",1,0.0108543584675268,1,3,TRUE,202608250446,"primary",0.9,0,0.154417526710231,0.161373273277606,0.151559710754782,0.14610831225055,0.0906769004988965,0.00297892969140693,0.703999999999999
"gini",0.483333333333333,-0.00694951609200134,1,3,TRUE,202608250446,"primary",0.9,0,0.154417526710231,0.161373273277606,0.151559710754782,0.14610831225055,0.0906769004988965,0.00297892969140693,0.703999999999999
"oracle",0,-0.357640760687018,NA,NA,NA,202608250446,"primary",0.9,0,0.154417526710231,0.161373273277606,0.151559710754782,0.14610831225055,0.0906769004988965,0.00297892969140693,0.703999999999999
"over",1,0.0128321808257785,1,3,TRUE,202608250446,"primary",0.9,0,0.154417526710231,0.161373273277606,0.151559710754782,0.14610831225055,0.0906769004988965,0.00297892969140693,0.703999999999999
"raw",0.483333333333333,-0.00695574656737447,1,3,TRUE,202608250446,"primary",0.9,0,0.154417526710231,0.161373273277606,0.151559710754782,0.14610831225055,0.0906769004988965,0.00297892969140693,0.703999999999999
"cw",1,0.0103153232569762,1,3,TRUE,202608250447,"primary",0.9,0,0.152268666768683,0.148028580175291,0.17896840521496,0.168866657196802,0.0930348252333573,-0.00727687588676138,0.556000000000001
"gini",0.516666666666667,0.00210562067955018,1,3,TRUE,202608250447,"primary",0.9,0,0.152268666768683,0.148028580175291,0.17896840521496,0.168866657196802,0.0930348252333573,-0.00727687588676138,0.556000000000001
"oracle",0,-0.395132035413651,NA,NA,NA,202608250447,"primary",0.9,0,0.152268666768683,0.148028580175291,0.17896840521496,0.168866657196802,0.0930348252333573,-0.00727687588676138,0.556000000000001
"over",1,0.0125217910246574,1,3,TRUE,202608250447,"primary",0.9,0,0.152268666768683,0.148028580175291,0.17896840521496,0.168866657196802,0.0930348252333573,-0.00727687588676138,0.556000000000001
"raw",0.533333333333333,0.00424008659339178,1,3,TRUE,202608250447,"primary",0.9,0,0.152268666768683,0.148028580175291,0.17896840521496,0.168866657196802,0.0930348252333573,-0.00727687588676138,0.556000000000001
"cw",0.983333333333333,0.0100826303179195,0.792079207920792,3,FALSE,202608250448,"primary",0.8,0,0.142594332536638,0.187603996593728,0.175456950156516,0.139539228809127,0.0819850764269147,-0.00987936931549556,0.683999999999999
"gini",0.3,-0.0472864644490912,0.792079207920792,3,FALSE,202608250448,"primary",0.8,0,0.142594332536638,0.187603996593728,0.175456950156516,0.139539228809127,0.0819850764269147,-0.00987936931549556,0.683999999999999
"oracle",0,-0.429079620922043,NA,NA,NA,202608250448,"primary",0.8,0,0.142594332536638,0.187603996593728,0.175456950156516,0.139539228809127,0.0819850764269147,-0.00987936931549556,0.683999999999999
"over",0.983333333333333,0.0123633598937668,0.792079207920792,3,FALSE,202608250448,"primary",0.8,0,0.142594332536638,0.187603996593728,0.175456950156516,0.139539228809127,0.0819850764269147,-0.00987936931549556,0.683999999999999
"raw",0.316666666666667,-0.0450096640570899,0.792079207920792,3,FALSE,202608250448,"primary",0.8,0,0.142594332536638,0.187603996593728,0.175456950156516,0.139539228809127,0.0819850764269147,-0.00987936931549556,0.683999999999999
"cw",1,0.016019132243373,1,3,TRUE,202608250449,"primary",0.9,0,0.179691217353448,0.131208818188745,0.158549113015258,0.156042751844303,0.107510614398668,-0.014569966512924,0.357999999999999
"gini",0.75,0.0396571413504914,1,3,TRUE,202608250449,"primary",0.9,0,0.179691217353448,0.131208818188745,0.158549113015258,0.156042751844303,0.107510614398668,-0.014569966512924,0.357999999999999
"oracle",0,-0.367123327976809,NA,NA,NA,202608250449,"primary",0.9,0,0.179691217353448,0.131208818188745,0.158549113015258,0.156042751844303,0.107510614398668,-0.014569966512924,0.357999999999999
"over",1,0.0190833715592422,1,3,TRUE,202608250449,"primary",0.9,0,0.179691217353448,0.131208818188745,0.158549113015258,0.156042751844303,0.107510614398668,-0.014569966512924,0.357999999999999
"raw",0.75,0.0484823991647033,1,3,TRUE,202608250449,"primary",0.9,0,0.179691217353448,0.131208818188745,0.158549113015258,0.156042751844303,0.107510614398668,-0.014569966512924,0.357999999999999
"cw",0.966666666666667,0.018022405931659,1,3,TRUE,202608250450,"primary",0.9,0,0.197329099689123,0.21426677900678,0.156631187741039,0.158883326490681,0.117959311275218,-0.00141487893303709,0.441000000000001
"gini",0.483333333333333,-0.012507879421552,1,3,TRUE,202608250450,"primary",0.9,0,0.197329099689123,0.21426677900678,0.156631187741039,0.158883326490681,0.117959311275218,-0.00141487893303709,0.441000000000001
"oracle",0,-0.371958087845986,NA,NA,NA,202608250450,"primary",0.9,0,0.197329099689123,0.21426677900678,0.156631187741039,0.158883326490681,0.117959311275218,-0.00141487893303709,0.441000000000001
"over",0.966666666666667,0.021227620877029,1,3,TRUE,202608250450,"primary",0.9,0,0.197329099689123,0.21426677900678,0.156631187741039,0.158883326490681,0.117959311275218,-0.00141487893303709,0.441000000000001
"raw",0.483333333333333,-0.0169376793176564,1,3,TRUE,202608250450,"primary",0.9,0,0.197329099689123,0.21426677900678,0.156631187741039,0.158883326490681,0.117959311275218,-0.00141487893303709,0.441000000000001
"cw",1,0.0127306437119948,1,3,TRUE,202608250451,"primary",0.9,0,0.160598380392963,0.17960945148119,0.15380677370853,0.167594953733426,0.100170339523434,5.18592810074334e-05,0.513999999999999
"gini",0.4,-0.0157727164466056,1,3,TRUE,202608250451,"primary",0.9,0,0.160598380392963,0.17960945148119,0.15380677370853,0.167594953733426,0.100170339523434,5.18592810074334e-05,0.513999999999999
"oracle",0,-0.309831626488048,NA,NA,NA,202608250451,"primary",0.9,0,0.160598380392963,0.17960945148119,0.15380677370853,0.167594953733426,0.100170339523434,5.18592810074334e-05,0.513999999999999
"over",1,0.0150564049934474,1,3,TRUE,202608250451,"primary",0.9,0,0.160598380392963,0.17960945148119,0.15380677370853,0.167594953733426,0.100170339523434,5.18592810074334e-05,0.513999999999999
"raw",0.366666666666667,-0.0190110710882271,1,3,TRUE,202608250451,"primary",0.9,0,0.160598380392963,0.17960945148119,0.15380677370853,0.167594953733426,0.100170339523434,5.18592810074334e-05,0.513999999999999
"cw",1,0.00883323390813643,1,3,TRUE,202608250452,"primary",0.9,0,0.144891598833085,0.221281325032144,0.161384675520954,0.175702605826719,0.0853950600073132,0.00177425173895543,0.665000000000001
"gini",0.116666666666667,-0.0615148806474663,1,3,TRUE,202608250452,"primary",0.9,0,0.144891598833085,0.221281325032144,0.161384675520954,0.175702605826719,0.0853950600073132,0.00177425173895543,0.665000000000001
"oracle",0,-0.461514134636961,NA,NA,NA,202608250452,"primary",0.9,0,0.144891598833085,0.221281325032144,0.161384675520954,0.175702605826719,0.0853950600073132,0.00177425173895543,0.665000000000001
"over",1,0.0104900824594272,1,3,TRUE,202608250452,"primary",0.9,0,0.144891598833085,0.221281325032144,0.161384675520954,0.175702605826719,0.0853950600073132,0.00177425173895543,0.665000000000001
"raw",0.1,-0.0763897261990592,1,3,TRUE,202608250452,"primary",0.9,0,0.144891598833085,0.221281325032144,0.161384675520954,0.175702605826719,0.0853950600073132,0.00177425173895543,0.665000000000001
"cw",1,0.00912137741577207,1,3,TRUE,202608250453,"primary",0.9,0,0.145788360078207,0.153080060907193,0.17697776392618,0.165668259377031,0.0862533345619842,-0.00589173728916108,0.414999999999999
"gini",0.4,-0.00781736059470112,1,3,TRUE,202608250453,"primary",0.9,0,0.145788360078207,0.153080060907193,0.17697776392618,0.165668259377031,0.0862533345619842,-0.00589173728916108,0.414999999999999
"oracle",0,-0.358932235133875,NA,NA,NA,202608250453,"primary",0.9,0,0.145788360078207,0.153080060907193,0.17697776392618,0.165668259377031,0.0862533345619842,-0.00589173728916108,0.414999999999999
"over",1,0.0110811093124269,1,3,TRUE,202608250453,"primary",0.9,0,0.145788360078207,0.153080060907193,0.17697776392618,0.165668259377031,0.0862533345619842,-0.00589173728916108,0.414999999999999
"raw",0.433333333333333,-0.00729170082898556,1,3,TRUE,202608250453,"primary",0.9,0,0.145788360078207,0.153080060907193,0.17697776392618,0.165668259377031,0.0862533345619842,-0.00589173728916108,0.414999999999999
"cw",1,0.0145809089596192,1,3,TRUE,202608250454,"primary",0.9,0,0.173986872174307,0.174925040533672,0.176400971487279,0.1591152180932,0.108815208450195,-0.0053522463812316,0.606999999999999
"gini",0.483333333333333,-0.00432609365934911,1,3,TRUE,202608250454,"primary",0.9,0,0.173986872174307,0.174925040533672,0.176400971487279,0.1591152180932,0.108815208450195,-0.0053522463812316,0.606999999999999
"oracle",0,-0.350168694490628,NA,NA,NA,202608250454,"primary",0.9,0,0.173986872174307,0.174925040533672,0.176400971487279,0.1591152180932,0.108815208450195,-0.0053522463812316,0.606999999999999
"over",1,0.0178538876707882,1,3,TRUE,202608250454,"primary",0.9,0,0.173986872174307,0.174925040533672,0.176400971487279,0.1591152180932,0.108815208450195,-0.0053522463812316,0.606999999999999
"raw",0.533333333333333,-0.000938168359364916,1,3,TRUE,202608250454,"primary",0.9,0,0.173986872174307,0.174925040533672,0.176400971487279,0.1591152180932,0.108815208450195,-0.0053522463812316,0.606999999999999
"cw",1,0.0103118126175826,1,3,TRUE,202608250455,"primary",0.9,0,0.146992098116079,0.168538450204371,0.195158054481284,0.166651637127178,0.0886696315009197,-0.0134775274929554,0.489000000000001
"gini",0.3,-0.0223201859986783,1,3,TRUE,202608250455,"primary",0.9,0,0.146992098116079,0.168538450204371,0.195158054481284,0.166651637127178,0.0886696315009197,-0.0134775274929554,0.489000000000001
"oracle",0,-0.391766133208197,NA,NA,NA,202608250455,"primary",0.9,0,0.146992098116079,0.168538450204371,0.195158054481284,0.166651637127178,0.0886696315009197,-0.0134775274929554,0.489000000000001
"over",1,0.0129145718371468,1,3,TRUE,202608250455,"primary",0.9,0,0.146992098116079,0.168538450204371,0.195158054481284,0.166651637127178,0.0886696315009197,-0.0134775274929554,0.489000000000001
"raw",0.35,-0.0215463520882922,1,3,TRUE,202608250455,"primary",0.9,0,0.146992098116079,0.168538450204371,0.195158054481284,0.166651637127178,0.0886696315009197,-0.0134775274929554,0.489000000000001
"cw",0.966666666666667,0.0130004254862368,1,3,TRUE,202608250456,"primary",0.8,0,0.1686061216247,0.178370924694818,0.161634832497289,0.162346058423486,0.100998404056292,-0.00260610391805351,0.436
"gini",0.466666666666667,-0.00935706991241508,1,3,TRUE,202608250456,"primary",0.8,0,0.1686061216247,0.178370924694818,0.161634832497289,0.162346058423486,0.100998404056292,-0.00260610391805351,0.436
"oracle",0,-0.448939439522949,NA,NA,NA,202608250456,"primary",0.8,0,0.1686061216247,0.178370924694818,0.161634832497289,0.162346058423486,0.100998404056292,-0.00260610391805351,0.436
"over",0.966666666666667,0.0155494170953485,1,3,TRUE,202608250456,"primary",0.8,0,0.1686061216247,0.178370924694818,0.161634832497289,0.162346058423486,0.100998404056292,-0.00260610391805351,0.436
"raw",0.5,-0.00976480307011837,1,3,TRUE,202608250456,"primary",0.8,0,0.1686061216247,0.178370924694818,0.161634832497289,0.162346058423486,0.100998404056292,-0.00260610391805351,0.436
"cw",0.716666666666667,0.00344772516949588,0.792079207920792,3,FALSE,202608250457,"primary",0.7,0,0.111326622846039,0.176068812699122,0.185488564971063,0.152916961148699,0.0682697404767633,0.0145295502591604,0.526999999999999
"gini",0.283333333333333,-0.0603532120438812,0.641025641025641,3,FALSE,202608250457,"primary",0.7,0,0.111326622846039,0.176068812699122,0.185488564971063,0.152916961148699,0.0682697404767633,0.0145295502591604,0.526999999999999
"oracle",0,-0.504063691721021,NA,NA,NA,202608250457,"primary",0.7,0,0.111326622846039,0.176068812699122,0.185488564971063,0.152916961148699,0.0682697404767633,0.0145295502591604,0.526999999999999
"over",0.716666666666667,0.00438848111989201,0.792079207920792,3,FALSE,202608250457,"primary",0.7,0,0.111326622846039,0.176068812699122,0.185488564971063,0.152916961148699,0.0682697404767633,0.0145295502591604,0.526999999999999
"raw",0.283333333333333,-0.0647421898530837,0.641025641025641,3,FALSE,202608250457,"primary",0.7,0,0.111326622846039,0.176068812699122,0.185488564971063,0.152916961148699,0.0682697404767633,0.0145295502591604,0.526999999999999
"cw",1,0.0131336063044157,1,3,TRUE,202608250458,"primary",0.9,0,0.162773327441978,0.169565693153785,0.163978536278367,0.172375830629406,0.0976778454178963,-0.00494254203528214,0.420999999999999
"gini",0.5,-0.0043100184273831,1,3,TRUE,202608250458,"primary",0.9,0,0.162773327441978,0.169565693153785,0.163978536278367,0.172375830629406,0.0976778454178963,-0.00494254203528214,0.420999999999999
"oracle",0,-0.365122186999993,NA,NA,NA,202608250458,"primary",0.9,0,0.162773327441978,0.169565693153785,0.163978536278367,0.172375830629406,0.0976778454178963,-0.00494254203528214,0.420999999999999
"over",1,0.015787940748835,1,3,TRUE,202608250458,"primary",0.9,0,0.162773327441978,0.169565693153785,0.163978536278367,0.172375830629406,0.0976778454178963,-0.00494254203528214,0.420999999999999
"raw",0.5,-0.00679236571180736,1,3,TRUE,202608250458,"primary",0.9,0,0.162773327441978,0.169565693153785,0.163978536278367,0.172375830629406,0.0976778454178963,-0.00494254203528214,0.420999999999999
"cw",1,0.0168071938555059,1,3,TRUE,202608250459,"primary",0.9,0,0.186695186832612,0.145904968400713,0.172905429873068,0.171034736088347,0.109316005823756,-0.0161640176959965,0.419
"gini",0.733333333333333,0.0324478627807428,1,3,TRUE,202608250459,"primary",0.9,0,0.186695186832612,0.145904968400713,0.172905429873068,0.171034736088347,0.109316005823756,-0.0161640176959965,0.419
"oracle",0,-0.266380705978931,NA,NA,NA,202608250459,"primary",0.9,0,0.186695186832612,0.145904968400713,0.172905429873068,0.171034736088347,0.109316005823756,-0.0161640176959965,0.419
"over",1,0.0203208751011006,1,3,TRUE,202608250459,"primary",0.9,0,0.186695186832612,0.145904968400713,0.172905429873068,0.171034736088347,0.109316005823756,-0.0161640176959965,0.419
"raw",0.683333333333333,0.0407902184318991,1,3,TRUE,202608250459,"primary",0.9,0,0.186695186832612,0.145904968400713,0.172905429873068,0.171034736088347,0.109316005823756,-0.0161640176959965,0.419
"cw",0.933333333333333,0.00616846901466499,0.792079207920792,3,FALSE,202608250460,"primary",0.6,0,0.125817322403414,0.2106955069186,0.196541429764791,0.153330893263842,0.0767572668485642,-0.00456315432584981,0.408999999999999
"gini",0.166666666666667,-0.0788228557771424,0.792079207920792,3,FALSE,202608250460,"primary",0.6,0,0.125817322403414,0.2106955069186,0.196541429764791,0.153330893263842,0.0767572668485642,-0.00456315432584981,0.408999999999999
"oracle",0,-0.426923244486342,NA,NA,NA,202608250460,"primary",0.6,0,0.125817322403414,0.2106955069186,0.196541429764791,0.153330893263842,0.0767572668485642,-0.00456315432584981,0.408999999999999
"over",0.933333333333333,0.00786736655871808,0.792079207920792,3,FALSE,202608250460,"primary",0.6,0,0.125817322403414,0.2106955069186,0.196541429764791,0.153330893263842,0.0767572668485642,-0.00456315432584981,0.408999999999999
"raw",0.183333333333333,-0.0848781845151858,0.792079207920792,3,FALSE,202608250460,"primary",0.6,0,0.125817322403414,0.2106955069186,0.196541429764791,0.153330893263842,0.0767572668485642,-0.00456315432584981,0.408999999999999
"cw",1,0.00985210776798254,1,3,TRUE,202608250461,"primary",0.9,0,0.143202934627209,0.188448339148034,0.169037805770815,0.137256949407322,0.0878206543463878,-0.00514286522692751,0.376999999999999
"gini",0.266666666666667,-0.0450567731591279,1,3,TRUE,202608250461,"primary",0.9,0,0.143202934627209,0.188448339148034,0.169037805770815,0.137256949407322,0.0878206543463878,-0.00514286522692751,0.376999999999999
"oracle",0,-0.406267199675501,NA,NA,NA,202608250461,"primary",0.9,0,0.143202934627209,0.188448339148034,0.169037805770815,0.137256949407322,0.0878206543463878,-0.00514286522692751,0.376999999999999
"over",1,0.0118910145795513,1,3,TRUE,202608250461,"primary",0.9,0,0.143202934627209,0.188448339148034,0.169037805770815,0.137256949407322,0.0878206543463878,-0.00514286522692751,0.376999999999999
"raw",0.316666666666667,-0.0452454045208255,1,3,TRUE,202608250461,"primary",0.9,0,0.143202934627209,0.188448339148034,0.169037805770815,0.137256949407322,0.0878206543463878,-0.00514286522692751,0.376999999999999
"cw",0.933333333333333,0.00499551490730059,0.514851485148515,3,FALSE,202608250462,"primary",0.4,0,0.108920343054956,0.239099035643231,0.202421770884111,0.162152265222552,0.0727294914554372,0.00946727264005549,0.439
"gini",0.0666666666666667,-0.114491389388092,0.478964401294498,3,FALSE,202608250462,"primary",0.4,0,0.108920343054956,0.239099035643231,0.202421770884111,0.162152265222552,0.0727294914554372,0.00946727264005549,0.439
"oracle",0,-0.400442007645434,NA,NA,NA,202608250462,"primary",0.4,0,0.108920343054956,0.239099035643231,0.202421770884111,0.162152265222552,0.0727294914554372,0.00946727264005549,0.439
"over",0.933333333333333,0.0063395850322063,0.514851485148515,3,FALSE,202608250462,"primary",0.4,0,0.108920343054956,0.239099035643231,0.202421770884111,0.162152265222552,0.0727294914554372,0.00946727264005549,0.439
"raw",0.0666666666666667,-0.130178692588274,0.478964401294498,3,FALSE,202608250462,"primary",0.4,0,0.108920343054956,0.239099035643231,0.202421770884111,0.162152265222552,0.0727294914554372,0.00946727264005549,0.439
"cw",1,0.00902115254146308,1,3,TRUE,202608250463,"primary",0.9,0,0.136925148830347,0.155492802984461,0.192244626483741,0.161212650215157,0.0800101526683892,-0.0192350323885626,0.529999999999999
"gini",0.466666666666667,-0.0212141783371788,1,3,TRUE,202608250463,"primary",0.9,0,0.136925148830347,0.155492802984461,0.192244626483741,0.161212650215157,0.0800101526683892,-0.0192350323885626,0.529999999999999
"oracle",0,-0.442283682221728,NA,NA,NA,202608250463,"primary",0.9,0,0.136925148830347,0.155492802984461,0.192244626483741,0.161212650215157,0.0800101526683892,-0.0192350323885626,0.529999999999999
"over",1,0.0113038671129286,1,3,TRUE,202608250463,"primary",0.9,0,0.136925148830347,0.155492802984461,0.192244626483741,0.161212650215157,0.0800101526683892,-0.0192350323885626,0.529999999999999
"raw",0.466666666666667,-0.018567654154114,1,3,TRUE,202608250463,"primary",0.9,0,0.136925148830347,0.155492802984461,0.192244626483741,0.161212650215157,0.0800101526683892,-0.0192350323885626,0.529999999999999
"cw",1,0.0140585667483379,1,3,TRUE,202608250464,"primary",0.9,0,0.176167231540665,0.166503736593989,0.181828303524475,0.180031506753781,0.10709170785254,-0.0122718690439689,0.576000000000001
"gini",0.533333333333333,0.00672646707888908,1,3,TRUE,202608250464,"primary",0.9,0,0.176167231540665,0.166503736593989,0.181828303524475,0.180031506753781,0.10709170785254,-0.0122718690439689,0.576000000000001
"oracle",0,-0.389334074449336,NA,NA,NA,202608250464,"primary",0.9,0,0.176167231540665,0.166503736593989,0.181828303524475,0.180031506753781,0.10709170785254,-0.0122718690439689,0.576000000000001
"over",1,0.0172114671548507,1,3,TRUE,202608250464,"primary",0.9,0,0.176167231540665,0.166503736593989,0.181828303524475,0.180031506753781,0.10709170785254,-0.0122718690439689,0.576000000000001
"raw",0.533333333333333,0.00966349494667648,1,3,TRUE,202608250464,"primary",0.9,0,0.176167231540665,0.166503736593989,0.181828303524475,0.180031506753781,0.10709170785254,-0.0122718690439689,0.576000000000001
"cw",0.983333333333333,0.0145999564652423,0.792079207920792,3,FALSE,202608250465,"primary",0.6,0,0.175378118061564,0.140608152576045,0.188505178283697,0.173791905271019,0.108134949971979,-0.00577570970878387,0.488999999999999
"gini",0.633333333333333,0.0246086193027503,0.792079207920792,3,FALSE,202608250465,"primary",0.6,0,0.175378118061564,0.140608152576045,0.188505178283697,0.173791905271019,0.108134949971979,-0.00577570970878387,0.488999999999999
"oracle",0,-0.312286796554436,NA,NA,NA,202608250465,"primary",0.6,0,0.175378118061564,0.140608152576045,0.188505178283697,0.173791905271019,0.108134949971979,-0.00577570970878387,0.488999999999999
"over",0.983333333333333,0.0181210353178596,0.792079207920792,3,FALSE,202608250465,"primary",0.6,0,0.175378118061564,0.140608152576045,0.188505178283697,0.173791905271019,0.108134949971979,-0.00577570970878387,0.488999999999999
"raw",0.633333333333333,0.0347699654855188,0.792079207920792,3,FALSE,202608250465,"primary",0.6,0,0.175378118061564,0.140608152576045,0.188505178283697,0.173791905271019,0.108134949971979,-0.00577570970878387,0.488999999999999
"cw",1,0.0179030488931356,1,3,TRUE,202608250466,"primary",0.9,0,0.19224444123819,0.153946649212326,0.143811243103862,0.158830441496697,0.118564047481252,-0.00601673548330392,0.468999999999999
"gini",0.716666666666667,0.0371737135541569,1,3,TRUE,202608250466,"primary",0.9,0,0.19224444123819,0.153946649212326,0.143811243103862,0.158830441496697,0.118564047481252,-0.00601673548330392,0.468999999999999
"oracle",0,-0.333290164360515,NA,NA,NA,202608250466,"primary",0.9,0,0.19224444123819,0.153946649212326,0.143811243103862,0.158830441496697,0.118564047481252,-0.00601673548330392,0.468999999999999
"over",1,0.0208942500073777,1,3,TRUE,202608250466,"primary",0.9,0,0.19224444123819,0.153946649212326,0.143811243103862,0.158830441496697,0.118564047481252,-0.00601673548330392,0.468999999999999
"raw",0.716666666666667,0.0382977920258643,1,3,TRUE,202608250466,"primary",0.9,0,0.19224444123819,0.153946649212326,0.143811243103862,0.158830441496697,0.118564047481252,-0.00601673548330392,0.468999999999999
"cw",1,0.0163469667252657,1,3,TRUE,202608250467,"primary",0.9,0,0.181409040338043,0.158612822268679,0.142338368969561,0.157043300392869,0.109454680666391,-0.0149198556636552,0.493
"gini",0.6,0.0226988693300091,1,3,TRUE,202608250467,"primary",0.9,0,0.181409040338043,0.158612822268679,0.142338368969561,0.157043300392869,0.109454680666391,-0.0149198556636552,0.493
"oracle",0,-0.416033692178069,NA,NA,NA,202608250467,"primary",0.9,0,0.181409040338043,0.158612822268679,0.142338368969561,0.157043300392869,0.109454680666391,-0.0149198556636552,0.493
"over",1,0.0189952999624207,1,3,TRUE,202608250467,"primary",0.9,0,0.181409040338043,0.158612822268679,0.142338368969561,0.157043300392869,0.109454680666391,-0.0149198556636552,0.493
"raw",0.616666666666667,0.0227962180693649,1,3,TRUE,202608250467,"primary",0.9,0,0.181409040338043,0.158612822268679,0.142338368969561,0.157043300392869,0.109454680666391,-0.0149198556636552,0.493
"cw",1,0.00973401261513604,1,3,TRUE,202608250468,"primary",0.9,0,0.139270933980169,0.176474360667131,0.169406224060043,0.151937618440911,0.0839620306945691,-0.00535259291758025,0.545
"gini",0.3,-0.0338148274135365,1,3,TRUE,202608250468,"primary",0.9,0,0.139270933980169,0.176474360667131,0.169406224060043,0.151937618440911,0.0839620306945691,-0.00535259291758025,0.545
"oracle",0,-0.41673396848731,NA,NA,NA,202608250468,"primary",0.9,0,0.139270933980169,0.176474360667131,0.169406224060043,0.151937618440911,0.0839620306945691,-0.00535259291758025,0.545
"over",1,0.0118064327840629,1,3,TRUE,202608250468,"primary",0.9,0,0.139270933980169,0.176474360667131,0.169406224060043,0.151937618440911,0.0839620306945691,-0.00535259291758025,0.545
"raw",0.316666666666667,-0.0372034266869622,1,3,TRUE,202608250468,"primary",0.9,0,0.139270933980169,0.176474360667131,0.169406224060043,0.151937618440911,0.0839620306945691,-0.00535259291758025,0.545
"cw",1,0.0167067981169058,1,3,TRUE,202608250469,"primary",0.9,0,0.181730986824187,0.158031472104019,0.15800287050372,0.165012492060343,0.111457757547015,-0.00726998356615823,0.491
"gini",0.733333333333333,0.0194282079263828,1,3,TRUE,202608250469,"primary",0.9,0,0.181730986824187,0.158031472104019,0.15800287050372,0.165012492060343,0.111457757547015,-0.00726998356615823,0.491
"oracle",0.116666666666667,-0.235492426792453,NA,NA,NA,202608250469,"primary",0.9,0,0.181730986824187,0.158031472104019,0.15800287050372,0.165012492060343,0.111457757547015,-0.00726998356615823,0.491
"over",1,0.0200294381824424,1,3,TRUE,202608250469,"primary",0.9,0,0.181730986824187,0.158031472104019,0.15800287050372,0.165012492060343,0.111457757547015,-0.00726998356615823,0.491
"raw",0.666666666666667,0.0236995147201686,1,3,TRUE,202608250469,"primary",0.9,0,0.181730986824187,0.158031472104019,0.15800287050372,0.165012492060343,0.111457757547015,-0.00726998356615823,0.491
"cw",1,0.0213246687724641,1,3,TRUE,202608250470,"primary",0.9,0,0.207776474738664,0.199180019998517,0.180488682068474,0.152544767208656,0.126468263407931,-0.00845591911407079,0.516999999999999
"gini",0.45,-0.000376488108756234,1,3,TRUE,202608250470,"primary",0.9,0,0.207776474738664,0.199180019998517,0.180488682068474,0.152544767208656,0.126468263407931,-0.00845591911407079,0.516999999999999
"oracle",0,-0.308519866045787,NA,NA,NA,202608250470,"primary",0.9,0,0.207776474738664,0.199180019998517,0.180488682068474,0.152544767208656,0.126468263407931,-0.00845591911407079,0.516999999999999
"over",1,0.0262622717813972,1,3,TRUE,202608250470,"primary",0.9,0,0.207776474738664,0.199180019998517,0.180488682068474,0.152544767208656,0.126468263407931,-0.00845591911407079,0.516999999999999
"raw",0.466666666666667,0.0085964547401465,1,3,TRUE,202608250470,"primary",0.9,0,0.207776474738664,0.199180019998517,0.180488682068474,0.152544767208656,0.126468263407931,-0.00845591911407079,0.516999999999999
"cw",1,0.0092343524952441,1,3,TRUE,202608250471,"primary",0.8,0,0.138049887028125,0.161907042906088,0.187471271881733,0.167977197856095,0.0842500087564777,-0.0167381644039905,0.595999999999998
"gini",0.4,-0.0227750523159018,1,3,TRUE,202608250471,"primary",0.8,0,0.138049887028125,0.161907042906088,0.187471271881733,0.167977197856095,0.0842500087564777,-0.0167381644039905,0.595999999999998
"oracle",0,-0.311163251166452,NA,NA,NA,202608250471,"primary",0.8,0,0.138049887028125,0.161907042906088,0.187471271881733,0.167977197856095,0.0842500087564777,-0.0167381644039905,0.595999999999998
"over",1,0.0113551830890697,1,3,TRUE,202608250471,"primary",0.8,0,0.138049887028125,0.161907042906088,0.187471271881733,0.167977197856095,0.0842500087564777,-0.0167381644039905,0.595999999999998
"raw",0.4,-0.0238571558779626,1,3,TRUE,202608250471,"primary",0.8,0,0.138049887028125,0.161907042906088,0.187471271881733,0.167977197856095,0.0842500087564777,-0.0167381644039905,0.595999999999998
"cw",1,0.0160274433573638,1,3,TRUE,202608250472,"primary",0.9,0,0.177472428568981,0.152894763676922,0.165998116020172,0.171728231192813,0.108609922997816,-0.0197882925010818,0.600000000000001
"gini",0.666666666666667,0.0196755236040602,1,3,TRUE,202608250472,"primary",0.9,0,0.177472428568981,0.152894763676922,0.165998116020172,0.171728231192813,0.108609922997816,-0.0197882925010818,0.600000000000001
"oracle",0,-0.363817911575833,NA,NA,NA,202608250472,"primary",0.9,0,0.177472428568981,0.152894763676922,0.165998116020172,0.171728231192813,0.108609922997816,-0.0197882925010818,0.600000000000001
"over",1,0.019231807534146,1,3,TRUE,202608250472,"primary",0.9,0,0.177472428568981,0.152894763676922,0.165998116020172,0.171728231192813,0.108609922997816,-0.0197882925010818,0.600000000000001
"raw",0.666666666666667,0.0245776648920597,1,3,TRUE,202608250472,"primary",0.9,0,0.177472428568981,0.152894763676922,0.165998116020172,0.171728231192813,0.108609922997816,-0.0197882925010818,0.600000000000001
"cw",0.966666666666667,0.00836123623400264,0.641025641025641,3,FALSE,202608250473,"primary",0.4,0,0.134109678068839,0.121374011281417,0.186455694141792,0.161608057394661,0.0838558806308104,-0.0201403130597047,0.59
"gini",0.583333333333333,0.00679080481757793,0.641025641025641,3,FALSE,202608250473,"primary",0.4,0,0.134109678068839,0.121374011281417,0.186455694141792,0.161608057394661,0.0838558806308104,-0.0201403130597047,0.59
"oracle",0,-0.382053201794915,NA,NA,NA,202608250473,"primary",0.4,0,0.134109678068839,0.121374011281417,0.186455694141792,0.161608057394661,0.0838558806308104,-0.0201403130597047,0.59
"over",0.966666666666667,0.0102888281845175,0.641025641025641,3,FALSE,202608250473,"primary",0.4,0,0.134109678068839,0.121374011281417,0.186455694141792,0.161608057394661,0.0838558806308104,-0.0201403130597047,0.59
"raw",0.616666666666667,0.0127356667874219,0.641025641025641,3,FALSE,202608250473,"primary",0.4,0,0.134109678068839,0.121374011281417,0.186455694141792,0.161608057394661,0.0838558806308104,-0.0201403130597047,0.59
"cw",1,0.0220918867379959,1,3,TRUE,202608250474,"primary",0.9,0,0.20742361339475,0.137099839943925,0.170767228123535,0.181898276805611,0.129529742406072,-0.0132072986924144,0.417
"gini",0.75,0.0566024293800954,1,3,TRUE,202608250474,"primary",0.9,0,0.20742361339475,0.137099839943925,0.170767228123535,0.181898276805611,0.129529742406072,-0.0132072986924144,0.417
"oracle",0,-0.309769795627906,NA,NA,NA,202608250474,"primary",0.9,0,0.20742361339475,0.137099839943925,0.170767228123535,0.181898276805611,0.129529742406072,-0.0132072986924144,0.417
"over",1,0.0267684258205148,1,3,TRUE,202608250474,"primary",0.9,0,0.20742361339475,0.137099839943925,0.170767228123535,0.181898276805611,0.129529742406072,-0.0132072986924144,0.417
"raw",0.783333333333333,0.0703237734508252,1,3,TRUE,202608250474,"primary",0.9,0,0.20742361339475,0.137099839943925,0.170767228123535,0.181898276805611,0.129529742406072,-0.0132072986924144,0.417
"cw",1,0.0131623161854562,1,3,TRUE,202608250475,"primary",0.9,0,0.164551868832602,0.168338632935674,0.171959779376425,0.176282055372064,0.0994103154609703,-0.00948480756162056,0.379
"gini",0.5,-0.00222720765833748,1,3,TRUE,202608250475,"primary",0.9,0,0.164551868832602,0.168338632935674,0.171959779376425,0.176282055372064,0.0994103154609703,-0.00948480756162056,0.379
"oracle",0,-0.436863794474334,NA,NA,NA,202608250475,"primary",0.9,0,0.164551868832602,0.168338632935674,0.171959779376425,0.176282055372064,0.0994103154609703,-0.00948480756162056,0.379
"over",1,0.0159168582382775,1,3,TRUE,202608250475,"primary",0.9,0,0.164551868832602,0.168338632935674,0.171959779376425,0.176282055372064,0.0994103154609703,-0.00948480756162056,0.379
"raw",0.5,-0.00378676410307185,1,3,TRUE,202608250475,"primary",0.9,0,0.164551868832602,0.168338632935674,0.171959779376425,0.176282055372064,0.0994103154609703,-0.00948480756162056,0.379
"cw",0.883333333333333,0.0066986640119311,1,3,TRUE,202608250476,"primary",0.9,0,0.141248303541914,0.195503135563893,0.144096900316363,0.15052812217699,0.0825023156098728,0.0100122209825336,0.532999999999999
"gini",0.316666666666667,-0.0473821074585732,1,3,TRUE,202608250476,"primary",0.9,0,0.141248303541914,0.195503135563893,0.144096900316363,0.15052812217699,0.0825023156098728,0.0100122209825336,0.532999999999999
"oracle",0,-0.498376571329883,NA,NA,NA,202608250476,"primary",0.9,0,0.141248303541914,0.195503135563893,0.144096900316363,0.15052812217699,0.0825023156098728,0.0100122209825336,0.532999999999999
"over",0.866666666666667,0.0079177903495944,1,3,TRUE,202608250476,"primary",0.9,0,0.141248303541914,0.195503135563893,0.144096900316363,0.15052812217699,0.0825023156098728,0.0100122209825336,0.532999999999999
"raw",0.266666666666667,-0.0542548320219795,1,3,TRUE,202608250476,"primary",0.9,0,0.141248303541914,0.195503135563893,0.144096900316363,0.15052812217699,0.0825023156098728,0.0100122209825336,0.532999999999999
"cw",1,0.0165765962450896,1,3,TRUE,202608250477,"primary",0.9,0,0.185280435615429,0.163883402494954,0.177358945357402,0.161579728851154,0.110854235938011,-0.00590787188069801,0.503
"gini",0.466666666666667,0.0140547822582163,1,3,TRUE,202608250477,"primary",0.9,0,0.185280435615429,0.163883402494954,0.177358945357402,0.161579728851154,0.110854235938011,-0.00590787188069801,0.503
"oracle",0,-0.29926470363037,NA,NA,NA,202608250477,"primary",0.9,0,0.185280435615429,0.163883402494954,0.177358945357402,0.161579728851154,0.110854235938011,-0.00590787188069801,0.503
"over",1,0.0201979701335806,1,3,TRUE,202608250477,"primary",0.9,0,0.185280435615429,0.163883402494954,0.177358945357402,0.161579728851154,0.110854235938011,-0.00590787188069801,0.503
"raw",0.516666666666667,0.0213970331204753,1,3,TRUE,202608250477,"primary",0.9,0,0.185280435615429,0.163883402494954,0.177358945357402,0.161579728851154,0.110854235938011,-0.00590787188069801,0.503
"cw",1,0.00911388375277005,1,3,TRUE,202608250478,"primary",0.9,0,0.132259141539141,0.15465130512532,0.146837973809375,0.177692515723105,0.081575397753593,-0.0127400816605463,0.546000000000001
"gini",0.416666666666667,-0.015576383387268,1,3,TRUE,202608250478,"primary",0.9,0,0.132259141539141,0.15465130512532,0.146837973809375,0.177692515723105,0.081575397753593,-0.0127400816605463,0.546000000000001
"oracle",0,-0.368929035052239,NA,NA,NA,202608250478,"primary",0.9,0,0.132259141539141,0.15465130512532,0.146837973809375,0.177692515723105,0.081575397753593,-0.0127400816605463,0.546000000000001
"over",1,0.0106660888635535,1,3,TRUE,202608250478,"primary",0.9,0,0.132259141539141,0.15465130512532,0.146837973809375,0.177692515723105,0.081575397753593,-0.0127400816605463,0.546000000000001
"raw",0.416666666666667,-0.0223921635861799,1,3,TRUE,202608250478,"primary",0.9,0,0.132259141539141,0.15465130512532,0.146837973809375,0.177692515723105,0.081575397753593,-0.0127400816605463,0.546000000000001
"cw",1,0.0179924436305425,1,3,TRUE,202608250479,"primary",0.9,0,0.192035864996614,0.171674797130256,0.156265067022944,0.161630139684979,0.119181799257139,0.00440296596586908,0.51
"gini",0.583333333333333,0.0178417334223855,1,3,TRUE,202608250479,"primary",0.9,0,0.192035864996614,0.171674797130256,0.156265067022944,0.161630139684979,0.119181799257139,0.00440296596586908,0.51
"oracle",0,-0.35627737575625,NA,NA,NA,202608250479,"primary",0.9,0,0.192035864996614,0.171674797130256,0.156265067022944,0.161630139684979,0.119181799257139,0.00440296596586908,0.51
"over",1,0.0212798732815006,1,3,TRUE,202608250479,"primary",0.9,0,0.192035864996614,0.171674797130256,0.156265067022944,0.161630139684979,0.119181799257139,0.00440296596586908,0.51
"raw",0.583333333333333,0.0203610678663584,1,3,TRUE,202608250479,"primary",0.9,0,0.192035864996614,0.171674797130256,0.156265067022944,0.161630139684979,0.119181799257139,0.00440296596586908,0.51
"cw",0.966666666666667,0.00586549468587338,0.792079207920792,3,FALSE,202608250480,"primary",0.6,0,0.112637774212949,0.174113927992702,0.160004150816965,0.178503466040015,0.0668002668324834,-0.00607693313528384,0.718
"gini",0.216666666666667,-0.0500574224120716,0.792079207920792,3,FALSE,202608250480,"primary",0.6,0,0.112637774212949,0.174113927992702,0.160004150816965,0.178503466040015,0.0668002668324834,-0.00607693313528384,0.718
"oracle",0,-0.405390134902669,NA,NA,NA,202608250480,"primary",0.6,0,0.112637774212949,0.174113927992702,0.160004150816965,0.178503466040015,0.0668002668324834,-0.00607693313528384,0.718
"over",0.966666666666667,0.00698578990001256,0.792079207920792,3,FALSE,202608250480,"primary",0.6,0,0.112637774212949,0.174113927992702,0.160004150816965,0.178503466040015,0.0668002668324834,-0.00607693313528384,0.718
"raw",0.183333333333333,-0.0614761537797528,0.792079207920792,3,FALSE,202608250480,"primary",0.6,0,0.112637774212949,0.174113927992702,0.160004150816965,0.178503466040015,0.0668002668324834,-0.00607693313528384,0.718
"cw",1,0.0164295780439634,1,3,TRUE,202608250481,"primary",0.9,0,0.182117571324101,0.134093659083027,0.163774970816751,0.163597619001764,0.114882151800696,-0.00338771395456136,0.606
"gini",0.7,0.0392486176232711,1,3,TRUE,202608250481,"primary",0.9,0,0.182117571324101,0.134093659083027,0.163774970816751,0.163597619001764,0.114882151800696,-0.00338771395456136,0.606
"oracle",0,-0.309104504749116,NA,NA,NA,202608250481,"primary",0.9,0,0.182117571324101,0.134093659083027,0.163774970816751,0.163597619001764,0.114882151800696,-0.00338771395456136,0.606
"over",1,0.0195812926731438,1,3,TRUE,202608250481,"primary",0.9,0,0.182117571324101,0.134093659083027,0.163774970816751,0.163597619001764,0.114882151800696,-0.00338771395456136,0.606
"raw",0.7,0.0480239122410741,1,3,TRUE,202608250481,"primary",0.9,0,0.182117571324101,0.134093659083027,0.163774970816751,0.163597619001764,0.114882151800696,-0.00338771395456136,0.606
"cw",1,0.011423387922975,0.792079207920792,3,FALSE,202608250482,"primary",0.6,0,0.157201973136615,0.127099189614074,0.179067519234919,0.179435987606751,0.0898119733107914,-0.00321726306669223,0.442
"gini",0.716666666666667,0.024593795890376,0.792079207920792,3,FALSE,202608250482,"primary",0.6,0,0.157201973136615,0.127099189614074,0.179067519234919,0.179435987606751,0.0898119733107914,-0.00321726306669223,0.442
"oracle",0,-0.421343835878611,NA,NA,NA,202608250482,"primary",0.6,0,0.157201973136615,0.127099189614074,0.179067519234919,0.179435987606751,0.0898119733107914,-0.00321726306669223,0.442
"over",1,0.0139251500616384,0.792079207920792,3,FALSE,202608250482,"primary",0.6,0,0.157201973136615,0.127099189614074,0.179067519234919,0.179435987606751,0.0898119733107914,-0.00321726306669223,0.442
"raw",0.666666666666667,0.0301027835225418,0.792079207920792,3,FALSE,202608250482,"primary",0.6,0,0.157201973136615,0.127099189614074,0.179067519234919,0.179435987606751,0.0898119733107914,-0.00321726306669223,0.442
"cw",1,0.0170627057123099,1,3,TRUE,202608250483,"primary",0.9,0,0.190166554170374,0.161339943526738,0.179926770982892,0.162074918620114,0.115982471069583,-0.00222889301493028,0.399000000000001
"gini",0.583333333333333,0.0204967000889387,1,3,TRUE,202608250483,"primary",0.9,0,0.190166554170374,0.161339943526738,0.179926770982892,0.162074918620114,0.115982471069583,-0.00222889301493028,0.399000000000001
"oracle",0,-0.347358029702783,NA,NA,NA,202608250483,"primary",0.9,0,0.190166554170374,0.161339943526738,0.179926770982892,0.162074918620114,0.115982471069583,-0.00222889301493028,0.399000000000001
"over",1,0.0207755224960725,1,3,TRUE,202608250483,"primary",0.9,0,0.190166554170374,0.161339943526738,0.179926770982892,0.162074918620114,0.115982471069583,-0.00222889301493028,0.399000000000001
"raw",0.583333333333333,0.0288266106436356,1,3,TRUE,202608250483,"primary",0.9,0,0.190166554170374,0.161339943526738,0.179926770982892,0.162074918620114,0.115982471069583,-0.00222889301493028,0.399000000000001
"cw",1,0.00905034717716477,1,3,TRUE,202608250484,"primary",0.7,0,0.131021254857572,0.175797453020046,0.158690279955545,0.161065755768375,0.0867156233995274,-0.00278744118858141,0.616
"gini",0.3,-0.0372527284168193,1,3,TRUE,202608250484,"primary",0.7,0,0.131021254857572,0.175797453020046,0.158690279955545,0.161065755768375,0.0867156233995274,-0.00278744118858141,0.616
"oracle",0,-0.297389890751117,NA,NA,NA,202608250484,"primary",0.7,0,0.131021254857572,0.175797453020046,0.158690279955545,0.161065755768375,0.0867156233995274,-0.00278744118858141,0.616
"over",1,0.0107689099284536,1,3,TRUE,202608250484,"primary",0.7,0,0.131021254857572,0.175797453020046,0.158690279955545,0.161065755768375,0.0867156233995274,-0.00278744118858141,0.616
"raw",0.25,-0.0447761981624747,1,3,TRUE,202608250484,"primary",0.7,0,0.131021254857572,0.175797453020046,0.158690279955545,0.161065755768375,0.0867156233995274,-0.00278744118858141,0.616
"cw",1,0.0217758155901413,1,3,TRUE,202608250485,"primary",0.9,0,0.212144758591679,0.228210801293316,0.170404158285053,0.16804442896978,0.134020689035112,-0.00408979334214791,0.674000000000001
"gini",0.45,-0.0157218430413808,1,3,TRUE,202608250485,"primary",0.9,0,0.212144758591679,0.228210801293316,0.170404158285053,0.16804442896978,0.134020689035112,-0.00408979334214791,0.674000000000001
"oracle",0.0166666666666667,-0.240700058291134,NA,NA,NA,202608250485,"primary",0.9,0,0.212144758591679,0.228210801293316,0.170404158285053,0.16804442896978,0.134020689035112,-0.00408979334214791,0.674000000000001
"over",1,0.0264787721727589,1,3,TRUE,202608250485,"primary",0.9,0,0.212144758591679,0.228210801293316,0.170404158285053,0.16804442896978,0.134020689035112,-0.00408979334214791,0.674000000000001
"raw",0.466666666666667,-0.0160660427016367,1,3,TRUE,202608250485,"primary",0.9,0,0.212144758591679,0.228210801293316,0.170404158285053,0.16804442896978,0.134020689035112,-0.00408979334214791,0.674000000000001
"cw",0.95,0.00869461433790422,1,3,TRUE,202608250486,"primary",0.9,0,0.166070032071165,0.257111553117581,0.189324063522125,0.144010840931267,0.0940421674707888,0.0148087795489269,0.638999999999999
"gini",0.0833333333333333,-0.085995055161927,1,3,TRUE,202608250486,"primary",0.9,0,0.166070032071165,0.257111553117581,0.189324063522125,0.144010840931267,0.0940421674707888,0.0148087795489269,0.638999999999999
"oracle",0,-0.393269266212828,NA,NA,NA,202608250486,"primary",0.9,0,0.166070032071165,0.257111553117581,0.189324063522125,0.144010840931267,0.0940421674707888,0.0148087795489269,0.638999999999999
"over",0.95,0.0112292726782109,1,3,TRUE,202608250486,"primary",0.9,0,0.166070032071165,0.257111553117581,0.189324063522125,0.144010840931267,0.0940421674707888,0.0148087795489269,0.638999999999999
"raw",0.133333333333333,-0.0910415210464159,1,3,TRUE,202608250486,"primary",0.9,0,0.166070032071165,0.257111553117581,0.189324063522125,0.144010840931267,0.0940421674707888,0.0148087795489269,0.638999999999999
"cw",1,0.0184771400822935,1,3,TRUE,202608250487,"primary",0.9,0,0.190448055910229,0.196436326518705,0.1852855314593,0.179441625628617,0.118578224441475,-0.00957350833743179,0.452
"gini",0.4,-0.00783006120401,1,3,TRUE,202608250487,"primary",0.9,0,0.190448055910229,0.196436326518705,0.1852855314593,0.179441625628617,0.118578224441475,-0.00957350833743179,0.452
"oracle",0,-0.360389587807253,NA,NA,NA,202608250487,"primary",0.9,0,0.190448055910229,0.196436326518705,0.1852855314593,0.179441625628617,0.118578224441475,-0.00957350833743179,0.452
"over",1,0.0227049233475199,1,3,TRUE,202608250487,"primary",0.9,0,0.190448055910229,0.196436326518705,0.1852855314593,0.179441625628617,0.118578224441475,-0.00957350833743179,0.452
"raw",0.416666666666667,-0.0059882706084757,1,3,TRUE,202608250487,"primary",0.9,0,0.190448055910229,0.196436326518705,0.1852855314593,0.179441625628617,0.118578224441475,-0.00957350833743179,0.452
"cw",1,0.0154089325740534,1,3,TRUE,202608250488,"primary",0.8,0,0.18062631958195,0.14150267886755,0.182075614007392,0.173106830567231,0.104528140009609,-0.00974541901453402,0.433999999999999
"gini",0.633333333333333,0.0285594031541657,1,3,TRUE,202608250488,"primary",0.8,0,0.18062631958195,0.14150267886755,0.182075614007392,0.173106830567231,0.104528140009609,-0.00974541901453402,0.433999999999999
"oracle",0,-0.373303936845824,NA,NA,NA,202608250488,"primary",0.8,0,0.18062631958195,0.14150267886755,0.182075614007392,0.173106830567231,0.104528140009609,-0.00974541901453402,0.433999999999999
"over",1,0.0188545447088662,1,3,TRUE,202608250488,"primary",0.8,0,0.18062631958195,0.14150267886755,0.182075614007392,0.173106830567231,0.104528140009609,-0.00974541901453402,0.433999999999999
"raw",0.616666666666667,0.0391236407144001,1,3,TRUE,202608250488,"primary",0.8,0,0.18062631958195,0.14150267886755,0.182075614007392,0.173106830567231,0.104528140009609,-0.00974541901453402,0.433999999999999
"cw",1,0.00832111699078338,0.792079207920792,3,TRUE,202608250489,"primary",0.9,0,0.141765209644531,0.176857788448975,0.176838031343331,0.178973790056693,0.0790336086996905,-0.00929662793658715,0.484999999999999
"gini",0.366666666666667,-0.0317535176885446,1,3,TRUE,202608250489,"primary",0.9,0,0.141765209644531,0.176857788448975,0.176838031343331,0.178973790056693,0.0790336086996905,-0.00929662793658715,0.484999999999999
"oracle",0,-0.446974907745162,NA,NA,NA,202608250489,"primary",0.9,0,0.141765209644531,0.176857788448975,0.176838031343331,0.178973790056693,0.0790336086996905,-0.00929662793658715,0.484999999999999
"over",1,0.0101916047121505,0.792079207920792,3,TRUE,202608250489,"primary",0.9,0,0.141765209644531,0.176857788448975,0.176838031343331,0.178973790056693,0.0790336086996905,-0.00929662793658715,0.484999999999999
"raw",0.366666666666667,-0.0350925788044444,1,3,TRUE,202608250489,"primary",0.9,0,0.141765209644531,0.176857788448975,0.176838031343331,0.178973790056693,0.0790336086996905,-0.00929662793658715,0.484999999999999
"cw",1,0.0139056481644329,0.792079207920792,3,TRUE,202608250490,"primary",0.9,0,0.182637233933648,0.187200795152909,0.183645984326635,0.171214568162971,0.110942308790991,0.00585051840102504,0.361000000000001
"gini",0.45,-0.00521232794970225,0.792079207920792,3,FALSE,202608250490,"primary",0.9,0,0.182637233933648,0.187200795152909,0.183645984326635,0.171214568162971,0.110942308790991,0.00585051840102504,0.361000000000001
"oracle",0,-0.401751684391516,NA,NA,NA,202608250490,"primary",0.9,0,0.182637233933648,0.187200795152909,0.183645984326635,0.171214568162971,0.110942308790991,0.00585051840102504,0.361000000000001
"over",1,0.0168874088630192,0.792079207920792,3,TRUE,202608250490,"primary",0.9,0,0.182637233933648,0.187200795152909,0.183645984326635,0.171214568162971,0.110942308790991,0.00585051840102504,0.361000000000001
"raw",0.433333333333333,-0.00456356121926124,0.792079207920792,3,FALSE,202608250490,"primary",0.9,0,0.182637233933648,0.187200795152909,0.183645984326635,0.171214568162971,0.110942308790991,0.00585051840102504,0.361000000000001
"cw",0.933333333333333,0.00829568293064507,0.792079207920792,3,FALSE,202608250491,"primary",0.7,0,0.147020350557743,0.167262726462355,0.168994625061479,0.178162869165387,0.0813009583585087,0.0112482603283835,0.351000000000001
"gini",0.433333333333333,-0.0148206447448354,1,3,TRUE,202608250491,"primary",0.7,0,0.147020350557743,0.167262726462355,0.168994625061479,0.178162869165387,0.0813009583585087,0.0112482603283835,0.351000000000001
"oracle",0,-0.435192928890433,NA,NA,NA,202608250491,"primary",0.7,0,0.147020350557743,0.167262726462355,0.168994625061479,0.178162869165387,0.0813009583585087,0.0112482603283835,0.351000000000001
"over",0.933333333333333,0.00996640618654671,0.792079207920792,3,FALSE,202608250491,"primary",0.7,0,0.147020350557743,0.167262726462355,0.168994625061479,0.178162869165387,0.0813009583585087,0.0112482603283835,0.351000000000001
"raw",0.433333333333333,-0.0202423759046124,1,3,TRUE,202608250491,"primary",0.7,0,0.147020350557743,0.167262726462355,0.168994625061479,0.178162869165387,0.0813009583585087,0.0112482603283835,0.351000000000001
"cw",1,0.00640274127367036,0.792079207920792,3,FALSE,202608250492,"primary",0.6,0,0.108669463962637,0.197161432052228,0.164911299673264,0.157839595480543,0.0669885344345573,-0.0198315913452068,0.629000000000001
"gini",0.1,-0.0757532962580083,0.792079207920792,3,FALSE,202608250492,"primary",0.6,0,0.108669463962637,0.197161432052228,0.164911299673264,0.157839595480543,0.0669885344345573,-0.0198315913452068,0.629000000000001
"oracle",0,-0.38075848017014,NA,NA,NA,202608250492,"primary",0.6,0,0.108669463962637,0.197161432052228,0.164911299673264,0.157839595480543,0.0669885344345573,-0.0198315913452068,0.629000000000001
"over",1,0.0077832696789781,0.792079207920792,3,FALSE,202608250492,"primary",0.6,0,0.108669463962637,0.197161432052228,0.164911299673264,0.157839595480543,0.0669885344345573,-0.0198315913452068,0.629000000000001
"raw",0.116666666666667,-0.088491968089591,0.792079207920792,3,FALSE,202608250492,"primary",0.6,0,0.108669463962637,0.197161432052228,0.164911299673264,0.157839595480543,0.0669885344345573,-0.0198315913452068,0.629000000000001
"cw",1,0.0143948851468893,1,3,TRUE,202608250493,"primary",0.9,0,0.17380456124739,0.135805138034067,0.176546213536021,0.148082741730368,0.10315638352513,-0.0174440249200033,0.461
"gini",0.6,0.02519042265717,1,3,TRUE,202608250493,"primary",0.9,0,0.17380456124739,0.135805138034067,0.176546213536021,0.148082741730368,0.10315638352513,-0.0174440249200033,0.461
"oracle",0,-0.301892816831128,NA,NA,NA,202608250493,"primary",0.9,0,0.17380456124739,0.135805138034067,0.176546213536021,0.148082741730368,0.10315638352513,-0.0174440249200033,0.461
"over",1,0.01755718868771,1,3,TRUE,202608250493,"primary",0.9,0,0.17380456124739,0.135805138034067,0.176546213536021,0.148082741730368,0.10315638352513,-0.0174440249200033,0.461
"raw",0.666666666666667,0.0379994232133232,1,3,TRUE,202608250493,"primary",0.9,0,0.17380456124739,0.135805138034067,0.176546213536021,0.148082741730368,0.10315638352513,-0.0174440249200033,0.461
"cw",1,0.0163763806837757,1,3,TRUE,202608250494,"primary",0.8,0,0.178136859155142,0.180369763951224,0.165512746565042,0.160130477784743,0.110384751121693,-0.0151415643223845,0.5
"gini",0.483333333333333,-0.00225449305054082,1,3,TRUE,202608250494,"primary",0.8,0,0.178136859155142,0.180369763951224,0.165512746565042,0.160130477784743,0.110384751121693,-0.0151415643223845,0.5
"oracle",0,-0.376052660584171,NA,NA,NA,202608250494,"primary",0.8,0,0.178136859155142,0.180369763951224,0.165512746565042,0.160130477784743,0.110384751121693,-0.0151415643223845,0.5
"over",1,0.0196358059828,1,3,TRUE,202608250494,"primary",0.8,0,0.178136859155142,0.180369763951224,0.165512746565042,0.160130477784743,0.110384751121693,-0.0151415643223845,0.5
"raw",0.5,-0.00223290479608146,1,3,TRUE,202608250494,"primary",0.8,0,0.178136859155142,0.180369763951224,0.165512746565042,0.160130477784743,0.110384751121693,-0.0151415643223845,0.5
"cw",0.983333333333333,0.0138291768849982,1,3,TRUE,202608250495,"primary",0.9,0,0.175898962214816,0.197628749047591,0.182516736075632,0.16979023938128,0.108635909267347,-0.000317733348665707,0.349
"gini",0.383333333333333,-0.0200098209935451,1,3,TRUE,202608250495,"primary",0.9,0,0.175898962214816,0.197628749047591,0.182516736075632,0.16979023938128,0.108635909267347,-0.000317733348665707,0.349
"oracle",0,-0.352983869302628,NA,NA,NA,202608250495,"primary",0.9,0,0.175898962214816,0.197628749047591,0.182516736075632,0.16979023938128,0.108635909267347,-0.000317733348665707,0.349
"over",0.983333333333333,0.0168004744006951,1,3,TRUE,202608250495,"primary",0.9,0,0.175898962214816,0.197628749047591,0.182516736075632,0.16979023938128,0.108635909267347,-0.000317733348665707,0.349
"raw",0.4,-0.0217297868327743,1,3,TRUE,202608250495,"primary",0.9,0,0.175898962214816,0.197628749047591,0.182516736075632,0.16979023938128,0.108635909267347,-0.000317733348665707,0.349
"cw",1,0.0151789825944903,1,3,TRUE,202608250496,"primary",0.9,0,0.191127864814431,0.170680999859283,0.189100607024117,0.175675362616176,0.116788386305276,0.0143959596791964,0.651
"gini",0.566666666666667,0.0115578592419859,1,3,TRUE,202608250496,"primary",0.9,0,0.191127864814431,0.170680999859283,0.189100607024117,0.175675362616176,0.116788386305276,0.0143959596791964,0.651
"oracle",0,-0.393471237215653,NA,NA,NA,202608250496,"primary",0.9,0,0.191127864814431,0.170680999859283,0.189100607024117,0.175675362616176,0.116788386305276,0.0143959596791964,0.651
"over",1,0.018965167464643,1,3,TRUE,202608250496,"primary",0.9,0,0.191127864814431,0.170680999859283,0.189100607024117,0.175675362616176,0.116788386305276,0.0143959596791964,0.651
"raw",0.583333333333333,0.0204468649551479,1,3,TRUE,202608250496,"primary",0.9,0,0.191127864814431,0.170680999859283,0.189100607024117,0.175675362616176,0.116788386305276,0.0143959596791964,0.651
"cw",0.95,0.0100159636302326,1,3,TRUE,202608250497,"primary",0.8,0,0.149342596958558,0.15012295987369,0.155952816535678,0.170328380729647,0.0939137749961549,-0.0044257102641272,0.460000000000001
"gini",0.5,0.00241810341720461,1,3,TRUE,202608250497,"primary",0.8,0,0.149342596958558,0.15012295987369,0.155952816535678,0.170328380729647,0.0939137749961549,-0.0044257102641272,0.460000000000001
"oracle",0,-0.480825150899463,NA,NA,NA,202608250497,"primary",0.8,0,0.149342596958558,0.15012295987369,0.155952816535678,0.170328380729647,0.0939137749961549,-0.0044257102641272,0.460000000000001
"over",0.933333333333333,0.0117137561417325,1,3,TRUE,202608250497,"primary",0.8,0,0.149342596958558,0.15012295987369,0.155952816535678,0.170328380729647,0.0939137749961549,-0.0044257102641272,0.460000000000001
"raw",0.516666666666667,-0.000780362915131921,1,3,TRUE,202608250497,"primary",0.8,0,0.149342596958558,0.15012295987369,0.155952816535678,0.170328380729647,0.0939137749961549,-0.0044257102641272,0.460000000000001
"cw",1,0.0172716076327032,1,3,TRUE,202608250498,"primary",0.9,0,0.185164732894201,0.14955498309512,0.153742655300905,0.174146883824937,0.115173636244199,-0.00364240367494609,0.373000000000001
"gini",0.616666666666667,0.0316528287688294,1,3,TRUE,202608250498,"primary",0.9,0,0.185164732894201,0.14955498309512,0.153742655300905,0.174146883824937,0.115173636244199,-0.00364240367494609,0.373000000000001
"oracle",0,-0.295276931338635,NA,NA,NA,202608250498,"primary",0.9,0,0.185164732894201,0.14955498309512,0.153742655300905,0.174146883824937,0.115173636244199,-0.00364240367494609,0.373000000000001
"over",1,0.0205622936216117,1,3,TRUE,202608250498,"primary",0.9,0,0.185164732894201,0.14955498309512,0.153742655300905,0.174146883824937,0.115173636244199,-0.00364240367494609,0.373000000000001
"raw",0.616666666666667,0.0356097497990808,1,3,TRUE,202608250498,"primary",0.9,0,0.185164732894201,0.14955498309512,0.153742655300905,0.174146883824937,0.115173636244199,-0.00364240367494609,0.373000000000001
"cw",1,0.0180513394086707,1,3,TRUE,202608250499,"primary",0.9,0,0.197360475470019,0.137917579046379,0.183447097120799,0.177363433141213,0.116477762016429,-0.00632144515239264,0.502000000000001
"gini",0.75,0.0477142324980663,1,3,TRUE,202608250499,"primary",0.9,0,0.197360475470019,0.137917579046379,0.183447097120799,0.177363433141213,0.116477762016429,-0.00632144515239264,0.502000000000001
"oracle",0,-0.416636099900054,NA,NA,NA,202608250499,"primary",0.9,0,0.197360475470019,0.137917579046379,0.183447097120799,0.177363433141213,0.116477762016429,-0.00632144515239264,0.502000000000001
"over",1,0.022013872904549,1,3,TRUE,202608250499,"primary",0.9,0,0.197360475470019,0.137917579046379,0.183447097120799,0.177363433141213,0.116477762016429,-0.00632144515239264,0.502000000000001
"raw",0.75,0.0594428964236401,1,3,TRUE,202608250499,"primary",0.9,0,0.197360475470019,0.137917579046379,0.183447097120799,0.177363433141213,0.116477762016429,-0.00632144515239264,0.502000000000001
"cw",1,0.0118765342411374,1,3,TRUE,202608250500,"primary",0.9,0,0.166072786142739,0.162704156737729,0.189039981994534,0.16233439975823,0.0980523846009502,0.00349079359912977,0.434000000000001
"gini",0.516666666666667,-0.00132802805007132,1,3,TRUE,202608250500,"primary",0.9,0,0.166072786142739,0.162704156737729,0.189039981994534,0.16233439975823,0.0980523846009502,0.00349079359912977,0.434000000000001
"oracle",0,-0.371684794123962,NA,NA,NA,202608250500,"primary",0.9,0,0.166072786142739,0.162704156737729,0.189039981994534,0.16233439975823,0.0980523846009502,0.00349079359912977,0.434000000000001
"over",1,0.0145741476147528,1,3,TRUE,202608250500,"primary",0.9,0,0.166072786142739,0.162704156737729,0.189039981994534,0.16233439975823,0.0980523846009502,0.00349079359912977,0.434000000000001
"raw",0.566666666666667,0.00336862940500959,1,3,TRUE,202608250500,"primary",0.9,0,0.166072786142739,0.162704156737729,0.189039981994534,0.16233439975823,0.0980523846009502,0.00349079359912977,0.434000000000001
"cw",1,0.0144260448296748,1,3,TRUE,202608250501,"primary",0.9,0,0.168762096339469,0.151150885184922,0.149911113532241,0.152405529182006,0.10299323162782,-0.0192768575411036,0.407999999999999
"gini",0.583333333333333,0.0147685466711569,1,3,TRUE,202608250501,"primary",0.9,0,0.168762096339469,0.151150885184922,0.149911113532241,0.152405529182006,0.10299323162782,-0.0192768575411036,0.407999999999999
"oracle",0,-0.388268253730362,NA,NA,NA,202608250501,"primary",0.9,0,0.168762096339469,0.151150885184922,0.149911113532241,0.152405529182006,0.10299323162782,-0.0192768575411036,0.407999999999999
"over",1,0.0169415886496411,1,3,TRUE,202608250501,"primary",0.9,0,0.168762096339469,0.151150885184922,0.149911113532241,0.152405529182006,0.10299323162782,-0.0192768575411036,0.407999999999999
"raw",0.583333333333333,0.0176112111545463,1,3,TRUE,202608250501,"primary",0.9,0,0.168762096339469,0.151150885184922,0.149911113532241,0.152405529182006,0.10299323162782,-0.0192768575411036,0.407999999999999
"cw",1,0.0122239264572292,1,3,TRUE,202608250502,"primary",0.9,0,0.163034785609728,0.197542906796448,0.188156637096112,0.158854879332819,0.100321356370459,-0.000174524667793576,0.514000000000001
"gini",0.3,-0.034272622722504,1,3,TRUE,202608250502,"primary",0.9,0,0.163034785609728,0.197542906796448,0.188156637096112,0.158854879332819,0.100321356370459,-0.000174524667793576,0.514000000000001
"oracle",0,-0.447670181546353,NA,NA,NA,202608250502,"primary",0.9,0,0.163034785609728,0.197542906796448,0.188156637096112,0.158854879332819,0.100321356370459,-0.000174524667793576,0.514000000000001
"over",1,0.0151635329975567,1,3,TRUE,202608250502,"primary",0.9,0,0.163034785609728,0.197542906796448,0.188156637096112,0.158854879332819,0.100321356370459,-0.000174524667793576,0.514000000000001
"raw",0.366666666666667,-0.0345081211867204,1,3,TRUE,202608250502,"primary",0.9,0,0.163034785609728,0.197542906796448,0.188156637096112,0.158854879332819,0.100321356370459,-0.000174524667793576,0.514000000000001
"cw",1,0.0162181298384985,1,3,TRUE,202608250503,"primary",0.9,0,0.177486028704538,0.13417334675641,0.16429853881521,0.164312432173614,0.109841781955458,-0.007537753338947,0.508000000000001
"gini",0.766666666666667,0.0370157871075859,1,3,TRUE,202608250503,"primary",0.9,0,0.177486028704538,0.13417334675641,0.16429853881521,0.164312432173614,0.109841781955458,-0.007537753338947,0.508000000000001
"oracle",0,-0.33922456826206,NA,NA,NA,202608250503,"primary",0.9,0,0.177486028704538,0.13417334675641,0.16429853881521,0.164312432173614,0.109841781955458,-0.007537753338947,0.508000000000001
"over",1,0.0194278778982366,1,3,TRUE,202608250503,"primary",0.9,0,0.177486028704538,0.13417334675641,0.16429853881521,0.164312432173614,0.109841781955458,-0.007537753338947,0.508000000000001
"raw",0.716666666666667,0.0433126819481276,1,3,TRUE,202608250503,"primary",0.9,0,0.177486028704538,0.13417334675641,0.16429853881521,0.164312432173614,0.109841781955458,-0.007537753338947,0.508000000000001
"cw",0.983333333333333,0.0169720322597353,1,3,TRUE,202608250504,"primary",0.9,0,0.183608651067097,0.178691580777759,0.17110206009321,0.15221687787416,0.113866915616727,-0.00294829257281884,0.556999999999999
"gini",0.516666666666667,-0.000647554803062389,1,3,TRUE,202608250504,"primary",0.9,0,0.183608651067097,0.178691580777759,0.17110206009321,0.15221687787416,0.113866915616727,-0.00294829257281884,0.556999999999999
"oracle",0,-0.330786818707737,NA,NA,NA,202608250504,"primary",0.9,0,0.183608651067097,0.178691580777759,0.17110206009321,0.15221687787416,0.113866915616727,-0.00294829257281884,0.556999999999999
"over",0.983333333333333,0.0204092307920158,1,3,TRUE,202608250504,"primary",0.9,0,0.183608651067097,0.178691580777759,0.17110206009321,0.15221687787416,0.113866915616727,-0.00294829257281884,0.556999999999999
"raw",0.533333333333333,0.00491707028933772,1,3,TRUE,202608250504,"primary",0.9,0,0.183608651067097,0.178691580777759,0.17110206009321,0.15221687787416,0.113866915616727,-0.00294829257281884,0.556999999999999
"cw",1,0.0147989764661088,1,3,TRUE,202608250505,"primary",0.9,0,0.171948594100136,0.163901013512532,0.161000936171878,0.159063669630945,0.101107956570764,-0.0130695734117301,0.456000000000001
"gini",0.4,0.00639168173583698,1,3,TRUE,202608250505,"primary",0.9,0,0.171948594100136,0.163901013512532,0.161000936171878,0.159063669630945,0.101107956570764,-0.0130695734117301,0.456000000000001
"oracle",0,-0.359211679924944,NA,NA,NA,202608250505,"primary",0.9,0,0.171948594100136,0.163901013512532,0.161000936171878,0.159063669630945,0.101107956570764,-0.0130695734117301,0.456000000000001
"over",1,0.0177263328925679,1,3,TRUE,202608250505,"primary",0.9,0,0.171948594100136,0.163901013512532,0.161000936171878,0.159063669630945,0.101107956570764,-0.0130695734117301,0.456000000000001
"raw",0.433333333333333,0.00804758058760427,1,3,TRUE,202608250505,"primary",0.9,0,0.171948594100136,0.163901013512532,0.161000936171878,0.159063669630945,0.101107956570764,-0.0130695734117301,0.456000000000001
"cw",1,0.00773447901604882,1,3,TRUE,202608250506,"primary",0.9,0,0.131397876885177,0.152706326176724,0.170149132783327,0.1715129739507,0.0809501291959038,0.00267553578358088,0.666
"gini",0.45,-0.0188377535306902,1,3,TRUE,202608250506,"primary",0.9,0,0.131397876885177,0.152706326176724,0.170149132783327,0.1715129739507,0.0809501291959038,0.00267553578358088,0.666
"oracle",0,-0.304153291490598,NA,NA,NA,202608250506,"primary",0.9,0,0.131397876885177,0.152706326176724,0.170149132783327,0.1715129739507,0.0809501291959038,0.00267553578358088,0.666
"over",1,0.00924293545561499,1,3,TRUE,202608250506,"primary",0.9,0,0.131397876885177,0.152706326176724,0.170149132783327,0.1715129739507,0.0809501291959038,0.00267553578358088,0.666
"raw",0.433333333333333,-0.0213084492915471,1,3,TRUE,202608250506,"primary",0.9,0,0.131397876885177,0.152706326176724,0.170149132783327,0.1715129739507,0.0809501291959038,0.00267553578358088,0.666
"cw",1,0.00943674410753703,0.792079207920792,3,FALSE,202608250507,"primary",0.6,0,0.150265432269071,0.207210204017307,0.169651951001145,0.155679261750019,0.088315795511435,0.00647342702555996,0.504000000000001
"gini",0.233333333333333,-0.0499765029703417,0.792079207920792,3,FALSE,202608250507,"primary",0.6,0,0.150265432269071,0.207210204017307,0.169651951001145,0.155679261750019,0.088315795511435,0.00647342702555996,0.504000000000001
"oracle",0,-0.471917263240265,NA,NA,NA,202608250507,"primary",0.6,0,0.150265432269071,0.207210204017307,0.169651951001145,0.155679261750019,0.088315795511435,0.00647342702555996,0.504000000000001
"over",1,0.0114010566213153,0.792079207920792,3,FALSE,202608250507,"primary",0.6,0,0.150265432269071,0.207210204017307,0.169651951001145,0.155679261750019,0.088315795511435,0.00647342702555996,0.504000000000001
"raw",0.233333333333333,-0.0569447717482365,0.792079207920792,3,FALSE,202608250507,"primary",0.6,0,0.150265432269071,0.207210204017307,0.169651951001145,0.155679261750019,0.088315795511435,0.00647342702555996,0.504000000000001
"cw",1,0.00848156054859222,1,3,TRUE,202608250508,"primary",0.9,0,0.129813999883954,0.182808698874395,0.16227123442913,0.165507702213299,0.0787314838421573,-0.0121648737312419,0.416
"gini",0.25,-0.0437052517079784,1,3,TRUE,202608250508,"primary",0.9,0,0.129813999883954,0.182808698874395,0.16227123442913,0.165507702213299,0.0787314838421573,-0.0121648737312419,0.416
"oracle",0.0166666666666667,-0.311574570667593,NA,NA,NA,202608250508,"primary",0.9,0,0.129813999883954,0.182808698874395,0.16227123442913,0.165507702213299,0.0787314838421573,-0.0121648737312419,0.416
"over",1,0.0101539975268212,1,3,TRUE,202608250508,"primary",0.9,0,0.129813999883954,0.182808698874395,0.16227123442913,0.165507702213299,0.0787314838421573,-0.0121648737312419,0.416
"raw",0.266666666666667,-0.0529946989904408,1,3,TRUE,202608250508,"primary",0.9,0,0.129813999883954,0.182808698874395,0.16227123442913,0.165507702213299,0.0787314838421573,-0.0121648737312419,0.416
"cw",1,0.020135196975423,1,3,TRUE,202608250509,"primary",0.9,0,0.19839915038555,0.110489347305246,0.163790812278141,0.168838707316356,0.120558459895408,-0.0182070394627431,0.515000000000001
"gini",0.816666666666667,0.0725234466286459,1,3,TRUE,202608250509,"primary",0.9,0,0.19839915038555,0.110489347305246,0.163790812278141,0.168838707316356,0.120558459895408,-0.0182070394627431,0.515000000000001
"oracle",0,-0.376261177689505,NA,NA,NA,202608250509,"primary",0.9,0,0.19839915038555,0.110489347305246,0.163790812278141,0.168838707316356,0.120558459895408,-0.0182070394627431,0.515000000000001
"over",1,0.0240732727500563,1,3,TRUE,202608250509,"primary",0.9,0,0.19839915038555,0.110489347305246,0.163790812278141,0.168838707316356,0.120558459895408,-0.0182070394627431,0.515000000000001
"raw",0.866666666666667,0.0879098030803043,1,3,TRUE,202608250509,"primary",0.9,0,0.19839915038555,0.110489347305246,0.163790812278141,0.168838707316356,0.120558459895408,-0.0182070394627431,0.515000000000001
"cw",0.933333333333333,0.00731218678819744,1,3,TRUE,202608250510,"primary",0.9,0,0.134609136553879,0.174055929679189,0.17160510294827,0.149493107869749,0.0820375239318217,0.00960912391504257,0.569999999999999
"gini",0.333333333333333,-0.0357863167002869,1,3,TRUE,202608250510,"primary",0.9,0,0.134609136553879,0.174055929679189,0.17160510294827,0.149493107869749,0.0820375239318217,0.00960912391504257,0.569999999999999
"oracle",0,-0.390916084765567,NA,NA,NA,202608250510,"primary",0.9,0,0.134609136553879,0.174055929679189,0.17160510294827,0.149493107869749,0.0820375239318217,0.00960912391504257,0.569999999999999
"over",0.933333333333333,0.00894037687342751,1,3,TRUE,202608250510,"primary",0.9,0,0.134609136553879,0.174055929679189,0.17160510294827,0.149493107869749,0.0820375239318217,0.00960912391504257,0.569999999999999
"raw",0.366666666666667,-0.0394467931253106,1,3,TRUE,202608250510,"primary",0.9,0,0.134609136553879,0.174055929679189,0.17160510294827,0.149493107869749,0.0820375239318217,0.00960912391504257,0.569999999999999
"cw",1,0.00689205646467841,0.792079207920792,3,FALSE,202608250511,"primary",0.6,0,0.119722528047466,0.189915786276673,0.159045334647498,0.150211459896504,0.0713396101532787,-0.0118352302266008,0.401
"gini",0.25,-0.0619427206316095,0.792079207920792,3,FALSE,202608250511,"primary",0.6,0,0.119722528047466,0.189915786276673,0.159045334647498,0.150211459896504,0.0713396101532787,-0.0118352302266008,0.401
"oracle",0,-0.475404726987328,NA,NA,NA,202608250511,"primary",0.6,0,0.119722528047466,0.189915786276673,0.159045334647498,0.150211459896504,0.0713396101532787,-0.0118352302266008,0.401
"over",1,0.00823377363315625,0.792079207920792,3,FALSE,202608250511,"primary",0.6,0,0.119722528047466,0.189915786276673,0.159045334647498,0.150211459896504,0.0713396101532787,-0.0118352302266008,0.401
"raw",0.233333333333333,-0.0701932582292068,0.792079207920792,3,FALSE,202608250511,"primary",0.6,0,0.119722528047466,0.189915786276673,0.159045334647498,0.150211459896504,0.0713396101532787,-0.0118352302266008,0.401
"cw",1,0.0119685059653933,1,3,TRUE,202608250512,"primary",0.9,0,0.158083132531626,0.193379421762859,0.181828215966996,0.170998176536433,0.0955657771511807,-0.0176458385194959,0.515000000000001
"gini",0.366666666666667,-0.0337360163483973,1,3,TRUE,202608250512,"primary",0.9,0,0.158083132531626,0.193379421762859,0.181828215966996,0.170998176536433,0.0955657771511807,-0.0176458385194959,0.515000000000001
"oracle",0,-0.39887835257632,NA,NA,NA,202608250512,"primary",0.9,0,0.158083132531626,0.193379421762859,0.181828215966996,0.170998176536433,0.0955657771511807,-0.0176458385194959,0.515000000000001
"over",1,0.014724069635761,1,3,TRUE,202608250512,"primary",0.9,0,0.158083132531626,0.193379421762859,0.181828215966996,0.170998176536433,0.0955657771511807,-0.0176458385194959,0.515000000000001
"raw",0.366666666666667,-0.0352962892312332,1,3,TRUE,202608250512,"primary",0.9,0,0.158083132531626,0.193379421762859,0.181828215966996,0.170998176536433,0.0955657771511807,-0.0176458385194959,0.515000000000001
"cw",1,0.0183604387268491,1,3,TRUE,202608250513,"primary",0.9,0,0.192649008300295,0.175823215354259,0.16648217498609,0.175833934076267,0.115686539544732,-0.00498783420351023,0.663
"gini",0.6,0.0128342783875696,1,3,TRUE,202608250513,"primary",0.9,0,0.192649008300295,0.175823215354259,0.16648217498609,0.175833934076267,0.115686539544732,-0.00498783420351023,0.663
"oracle",0.0166666666666667,-0.222915475949499,NA,NA,NA,202608250513,"primary",0.9,0,0.192649008300295,0.175823215354259,0.16648217498609,0.175833934076267,0.115686539544732,-0.00498783420351023,0.663
"over",1,0.0220850946421833,1,3,TRUE,202608250513,"primary",0.9,0,0.192649008300295,0.175823215354259,0.16648217498609,0.175833934076267,0.115686539544732,-0.00498783420351023,0.663
"raw",0.583333333333333,0.0168257929460361,1,3,TRUE,202608250513,"primary",0.9,0,0.192649008300295,0.175823215354259,0.16648217498609,0.175833934076267,0.115686539544732,-0.00498783420351023,0.663
"cw",1,0.00840657602847074,1,3,TRUE,202608250514,"primary",0.8,0,0.131718208358534,0.163241062983604,0.154984781948855,0.159777344646679,0.0794794660083451,-0.00266025565972204,0.411999999999999
"gini",0.366666666666667,-0.0280310413938848,1,3,TRUE,202608250514,"primary",0.8,0,0.131718208358534,0.163241062983604,0.154984781948855,0.159777344646679,0.0794794660083451,-0.00266025565972204,0.411999999999999
"oracle",0.0166666666666667,-0.363117290910635,NA,NA,NA,202608250514,"primary",0.8,0,0.131718208358534,0.163241062983604,0.154984781948855,0.159777344646679,0.0794794660083451,-0.00266025565972204,0.411999999999999
"over",1,0.00990378974872256,1,3,TRUE,202608250514,"primary",0.8,0,0.131718208358534,0.163241062983604,0.154984781948855,0.159777344646679,0.0794794660083451,-0.00266025565972204,0.411999999999999
"raw",0.333333333333333,-0.0315228546250698,1,3,TRUE,202608250514,"primary",0.8,0,0.131718208358534,0.163241062983604,0.154984781948855,0.159777344646679,0.0794794660083451,-0.00266025565972204,0.411999999999999
"cw",1,0.00825833254688907,0.792079207920792,3,FALSE,202608250515,"primary",0.4,0,0.133930946261094,0.163647509104059,0.19373898325237,0.175467360618814,0.0797315744620065,-0.00838745785438858,0.416
"gini",0.283333333333333,-0.0263013692951491,0.614886731391586,3,FALSE,202608250515,"primary",0.4,0,0.133930946261094,0.163647509104059,0.19373898325237,0.175467360618814,0.0797315744620065,-0.00838745785438858,0.416
"oracle",0,-0.407119937215243,NA,NA,NA,202608250515,"primary",0.4,0,0.133930946261094,0.163647509104059,0.19373898325237,0.175467360618814,0.0797315744620065,-0.00838745785438858,0.416
"over",1,0.01029813385422,0.792079207920792,3,FALSE,202608250515,"primary",0.4,0,0.133930946261094,0.163647509104059,0.19373898325237,0.175467360618814,0.0797315744620065,-0.00838745785438858,0.416
"raw",0.3,-0.0297165628429645,0.614886731391586,3,FALSE,202608250515,"primary",0.4,0,0.133930946261094,0.163647509104059,0.19373898325237,0.175467360618814,0.0797315744620065,-0.00838745785438858,0.416
"cw",1,0.0103623253130546,1,3,TRUE,202608250516,"primary",0.9,0,0.154535314546584,0.170803630006913,0.170201095534374,0.169227077216581,0.0947132011873575,0.00989435918999825,0.709
"gini",0.466666666666667,-0.0150435670162759,1,3,TRUE,202608250516,"primary",0.9,0,0.154535314546584,0.170803630006913,0.170201095534374,0.169227077216581,0.0947132011873575,0.00989435918999825,0.709
"oracle",0,-0.418263223371222,NA,NA,NA,202608250516,"primary",0.9,0,0.154535314546584,0.170803630006913,0.170201095534374,0.169227077216581,0.0947132011873575,0.00989435918999825,0.709
"over",1,0.0125639906966697,1,3,TRUE,202608250516,"primary",0.9,0,0.154535314546584,0.170803630006913,0.170201095534374,0.169227077216581,0.0947132011873575,0.00989435918999825,0.709
"raw",0.5,-0.0162683154603281,1,3,TRUE,202608250516,"primary",0.9,0,0.154535314546584,0.170803630006913,0.170201095534374,0.169227077216581,0.0947132011873575,0.00989435918999825,0.709
"cw",1,0.0257730310462406,1,3,TRUE,202608250517,"primary",0.9,0,0.233993471512215,0.169508531522987,0.178081074533913,0.168892481273816,0.138683548542039,-0.0121804924020214,0.613999999999999
"gini",0.8,0.050446902714246,1,3,TRUE,202608250517,"primary",0.9,0,0.233993471512215,0.169508531522987,0.178081074533913,0.168892481273816,0.138683548542039,-0.0121804924020214,0.613999999999999
"oracle",0.0166666666666667,-0.277015001029851,NA,NA,NA,202608250517,"primary",0.9,0,0.233993471512215,0.169508531522987,0.178081074533913,0.168892481273816,0.138683548542039,-0.0121804924020214,0.613999999999999
"over",1,0.0313317491774481,1,3,TRUE,202608250517,"primary",0.9,0,0.233993471512215,0.169508531522987,0.178081074533913,0.168892481273816,0.138683548542039,-0.0121804924020214,0.613999999999999
"raw",0.816666666666667,0.0644849399892284,1,3,TRUE,202608250517,"primary",0.9,0,0.233993471512215,0.169508531522987,0.178081074533913,0.168892481273816,0.138683548542039,-0.0121804924020214,0.613999999999999
"cw",0.966666666666667,0.00864653957324987,1,3,TRUE,202608250518,"primary",0.9,0,0.159486363768656,0.207229745685851,0.163292368024197,0.164809317350572,0.0954549264836503,0.0191823488513369,0.565000000000001
"gini",0.283333333333333,-0.0407993819178878,1,3,TRUE,202608250518,"primary",0.9,0,0.159486363768656,0.207229745685851,0.163292368024197,0.164809317350572,0.0954549264836503,0.0191823488513369,0.565000000000001
"oracle",0,-0.406655013261935,NA,NA,NA,202608250518,"primary",0.9,0,0.159486363768656,0.207229745685851,0.163292368024197,0.164809317350572,0.0954549264836503,0.0191823488513369,0.565000000000001
"over",0.966666666666667,0.0103001117181222,1,3,TRUE,202608250518,"primary",0.9,0,0.159486363768656,0.207229745685851,0.163292368024197,0.164809317350572,0.0954549264836503,0.0191823488513369,0.565000000000001
"raw",0.3,-0.0477433819171953,1,3,TRUE,202608250518,"primary",0.9,0,0.159486363768656,0.207229745685851,0.163292368024197,0.164809317350572,0.0954549264836503,0.0191823488513369,0.565000000000001
"cw",0.983333333333333,0.0165280476392185,0.792079207920792,3,FALSE,202608250519,"primary",0.6,0,0.184195525713865,0.123370790880476,0.174106237168394,0.177976075427539,0.10892969209038,-0.0137601218879773,0.572999999999999
"gini",0.8,0.051708537301513,0.792079207920792,3,FALSE,202608250519,"primary",0.6,0,0.184195525713865,0.123370790880476,0.174106237168394,0.177976075427539,0.10892969209038,-0.0137601218879773,0.572999999999999
"oracle",0,-0.363886110632383,NA,NA,NA,202608250519,"primary",0.6,0,0.184195525713865,0.123370790880476,0.174106237168394,0.177976075427539,0.10892969209038,-0.0137601218879773,0.572999999999999
"over",0.983333333333333,0.0199949377746221,0.792079207920792,3,FALSE,202608250519,"primary",0.6,0,0.184195525713865,0.123370790880476,0.174106237168394,0.177976075427539,0.10892969209038,-0.0137601218879773,0.572999999999999
"raw",0.766666666666667,0.0608247348333888,0.792079207920792,3,FALSE,202608250519,"primary",0.6,0,0.184195525713865,0.123370790880476,0.174106237168394,0.177976075427539,0.10892969209038,-0.0137601218879773,0.572999999999999
"cw",0.85,0.00649074491614524,1,3,TRUE,202608250520,"primary",0.8,0,0.127690487854524,0.180093923900972,0.183301539383755,0.152577751040664,0.0824573206000999,0.00100757203940844,0.502000000000001
"gini",0.266666666666667,-0.0495780738035749,1,3,TRUE,202608250520,"primary",0.8,0,0.127690487854524,0.180093923900972,0.183301539383755,0.152577751040664,0.0824573206000999,0.00100757203940844,0.502000000000001
"oracle",0,-0.390871833853162,NA,NA,NA,202608250520,"primary",0.8,0,0.127690487854524,0.180093923900972,0.183301539383755,0.152577751040664,0.0824573206000999,0.00100757203940844,0.502000000000001
"over",0.866666666666667,0.00806282564798312,1,3,TRUE,202608250520,"primary",0.8,0,0.127690487854524,0.180093923900972,0.183301539383755,0.152577751040664,0.0824573206000999,0.00100757203940844,0.502000000000001
"raw",0.316666666666667,-0.052403436046448,1,3,TRUE,202608250520,"primary",0.8,0,0.127690487854524,0.180093923900972,0.183301539383755,0.152577751040664,0.0824573206000999,0.00100757203940844,0.502000000000001
"cw",1,0.0183629419863084,1,3,TRUE,202608250521,"primary",0.9,0,0.196237194935069,0.16434837428907,0.184027508047436,0.153713385365572,0.119905036611755,-0.00751495477237098,0.586
"gini",0.6,0.0221966961193068,1,3,TRUE,202608250521,"primary",0.9,0,0.196237194935069,0.16434837428907,0.184027508047436,0.153713385365572,0.119905036611755,-0.00751495477237098,0.586
"oracle",0,-0.308670639811571,NA,NA,NA,202608250521,"primary",0.9,0,0.196237194935069,0.16434837428907,0.184027508047436,0.153713385365572,0.119905036611755,-0.00751495477237098,0.586
"over",1,0.0225296048792899,1,3,TRUE,202608250521,"primary",0.9,0,0.196237194935069,0.16434837428907,0.184027508047436,0.153713385365572,0.119905036611755,-0.00751495477237098,0.586
"raw",0.616666666666667,0.0318888206459987,1,3,TRUE,202608250521,"primary",0.9,0,0.196237194935069,0.16434837428907,0.184027508047436,0.153713385365572,0.119905036611755,-0.00751495477237098,0.586
"cw",1,0.0158782907480909,1,3,TRUE,202608250522,"primary",0.8,0,0.178169184743632,0.161375765355473,0.164434274162793,0.168149174058837,0.109049133424298,-0.00471452276521586,0.481
"gini",0.483333333333333,0.0125739548759911,1,3,TRUE,202608250522,"primary",0.8,0,0.178169184743632,0.161375765355473,0.164434274162793,0.168149174058837,0.109049133424298,-0.00471452276521586,0.481
"oracle",0,-0.334609875226951,NA,NA,NA,202608250522,"primary",0.8,0,0.178169184743632,0.161375765355473,0.164434274162793,0.168149174058837,0.109049133424298,-0.00471452276521586,0.481
"over",1,0.0193105838449199,1,3,TRUE,202608250522,"primary",0.8,0,0.178169184743632,0.161375765355473,0.164434274162793,0.168149174058837,0.109049133424298,-0.00471452276521586,0.481
"raw",0.516666666666667,0.0167934193881589,1,3,TRUE,202608250522,"primary",0.8,0,0.178169184743632,0.161375765355473,0.164434274162793,0.168149174058837,0.109049133424298,-0.00471452276521586,0.481
"cw",1,0.0113435624845772,1,3,TRUE,202608250523,"primary",0.9,0,0.154957887742339,0.175117668535422,0.159517556176149,0.155992984188995,0.0933275684603785,-0.0138043708065848,0.558
"gini",0.45,-0.016768346034778,1,3,TRUE,202608250523,"primary",0.9,0,0.154957887742339,0.175117668535422,0.159517556176149,0.155992984188995,0.0933275684603785,-0.0138043708065848,0.558
"oracle",0,-0.405753300310939,NA,NA,NA,202608250523,"primary",0.9,0,0.154957887742339,0.175117668535422,0.159517556176149,0.155992984188995,0.0933275684603785,-0.0138043708065848,0.558
"over",1,0.0134849041247752,1,3,TRUE,202608250523,"primary",0.9,0,0.154957887742339,0.175117668535422,0.159517556176149,0.155992984188995,0.0933275684603785,-0.0138043708065848,0.558
"raw",0.45,-0.0201597807930827,1,3,TRUE,202608250523,"primary",0.9,0,0.154957887742339,0.175117668535422,0.159517556176149,0.155992984188995,0.0933275684603785,-0.0138043708065848,0.558
"cw",1,0.0126895390396234,1,3,TRUE,202608250524,"primary",0.9,0,0.155740172971297,0.127688340325469,0.151251296585976,0.17271406171223,0.0967521902685235,-0.0212891967571506,0.423
"gini",0.75,0.0255353147643541,1,3,TRUE,202608250524,"primary",0.9,0,0.155740172971297,0.127688340325469,0.151251296585976,0.17271406171223,0.0967521902685235,-0.0212891967571506,0.423
"oracle",0,-0.369137663669606,NA,NA,NA,202608250524,"primary",0.9,0,0.155740172971297,0.127688340325469,0.151251296585976,0.17271406171223,0.0967521902685235,-0.0212891967571506,0.423
"over",1,0.0150903451750885,1,3,TRUE,202608250524,"primary",0.9,0,0.155740172971297,0.127688340325469,0.151251296585976,0.17271406171223,0.0967521902685235,-0.0212891967571506,0.423
"raw",0.733333333333333,0.028051832645828,1,3,TRUE,202608250524,"primary",0.9,0,0.155740172971297,0.127688340325469,0.151251296585976,0.17271406171223,0.0967521902685235,-0.0212891967571506,0.423
"cw",1,0.00998696950322327,1,3,TRUE,202608250525,"primary",0.9,0,0.155672781609701,0.18174542291838,0.18118133916827,0.170594254770936,0.0936998930860175,0.00506650663063053,0.515000000000001
"gini",0.4,-0.0219233662450707,1,3,TRUE,202608250525,"primary",0.9,0,0.155672781609701,0.18174542291838,0.18118133916827,0.170594254770936,0.0936998930860175,0.00506650663063053,0.515000000000001
"oracle",0.0166666666666667,-0.34468235451672,NA,NA,NA,202608250525,"primary",0.9,0,0.155672781609701,0.18174542291838,0.18118133916827,0.170594254770936,0.0936998930860175,0.00506650663063053,0.515000000000001
"over",1,0.0123223201587981,1,3,TRUE,202608250525,"primary",0.9,0,0.155672781609701,0.18174542291838,0.18118133916827,0.170594254770936,0.0936998930860175,0.00506650663063053,0.515000000000001
"raw",0.4,-0.026072641308679,1,3,TRUE,202608250525,"primary",0.9,0,0.155672781609701,0.18174542291838,0.18118133916827,0.170594254770936,0.0936998930860175,0.00506650663063053,0.515000000000001
"cw",1,0.0132212060681638,1,3,TRUE,202608250526,"primary",0.9,0,0.16372056404546,0.164860625410645,0.146079651477897,0.172515641525638,0.0982478670177276,-0.00665122421901444,0.508000000000001
"gini",0.483333333333333,0.000927618866412822,1,3,TRUE,202608250526,"primary",0.9,0,0.16372056404546,0.164860625410645,0.146079651477897,0.172515641525638,0.0982478670177276,-0.00665122421901444,0.508000000000001
"oracle",0.0166666666666667,-0.402441718712164,NA,NA,NA,202608250526,"primary",0.9,0,0.16372056404546,0.164860625410645,0.146079651477897,0.172515641525638,0.0982478670177276,-0.00665122421901444,0.508000000000001
"over",1,0.0155365236125367,1,3,TRUE,202608250526,"primary",0.9,0,0.16372056404546,0.164860625410645,0.146079651477897,0.172515641525638,0.0982478670177276,-0.00665122421901444,0.508000000000001
"raw",0.45,-0.00114006136518513,1,3,TRUE,202608250526,"primary",0.9,0,0.16372056404546,0.164860625410645,0.146079651477897,0.172515641525638,0.0982478670177276,-0.00665122421901444,0.508000000000001
"cw",1,0.0157453076872289,1,3,TRUE,202608250527,"primary",0.9,0,0.184113032198155,0.181297888745317,0.165696958065936,0.15678593778359,0.109187070194697,0.00274300409909719,0.5
"gini",0.55,0.000703211343518723,1,3,TRUE,202608250527,"primary",0.9,0,0.184113032198155,0.181297888745317,0.165696958065936,0.15678593778359,0.109187070194697,0.00274300409909719,0.5
"oracle",0,-0.40298621924486,NA,NA,NA,202608250527,"primary",0.9,0,0.184113032198155,0.181297888745317,0.165696958065936,0.15678593778359,0.109187070194697,0.00274300409909719,0.5
"over",1,0.0189843433723678,1,3,TRUE,202608250527,"primary",0.9,0,0.184113032198155,0.181297888745317,0.165696958065936,0.15678593778359,0.109187070194697,0.00274300409909719,0.5
"raw",0.55,0.00281514345283826,1,3,TRUE,202608250527,"primary",0.9,0,0.184113032198155,0.181297888745317,0.165696958065936,0.15678593778359,0.109187070194697,0.00274300409909719,0.5
"cw",1,0.0124709110184614,1,3,TRUE,202608250528,"primary",0.9,0,0.161413164189814,0.198249441837211,0.181666101685081,0.183168200373036,0.0971988055788084,-0.00775006847558544,0.583
"gini",0.4,-0.0323175341237998,1,3,TRUE,202608250528,"primary",0.9,0,0.161413164189814,0.198249441837211,0.181666101685081,0.183168200373036,0.0971988055788084,-0.00775006847558544,0.583
"oracle",0,-0.407091202866533,NA,NA,NA,202608250528,"primary",0.9,0,0.161413164189814,0.198249441837211,0.181666101685081,0.183168200373036,0.0971988055788084,-0.00775006847558544,0.583
"over",1,0.0152975120164661,1,3,TRUE,202608250528,"primary",0.9,0,0.161413164189814,0.198249441837211,0.181666101685081,0.183168200373036,0.0971988055788084,-0.00775006847558544,0.583
"raw",0.383333333333333,-0.0368362776473969,1,3,TRUE,202608250528,"primary",0.9,0,0.161413164189814,0.198249441837211,0.181666101685081,0.183168200373036,0.0971988055788084,-0.00775006847558544,0.583
"cw",0.883333333333333,0.00770646760232983,1,3,TRUE,202608250529,"primary",0.9,0,0.158873391861136,0.228085642519181,0.186608956278105,0.160205929813134,0.0950824333776715,0.0185077077965089,0.362
"gini",0.183333333333333,-0.0611947004166435,1,3,TRUE,202608250529,"primary",0.9,0,0.158873391861136,0.228085642519181,0.186608956278105,0.160205929813134,0.0950824333776715,0.0185077077965089,0.362
"oracle",0,-0.381971701338702,NA,NA,NA,202608250529,"primary",0.9,0,0.158873391861136,0.228085642519181,0.186608956278105,0.160205929813134,0.0950824333776715,0.0185077077965089,0.362
"over",0.883333333333333,0.00951318258974175,1,3,TRUE,202608250529,"primary",0.9,0,0.158873391861136,0.228085642519181,0.186608956278105,0.160205929813134,0.0950824333776715,0.0185077077965089,0.362
"raw",0.216666666666667,-0.0692122506580455,1,3,TRUE,202608250529,"primary",0.9,0,0.158873391861136,0.228085642519181,0.186608956278105,0.160205929813134,0.0950824333776715,0.0185077077965089,0.362
"cw",1,0.0118162092348339,1,3,TRUE,202608250530,"primary",0.9,0,0.153419751618886,0.160895174235351,0.170220880891264,0.180098619561931,0.0953787320178898,-0.01231735916916,0.402999999999999
"gini",0.516666666666667,-0.00591907104895506,1,3,TRUE,202608250530,"primary",0.9,0,0.153419751618886,0.160895174235351,0.170220880891264,0.180098619561931,0.0953787320178898,-0.01231735916916,0.402999999999999
"oracle",0,-0.313799262956015,NA,NA,NA,202608250530,"primary",0.9,0,0.153419751618886,0.160895174235351,0.170220880891264,0.180098619561931,0.0953787320178898,-0.01231735916916,0.402999999999999
"over",1,0.0142690336841191,1,3,TRUE,202608250530,"primary",0.9,0,0.153419751618886,0.160895174235351,0.170220880891264,0.180098619561931,0.0953787320178898,-0.01231735916916,0.402999999999999
"raw",0.466666666666667,-0.00747542261646528,1,3,TRUE,202608250530,"primary",0.9,0,0.153419751618886,0.160895174235351,0.170220880891264,0.180098619561931,0.0953787320178898,-0.01231735916916,0.402999999999999
"cw",1,0.0162038126128949,1,3,TRUE,202608250531,"primary",0.8,0,0.186996233243759,0.157640910263533,0.186997411307678,0.163523035449664,0.114328117125304,0.0057053614485799,0.561
"gini",0.716666666666667,0.0202229170022715,1,3,TRUE,202608250531,"primary",0.8,0,0.186996233243759,0.157640910263533,0.186997411307678,0.163523035449664,0.114328117125304,0.0057053614485799,0.561
"oracle",0,-0.369299871820319,NA,NA,NA,202608250531,"primary",0.8,0,0.186996233243759,0.157640910263533,0.186997411307678,0.163523035449664,0.114328117125304,0.0057053614485799,0.561
"over",1,0.0201192067072869,1,3,TRUE,202608250531,"primary",0.8,0,0.186996233243759,0.157640910263533,0.186997411307678,0.163523035449664,0.114328117125304,0.0057053614485799,0.561
"raw",0.716666666666667,0.0293553229802263,1,3,TRUE,202608250531,"primary",0.8,0,0.186996233243759,0.157640910263533,0.186997411307678,0.163523035449664,0.114328117125304,0.0057053614485799,0.561
"cw",1,0.0104643036944856,1,3,TRUE,202608250532,"primary",0.9,0,0.155118798818435,0.146269707928766,0.194650738596587,0.153924613444856,0.0892511024659902,-0.00722001130695685,0.359
"gini",0.5,3.59946679504147e-05,1,3,TRUE,202608250532,"primary",0.9,0,0.155118798818435,0.146269707928766,0.194650738596587,0.153924613444856,0.0892511024659902,-0.00722001130695685,0.359
"oracle",0,-0.298358178402066,NA,NA,NA,202608250532,"primary",0.9,0,0.155118798818435,0.146269707928766,0.194650738596587,0.153924613444856,0.0892511024659902,-0.00722001130695685,0.359
"over",1,0.0130606141667846,1,3,TRUE,202608250532,"primary",0.9,0,0.155118798818435,0.146269707928766,0.194650738596587,0.153924613444856,0.0892511024659902,-0.00722001130695685,0.359
"raw",0.566666666666667,0.00884909088966954,1,3,TRUE,202608250532,"primary",0.9,0,0.155118798818435,0.146269707928766,0.194650738596587,0.153924613444856,0.0892511024659902,-0.00722001130695685,0.359
"cw",0.983333333333333,0.0136499295484663,1,3,TRUE,202608250533,"primary",0.8,0,0.165520918781982,0.176681306313771,0.159440604214055,0.156374206522906,0.101330343711754,-0.00313350896514378,0.524999999999999
"gini",0.466666666666667,-0.0116843026561861,1,3,TRUE,202608250533,"primary",0.8,0,0.165520918781982,0.176681306313771,0.159440604214055,0.156374206522906,0.101330343711754,-0.00313350896514378,0.524999999999999
"oracle",0,-0.400737294266645,NA,NA,NA,202608250533,"primary",0.8,0,0.165520918781982,0.176681306313771,0.159440604214055,0.156374206522906,0.101330343711754,-0.00313350896514378,0.524999999999999
"over",0.983333333333333,0.0163480434470885,1,3,TRUE,202608250533,"primary",0.8,0,0.165520918781982,0.176681306313771,0.159440604214055,0.156374206522906,0.101330343711754,-0.00313350896514378,0.524999999999999
"raw",0.5,-0.0111603875317892,1,3,TRUE,202608250533,"primary",0.8,0,0.165520918781982,0.176681306313771,0.159440604214055,0.156374206522906,0.101330343711754,-0.00313350896514378,0.524999999999999
"cw",1,0.0264365703792459,1,3,TRUE,202608250534,"primary",0.9,0,0.234614967217145,0.218459434287925,0.155201192713998,0.187226326489244,0.141623063366941,0.00578742137484448,0.446999999999999
"gini",0.583333333333333,0.0194287071944657,1,3,TRUE,202608250534,"primary",0.9,0,0.234614967217145,0.218459434287925,0.155201192713998,0.187226326489244,0.141623063366941,0.00578742137484448,0.446999999999999
"oracle",0,-0.39315307447877,NA,NA,NA,202608250534,"primary",0.9,0,0.234614967217145,0.218459434287925,0.155201192713998,0.187226326489244,0.141623063366941,0.00578742137484448,0.446999999999999
"over",1,0.0313839974334774,1,3,TRUE,202608250534,"primary",0.9,0,0.234614967217145,0.218459434287925,0.155201192713998,0.187226326489244,0.141623063366941,0.00578742137484448,0.446999999999999
"raw",0.516666666666667,0.0161555329292194,1,3,TRUE,202608250534,"primary",0.9,0,0.234614967217145,0.218459434287925,0.155201192713998,0.187226326489244,0.141623063366941,0.00578742137484448,0.446999999999999
"cw",1,0.0157545499045716,1,3,TRUE,202608250535,"primary",0.9,0,0.177314687149419,0.151042788144125,0.179019591766064,0.174055221901617,0.107053727723792,-0.0119915114205314,0.459999999999999
"gini",0.533333333333333,0.0187299722138675,1,3,TRUE,202608250535,"primary",0.9,0,0.177314687149419,0.151042788144125,0.179019591766064,0.174055221901617,0.107053727723792,-0.0119915114205314,0.459999999999999
"oracle",0,-0.337141526352884,NA,NA,NA,202608250535,"primary",0.9,0,0.177314687149419,0.151042788144125,0.179019591766064,0.174055221901617,0.107053727723792,-0.0119915114205314,0.459999999999999
"over",1,0.0192534117482768,1,3,TRUE,202608250535,"primary",0.9,0,0.177314687149419,0.151042788144125,0.179019591766064,0.174055221901617,0.107053727723792,-0.0119915114205314,0.459999999999999
"raw",0.616666666666667,0.0262718990052941,1,3,TRUE,202608250535,"primary",0.9,0,0.177314687149419,0.151042788144125,0.179019591766064,0.174055221901617,0.107053727723792,-0.0119915114205314,0.459999999999999
"cw",1,0.0156974908214745,0.792079207920792,3,FALSE,202608250536,"primary",0.6,0,0.177193517608587,0.170460073296824,0.157720069242654,0.153715178685595,0.106350384922403,-0.014653267969111,0.646000000000001
"gini",0.533333333333333,0.0049670534910414,0.792079207920792,3,FALSE,202608250536,"primary",0.6,0,0.177193517608587,0.170460073296824,0.157720069242654,0.153715178685595,0.106350384922403,-0.014653267969111,0.646000000000001
"oracle",0,-0.374056596438894,NA,NA,NA,202608250536,"primary",0.6,0,0.177193517608587,0.170460073296824,0.157720069242654,0.153715178685595,0.106350384922403,-0.014653267969111,0.646000000000001
"over",1,0.0187451100761846,0.792079207920792,3,FALSE,202608250536,"primary",0.6,0,0.177193517608587,0.170460073296824,0.157720069242654,0.153715178685595,0.106350384922403,-0.014653267969111,0.646000000000001
"raw",0.516666666666667,0.00673344431176259,0.792079207920792,3,FALSE,202608250536,"primary",0.6,0,0.177193517608587,0.170460073296824,0.157720069242654,0.153715178685595,0.106350384922403,-0.014653267969111,0.646000000000001
"cw",1,0.0276037186768772,1,3,TRUE,202608250537,"primary",0.9,0,0.243546646431204,0.185509798164155,0.15760349623902,0.169641867139761,0.146944518082849,0.0129935624452229,0.416
"gini",0.733333333333333,0.050746031687271,1,3,TRUE,202608250537,"primary",0.9,0,0.243546646431204,0.185509798164155,0.15760349623902,0.169641867139761,0.146944518082849,0.0129935624452229,0.416
"oracle",0,-0.315856446788058,NA,NA,NA,202608250537,"primary",0.9,0,0.243546646431204,0.185509798164155,0.15760349623902,0.169641867139761,0.146944518082849,0.0129935624452229,0.416
"over",1,0.0328664545910214,1,3,TRUE,202608250537,"primary",0.9,0,0.243546646431204,0.185509798164155,0.15760349623902,0.169641867139761,0.146944518082849,0.0129935624452229,0.416
"raw",0.716666666666667,0.0580368482670495,1,3,TRUE,202608250537,"primary",0.9,0,0.243546646431204,0.185509798164155,0.15760349623902,0.169641867139761,0.146944518082849,0.0129935624452229,0.416
"cw",1,0.0262405152379142,1,3,TRUE,202608250538,"primary",0.9,0,0.242707167233477,0.21912464581427,0.168824397839632,0.157379256317076,0.147077050037795,0.0183331008508754,0.766
"gini",0.616666666666667,0.0176986199751564,1,3,TRUE,202608250538,"primary",0.9,0,0.242707167233477,0.21912464581427,0.168824397839632,0.157379256317076,0.147077050037795,0.0183331008508754,0.766
"oracle",0,-0.336166521090401,NA,NA,NA,202608250538,"primary",0.9,0,0.242707167233477,0.21912464581427,0.168824397839632,0.157379256317076,0.147077050037795,0.0183331008508754,0.766
"over",1,0.0316389512744905,1,3,TRUE,202608250538,"primary",0.9,0,0.242707167233477,0.21912464581427,0.168824397839632,0.157379256317076,0.147077050037795,0.0183331008508754,0.766
"raw",0.65,0.023582521419207,1,3,TRUE,202608250538,"primary",0.9,0,0.242707167233477,0.21912464581427,0.168824397839632,0.157379256317076,0.147077050037795,0.0183331008508754,0.766
"cw",1,0.0229023603787192,1,3,TRUE,202608250539,"primary",0.9,0,0.223341912731112,0.212919192888931,0.170925503794646,0.18566185891868,0.133036187034517,0.000748455653932039,0.638999999999999
"gini",0.666666666666667,0.0120709043870539,1,3,TRUE,202608250539,"primary",0.9,0,0.223341912731112,0.212919192888931,0.170925503794646,0.18566185891868,0.133036187034517,0.000748455653932039,0.638999999999999
"oracle",0,-0.273737859965529,NA,NA,NA,202608250539,"primary",0.9,0,0.223341912731112,0.212919192888931,0.170925503794646,0.18566185891868,0.133036187034517,0.000748455653932039,0.638999999999999
"over",1,0.0276606689826244,1,3,TRUE,202608250539,"primary",0.9,0,0.223341912731112,0.212919192888931,0.170925503794646,0.18566185891868,0.133036187034517,0.000748455653932039,0.638999999999999
"raw",0.6,0.0104227198421805,1,3,TRUE,202608250539,"primary",0.9,0,0.223341912731112,0.212919192888931,0.170925503794646,0.18566185891868,0.133036187034517,0.000748455653932039,0.638999999999999
"cw",1,0.0159340921365959,1,3,TRUE,202608250540,"primary",0.9,0,0.191650042664904,0.1837182655038,0.191837132357581,0.177347573003429,0.117412476757463,0.00860721544710919,0.369999999999999
"gini",0.516666666666667,0.00278663324398859,1,3,TRUE,202608250540,"primary",0.9,0,0.191650042664904,0.1837182655038,0.191837132357581,0.177347573003429,0.117412476757463,0.00860721544710919,0.369999999999999
"oracle",0,-0.354612544224869,NA,NA,NA,202608250540,"primary",0.9,0,0.191650042664904,0.1837182655038,0.191837132357581,0.177347573003429,0.117412476757463,0.00860721544710919,0.369999999999999
"over",1,0.0197005853497541,1,3,TRUE,202608250540,"primary",0.9,0,0.191650042664904,0.1837182655038,0.191837132357581,0.177347573003429,0.117412476757463,0.00860721544710919,0.369999999999999
"raw",0.583333333333333,0.00793177716110416,1,3,TRUE,202608250540,"primary",0.9,0,0.191650042664904,0.1837182655038,0.191837132357581,0.177347573003429,0.117412476757463,0.00860721544710919,0.369999999999999
"cw",1,0.0165313746795486,0.792079207920792,3,FALSE,202608250541,"primary",0.6,0,0.195939793825359,0.145552196554167,0.178092691063462,0.172127689841447,0.117187719984956,0.00955397669136072,0.459
"gini",0.766666666666667,0.03908760054935,0.792079207920792,3,FALSE,202608250541,"primary",0.6,0,0.195939793825359,0.145552196554167,0.178092691063462,0.172127689841447,0.117187719984956,0.00955397669136072,0.459
"oracle",0,-0.422834656788825,NA,NA,NA,202608250541,"primary",0.6,0,0.195939793825359,0.145552196554167,0.178092691063462,0.172127689841447,0.117187719984956,0.00955397669136072,0.459
"over",1,0.0202562934672063,0.792079207920792,3,FALSE,202608250541,"primary",0.6,0,0.195939793825359,0.145552196554167,0.178092691063462,0.172127689841447,0.117187719984956,0.00955397669136072,0.459
"raw",0.766666666666667,0.0503875972711924,0.792079207920792,3,FALSE,202608250541,"primary",0.6,0,0.195939793825359,0.145552196554167,0.178092691063462,0.172127689841447,0.117187719984956,0.00955397669136072,0.459
"cw",1,0.0162716788381879,1,3,TRUE,202608250542,"primary",0.9,0,0.186867502054981,0.108070517312802,0.186692337512881,0.170337684809274,0.107868694390213,-0.033735766757791,0.456000000000001
"gini",0.85,0.0631577797983064,1,3,TRUE,202608250542,"primary",0.9,0,0.186867502054981,0.108070517312802,0.186692337512881,0.170337684809274,0.107868694390213,-0.033735766757791,0.456000000000001
"oracle",0,-0.326867064265461,NA,NA,NA,202608250542,"primary",0.9,0,0.186867502054981,0.108070517312802,0.186692337512881,0.170337684809274,0.107868694390213,-0.033735766757791,0.456000000000001
"over",1,0.0200007953029106,1,3,TRUE,202608250542,"primary",0.9,0,0.186867502054981,0.108070517312802,0.186692337512881,0.170337684809274,0.107868694390213,-0.033735766757791,0.456000000000001
"raw",0.816666666666667,0.0787969847421789,1,3,TRUE,202608250542,"primary",0.9,0,0.186867502054981,0.108070517312802,0.186692337512881,0.170337684809274,0.107868694390213,-0.033735766757791,0.456000000000001
"cw",1,0.0218194877179975,1,3,TRUE,202608250543,"primary",0.9,0,0.210569875792552,0.190363168378716,0.149334271341091,0.159254970477932,0.126856162314627,0.00227476166394251,0.428000000000001
"gini",0.6,0.0184745531098648,1,3,TRUE,202608250543,"primary",0.9,0,0.210569875792552,0.190363168378716,0.149334271341091,0.159254970477932,0.126856162314627,0.00227476166394251,0.428000000000001
"oracle",0,-0.344869434275016,NA,NA,NA,202608250543,"primary",0.9,0,0.210569875792552,0.190363168378716,0.149334271341091,0.159254970477932,0.126856162314627,0.00227476166394251,0.428000000000001
"over",1,0.0256499333419233,1,3,TRUE,202608250543,"primary",0.9,0,0.210569875792552,0.190363168378716,0.149334271341091,0.159254970477932,0.126856162314627,0.00227476166394251,0.428000000000001
"raw",0.583333333333333,0.0202067074138357,1,3,TRUE,202608250543,"primary",0.9,0,0.210569875792552,0.190363168378716,0.149334271341091,0.159254970477932,0.126856162314627,0.00227476166394251,0.428000000000001
"cw",1,0.0290658368504124,1,3,TRUE,202608250544,"primary",0.9,0,0.250171863179456,0.217848087379321,0.175592548340676,0.167588451809189,0.149507414708538,0.00516969758663922,0.49
"gini",0.733333333333333,0.0257405015239275,1,3,TRUE,202608250544,"primary",0.9,0,0.250171863179456,0.217848087379321,0.175592548340676,0.167588451809189,0.149507414708538,0.00516969758663922,0.49
"oracle",0,-0.310052551018895,NA,NA,NA,202608250544,"primary",0.9,0,0.250171863179456,0.217848087379321,0.175592548340676,0.167588451809189,0.149507414708538,0.00516969758663922,0.49
"over",1,0.0350778680969552,1,3,TRUE,202608250544,"primary",0.9,0,0.250171863179456,0.217848087379321,0.175592548340676,0.167588451809189,0.149507414708538,0.00516969758663922,0.49
"raw",0.75,0.0323237758001346,1,3,TRUE,202608250544,"primary",0.9,0,0.250171863179456,0.217848087379321,0.175592548340676,0.167588451809189,0.149507414708538,0.00516969758663922,0.49
"cw",0.966666666666667,0.0046170103660586,0.614886731391586,3,FALSE,202608250545,"primary",0.5,0,0.108110330857511,0.143259942142974,0.194572898560164,0.182134884185348,0.0624979769580909,0.00153856444290611,0.428000000000001
"gini",0.3,-0.0304560215315074,0.792079207920792,3,FALSE,202608250545,"primary",0.5,0,0.108110330857511,0.143259942142974,0.194572898560164,0.182134884185348,0.0624979769580909,0.00153856444290611,0.428000000000001
"oracle",0,-0.43567833703813,NA,NA,NA,202608250545,"primary",0.5,0,0.108110330857511,0.143259942142974,0.194572898560164,0.182134884185348,0.0624979769580909,0.00153856444290611,0.428000000000001
"over",0.983333333333333,0.005817565194858,0.614886731391586,3,FALSE,202608250545,"primary",0.5,0,0.108110330857511,0.143259942142974,0.194572898560164,0.182134884185348,0.0624979769580909,0.00153856444290611,0.428000000000001
"raw",0.3,-0.0351496112854636,0.792079207920792,3,FALSE,202608250545,"primary",0.5,0,0.108110330857511,0.143259942142974,0.194572898560164,0.182134884185348,0.0624979769580909,0.00153856444290611,0.428000000000001
"cw",1,0.010433616287359,1,3,TRUE,202608250546,"primary",0.9,0,0.168567145832426,0.222802562366762,0.197802460705278,0.168016452383764,0.100868596692075,0.0109869971278488,0.388
"gini",0.25,-0.05125259076373,1,3,TRUE,202608250546,"primary",0.9,0,0.168567145832426,0.222802562366762,0.197802460705278,0.168016452383764,0.100868596692075,0.0109869971278488,0.388
"oracle",0,-0.359502645519504,NA,NA,NA,202608250546,"primary",0.9,0,0.168567145832426,0.222802562366762,0.197802460705278,0.168016452383764,0.100868596692075,0.0109869971278488,0.388
"over",1,0.0131999199812777,1,3,TRUE,202608250546,"primary",0.9,0,0.168567145832426,0.222802562366762,0.197802460705278,0.168016452383764,0.100868596692075,0.0109869971278488,0.388
"raw",0.3,-0.0542354165343365,1,3,TRUE,202608250546,"primary",0.9,0,0.168567145832426,0.222802562366762,0.197802460705278,0.168016452383764,0.100868596692075,0.0109869971278488,0.388
"cw",1,0.0123663701964323,1,3,TRUE,202608250547,"primary",0.9,0,0.15836771148571,0.119924498499281,0.172765585414301,0.18101440601614,0.094679537801907,-0.030722223571699,0.382999999999999
"gini",0.733333333333333,0.0302797843663467,1,3,TRUE,202608250547,"primary",0.9,0,0.15836771148571,0.119924498499281,0.172765585414301,0.18101440601614,0.094679537801907,-0.030722223571699,0.382999999999999
"oracle",0,-0.346240425582756,NA,NA,NA,202608250547,"primary",0.9,0,0.15836771148571,0.119924498499281,0.172765585414301,0.18101440601614,0.094679537801907,-0.030722223571699,0.382999999999999
"over",1,0.0149466897072462,1,3,TRUE,202608250547,"primary",0.9,0,0.15836771148571,0.119924498499281,0.172765585414301,0.18101440601614,0.094679537801907,-0.030722223571699,0.382999999999999
"raw",0.75,0.0384432129864287,1,3,TRUE,202608250547,"primary",0.9,0,0.15836771148571,0.119924498499281,0.172765585414301,0.18101440601614,0.094679537801907,-0.030722223571699,0.382999999999999
"cw",1,0.019746479525478,1,3,TRUE,202608250548,"primary",0.9,0,0.199616939746553,0.191935692889962,0.173374935183073,0.161993176627542,0.123450652885894,-0.0100772348761064,0.58
"gini",0.566666666666667,0.0018560352742969,1,3,TRUE,202608250548,"primary",0.9,0,0.199616939746553,0.191935692889962,0.173374935183073,0.161993176627542,0.123450652885894,-0.0100772348761064,0.58
"oracle",0.0166666666666667,-0.298433949630596,NA,NA,NA,202608250548,"primary",0.9,0,0.199616939746553,0.191935692889962,0.173374935183073,0.161993176627542,0.123450652885894,-0.0100772348761064,0.58
"over",1,0.0241549871908969,1,3,TRUE,202608250548,"primary",0.9,0,0.199616939746553,0.191935692889962,0.173374935183073,0.161993176627542,0.123450652885894,-0.0100772348761064,0.58
"raw",0.566666666666667,0.00768124685659086,1,3,TRUE,202608250548,"primary",0.9,0,0.199616939746553,0.191935692889962,0.173374935183073,0.161993176627542,0.123450652885894,-0.0100772348761064,0.58
"cw",1,0.0184761084672916,1,3,TRUE,202608250549,"primary",0.9,0,0.200526200555476,0.245070931956466,0.165997711357081,0.155221360887376,0.121518374221125,0.00787269437554984,0.523
"gini",0.266666666666667,-0.0394282867780672,0.792079207920792,3,TRUE,202608250549,"primary",0.9,0,0.200526200555476,0.245070931956466,0.165997711357081,0.155221360887376,0.121518374221125,0.00787269437554984,0.523
"oracle",0,-0.369806114942439,NA,NA,NA,202608250549,"primary",0.9,0,0.200526200555476,0.245070931956466,0.165997711357081,0.155221360887376,0.121518374221125,0.00787269437554984,0.523
"over",1,0.0222836414624937,1,3,TRUE,202608250549,"primary",0.9,0,0.200526200555476,0.245070931956466,0.165997711357081,0.155221360887376,0.121518374221125,0.00787269437554984,0.523
"raw",0.266666666666667,-0.0445447314009899,0.792079207920792,3,TRUE,202608250549,"primary",0.9,0,0.200526200555476,0.245070931956466,0.165997711357081,0.155221360887376,0.121518374221125,0.00787269437554984,0.523
"cw",1,0.0121583459951879,1,3,TRUE,202608250550,"primary",0.9,0,0.159901502352927,0.173579964628765,0.157284104261115,0.151352262088218,0.0983679518497845,0.00332316581208091,0.564
"gini",0.483333333333333,-0.0164929424680495,1,3,TRUE,202608250550,"primary",0.9,0,0.159901502352927,0.173579964628765,0.157284104261115,0.151352262088218,0.0983679518497845,0.00332316581208091,0.564
"oracle",0,-0.327870051579238,NA,NA,NA,202608250550,"primary",0.9,0,0.159901502352927,0.173579964628765,0.157284104261115,0.151352262088218,0.0983679518497845,0.00332316581208091,0.564
"over",1,0.0145584259233539,1,3,TRUE,202608250550,"primary",0.9,0,0.159901502352927,0.173579964628765,0.157284104261115,0.151352262088218,0.0983679518497845,0.00332316581208091,0.564
"raw",0.483333333333333,-0.0136784622758374,1,3,TRUE,202608250550,"primary",0.9,0,0.159901502352927,0.173579964628765,0.157284104261115,0.151352262088218,0.0983679518497845,0.00332316581208091,0.564
"cw",1,0.00910269276837804,1,3,TRUE,202608250551,"primary",0.9,0,0.136186290152544,0.136625216644487,0.156324661076323,0.178495374768157,0.0808111232481894,-0.00976724428630496,0.607999999999999
"gini",0.533333333333333,0.00172953653021596,1,3,TRUE,202608250551,"primary",0.9,0,0.136186290152544,0.136625216644487,0.156324661076323,0.178495374768157,0.0808111232481894,-0.00976724428630496,0.607999999999999
"oracle",0,-0.534407069870292,NA,NA,NA,202608250551,"primary",0.9,0,0.136186290152544,0.136625216644487,0.156324661076323,0.178495374768157,0.0808111232481894,-0.00976724428630496,0.607999999999999
"over",1,0.0108028162744535,1,3,TRUE,202608250551,"primary",0.9,0,0.136186290152544,0.136625216644487,0.156324661076323,0.178495374768157,0.0808111232481894,-0.00976724428630496,0.607999999999999
"raw",0.533333333333333,-0.00043892649194216,1,3,TRUE,202608250551,"primary",0.9,0,0.136186290152544,0.136625216644487,0.156324661076323,0.178495374768157,0.0808111232481894,-0.00976724428630496,0.607999999999999
"cw",0.983333333333333,0.0122066728681967,1,3,TRUE,202608250552,"primary",0.9,0,0.166781885117951,0.16847452748734,0.172249828560191,0.174893258670506,0.102534111918268,0.00948450954498315,0.379999999999999
"gini",0.533333333333333,-0.00262919758507085,1,3,TRUE,202608250552,"primary",0.9,0,0.166781885117951,0.16847452748734,0.172249828560191,0.174893258670506,0.102534111918268,0.00948450954498315,0.379999999999999
"oracle",0,-0.354298637471698,NA,NA,NA,202608250552,"primary",0.9,0,0.166781885117951,0.16847452748734,0.172249828560191,0.174893258670506,0.102534111918268,0.00948450954498315,0.379999999999999
"over",0.983333333333333,0.0148158947645681,1,3,TRUE,202608250552,"primary",0.9,0,0.166781885117951,0.16847452748734,0.172249828560191,0.174893258670506,0.102534111918268,0.00948450954498315,0.379999999999999
"raw",0.516666666666667,-0.00169264236938893,1,3,TRUE,202608250552,"primary",0.9,0,0.166781885117951,0.16847452748734,0.172249828560191,0.174893258670506,0.102534111918268,0.00948450954498315,0.379999999999999
"cw",1,0.0103406923836296,1,3,TRUE,202608250553,"primary",0.9,0,0.159324744529184,0.203657089121518,0.174915286085263,0.142496193241593,0.095689720962415,0.0104758645361344,0.386000000000001
"gini",0.266666666666667,-0.0462377904205648,0.792079207920792,3,TRUE,202608250553,"primary",0.9,0,0.159324744529184,0.203657089121518,0.174915286085263,0.142496193241593,0.095689720962415,0.0104758645361344,0.386000000000001
"oracle",0,-0.449696899884677,NA,NA,NA,202608250553,"primary",0.9,0,0.159324744529184,0.203657089121518,0.174915286085263,0.142496193241593,0.095689720962415,0.0104758645361344,0.386000000000001
"over",1,0.0127668012255982,1,3,TRUE,202608250553,"primary",0.9,0,0.159324744529184,0.203657089121518,0.174915286085263,0.142496193241593,0.095689720962415,0.0104758645361344,0.386000000000001
"raw",0.3,-0.0443323445923341,0.792079207920792,3,TRUE,202608250553,"primary",0.9,0,0.159324744529184,0.203657089121518,0.174915286085263,0.142496193241593,0.095689720962415,0.0104758645361344,0.386000000000001
"cw",1,0.0277985895739243,1,3,TRUE,202608250554,"primary",0.9,0,0.23001570522514,0.140460325031263,0.158052403719556,0.163308668180249,0.14129720688537,-0.0202529347419291,0.456
"gini",0.883333333333333,0.0746114754764712,1,3,TRUE,202608250554,"primary",0.9,0,0.23001570522514,0.140460325031263,0.158052403719556,0.163308668180249,0.14129720688537,-0.0202529347419291,0.456
"oracle",0,-0.319592554843853,NA,NA,NA,202608250554,"primary",0.9,0,0.23001570522514,0.140460325031263,0.158052403719556,0.163308668180249,0.14129720688537,-0.0202529347419291,0.456
"over",1,0.0332149866436334,1,3,TRUE,202608250554,"primary",0.9,0,0.23001570522514,0.140460325031263,0.158052403719556,0.163308668180249,0.14129720688537,-0.0202529347419291,0.456
"raw",0.9,0.0895553801938773,1,3,TRUE,202608250554,"primary",0.9,0,0.23001570522514,0.140460325031263,0.158052403719556,0.163308668180249,0.14129720688537,-0.0202529347419291,0.456
"cw",1,0.0139200939795461,1,3,TRUE,202608250555,"primary",0.9,0,0.186919496683764,0.196676294296405,0.14663337509415,0.170323445424208,0.110218890077405,0.0187623104251562,0.5
"gini",0.416666666666667,-0.00484630895282795,1,3,TRUE,202608250555,"primary",0.9,0,0.186919496683764,0.196676294296405,0.14663337509415,0.170323445424208,0.110218890077405,0.0187623104251562,0.5
"oracle",0,-0.434571965543845,NA,NA,NA,202608250555,"primary",0.9,0,0.186919496683764,0.196676294296405,0.14663337509415,0.170323445424208,0.110218890077405,0.0187623104251562,0.5
"over",1,0.0161193361913721,1,3,TRUE,202608250555,"primary",0.9,0,0.186919496683764,0.196676294296405,0.14663337509415,0.170323445424208,0.110218890077405,0.0187623104251562,0.5
"raw",0.383333333333333,-0.00975679761264034,1,3,TRUE,202608250555,"primary",0.9,0,0.186919496683764,0.196676294296405,0.14663337509415,0.170323445424208,0.110218890077405,0.0187623104251562,0.5
"cw",1,0.0163588418781052,0.792079207920792,3,FALSE,202608250556,"primary",0.7,0,0.186302842134228,0.178556075952368,0.159067688122961,0.172144733504508,0.111873630382085,0.00598081830863129,0.353999999999999
"gini",0.6,0.00953515550482031,1,3,TRUE,202608250556,"primary",0.7,0,0.186302842134228,0.178556075952368,0.159067688122961,0.172144733504508,0.111873630382085,0.00598081830863129,0.353999999999999
"oracle",0,-0.388612854954117,NA,NA,NA,202608250556,"primary",0.7,0,0.186302842134228,0.178556075952368,0.159067688122961,0.172144733504508,0.111873630382085,0.00598081830863129,0.353999999999999
"over",1,0.0194065153774272,0.792079207920792,3,FALSE,202608250556,"primary",0.7,0,0.186302842134228,0.178556075952368,0.159067688122961,0.172144733504508,0.111873630382085,0.00598081830863129,0.353999999999999
"raw",0.583333333333333,0.00774676618186027,1,3,TRUE,202608250556,"primary",0.7,0,0.186302842134228,0.178556075952368,0.159067688122961,0.172144733504508,0.111873630382085,0.00598081830863129,0.353999999999999
"cw",1,0.0167378520419473,1,3,TRUE,202608250557,"primary",0.7,0,0.191522765425744,0.134128325892303,0.171817135664465,0.158883187631428,0.11159135638558,-0.00496207036394379,0.452
"gini",0.716666666666667,0.0453162297271114,1,3,TRUE,202608250557,"primary",0.7,0,0.191522765425744,0.134128325892303,0.171817135664465,0.158883187631428,0.11159135638558,-0.00496207036394379,0.452
"oracle",0,-0.383410441460895,NA,NA,NA,202608250557,"primary",0.7,0,0.191522765425744,0.134128325892303,0.171817135664465,0.158883187631428,0.11159135638558,-0.00496207036394379,0.452
"over",1,0.0202891718228708,1,3,TRUE,202608250557,"primary",0.7,0,0.191522765425744,0.134128325892303,0.171817135664465,0.158883187631428,0.11159135638558,-0.00496207036394379,0.452
"raw",0.716666666666667,0.0573944395334409,1,3,TRUE,202608250557,"primary",0.7,0,0.191522765425744,0.134128325892303,0.171817135664465,0.158883187631428,0.11159135638558,-0.00496207036394379,0.452
"cw",1,0.0151717107035263,1,3,TRUE,202608250558,"primary",0.9,0,0.183259863152536,0.152968900593306,0.16383567406726,0.151878719851947,0.10764339016738,-0.00162592390220049,0.398999999999999
"gini",0.616666666666667,0.0224553543213204,1,3,TRUE,202608250558,"primary",0.9,0,0.183259863152536,0.152968900593306,0.16383567406726,0.151878719851947,0.10764339016738,-0.00162592390220049,0.398999999999999
"oracle",0,-0.41317628755449,NA,NA,NA,202608250558,"primary",0.9,0,0.183259863152536,0.152968900593306,0.16383567406726,0.151878719851947,0.10764339016738,-0.00162592390220049,0.398999999999999
"over",1,0.0181247674221171,1,3,TRUE,202608250558,"primary",0.9,0,0.183259863152536,0.152968900593306,0.16383567406726,0.151878719851947,0.10764339016738,-0.00162592390220049,0.398999999999999
"raw",0.666666666666667,0.0302909625592304,1,3,TRUE,202608250558,"primary",0.9,0,0.183259863152536,0.152968900593306,0.16383567406726,0.151878719851947,0.10764339016738,-0.00162592390220049,0.398999999999999
"cw",1,0.0247488945258134,1,3,TRUE,202608250559,"primary",0.9,0,0.224994490191651,0.181434140854858,0.170534214501141,0.164974795456743,0.136065765817659,-0.0166313617352918,0.435
"gini",0.75,0.0351868997470481,1,3,TRUE,202608250559,"primary",0.9,0,0.224994490191651,0.181434140854858,0.170534214501141,0.164974795456743,0.136065765817659,-0.0166313617352918,0.435
"oracle",0,-0.36953601981817,NA,NA,NA,202608250559,"primary",0.9,0,0.224994490191651,0.181434140854858,0.170534214501141,0.164974795456743,0.136065765817659,-0.0166313617352918,0.435
"over",1,0.0299310183926765,1,3,TRUE,202608250559,"primary",0.9,0,0.224994490191651,0.181434140854858,0.170534214501141,0.164974795456743,0.136065765817659,-0.0166313617352918,0.435
"raw",0.75,0.0435603493367935,1,3,TRUE,202608250559,"primary",0.9,0,0.224994490191651,0.181434140854858,0.170534214501141,0.164974795456743,0.136065765817659,-0.0166313617352918,0.435
"cw",1,0.0088135031430071,0.792079207920792,3,FALSE,202608250560,"primary",0.6,0,0.134561800611197,0.157617584668437,0.190991622712032,0.156426314019959,0.0813000206398595,-0.0298761858926273,0.337999999999999
"gini",0.233333333333333,-0.0247457300489559,0.792079207920792,3,FALSE,202608250560,"primary",0.6,0,0.134561800611197,0.157617584668437,0.190991622712032,0.156426314019959,0.0813000206398595,-0.0298761858926273,0.337999999999999
"oracle",0,-0.431901699447207,NA,NA,NA,202608250560,"primary",0.6,0,0.134561800611197,0.157617584668437,0.190991622712032,0.156426314019959,0.0813000206398595,-0.0298761858926273,0.337999999999999
"over",1,0.0109432102587309,0.792079207920792,3,FALSE,202608250560,"primary",0.6,0,0.134561800611197,0.157617584668437,0.190991622712032,0.156426314019959,0.0813000206398595,-0.0298761858926273,0.337999999999999
"raw",0.266666666666667,-0.0230557840572403,0.792079207920792,3,FALSE,202608250560,"primary",0.6,0,0.134561800611197,0.157617584668437,0.190991622712032,0.156426314019959,0.0813000206398595,-0.0298761858926273,0.337999999999999
"cw",1,0.0235609407012551,1,3,TRUE,202608250561,"primary",0.9,0,0.223820908906953,0.176824087150209,0.169811836636332,0.179527192257067,0.131439978037853,0.000623920596100669,0.411
"gini",0.683333333333333,0.0383659081444868,1,3,TRUE,202608250561,"primary",0.9,0,0.223820908906953,0.176824087150209,0.169811836636332,0.179527192257067,0.131439978037853,0.000623920596100669,0.411
"oracle",0,-0.34133538861573,NA,NA,NA,202608250561,"primary",0.9,0,0.223820908906953,0.176824087150209,0.169811836636332,0.179527192257067,0.131439978037853,0.000623920596100669,0.411
"over",1,0.0285233610587199,1,3,TRUE,202608250561,"primary",0.9,0,0.223820908906953,0.176824087150209,0.169811836636332,0.179527192257067,0.131439978037853,0.000623920596100669,0.411
"raw",0.65,0.046996821756744,1,3,TRUE,202608250561,"primary",0.9,0,0.223820908906953,0.176824087150209,0.169811836636332,0.179527192257067,0.131439978037853,0.000623920596100669,0.411
"cw",1,0.021891149512615,1,3,TRUE,202608250562,"primary",0.9,0,0.209240949491309,0.108283989138234,0.167543305765846,0.16021643531891,0.127466234249731,-0.0177552777485787,0.442
"gini",0.833333333333333,0.0815441732529135,1,3,TRUE,202608250562,"primary",0.9,0,0.209240949491309,0.108283989138234,0.167543305765846,0.16021643531891,0.127466234249731,-0.0177552777485787,0.442
"oracle",0,-0.407240398548257,NA,NA,NA,202608250562,"primary",0.9,0,0.209240949491309,0.108283989138234,0.167543305765846,0.16021643531891,0.127466234249731,-0.0177552777485787,0.442
"over",1,0.0263947206446549,1,3,TRUE,202608250562,"primary",0.9,0,0.209240949491309,0.108283989138234,0.167543305765846,0.16021643531891,0.127466234249731,-0.0177552777485787,0.442
"raw",0.85,0.100956960353075,1,3,TRUE,202608250562,"primary",0.9,0,0.209240949491309,0.108283989138234,0.167543305765846,0.16021643531891,0.127466234249731,-0.0177552777485787,0.442
"cw",1,0.0128077932111194,1,3,TRUE,202608250563,"primary",0.9,0,0.165781828816806,0.193093254243651,0.164018527223999,0.16431827703279,0.104469449704802,-0.00271366627986039,0.460000000000001
"gini",0.383333333333333,-0.0226201447877756,0.792079207920792,3,TRUE,202608250563,"primary",0.9,0,0.165781828816806,0.193093254243651,0.164018527223999,0.16431827703279,0.104469449704802,-0.00271366627986039,0.460000000000001
"oracle",0,-0.379376505096804,NA,NA,NA,202608250563,"primary",0.9,0,0.165781828816806,0.193093254243651,0.164018527223999,0.16431827703279,0.104469449704802,-0.00271366627986039,0.460000000000001
"over",1,0.0152487607768715,1,3,TRUE,202608250563,"primary",0.9,0,0.165781828816806,0.193093254243651,0.164018527223999,0.16431827703279,0.104469449704802,-0.00271366627986039,0.460000000000001
"raw",0.333333333333333,-0.0273114254268449,0.792079207920792,3,TRUE,202608250563,"primary",0.9,0,0.165781828816806,0.193093254243651,0.164018527223999,0.16431827703279,0.104469449704802,-0.00271366627986039,0.460000000000001
"cw",0.95,0.00609537206622382,0.440771349862259,2,FALSE,202608250564,"primary",0.5,0,0.122368374027602,0.164800537626596,0.177870513742101,0.16465564873566,0.0724341199490308,-0.000449733379265201,0.337999999999999
"gini",0.266666666666667,-0.0374424313691464,0.792079207920792,3,FALSE,202608250564,"primary",0.5,0,0.122368374027602,0.164800537626596,0.177870513742101,0.16465564873566,0.0724341199490308,-0.000449733379265201,0.337999999999999
"oracle",0,-0.464567535659393,NA,NA,NA,202608250564,"primary",0.5,0,0.122368374027602,0.164800537626596,0.177870513742101,0.16465564873566,0.0724341199490308,-0.000449733379265201,0.337999999999999
"over",0.95,0.0073505778375306,0.440771349862259,2,FALSE,202608250564,"primary",0.5,0,0.122368374027602,0.164800537626596,0.177870513742101,0.16465564873566,0.0724341199490308,-0.000449733379265201,0.337999999999999
"raw",0.3,-0.0424321635989939,0.792079207920792,3,FALSE,202608250564,"primary",0.5,0,0.122368374027602,0.164800537626596,0.177870513742101,0.16465564873566,0.0724341199490308,-0.000449733379265201,0.337999999999999
"cw",1,0.00377045738056395,0.792079207920792,3,TRUE,202608250565,"primary",0.9,0,0.106163124912434,0.200517736632946,0.160009840570987,0.160761330667242,0.0561144031635768,-0.00549269558049607,0.633000000000001
"gini",0.0833333333333333,-0.0805370024028315,0.851063829787234,4,TRUE,202608250565,"primary",0.9,0,0.106163124912434,0.200517736632946,0.160009840570987,0.160761330667242,0.0561144031635768,-0.00549269558049607,0.633000000000001
"oracle",0,-0.486873298051327,NA,NA,NA,202608250565,"primary",0.9,0,0.106163124912434,0.200517736632946,0.160009840570987,0.160761330667242,0.0561144031635768,-0.00549269558049607,0.633000000000001
"over",1,0.00448908498527889,0.792079207920792,3,TRUE,202608250565,"primary",0.9,0,0.106163124912434,0.200517736632946,0.160009840570987,0.160761330667242,0.0561144031635768,-0.00549269558049607,0.633000000000001
"raw",0.116666666666667,-0.0943546117205118,0.792079207920792,3,TRUE,202608250565,"primary",0.9,0,0.106163124912434,0.200517736632946,0.160009840570987,0.160761330667242,0.0561144031635768,-0.00549269558049607,0.633000000000001
"cw",1,0.0165276429417146,1,3,TRUE,202608250566,"primary",0.8,0,0.185453710334808,0.172553992380404,0.166333475056124,0.170276125796783,0.111272342293243,-0.00220600488302852,0.390000000000001
"gini",0.533333333333333,0.0120312845547217,1,3,TRUE,202608250566,"primary",0.8,0,0.185453710334808,0.172553992380404,0.166333475056124,0.170276125796783,0.111272342293243,-0.00220600488302852,0.390000000000001
"oracle",0,-0.351077548815292,NA,NA,NA,202608250566,"primary",0.8,0,0.185453710334808,0.172553992380404,0.166333475056124,0.170276125796783,0.111272342293243,-0.00220600488302852,0.390000000000001
"over",1,0.0198682668188657,1,3,TRUE,202608250566,"primary",0.8,0,0.185453710334808,0.172553992380404,0.166333475056124,0.170276125796783,0.111272342293243,-0.00220600488302852,0.390000000000001
"raw",0.533333333333333,0.0128997179544041,1,3,TRUE,202608250566,"primary",0.8,0,0.185453710334808,0.172553992380404,0.166333475056124,0.170276125796783,0.111272342293243,-0.00220600488302852,0.390000000000001
"cw",0.95,0.00998026653170357,0.792079207920792,3,FALSE,202608250567,"primary",0.6,0,0.14470939406438,0.194848341081089,0.154155702071004,0.166382088032695,0.0905842724259894,0.00377996139733903,0.346
"gini",0.3,-0.0432719464058574,0.792079207920792,3,FALSE,202608250567,"primary",0.6,0,0.14470939406438,0.194848341081089,0.154155702071004,0.166382088032695,0.0905842724259894,0.00377996139733903,0.346
"oracle",0,-0.394434134164501,NA,NA,NA,202608250567,"primary",0.6,0,0.14470939406438,0.194848341081089,0.154155702071004,0.166382088032695,0.0905842724259894,0.00377996139733903,0.346
"over",0.95,0.0119580222359994,0.792079207920792,3,FALSE,202608250567,"primary",0.6,0,0.14470939406438,0.194848341081089,0.154155702071004,0.166382088032695,0.0905842724259894,0.00377996139733903,0.346
"raw",0.316666666666667,-0.0501389470167086,0.792079207920792,3,FALSE,202608250567,"primary",0.6,0,0.14470939406438,0.194848341081089,0.154155702071004,0.166382088032695,0.0905842724259894,0.00377996139733903,0.346
"cw",1,0.00980512959806864,1,3,TRUE,202608250568,"primary",0.9,0,0.135038489223961,0.1385691541903,0.152181551786211,0.157265340339486,0.0820481141031455,-0.013329741627995,0.435
"gini",0.466666666666667,-0.00136682922955304,1,3,TRUE,202608250568,"primary",0.9,0,0.135038489223961,0.1385691541903,0.152181551786211,0.157265340339486,0.0820481141031455,-0.013329741627995,0.435
"oracle",0,-0.404544630154724,NA,NA,NA,202608250568,"primary",0.9,0,0.135038489223961,0.1385691541903,0.152181551786211,0.157265340339486,0.0820481141031455,-0.013329741627995,0.435
"over",1,0.0115738389943455,1,3,TRUE,202608250568,"primary",0.9,0,0.135038489223961,0.1385691541903,0.152181551786211,0.157265340339486,0.0820481141031455,-0.013329741627995,0.435
"raw",0.466666666666667,-0.00353066496633878,1,3,TRUE,202608250568,"primary",0.9,0,0.135038489223961,0.1385691541903,0.152181551786211,0.157265340339486,0.0820481141031455,-0.013329741627995,0.435
"cw",1,0.0168666050893708,1,3,TRUE,202608250569,"primary",0.9,0,0.189906250530553,0.192925027030358,0.165009858644942,0.145004499236912,0.119149634263591,0.00905867658163419,0.337
"gini",0.516666666666667,-0.00468618819574385,1,3,TRUE,202608250569,"primary",0.9,0,0.189906250530553,0.192925027030358,0.165009858644942,0.145004499236912,0.119149634263591,0.00905867658163419,0.337
"oracle",0,-0.427087775694139,NA,NA,NA,202608250569,"primary",0.9,0,0.189906250530553,0.192925027030358,0.165009858644942,0.145004499236912,0.119149634263591,0.00905867658163419,0.337
"over",1,0.0201003802442644,1,3,TRUE,202608250569,"primary",0.9,0,0.189906250530553,0.192925027030358,0.165009858644942,0.145004499236912,0.119149634263591,0.00905867658163419,0.337
"raw",0.533333333333333,-0.00301877649980498,1,3,TRUE,202608250569,"primary",0.9,0,0.189906250530553,0.192925027030358,0.165009858644942,0.145004499236912,0.119149634263591,0.00905867658163419,0.337
"cw",0.983333333333333,0.00729713362830871,0.614886731391586,3,FALSE,202608250570,"primary",0.4,0,0.125311886618995,0.16892890114295,0.175003544286928,0.164080341393309,0.0789169172439839,-0.00396174006125066,0.602
"gini",0.233333333333333,-0.0381204411480632,0.851063829787234,4,FALSE,202608250570,"primary",0.4,0,0.125311886618995,0.16892890114295,0.175003544286928,0.164080341393309,0.0789169172439839,-0.00396174006125066,0.602
"oracle",0.0166666666666667,-0.389091738481802,NA,NA,NA,202608250570,"primary",0.4,0,0.125311886618995,0.16892890114295,0.175003544286928,0.164080341393309,0.0789169172439839,-0.00396174006125066,0.602
"over",0.983333333333333,0.00881111613448562,0.614886731391586,3,FALSE,202608250570,"primary",0.4,0,0.125311886618995,0.16892890114295,0.175003544286928,0.164080341393309,0.0789169172439839,-0.00396174006125066,0.602
"raw",0.25,-0.0436170145239551,0.851063829787234,4,FALSE,202608250570,"primary",0.4,0,0.125311886618995,0.16892890114295,0.175003544286928,0.164080341393309,0.0789169172439839,-0.00396174006125066,0.602
"cw",1,0.0167981273125684,1,3,TRUE,202608250571,"primary",0.9,0,0.187462086942243,0.114855517521505,0.184024084203047,0.168611995328145,0.110675633821598,-0.0148423213933675,0.43
"gini",0.816666666666667,0.0553514289500587,1,3,TRUE,202608250571,"primary",0.9,0,0.187462086942243,0.114855517521505,0.184024084203047,0.168611995328145,0.110675633821598,-0.0148423213933675,0.43
"oracle",0,-0.411066345832524,NA,NA,NA,202608250571,"primary",0.9,0,0.187462086942243,0.114855517521505,0.184024084203047,0.168611995328145,0.110675633821598,-0.0148423213933675,0.43
"over",1,0.0206416005541347,1,3,TRUE,202608250571,"primary",0.9,0,0.187462086942243,0.114855517521505,0.184024084203047,0.168611995328145,0.110675633821598,-0.0148423213933675,0.43
"raw",0.85,0.0726065694207379,1,3,TRUE,202608250571,"primary",0.9,0,0.187462086942243,0.114855517521505,0.184024084203047,0.168611995328145,0.110675633821598,-0.0148423213933675,0.43
"cw",1,0.00742582870803675,0.792079207920792,3,FALSE,202608250572,"primary",0.6,0,0.132710148610184,0.162698014824975,0.167406523568132,0.146259992765093,0.0766154503281771,-0.000834437467002886,0.354000000000001
"gini",0.333333333333333,-0.0301839666719667,0.792079207920792,3,FALSE,202608250572,"primary",0.6,0,0.132710148610184,0.162698014824975,0.167406523568132,0.146259992765093,0.0766154503281771,-0.000834437467002886,0.354000000000001
"oracle",0,-0.274923551745541,NA,NA,NA,202608250572,"primary",0.6,0,0.132710148610184,0.162698014824975,0.167406523568132,0.146259992765093,0.0766154503281771,-0.000834437467002886,0.354000000000001
"over",1,0.00900313991490175,0.792079207920792,3,FALSE,202608250572,"primary",0.6,0,0.132710148610184,0.162698014824975,0.167406523568132,0.146259992765093,0.0766154503281771,-0.000834437467002886,0.354000000000001
"raw",0.333333333333333,-0.029987866214791,0.792079207920792,3,FALSE,202608250572,"primary",0.6,0,0.132710148610184,0.162698014824975,0.167406523568132,0.146259992765093,0.0766154503281771,-0.000834437467002886,0.354000000000001
"cw",1,0.0150235018424675,1,3,TRUE,202608250573,"primary",0.9,0,0.177307896502987,0.17987243741229,0.184631193722327,0.177892923369827,0.107810388211423,-0.00517258888671765,0.353
"gini",0.366666666666667,-0.00485531782404203,1,3,TRUE,202608250573,"primary",0.9,0,0.177307896502987,0.17987243741229,0.184631193722327,0.177892923369827,0.107810388211423,-0.00517258888671765,0.353
"oracle",0,-0.307558717847658,NA,NA,NA,202608250573,"primary",0.9,0,0.177307896502987,0.17987243741229,0.184631193722327,0.177892923369827,0.107810388211423,-0.00517258888671765,0.353
"over",1,0.0185138023857612,1,3,TRUE,202608250573,"primary",0.9,0,0.177307896502987,0.17987243741229,0.184631193722327,0.177892923369827,0.107810388211423,-0.00517258888671765,0.353
"raw",0.35,-0.00256454090930328,1,3,TRUE,202608250573,"primary",0.9,0,0.177307896502987,0.17987243741229,0.184631193722327,0.177892923369827,0.107810388211423,-0.00517258888671765,0.353
"cw",0.95,0.00924587382636574,1,3,TRUE,202608250574,"primary",0.8,0,0.15339212676716,0.162979538619642,0.180228475490851,0.170950701711956,0.0823084330706769,-0.0146362515048488,0.369999999999999
"gini",0.45,-0.0103926391563727,1,3,TRUE,202608250574,"primary",0.8,0,0.15339212676716,0.162979538619642,0.180228475490851,0.170950701711956,0.0823084330706769,-0.0146362515048488,0.369999999999999
"oracle",0,-0.423522629939306,NA,NA,NA,202608250574,"primary",0.8,0,0.15339212676716,0.162979538619642,0.180228475490851,0.170950701711956,0.0823084330706769,-0.0146362515048488,0.369999999999999
"over",0.95,0.0113599530332887,1,3,TRUE,202608250574,"primary",0.8,0,0.15339212676716,0.162979538619642,0.180228475490851,0.170950701711956,0.0823084330706769,-0.0146362515048488,0.369999999999999
"raw",0.5,-0.00958741185248194,1,3,TRUE,202608250574,"primary",0.8,0,0.15339212676716,0.162979538619642,0.180228475490851,0.170950701711956,0.0823084330706769,-0.0146362515048488,0.369999999999999
"cw",1,0.0189194966809216,1,3,TRUE,202608250575,"primary",0.9,0,0.196740320799635,0.21629687493347,0.180420958813429,0.165389391427771,0.118285591259073,-0.00998684208699536,0.455
"gini",0.416666666666667,-0.0199352119884886,1,3,TRUE,202608250575,"primary",0.9,0,0.196740320799635,0.21629687493347,0.180420958813429,0.165389391427771,0.118285591259073,-0.00998684208699536,0.455
"oracle",0,-0.394396480484441,NA,NA,NA,202608250575,"primary",0.9,0,0.196740320799635,0.21629687493347,0.180420958813429,0.165389391427771,0.118285591259073,-0.00998684208699536,0.455
"over",1,0.0231722279578244,1,3,TRUE,202608250575,"primary",0.9,0,0.196740320799635,0.21629687493347,0.180420958813429,0.165389391427771,0.118285591259073,-0.00998684208699536,0.455
"raw",0.45,-0.0195565541338346,1,3,TRUE,202608250575,"primary",0.9,0,0.196740320799635,0.21629687493347,0.180420958813429,0.165389391427771,0.118285591259073,-0.00998684208699536,0.455
"cw",0.983333333333333,0.00887802926640397,1,3,TRUE,202608250576,"primary",0.9,0,0.144745046676831,0.155077793847609,0.172554599477143,0.160180616733983,0.0811478336219809,-0.000298349795708874,0.378
"gini",0.45,-0.00978418707010374,1,3,TRUE,202608250576,"primary",0.9,0,0.144745046676831,0.155077793847609,0.172554599477143,0.160180616733983,0.0811478336219809,-0.000298349795708874,0.378
"oracle",0,-0.414659745752964,NA,NA,NA,202608250576,"primary",0.9,0,0.144745046676831,0.155077793847609,0.172554599477143,0.160180616733983,0.0811478336219809,-0.000298349795708874,0.378
"over",0.983333333333333,0.0107092666845895,1,3,TRUE,202608250576,"primary",0.9,0,0.144745046676831,0.155077793847609,0.172554599477143,0.160180616733983,0.0811478336219809,-0.000298349795708874,0.378
"raw",0.45,-0.0103327471707783,1,3,TRUE,202608250576,"primary",0.9,0,0.144745046676831,0.155077793847609,0.172554599477143,0.160180616733983,0.0811478336219809,-0.000298349795708874,0.378
"cw",1,0.017302605355927,1,3,TRUE,202608250577,"primary",0.9,0,0.193347401284951,0.149355395619258,0.229624652154444,0.166379178980544,0.118534740261671,-0.0108363615459631,0.353
"gini",0.65,0.0236064249958899,1,3,TRUE,202608250577,"primary",0.9,0,0.193347401284951,0.149355395619258,0.229624652154444,0.166379178980544,0.118534740261671,-0.0108363615459631,0.353
"oracle",0,-0.262302461588495,NA,NA,NA,202608250577,"primary",0.9,0,0.193347401284951,0.149355395619258,0.229624652154444,0.166379178980544,0.118534740261671,-0.0108363615459631,0.353
"over",1,0.0226712175281378,1,3,TRUE,202608250577,"primary",0.9,0,0.193347401284951,0.149355395619258,0.229624652154444,0.166379178980544,0.118534740261671,-0.0108363615459631,0.353
"raw",0.716666666666667,0.043992005665693,1,3,TRUE,202608250577,"primary",0.9,0,0.193347401284951,0.149355395619258,0.229624652154444,0.166379178980544,0.118534740261671,-0.0108363615459631,0.353
"cw",1,0.0104735004707035,1,3,TRUE,202608250578,"primary",0.9,0,0.147655885972866,0.168295340309094,0.16487814600703,0.174717963809178,0.0882375489827944,-0.00157712829152697,0.529
"gini",0.35,-0.0170310323458469,1,3,TRUE,202608250578,"primary",0.9,0,0.147655885972866,0.168295340309094,0.16487814600703,0.174717963809178,0.0882375489827944,-0.00157712829152697,0.529
"oracle",0,-0.346518336694113,NA,NA,NA,202608250578,"primary",0.9,0,0.147655885972866,0.168295340309094,0.16487814600703,0.174717963809178,0.0882375489827944,-0.00157712829152697,0.529
"over",1,0.0125691938527355,1,3,TRUE,202608250578,"primary",0.9,0,0.147655885972866,0.168295340309094,0.16487814600703,0.174717963809178,0.0882375489827944,-0.00157712829152697,0.529
"raw",0.35,-0.0206394543362285,1,3,TRUE,202608250578,"primary",0.9,0,0.147655885972866,0.168295340309094,0.16487814600703,0.174717963809178,0.0882375489827944,-0.00157712829152697,0.529
"cw",0.983333333333333,0.0121841429275788,1,3,TRUE,202608250579,"primary",0.9,0,0.165067478503519,0.189297556956236,0.163182074765401,0.163876251727447,0.101626654348998,0.00376763380036599,0.359999999999999
"gini",0.416666666666667,-0.0207107363292692,1,3,TRUE,202608250579,"primary",0.9,0,0.165067478503519,0.189297556956236,0.163182074765401,0.163876251727447,0.101626654348998,0.00376763380036599,0.359999999999999
"oracle",0,-0.369098836186779,NA,NA,NA,202608250579,"primary",0.9,0,0.165067478503519,0.189297556956236,0.163182074765401,0.163876251727447,0.101626654348998,0.00376763380036599,0.359999999999999
"over",0.983333333333333,0.0147775147190902,1,3,TRUE,202608250579,"primary",0.9,0,0.165067478503519,0.189297556956236,0.163182074765401,0.163876251727447,0.101626654348998,0.00376763380036599,0.359999999999999
"raw",0.45,-0.0242300784527179,1,3,TRUE,202608250579,"primary",0.9,0,0.165067478503519,0.189297556956236,0.163182074765401,0.163876251727447,0.101626654348998,0.00376763380036599,0.359999999999999
"cw",1,0.0135470602553238,1,3,TRUE,202608250580,"primary",0.9,0,0.168108864397797,0.193656241767919,0.162223838146091,0.179384771773846,0.0999868333790194,-0.00138337269100294,0.396000000000001
"gini",0.383333333333333,-0.0177686794534103,1,3,TRUE,202608250580,"primary",0.9,0,0.168108864397797,0.193656241767919,0.162223838146091,0.179384771773846,0.0999868333790194,-0.00138337269100294,0.396000000000001
"oracle",0,-0.433621130524486,NA,NA,NA,202608250580,"primary",0.9,0,0.168108864397797,0.193656241767919,0.162223838146091,0.179384771773846,0.0999868333790194,-0.00138337269100294,0.396000000000001
"over",1,0.0161109048793582,1,3,TRUE,202608250580,"primary",0.9,0,0.168108864397797,0.193656241767919,0.162223838146091,0.179384771773846,0.0999868333790194,-0.00138337269100294,0.396000000000001
"raw",0.366666666666667,-0.0255473773701222,1,3,TRUE,202608250580,"primary",0.9,0,0.168108864397797,0.193656241767919,0.162223838146091,0.179384771773846,0.0999868333790194,-0.00138337269100294,0.396000000000001
"cw",1,0.0191148781015137,1,3,TRUE,202608250581,"primary",0.9,0,0.196380833499659,0.187289518570046,0.181066714050403,0.148825961077175,0.118487398764023,-0.00959841162920861,0.523
"gini",0.5,-0.00118231014520193,1,3,TRUE,202608250581,"primary",0.9,0,0.196380833499659,0.187289518570046,0.181066714050403,0.148825961077175,0.118487398764023,-0.00959841162920861,0.523
"oracle",0,-0.342387429966918,NA,NA,NA,202608250581,"primary",0.9,0,0.196380833499659,0.187289518570046,0.181066714050403,0.148825961077175,0.118487398764023,-0.00959841162920861,0.523
"over",1,0.023703093494446,1,3,TRUE,202608250581,"primary",0.9,0,0.196380833499659,0.187289518570046,0.181066714050403,0.148825961077175,0.118487398764023,-0.00959841162920861,0.523
"raw",0.566666666666667,0.00909131492961318,1,3,TRUE,202608250581,"primary",0.9,0,0.196380833499659,0.187289518570046,0.181066714050403,0.148825961077175,0.118487398764023,-0.00959841162920861,0.523
"cw",1,0.0156639161127986,1,3,TRUE,202608250582,"primary",0.8,0,0.190450971800365,0.20872483605037,0.170530600057678,0.168964753455558,0.11293555583813,0.00405497050721204,0.555999999999999
"gini",0.466666666666667,-0.0158934511268589,1,3,TRUE,202608250582,"primary",0.8,0,0.190450971800365,0.20872483605037,0.170530600057678,0.168964753455558,0.11293555583813,0.00405497050721204,0.555999999999999
"oracle",0,-0.373484847994799,NA,NA,NA,202608250582,"primary",0.8,0,0.190450971800365,0.20872483605037,0.170530600057678,0.168964753455558,0.11293555583813,0.00405497050721204,0.555999999999999
"over",1,0.0187870486251629,1,3,TRUE,202608250582,"primary",0.8,0,0.190450971800365,0.20872483605037,0.170530600057678,0.168964753455558,0.11293555583813,0.00405497050721204,0.555999999999999
"raw",0.483333333333333,-0.0182738642500055,1,3,TRUE,202608250582,"primary",0.8,0,0.190450971800365,0.20872483605037,0.170530600057678,0.168964753455558,0.11293555583813,0.00405497050721204,0.555999999999999
"cw",1,0.0198885905066662,1,3,TRUE,202608250583,"primary",0.9,0,0.205729567109751,0.206103898004895,0.167522025677616,0.16224361547187,0.129051976715728,0.00911865217333348,0.389000000000001
"gini",0.45,-0.00221962656887797,1,3,TRUE,202608250583,"primary",0.9,0,0.205729567109751,0.206103898004895,0.167522025677616,0.16224361547187,0.129051976715728,0.00911865217333348,0.389000000000001
"oracle",0,-0.25555688689522,NA,NA,NA,202608250583,"primary",0.9,0,0.205729567109751,0.206103898004895,0.167522025677616,0.16224361547187,0.129051976715728,0.00911865217333348,0.389000000000001
"over",1,0.0238789508665249,1,3,TRUE,202608250583,"primary",0.9,0,0.205729567109751,0.206103898004895,0.167522025677616,0.16224361547187,0.129051976715728,0.00911865217333348,0.389000000000001
"raw",0.45,-0.000374330895144215,1,3,TRUE,202608250583,"primary",0.9,0,0.205729567109751,0.206103898004895,0.167522025677616,0.16224361547187,0.129051976715728,0.00911865217333348,0.389000000000001
"cw",1,0.0176111629365176,1,3,TRUE,202608250584,"primary",0.9,0,0.196973650253867,0.169984316533913,0.16795387882581,0.162479945042363,0.114015495578966,-0.0106471851589883,0.42
"gini",0.616666666666667,0.0208606422692028,1,3,TRUE,202608250584,"primary",0.9,0,0.196973650253867,0.169984316533913,0.16795387882581,0.162479945042363,0.114015495578966,-0.0106471851589883,0.42
"oracle",0,-0.393376062302404,NA,NA,NA,202608250584,"primary",0.9,0,0.196973650253867,0.169984316533913,0.16795387882581,0.162479945042363,0.114015495578966,-0.0106471851589883,0.42
"over",1,0.0211505501960114,1,3,TRUE,202608250584,"primary",0.9,0,0.196973650253867,0.169984316533913,0.16795387882581,0.162479945042363,0.114015495578966,-0.0106471851589883,0.42
"raw",0.633333333333333,0.0269893337199533,1,3,TRUE,202608250584,"primary",0.9,0,0.196973650253867,0.169984316533913,0.16795387882581,0.162479945042363,0.114015495578966,-0.0106471851589883,0.42
"cw",1,0.0187171825366958,1,3,TRUE,202608250585,"primary",0.9,0,0.194894339792111,0.187764017456239,0.160063868271401,0.157144709010983,0.118454831629277,-0.00946180974330305,0.497999999999999
"gini",0.566666666666667,0.00561762883804048,1,3,TRUE,202608250585,"primary",0.9,0,0.194894339792111,0.187764017456239,0.160063868271401,0.157144709010983,0.118454831629277,-0.00946180974330305,0.497999999999999
"oracle",0,-0.330979394827781,NA,NA,NA,202608250585,"primary",0.9,0,0.194894339792111,0.187764017456239,0.160063868271401,0.157144709010983,0.118454831629277,-0.00946180974330305,0.497999999999999
"over",1,0.0223644457818148,1,3,TRUE,202608250585,"primary",0.9,0,0.194894339792111,0.187764017456239,0.160063868271401,0.157144709010983,0.118454831629277,-0.00946180974330305,0.497999999999999
"raw",0.5,0.0071303223358728,1,3,TRUE,202608250585,"primary",0.9,0,0.194894339792111,0.187764017456239,0.160063868271401,0.157144709010983,0.118454831629277,-0.00946180974330305,0.497999999999999
"cw",0.966666666666667,0.0181963737466071,1,3,TRUE,202608250586,"primary",0.9,0,0.196520626185389,0.186197167763331,0.165222175112238,0.161289372284354,0.120358721339585,-0.00441164426995814,0.343
"gini",0.516666666666667,0.00720532906416108,1,3,TRUE,202608250586,"primary",0.9,0,0.196520626185389,0.186197167763331,0.165222175112238,0.161289372284354,0.120358721339585,-0.00441164426995814,0.343
"oracle",0,-0.326762380526917,NA,NA,NA,202608250586,"primary",0.9,0,0.196520626185389,0.186197167763331,0.165222175112238,0.161289372284354,0.120358721339585,-0.00441164426995814,0.343
"over",0.966666666666667,0.021744035444595,1,3,TRUE,202608250586,"primary",0.9,0,0.196520626185389,0.186197167763331,0.165222175112238,0.161289372284354,0.120358721339585,-0.00441164426995814,0.343
"raw",0.55,0.0103234584220584,1,3,TRUE,202608250586,"primary",0.9,0,0.196520626185389,0.186197167763331,0.165222175112238,0.161289372284354,0.120358721339585,-0.00441164426995814,0.343
"cw",1,0.0156459829847137,1,3,TRUE,202608250587,"primary",0.9,0,0.185643786669048,0.157113735789069,0.158776492943693,0.169994928427053,0.108832738894826,-0.00816626554206693,0.500999999999999
"gini",0.616666666666667,0.0273180302731567,1,3,TRUE,202608250587,"primary",0.9,0,0.185643786669048,0.157113735789069,0.158776492943693,0.169994928427053,0.108832738894826,-0.00816626554206693,0.500999999999999
"oracle",0,-0.389863789756669,NA,NA,NA,202608250587,"primary",0.9,0,0.185643786669048,0.157113735789069,0.158776492943693,0.169994928427053,0.108832738894826,-0.00816626554206693,0.500999999999999
"over",1,0.0184483924032281,1,3,TRUE,202608250587,"primary",0.9,0,0.185643786669048,0.157113735789069,0.158776492943693,0.169994928427053,0.108832738894826,-0.00816626554206693,0.500999999999999
"raw",0.616666666666667,0.0285300508799786,1,3,TRUE,202608250587,"primary",0.9,0,0.185643786669048,0.157113735789069,0.158776492943693,0.169994928427053,0.108832738894826,-0.00816626554206693,0.500999999999999
"cw",1,0.0251494531411418,1,3,TRUE,202608250588,"primary",0.9,0,0.228891990592909,0.182931031908587,0.18425378664151,0.17590940113093,0.14257465845597,0.00179281490176352,0.492000000000001
"gini",0.75,0.0325951367905383,1,3,TRUE,202608250588,"primary",0.9,0,0.228891990592909,0.182931031908587,0.18425378664151,0.17590940113093,0.14257465845597,0.00179281490176352,0.492000000000001
"oracle",0,-0.333918790247238,NA,NA,NA,202608250588,"primary",0.9,0,0.228891990592909,0.182931031908587,0.18425378664151,0.17590940113093,0.14257465845597,0.00179281490176352,0.492000000000001
"over",1,0.0310838784505278,1,3,TRUE,202608250588,"primary",0.9,0,0.228891990592909,0.182931031908587,0.18425378664151,0.17590940113093,0.14257465845597,0.00179281490176352,0.492000000000001
"raw",0.75,0.0459609586843221,1,3,TRUE,202608250588,"primary",0.9,0,0.228891990592909,0.182931031908587,0.18425378664151,0.17590940113093,0.14257465845597,0.00179281490176352,0.492000000000001
"cw",1,0.00833536505079779,0.792079207920792,3,FALSE,202608250589,"primary",0.6,0,0.126951400639802,0.152701440536707,0.154192947850533,0.164730719017063,0.0769779401885937,-0.0223787569373776,0.552
"gini",0.35,-0.019239579715261,0.626666666666667,3,FALSE,202608250589,"primary",0.6,0,0.126951400639802,0.152701440536707,0.154192947850533,0.164730719017063,0.0769779401885937,-0.0223787569373776,0.552
"oracle",0,-0.412636662008928,NA,NA,NA,202608250589,"primary",0.6,0,0.126951400639802,0.152701440536707,0.154192947850533,0.164730719017063,0.0769779401885937,-0.0223787569373776,0.552
"over",1,0.00991625898333419,0.792079207920792,3,FALSE,202608250589,"primary",0.6,0,0.126951400639802,0.152701440536707,0.154192947850533,0.164730719017063,0.0769779401885937,-0.0223787569373776,0.552
"raw",0.4,-0.0257500398969049,0.626666666666667,3,FALSE,202608250589,"primary",0.6,0,0.126951400639802,0.152701440536707,0.154192947850533,0.164730719017063,0.0769779401885937,-0.0223787569373776,0.552
"cw",1,0.0153672164684842,1,3,TRUE,202608250590,"primary",0.9,0,0.189565226480105,0.179821395710046,0.181706914140407,0.184840422595472,0.110631729550742,0.00531473030756528,0.467000000000001
"gini",0.533333333333333,0.00752379373199255,1,3,TRUE,202608250590,"primary",0.9,0,0.189565226480105,0.179821395710046,0.181706914140407,0.184840422595472,0.110631729550742,0.00531473030756528,0.467000000000001
"oracle",0,-0.405997860665463,NA,NA,NA,202608250590,"primary",0.9,0,0.189565226480105,0.179821395710046,0.181706914140407,0.184840422595472,0.110631729550742,0.00531473030756528,0.467000000000001
"over",1,0.0188026593347468,1,3,TRUE,202608250590,"primary",0.9,0,0.189565226480105,0.179821395710046,0.181706914140407,0.184840422595472,0.110631729550742,0.00531473030756528,0.467000000000001
"raw",0.516666666666667,0.00974383077005866,1,3,TRUE,202608250590,"primary",0.9,0,0.189565226480105,0.179821395710046,0.181706914140407,0.184840422595472,0.110631729550742,0.00531473030756528,0.467000000000001
"cw",0.883333333333333,0.00755545270547372,1,3,TRUE,202608250591,"primary",0.9,0,0.165691982627031,0.191685116521034,0.162072440144638,0.174734054186302,0.097837571627947,0.0336036802799445,0.427
"gini",0.316666666666667,-0.0198289568438211,1,3,TRUE,202608250591,"primary",0.9,0,0.165691982627031,0.191685116521034,0.162072440144638,0.174734054186302,0.097837571627947,0.0336036802799445,0.427
"oracle",0,-0.356779874921643,NA,NA,NA,202608250591,"primary",0.9,0,0.165691982627031,0.191685116521034,0.162072440144638,0.174734054186302,0.097837571627947,0.0336036802799445,0.427
"over",0.85,0.00878071930843258,1,3,TRUE,202608250591,"primary",0.9,0,0.165691982627031,0.191685116521034,0.162072440144638,0.174734054186302,0.097837571627947,0.0336036802799445,0.427
"raw",0.333333333333333,-0.0259931338940039,1,3,TRUE,202608250591,"primary",0.9,0,0.165691982627031,0.191685116521034,0.162072440144638,0.174734054186302,0.097837571627947,0.0336036802799445,0.427
"cw",1,0.0164954942054669,1,3,TRUE,202608250592,"primary",0.9,0,0.189498959550643,0.183580780445053,0.150683295471948,0.155990410809804,0.111647189775385,0.00149051469758707,0.500999999999999
"gini",0.483333333333333,0.00592473940015087,1,3,TRUE,202608250592,"primary",0.9,0,0.189498959550643,0.183580780445053,0.150683295471948,0.155990410809804,0.111647189775385,0.00149051469758707,0.500999999999999
"oracle",0,-0.348563471213412,NA,NA,NA,202608250592,"primary",0.9,0,0.189498959550643,0.183580780445053,0.150683295471948,0.155990410809804,0.111647189775385,0.00149051469758707,0.500999999999999
"over",1,0.0194226433787316,1,3,TRUE,202608250592,"primary",0.9,0,0.189498959550643,0.183580780445053,0.150683295471948,0.155990410809804,0.111647189775385,0.00149051469758707,0.500999999999999
"raw",0.483333333333333,0.0059181791055895,1,3,TRUE,202608250592,"primary",0.9,0,0.189498959550643,0.183580780445053,0.150683295471948,0.155990410809804,0.111647189775385,0.00149051469758707,0.500999999999999
"cw",1,0.0150835183417769,1,3,TRUE,202608250593,"primary",0.9,0,0.180756990811607,0.200128815337222,0.182371546024953,0.182115660159401,0.108965923897064,0.00194108017102846,0.371
"gini",0.333333333333333,-0.0161811816012364,1,3,TRUE,202608250593,"primary",0.9,0,0.180756990811607,0.200128815337222,0.182371546024953,0.182115660159401,0.108965923897064,0.00194108017102846,0.371
"oracle",0,-0.445281709241379,NA,NA,NA,202608250593,"primary",0.9,0,0.180756990811607,0.200128815337222,0.182371546024953,0.182115660159401,0.108965923897064,0.00194108017102846,0.371
"over",1,0.018542631507721,1,3,TRUE,202608250593,"primary",0.9,0,0.180756990811607,0.200128815337222,0.182371546024953,0.182115660159401,0.108965923897064,0.00194108017102846,0.371
"raw",0.316666666666667,-0.0193718245256154,1,3,TRUE,202608250593,"primary",0.9,0,0.180756990811607,0.200128815337222,0.182371546024953,0.182115660159401,0.108965923897064,0.00194108017102846,0.371
"cw",0.983333333333333,0.015189463003125,1,3,TRUE,202608250594,"primary",0.9,0,0.173956866726338,0.202307514023739,0.153946068501574,0.15431903423727,0.107480284603529,-0.01115633854591,0.550000000000001
"gini",0.383333333333333,-0.0234605910167543,1,3,TRUE,202608250594,"primary",0.9,0,0.173956866726338,0.202307514023739,0.153946068501574,0.15431903423727,0.107480284603529,-0.01115633854591,0.550000000000001
"oracle",0,-0.379996011285315,NA,NA,NA,202608250594,"primary",0.9,0,0.173956866726338,0.202307514023739,0.153946068501574,0.15431903423727,0.107480284603529,-0.01115633854591,0.550000000000001
"over",0.983333333333333,0.0179131651633593,1,3,TRUE,202608250594,"primary",0.9,0,0.173956866726338,0.202307514023739,0.153946068501574,0.15431903423727,0.107480284603529,-0.01115633854591,0.550000000000001
"raw",0.35,-0.0283506472974011,1,3,TRUE,202608250594,"primary",0.9,0,0.173956866726338,0.202307514023739,0.153946068501574,0.15431903423727,0.107480284603529,-0.01115633854591,0.550000000000001
"cw",0.916666666666667,0.0138920144449036,1,3,TRUE,202608250595,"primary",0.9,0,0.18675252019998,0.195866832023609,0.164734270633383,0.167319156388176,0.109100070636079,0.021528147554042,0.382
"gini",0.5,-0.0076668992566066,1,3,TRUE,202608250595,"primary",0.9,0,0.18675252019998,0.195866832023609,0.164734270633383,0.167319156388176,0.109100070636079,0.021528147554042,0.382
"oracle",0,-0.376444790405689,NA,NA,NA,202608250595,"primary",0.9,0,0.18675252019998,0.195866832023609,0.164734270633383,0.167319156388176,0.109100070636079,0.021528147554042,0.382
"over",0.916666666666667,0.0164630134430283,1,3,TRUE,202608250595,"primary",0.9,0,0.18675252019998,0.195866832023609,0.164734270633383,0.167319156388176,0.109100070636079,0.021528147554042,0.382
"raw",0.483333333333333,-0.0091143118236289,1,3,TRUE,202608250595,"primary",0.9,0,0.18675252019998,0.195866832023609,0.164734270633383,0.167319156388176,0.109100070636079,0.021528147554042,0.382
"cw",1,0.0191469323031811,1,3,TRUE,202608250596,"primary",0.9,0,0.216421295871319,0.2178932117599,0.172009127100997,0.170305367295881,0.132606326478592,0.0222002910416452,0.499000000000001
"gini",0.483333333333333,-0.00250901439476747,1,3,TRUE,202608250596,"primary",0.9,0,0.216421295871319,0.2178932117599,0.172009127100997,0.170305367295881,0.132606326478592,0.0222002910416452,0.499000000000001
"oracle",0,-0.344008895923583,NA,NA,NA,202608250596,"primary",0.9,0,0.216421295871319,0.2178932117599,0.172009127100997,0.170305367295881,0.132606326478592,0.0222002910416452,0.499000000000001
"over",1,0.0231989698459008,1,3,TRUE,202608250596,"primary",0.9,0,0.216421295871319,0.2178932117599,0.172009127100997,0.170305367295881,0.132606326478592,0.0222002910416452,0.499000000000001
"raw",0.483333333333333,-0.00147191588858125,1,3,TRUE,202608250596,"primary",0.9,0,0.216421295871319,0.2178932117599,0.172009127100997,0.170305367295881,0.132606326478592,0.0222002910416452,0.499000000000001
"cw",0.966666666666667,0.0139222695338676,1,3,TRUE,202608250597,"primary",0.9,0,0.179298581639283,0.150437783394904,0.168693867784314,0.178190187489053,0.103721130276802,-0.00247857949860526,0.452
"gini",0.633333333333333,0.0252223592480403,1,3,TRUE,202608250597,"primary",0.9,0,0.179298581639283,0.150437783394904,0.168693867784314,0.178190187489053,0.103721130276802,-0.00247857949860526,0.452
"oracle",0,-0.320461764588387,NA,NA,NA,202608250597,"primary",0.9,0,0.179298581639283,0.150437783394904,0.168693867784314,0.178190187489053,0.103721130276802,-0.00247857949860526,0.452
"over",0.966666666666667,0.0165262978260395,1,3,TRUE,202608250597,"primary",0.9,0,0.179298581639283,0.150437783394904,0.168693867784314,0.178190187489053,0.103721130276802,-0.00247857949860526,0.452
"raw",0.633333333333333,0.0288607982443785,1,3,TRUE,202608250597,"primary",0.9,0,0.179298581639283,0.150437783394904,0.168693867784314,0.178190187489053,0.103721130276802,-0.00247857949860526,0.452
"cw",1,0.00731792693972227,1,3,TRUE,202608250598,"primary",0.8,0,0.124375929706868,0.185129524265728,0.179548026874929,0.184480087220747,0.0701026360059797,-0.00298544743635787,0.395
"gini",0.266666666666667,-0.0526386029074117,1,3,TRUE,202608250598,"primary",0.8,0,0.124375929706868,0.185129524265728,0.179548026874929,0.184480087220747,0.0701026360059797,-0.00298544743635787,0.395
"oracle",0,-0.419124702163264,NA,NA,NA,202608250598,"primary",0.8,0,0.124375929706868,0.185129524265728,0.179548026874929,0.184480087220747,0.0701026360059797,-0.00298544743635787,0.395
"over",1,0.00894959264273937,1,3,TRUE,202608250598,"primary",0.8,0,0.124375929706868,0.185129524265728,0.179548026874929,0.184480087220747,0.0701026360059797,-0.00298544743635787,0.395
"raw",0.233333333333333,-0.0607535945588609,1,3,TRUE,202608250598,"primary",0.8,0,0.124375929706868,0.185129524265728,0.179548026874929,0.184480087220747,0.0701026360059797,-0.00298544743635787,0.395
"cw",1,0.0204769846057041,1,3,TRUE,202608250599,"primary",0.9,0,0.212022795520778,0.182839882384052,0.158618913133718,0.176304700701662,0.127903842575694,0.0137259491813483,0.435
"gini",0.55,0.0256788686463776,1,3,TRUE,202608250599,"primary",0.9,0,0.212022795520778,0.182839882384052,0.158618913133718,0.176304700701662,0.127903842575694,0.0137259491813483,0.435
"oracle",0,-0.275278346345496,NA,NA,NA,202608250599,"primary",0.9,0,0.212022795520778,0.182839882384052,0.158618913133718,0.176304700701662,0.127903842575694,0.0137259491813483,0.435
"over",1,0.0243413002932479,1,3,TRUE,202608250599,"primary",0.9,0,0.212022795520778,0.182839882384052,0.158618913133718,0.176304700701662,0.127903842575694,0.0137259491813483,0.435
"raw",0.583333333333333,0.0291829131367262,1,3,TRUE,202608250599,"primary",0.9,0,0.212022795520778,0.182839882384052,0.158618913133718,0.176304700701662,0.127903842575694,0.0137259491813483,0.435
"cw",1,0.0157771771730305,1,3,TRUE,202608250600,"primary",0.9,0,0.176538132675785,0.156121271574026,0.17959374427155,0.171412495920961,0.107609029777349,-0.0338789710782383,0.548
"gini",0.583333333333333,0.0130118987180761,1,3,TRUE,202608250600,"primary",0.9,0,0.176538132675785,0.156121271574026,0.17959374427155,0.171412495920961,0.107609029777349,-0.0338789710782383,0.548
"oracle",0,-0.379715669535334,NA,NA,NA,202608250600,"primary",0.9,0,0.176538132675785,0.156121271574026,0.17959374427155,0.171412495920961,0.107609029777349,-0.0338789710782383,0.548
"over",1,0.0193862765376554,1,3,TRUE,202608250600,"primary",0.9,0,0.176538132675785,0.156121271574026,0.17959374427155,0.171412495920961,0.107609029777349,-0.0338789710782383,0.548
"raw",0.633333333333333,0.0204168611017592,1,3,TRUE,202608250600,"primary",0.9,0,0.176538132675785,0.156121271574026,0.17959374427155,0.171412495920961,0.107609029777349,-0.0338789710782383,0.548
"cw",1,0.0186660948279509,1,3,TRUE,202608250601,"primary",0.9,0,0.197245022341694,0.169194770496252,0.155242314094225,0.163758145871485,0.115430840768933,-0.0167601396463481,0.372
"gini",0.583333333333333,0.0250063118396251,1,3,TRUE,202608250601,"primary",0.9,0,0.197245022341694,0.169194770496252,0.155242314094225,0.163758145871485,0.115430840768933,-0.0167601396463481,0.372
"oracle",0,-0.321680856165975,NA,NA,NA,202608250601,"primary",0.9,0,0.197245022341694,0.169194770496252,0.155242314094225,0.163758145871485,0.115430840768933,-0.0167601396463481,0.372
"over",1,0.0220659717258135,1,3,TRUE,202608250601,"primary",0.9,0,0.197245022341694,0.169194770496252,0.155242314094225,0.163758145871485,0.115430840768933,-0.0167601396463481,0.372
"raw",0.583333333333333,0.028050251845442,1,3,TRUE,202608250601,"primary",0.9,0,0.197245022341694,0.169194770496252,0.155242314094225,0.163758145871485,0.115430840768933,-0.0167601396463481,0.372
"cw",1,0.00811802021414113,0.641025641025641,3,FALSE,202608250602,"primary",0.4,0,0.133347371660458,0.174733749781114,0.174448565926534,0.153715600453356,0.0817550156041275,-0.00901938826873074,0.454000000000001
"gini",0.316666666666667,-0.0394570202258542,0.851063829787234,4,FALSE,202608250602,"primary",0.4,0,0.133347371660458,0.174733749781114,0.174448565926534,0.153715600453356,0.0817550156041275,-0.00901938826873074,0.454000000000001
"oracle",0,-0.419543433414637,NA,NA,NA,202608250602,"primary",0.4,0,0.133347371660458,0.174733749781114,0.174448565926534,0.153715600453356,0.0817550156041275,-0.00901938826873074,0.454000000000001
"over",1,0.00990589142688636,0.641025641025641,3,FALSE,202608250602,"primary",0.4,0,0.133347371660458,0.174733749781114,0.174448565926534,0.153715600453356,0.0817550156041275,-0.00901938826873074,0.454000000000001
"raw",0.333333333333333,-0.0413863781206564,0.851063829787234,4,FALSE,202608250602,"primary",0.4,0,0.133347371660458,0.174733749781114,0.174448565926534,0.153715600453356,0.0817550156041275,-0.00901938826873074,0.454000000000001
"cw",1,0.013493156987071,0.792079207920792,3,FALSE,202608250603,"primary",0.6,0,0.169179601758997,0.169407948878698,0.185812076090738,0.158672120966723,0.10293767117218,-0.00342900016235213,0.579000000000001
"gini",0.433333333333333,-0.00531364416116659,0.792079207920792,3,FALSE,202608250603,"primary",0.6,0,0.169179601758997,0.169407948878698,0.185812076090738,0.158672120966723,0.10293767117218,-0.00342900016235213,0.579000000000001
"oracle",0,-0.334561026625885,NA,NA,NA,202608250603,"primary",0.6,0,0.169179601758997,0.169407948878698,0.185812076090738,0.158672120966723,0.10293767117218,-0.00342900016235213,0.579000000000001
"over",1,0.016603713449636,0.792079207920792,3,FALSE,202608250603,"primary",0.6,0,0.169179601758997,0.169407948878698,0.185812076090738,0.158672120966723,0.10293767117218,-0.00342900016235213,0.579000000000001
"raw",0.483333333333333,-0.000228347119701711,0.792079207920792,3,FALSE,202608250603,"primary",0.6,0,0.169179601758997,0.169407948878698,0.185812076090738,0.158672120966723,0.10293767117218,-0.00342900016235213,0.579000000000001
"cw",1,0.0180679595807265,1,3,TRUE,202608250604,"primary",0.9,0,0.191418101607041,0.185511788158395,0.188183609958354,0.153269848869801,0.115821824176082,-0.00803118926790892,0.382999999999999
"gini",0.466666666666667,-0.00433716740523071,1,3,TRUE,202608250604,"primary",0.9,0,0.191418101607041,0.185511788158395,0.188183609958354,0.153269848869801,0.115821824176082,-0.00803118926790892,0.382999999999999
"oracle",0,-0.396181465701961,NA,NA,NA,202608250604,"primary",0.9,0,0.191418101607041,0.185511788158395,0.188183609958354,0.153269848869801,0.115821824176082,-0.00803118926790892,0.382999999999999
"over",1,0.022677362178673,1,3,TRUE,202608250604,"primary",0.9,0,0.191418101607041,0.185511788158395,0.188183609958354,0.153269848869801,0.115821824176082,-0.00803118926790892,0.382999999999999
"raw",0.45,0.00590631344864639,1,3,TRUE,202608250604,"primary",0.9,0,0.191418101607041,0.185511788158395,0.188183609958354,0.153269848869801,0.115821824176082,-0.00803118926790892,0.382999999999999
"cw",0.983333333333333,0.00819635274073792,1,3,TRUE,202608250605,"primary",0.9,0,0.132770578327661,0.14469318756227,0.175518468795486,0.162389523426736,0.0805744720160323,-0.0264030857279886,0.346
"gini",0.466666666666667,-0.0130103651786157,1,3,TRUE,202608250605,"primary",0.9,0,0.132770578327661,0.14469318756227,0.175518468795486,0.162389523426736,0.0805744720160323,-0.0264030857279886,0.346
"oracle",0,-0.40484723765484,NA,NA,NA,202608250605,"primary",0.9,0,0.132770578327661,0.14469318756227,0.175518468795486,0.162389523426736,0.0805744720160323,-0.0264030857279886,0.346
"over",0.983333333333333,0.0100677182035408,1,3,TRUE,202608250605,"primary",0.9,0,0.132770578327661,0.14469318756227,0.175518468795486,0.162389523426736,0.0805744720160323,-0.0264030857279886,0.346
"raw",0.483333333333333,-0.0119226092346086,1,3,TRUE,202608250605,"primary",0.9,0,0.132770578327661,0.14469318756227,0.175518468795486,0.162389523426736,0.0805744720160323,-0.0264030857279886,0.346
"cw",1,0.0150516293827211,0.792079207920792,3,FALSE,202608250606,"primary",0.6,0,0.18080098509683,0.164189585086776,0.166154776193781,0.167155963894871,0.109103673037219,0.00172572220246748,0.628
"gini",0.466666666666667,0.0124320513963485,0.792079207920792,3,FALSE,202608250606,"primary",0.6,0,0.18080098509683,0.164189585086776,0.166154776193781,0.167155963894871,0.109103673037219,0.00172572220246748,0.628
"oracle",0,-0.371611725626941,NA,NA,NA,202608250606,"primary",0.6,0,0.18080098509683,0.164189585086776,0.166154776193781,0.167155963894871,0.109103673037219,0.00172572220246748,0.628
"over",1,0.0181674235573749,0.792079207920792,3,FALSE,202608250606,"primary",0.6,0,0.18080098509683,0.164189585086776,0.166154776193781,0.167155963894871,0.109103673037219,0.00172572220246748,0.628
"raw",0.5,0.0166114000100538,0.792079207920792,3,FALSE,202608250606,"primary",0.6,0,0.18080098509683,0.164189585086776,0.166154776193781,0.167155963894871,0.109103673037219,0.00172572220246748,0.628
"cw",1,0.0188104078115903,1,3,TRUE,202608250607,"primary",0.9,0,0.193876158638887,0.147158160520054,0.177237158313033,0.15804246221969,0.119201331515392,0.00092649947972688,0.356
"gini",0.716666666666667,0.0333590777425668,1,3,TRUE,202608250607,"primary",0.9,0,0.193876158638887,0.147158160520054,0.177237158313033,0.15804246221969,0.119201331515392,0.00092649947972688,0.356
"oracle",0.0166666666666667,-0.336956014290865,NA,NA,NA,202608250607,"primary",0.9,0,0.193876158638887,0.147158160520054,0.177237158313033,0.15804246221969,0.119201331515392,0.00092649947972688,0.356
"over",1,0.0230727503272981,1,3,TRUE,202608250607,"primary",0.9,0,0.193876158638887,0.147158160520054,0.177237158313033,0.15804246221969,0.119201331515392,0.00092649947972688,0.356
"raw",0.716666666666667,0.0467179981188327,1,3,TRUE,202608250607,"primary",0.9,0,0.193876158638887,0.147158160520054,0.177237158313033,0.15804246221969,0.119201331515392,0.00092649947972688,0.356
"cw",1,0.0150282524751062,0.792079207920792,3,FALSE,202608250608,"primary",0.6,0,0.176378420220495,0.188487109734827,0.170599364525124,0.166040247226291,0.102139978089144,-0.014327038371189,0.4
"gini",0.35,-0.0110009442141362,0.792079207920792,3,FALSE,202608250608,"primary",0.6,0,0.176378420220495,0.188487109734827,0.170599364525124,0.166040247226291,0.102139978089144,-0.014327038371189,0.4
"oracle",0,-0.35014461525171,NA,NA,NA,202608250608,"primary",0.6,0,0.176378420220495,0.188487109734827,0.170599364525124,0.166040247226291,0.102139978089144,-0.014327038371189,0.4
"over",1,0.0181564517147261,0.792079207920792,3,FALSE,202608250608,"primary",0.6,0,0.176378420220495,0.188487109734827,0.170599364525124,0.166040247226291,0.102139978089144,-0.014327038371189,0.4
"raw",0.333333333333333,-0.0121086895143326,0.792079207920792,3,FALSE,202608250608,"primary",0.6,0,0.176378420220495,0.188487109734827,0.170599364525124,0.166040247226291,0.102139978089144,-0.014327038371189,0.4
"cw",1,0.014848879229205,1,3,TRUE,202608250609,"primary",0.9,0,0.181581167496908,0.150233701601176,0.174938058911063,0.178349692047108,0.105234034284719,-0.0106830491156662,0.342000000000001
"gini",0.633333333333333,0.0268984017974823,1,3,TRUE,202608250609,"primary",0.9,0,0.181581167496908,0.150233701601176,0.174938058911063,0.178349692047108,0.105234034284719,-0.0106830491156662,0.342000000000001
"oracle",0,-0.357494317864875,NA,NA,NA,202608250609,"primary",0.9,0,0.181581167496908,0.150233701601176,0.174938058911063,0.178349692047108,0.105234034284719,-0.0106830491156662,0.342000000000001
"over",1,0.0180389074744273,1,3,TRUE,202608250609,"primary",0.9,0,0.181581167496908,0.150233701601176,0.174938058911063,0.178349692047108,0.105234034284719,-0.0106830491156662,0.342000000000001
"raw",0.633333333333333,0.0313474658957318,1,3,TRUE,202608250609,"primary",0.9,0,0.181581167496908,0.150233701601176,0.174938058911063,0.178349692047108,0.105234034284719,-0.0106830491156662,0.342000000000001
"cw",1,0.0157559966892766,1,3,TRUE,202608250610,"primary",0.9,0,0.183961745667847,0.178148386887816,0.178575848409634,0.168077986790813,0.113890170862119,0.00637285991962007,0.44
"gini",0.483333333333333,0.00212835312912749,1,3,TRUE,202608250610,"primary",0.9,0,0.183961745667847,0.178148386887816,0.178575848409634,0.168077986790813,0.113890170862119,0.00637285991962007,0.44
"oracle",0,-0.414820437428971,NA,NA,NA,202608250610,"primary",0.9,0,0.183961745667847,0.178148386887816,0.178575848409634,0.168077986790813,0.113890170862119,0.00637285991962007,0.44
"over",1,0.0191914370131929,1,3,TRUE,202608250610,"primary",0.9,0,0.183961745667847,0.178148386887816,0.178575848409634,0.168077986790813,0.113890170862119,0.00637285991962007,0.44
"raw",0.533333333333333,0.00581335878003075,1,3,TRUE,202608250610,"primary",0.9,0,0.183961745667847,0.178148386887816,0.178575848409634,0.168077986790813,0.113890170862119,0.00637285991962007,0.44
"cw",1,0.0129294584244974,0.792079207920792,3,TRUE,202608250611,"primary",0.9,0,0.163553925986719,0.164516772286399,0.173603761628098,0.179403967887622,0.0985812018904758,-0.000704744401944791,0.439
"gini",0.4,-0.00191473085473506,0.792079207920792,3,TRUE,202608250611,"primary",0.9,0,0.163553925986719,0.164516772286399,0.173603761628098,0.179403967887622,0.0985812018904758,-0.000704744401944791,0.439
"oracle",0,-0.375165251298028,NA,NA,NA,202608250611,"primary",0.9,0,0.163553925986719,0.164516772286399,0.173603761628098,0.179403967887622,0.0985812018904758,-0.000704744401944791,0.439
"over",1,0.0157246587953636,0.792079207920792,3,TRUE,202608250611,"primary",0.9,0,0.163553925986719,0.164516772286399,0.173603761628098,0.179403967887622,0.0985812018904758,-0.000704744401944791,0.439
"raw",0.35,-0.000962846299680076,0.792079207920792,3,TRUE,202608250611,"primary",0.9,0,0.163553925986719,0.164516772286399,0.173603761628098,0.179403967887622,0.0985812018904758,-0.000704744401944791,0.439
"cw",0.95,0.0101003983240763,0.792079207920792,3,TRUE,202608250612,"primary",0.9,0,0.15037364872185,0.221233620250836,0.173846371654333,0.162686818503807,0.0923177510145463,-3.1102989594033e-05,0.632999999999999
"gini",0.216666666666667,-0.0622207849924575,0.792079207920792,3,TRUE,202608250612,"primary",0.9,0,0.15037364872185,0.221233620250836,0.173846371654333,0.162686818503807,0.0923177510145463,-3.1102989594033e-05,0.632999999999999
"oracle",0,-0.430456831327277,NA,NA,NA,202608250612,"primary",0.9,0,0.15037364872185,0.221233620250836,0.173846371654333,0.162686818503807,0.0923177510145463,-3.1102989594033e-05,0.632999999999999
"over",0.95,0.0123733647780129,0.792079207920792,3,TRUE,202608250612,"primary",0.9,0,0.15037364872185,0.221233620250836,0.173846371654333,0.162686818503807,0.0923177510145463,-3.1102989594033e-05,0.632999999999999
"raw",0.216666666666667,-0.0708599715289869,0.792079207920792,3,TRUE,202608250612,"primary",0.9,0,0.15037364872185,0.221233620250836,0.173846371654333,0.162686818503807,0.0923177510145463,-3.1102989594033e-05,0.632999999999999
"cw",1,0.0148499061623698,1,3,TRUE,202608250613,"primary",0.7,0,0.177796905385161,0.167037658060179,0.148835747607155,0.158881167124294,0.10847774565967,0.00350996756042917,0.56
"gini",0.566666666666667,0.0120729091257484,1,3,TRUE,202608250613,"primary",0.7,0,0.177796905385161,0.167037658060179,0.148835747607155,0.158881167124294,0.10847774565967,0.00350996756042917,0.56
"oracle",0.0833333333333333,-0.192877112436406,NA,NA,NA,202608250613,"primary",0.7,0,0.177796905385161,0.167037658060179,0.148835747607155,0.158881167124294,0.10847774565967,0.00350996756042917,0.56
"over",1,0.017440747581778,1,3,TRUE,202608250613,"primary",0.7,0,0.177796905385161,0.167037658060179,0.148835747607155,0.158881167124294,0.10847774565967,0.00350996756042917,0.56
"raw",0.55,0.0107592473249818,1,3,TRUE,202608250613,"primary",0.7,0,0.177796905385161,0.167037658060179,0.148835747607155,0.158881167124294,0.10847774565967,0.00350996756042917,0.56
"cw",1,0.0144198974399377,1,3,TRUE,202608250614,"primary",0.9,0,0.183896792154643,0.185887479288262,0.178482175587354,0.183889873139337,0.10975487499883,0.011453234648076,0.713999999999999
"gini",0.516666666666667,-0.000752978805749982,1,3,TRUE,202608250614,"primary",0.9,0,0.183896792154643,0.185887479288262,0.178482175587354,0.183889873139337,0.10975487499883,0.011453234648076,0.713999999999999
"oracle",0,-0.376421959246547,NA,NA,NA,202608250614,"primary",0.9,0,0.183896792154643,0.185887479288262,0.178482175587354,0.183889873139337,0.10975487499883,0.011453234648076,0.713999999999999
"over",1,0.0176041543855543,1,3,TRUE,202608250614,"primary",0.9,0,0.183896792154643,0.185887479288262,0.178482175587354,0.183889873139337,0.10975487499883,0.011453234648076,0.713999999999999
"raw",0.55,-0.00199068713361866,1,3,TRUE,202608250614,"primary",0.9,0,0.183896792154643,0.185887479288262,0.178482175587354,0.183889873139337,0.10975487499883,0.011453234648076,0.713999999999999
"cw",1,0.0127025469192171,1,3,TRUE,202608250615,"primary",0.8,0,0.161127572466675,0.168320030171479,0.165324256868464,0.183952299613258,0.0978271847358372,-0.0113433739304547,0.525
"gini",0.45,-0.00507266195878536,1,3,TRUE,202608250615,"primary",0.8,0,0.161127572466675,0.168320030171479,0.165324256868464,0.183952299613258,0.0978271847358372,-0.0113433739304547,0.525
"oracle",0,-0.363479644662573,NA,NA,NA,202608250615,"primary",0.8,0,0.161127572466675,0.168320030171479,0.165324256868464,0.183952299613258,0.0978271847358372,-0.0113433739304547,0.525
"over",1,0.0152842067268261,1,3,TRUE,202608250615,"primary",0.8,0,0.161127572466675,0.168320030171479,0.165324256868464,0.183952299613258,0.0978271847358372,-0.0113433739304547,0.525
"raw",0.45,-0.00719245770480459,1,3,TRUE,202608250615,"primary",0.8,0,0.161127572466675,0.168320030171479,0.165324256868464,0.183952299613258,0.0978271847358372,-0.0113433739304547,0.525
"cw",1,0.00966407787978609,1,3,TRUE,202608250616,"primary",0.9,0,0.145737524750673,0.140372685018345,0.182876773157181,0.167653315748992,0.0878688469324064,2.04377728904114e-05,0.378
"gini",0.583333333333333,0.000638280969280258,1,3,TRUE,202608250616,"primary",0.9,0,0.145737524750673,0.140372685018345,0.182876773157181,0.167653315748992,0.0878688469324064,2.04377728904114e-05,0.378
"oracle",0,-0.401102525561452,NA,NA,NA,202608250616,"primary",0.9,0,0.145737524750673,0.140372685018345,0.182876773157181,0.167653315748992,0.0878688469324064,2.04377728904114e-05,0.378
"over",1,0.0118809133084363,1,3,TRUE,202608250616,"primary",0.9,0,0.145737524750673,0.140372685018345,0.182876773157181,0.167653315748992,0.0878688469324064,2.04377728904114e-05,0.378
"raw",0.583333333333333,0.00536483973232857,1,3,TRUE,202608250616,"primary",0.9,0,0.145737524750673,0.140372685018345,0.182876773157181,0.167653315748992,0.0878688469324064,2.04377728904114e-05,0.378
"cw",1,0.0108617934963105,1,3,TRUE,202608250617,"primary",0.9,0,0.150927662920502,0.204096557659405,0.167598925546938,0.163203141655887,0.0909796634842034,-0.012812249372397,0.409000000000001
"gini",0.25,-0.0460747743632621,1,3,TRUE,202608250617,"primary",0.9,0,0.150927662920502,0.204096557659405,0.167598925546938,0.163203141655887,0.0909796634842034,-0.012812249372397,0.409000000000001
"oracle",0,-0.452860870540498,NA,NA,NA,202608250617,"primary",0.9,0,0.150927662920502,0.204096557659405,0.167598925546938,0.163203141655887,0.0909796634842034,-0.012812249372397,0.409000000000001
"over",1,0.0130743617575539,1,3,TRUE,202608250617,"primary",0.9,0,0.150927662920502,0.204096557659405,0.167598925546938,0.163203141655887,0.0909796634842034,-0.012812249372397,0.409000000000001
"raw",0.25,-0.0531688947389033,1,3,TRUE,202608250617,"primary",0.9,0,0.150927662920502,0.204096557659405,0.167598925546938,0.163203141655887,0.0909796634842034,-0.012812249372397,0.409000000000001
"cw",1,0.0260656758345942,1,3,TRUE,202608250618,"primary",0.9,0,0.227697893181251,0.169526357815438,0.169507450451409,0.164767733004431,0.140958595783112,-0.0174900861188423,0.554
"gini",0.85,0.0458622627559241,1,3,TRUE,202608250618,"primary",0.9,0,0.227697893181251,0.169526357815438,0.169507450451409,0.164767733004431,0.140958595783112,-0.0174900861188423,0.554
"oracle",0,-0.352604306683614,NA,NA,NA,202608250618,"primary",0.9,0,0.227697893181251,0.169526357815438,0.169507450451409,0.164767733004431,0.140958595783112,-0.0174900861188423,0.554
"over",1,0.0315649432204899,1,3,TRUE,202608250618,"primary",0.9,0,0.227697893181251,0.169526357815438,0.169507450451409,0.164767733004431,0.140958595783112,-0.0174900861188423,0.554
"raw",0.866666666666667,0.0581715353658126,1,3,TRUE,202608250618,"primary",0.9,0,0.227697893181251,0.169526357815438,0.169507450451409,0.164767733004431,0.140958595783112,-0.0174900861188423,0.554
"cw",1,0.0235304793513995,1,3,TRUE,202608250619,"primary",0.9,0,0.22283153062895,0.162845462880164,0.18467821261322,0.162849826539266,0.132398580223271,-0.0165081598529253,0.555
"gini",0.7,0.0434457502363897,1,3,TRUE,202608250619,"primary",0.9,0,0.22283153062895,0.162845462880164,0.18467821261322,0.162849826539266,0.132398580223271,-0.0165081598529253,0.555
"oracle",0,-0.339247325892562,NA,NA,NA,202608250619,"primary",0.9,0,0.22283153062895,0.162845462880164,0.18467821261322,0.162849826539266,0.132398580223271,-0.0165081598529253,0.555
"over",1,0.0290374160557064,1,3,TRUE,202608250619,"primary",0.9,0,0.22283153062895,0.162845462880164,0.18467821261322,0.162849826539266,0.132398580223271,-0.0165081598529253,0.555
"raw",0.733333333333333,0.0599860677487863,1,3,TRUE,202608250619,"primary",0.9,0,0.22283153062895,0.162845462880164,0.18467821261322,0.162849826539266,0.132398580223271,-0.0165081598529253,0.555
"cw",0.983333333333333,0.00701490533884314,1,3,TRUE,202608250620,"primary",0.9,0,0.115634819732883,0.177678028557002,0.176018426201578,0.165973908130297,0.0707729029011178,-0.0110521938791028,0.404999999999999
"gini",0.266666666666667,-0.0529925865918886,1,3,TRUE,202608250620,"primary",0.9,0,0.115634819732883,0.177678028557002,0.176018426201578,0.165973908130297,0.0707729029011178,-0.0110521938791028,0.404999999999999
"oracle",0,-0.410588107425897,NA,NA,NA,202608250620,"primary",0.9,0,0.115634819732883,0.177678028557002,0.176018426201578,0.165973908130297,0.0707729029011178,-0.0110521938791028,0.404999999999999
"over",0.983333333333333,0.00841241560231883,1,3,TRUE,202608250620,"primary",0.9,0,0.115634819732883,0.177678028557002,0.176018426201578,0.165973908130297,0.0707729029011178,-0.0110521938791028,0.404999999999999
"raw",0.233333333333333,-0.062043208824119,1,3,TRUE,202608250620,"primary",0.9,0,0.115634819732883,0.177678028557002,0.176018426201578,0.165973908130297,0.0707729029011178,-0.0110521938791028,0.404999999999999
"cw",0.983333333333333,0.0103950986285384,1,3,TRUE,202608250621,"primary",0.9,0,0.158179224137023,0.246988435985055,0.176102357491337,0.157364696504829,0.098828010246921,0.0105589638231381,0.529999999999999
"gini",0,-0.0796852810416162,1,3,TRUE,202608250621,"primary",0.9,0,0.158179224137023,0.246988435985055,0.176102357491337,0.157364696504829,0.098828010246921,0.0105589638231381,0.529999999999999
"oracle",0,-0.461279779420884,NA,NA,NA,202608250621,"primary",0.9,0,0.158179224137023,0.246988435985055,0.176102357491337,0.157364696504829,0.098828010246921,0.0105589638231381,0.529999999999999
"over",0.983333333333333,0.012840500032855,1,3,TRUE,202608250621,"primary",0.9,0,0.158179224137023,0.246988435985055,0.176102357491337,0.157364696504829,0.098828010246921,0.0105589638231381,0.529999999999999
"raw",0.05,-0.0888092118480324,1,3,TRUE,202608250621,"primary",0.9,0,0.158179224137023,0.246988435985055,0.176102357491337,0.157364696504829,0.098828010246921,0.0105589638231381,0.529999999999999
"cw",1,0.00850219241318428,1,3,TRUE,202608250622,"primary",0.9,0,0.135561115500232,0.21159305772544,0.198822760506488,0.165348177583521,0.0796110420189292,-0.00815423047876061,0.339
"gini",0.2,-0.0698401347136649,1,3,TRUE,202608250622,"primary",0.9,0,0.135561115500232,0.21159305772544,0.198822760506488,0.165348177583521,0.0796110420189292,-0.00815423047876061,0.339
"oracle",0,-0.422988757538751,NA,NA,NA,202608250622,"primary",0.9,0,0.135561115500232,0.21159305772544,0.198822760506488,0.165348177583521,0.0796110420189292,-0.00815423047876061,0.339
"over",1,0.0107474397706485,1,3,TRUE,202608250622,"primary",0.9,0,0.135561115500232,0.21159305772544,0.198822760506488,0.165348177583521,0.0796110420189292,-0.00815423047876061,0.339
"raw",0.2,-0.0760319422252084,1,3,TRUE,202608250622,"primary",0.9,0,0.135561115500232,0.21159305772544,0.198822760506488,0.165348177583521,0.0796110420189292,-0.00815423047876061,0.339
"cw",1,0.00955419664871936,0.641025641025641,3,FALSE,202608250623,"primary",0.4,0,0.144803753293314,0.15040099543326,0.161006623351478,0.164791991970914,0.0835389704780923,-0.0186727666545911,0.467000000000001
"gini",0.466666666666667,-0.00399902804804241,0.641025641025641,3,FALSE,202608250623,"primary",0.4,0,0.144803753293314,0.15040099543326,0.161006623351478,0.164791991970914,0.0835389704780923,-0.0186727666545911,0.467000000000001
"oracle",0,-0.408920631986573,NA,NA,NA,202608250623,"primary",0.4,0,0.144803753293314,0.15040099543326,0.161006623351478,0.164791991970914,0.0835389704780923,-0.0186727666545911,0.467000000000001
"over",1,0.0113981644213922,0.641025641025641,3,FALSE,202608250623,"primary",0.4,0,0.144803753293314,0.15040099543326,0.161006623351478,0.164791991970914,0.0835389704780923,-0.0186727666545911,0.467000000000001
"raw",0.466666666666667,-0.0055972421399462,0.641025641025641,3,FALSE,202608250623,"primary",0.4,0,0.144803753293314,0.15040099543326,0.161006623351478,0.164791991970914,0.0835389704780923,-0.0186727666545911,0.467000000000001
"cw",1,0.013130538605091,0.792079207920792,3,FALSE,202608250624,"primary",0.6,0,0.164033955697134,0.147504187302135,0.183683645644041,0.166986744873235,0.100850384230035,-0.00549246932604275,0.474
"gini",0.583333333333333,0.0095178769222322,0.792079207920792,3,FALSE,202608250624,"primary",0.6,0,0.164033955697134,0.147504187302135,0.183683645644041,0.166986744873235,0.100850384230035,-0.00549246932604275,0.474
"oracle",0,-0.358324669702391,NA,NA,NA,202608250624,"primary",0.6,0,0.164033955697134,0.147504187302135,0.183683645644041,0.166986744873235,0.100850384230035,-0.00549246932604275,0.474
"over",1,0.0162424869275017,0.792079207920792,3,FALSE,202608250624,"primary",0.6,0,0.164033955697134,0.147504187302135,0.183683645644041,0.166986744873235,0.100850384230035,-0.00549246932604275,0.474
"raw",0.6,0.0165297683949994,0.792079207920792,3,FALSE,202608250624,"primary",0.6,0,0.164033955697134,0.147504187302135,0.183683645644041,0.166986744873235,0.100850384230035,-0.00549246932604275,0.474
"cw",1,0.0120927803561194,1,3,TRUE,202608250625,"primary",0.9,0,0.158540297898209,0.14211151093383,0.156237200252765,0.17455121618064,0.0968967104955119,-0.00607971860799815,0.412999999999998
"gini",0.566666666666667,0.0157646238973918,1,3,TRUE,202608250625,"primary",0.9,0,0.158540297898209,0.14211151093383,0.156237200252765,0.17455121618064,0.0968967104955119,-0.00607971860799815,0.412999999999998
"oracle",0,-0.45661822009274,NA,NA,NA,202608250625,"primary",0.9,0,0.158540297898209,0.14211151093383,0.156237200252765,0.17455121618064,0.0968967104955119,-0.00607971860799815,0.412999999999998
"over",1,0.0142531323768119,1,3,TRUE,202608250625,"primary",0.9,0,0.158540297898209,0.14211151093383,0.156237200252765,0.17455121618064,0.0968967104955119,-0.00607971860799815,0.412999999999998
"raw",0.6,0.0164287869643791,1,3,TRUE,202608250625,"primary",0.9,0,0.158540297898209,0.14211151093383,0.156237200252765,0.17455121618064,0.0968967104955119,-0.00607971860799815,0.412999999999998
"cw",1,0.0126515739723382,0.792079207920792,3,FALSE,202608250626,"primary",0.9,0,0.162569178735956,0.15642192856896,0.17127043204863,0.167865685901727,0.0964063187503655,-0.00801845408797716,0.465
"gini",0.516666666666667,0.00302862838078169,1,3,TRUE,202608250626,"primary",0.9,0,0.162569178735956,0.15642192856896,0.17127043204863,0.167865685901727,0.0964063187503655,-0.00801845408797716,0.465
"oracle",0,-0.379570092441723,NA,NA,NA,202608250626,"primary",0.9,0,0.162569178735956,0.15642192856896,0.17127043204863,0.167865685901727,0.0964063187503655,-0.00801845408797716,0.465
"over",1,0.0153035946199485,0.792079207920792,3,FALSE,202608250626,"primary",0.9,0,0.162569178735956,0.15642192856896,0.17127043204863,0.167865685901727,0.0964063187503655,-0.00801845408797716,0.465
"raw",0.516666666666667,0.00614725016699572,1,3,TRUE,202608250626,"primary",0.9,0,0.162569178735956,0.15642192856896,0.17127043204863,0.167865685901727,0.0964063187503655,-0.00801845408797716,0.465
"cw",1,0.0118685458339435,1,3,TRUE,202608250627,"primary",0.9,0,0.160442604852736,0.151206240805054,0.186886485961417,0.172218512438727,0.0960537615405331,-0.00170638807854945,0.368
"gini",0.533333333333333,0.00376629213291832,1,3,TRUE,202608250627,"primary",0.9,0,0.160442604852736,0.151206240805054,0.186886485961417,0.172218512438727,0.0960537615405331,-0.00170638807854945,0.368
"oracle",0,-0.347337318182341,NA,NA,NA,202608250627,"primary",0.9,0,0.160442604852736,0.151206240805054,0.186886485961417,0.172218512438727,0.0960537615405331,-0.00170638807854945,0.368
"over",1,0.0146216113867148,1,3,TRUE,202608250627,"primary",0.9,0,0.160442604852736,0.151206240805054,0.186886485961417,0.172218512438727,0.0960537615405331,-0.00170638807854945,0.368
"raw",0.6,0.00923636404768233,1,3,TRUE,202608250627,"primary",0.9,0,0.160442604852736,0.151206240805054,0.186886485961417,0.172218512438727,0.0960537615405331,-0.00170638807854945,0.368
"cw",1,0.0129741219104424,0.792079207920792,3,FALSE,202608250628,"primary",0.6,0,0.168159194918278,0.13987651262915,0.170188952180252,0.178901532442947,0.094332785952115,-0.0127630567436079,0.426
"gini",0.683333333333333,0.0236607815283623,0.792079207920792,3,FALSE,202608250628,"primary",0.6,0,0.168159194918278,0.13987651262915,0.170188952180252,0.178901532442947,0.094332785952115,-0.0127630567436079,0.426
"oracle",0,-0.433589779213284,NA,NA,NA,202608250628,"primary",0.6,0,0.168159194918278,0.13987651262915,0.170188952180252,0.178901532442947,0.094332785952115,-0.0127630567436079,0.426
"over",1,0.015910145415744,0.792079207920792,3,FALSE,202608250628,"primary",0.6,0,0.168159194918278,0.13987651262915,0.170188952180252,0.178901532442947,0.094332785952115,-0.0127630567436079,0.426
"raw",0.633333333333333,0.0282826822891286,0.792079207920792,3,FALSE,202608250628,"primary",0.6,0,0.168159194918278,0.13987651262915,0.170188952180252,0.178901532442947,0.094332785952115,-0.0127630567436079,0.426
"cw",1,0.0168490361507568,1,3,TRUE,202608250629,"primary",0.9,0,0.184228911088116,0.174369979852818,0.177706908803988,0.163480324417895,0.110712397897465,-0.0161194226688904,0.597000000000001
"gini",0.566666666666667,0.00367700613834243,1,3,TRUE,202608250629,"primary",0.9,0,0.184228911088116,0.174369979852818,0.177706908803988,0.163480324417895,0.110712397897465,-0.0161194226688904,0.597000000000001
"oracle",0,-0.34042053606424,NA,NA,NA,202608250629,"primary",0.9,0,0.184228911088116,0.174369979852818,0.177706908803988,0.163480324417895,0.110712397897465,-0.0161194226688904,0.597000000000001
"over",1,0.020488992359047,1,3,TRUE,202608250629,"primary",0.9,0,0.184228911088116,0.174369979852818,0.177706908803988,0.163480324417895,0.110712397897465,-0.0161194226688904,0.597000000000001
"raw",0.583333333333333,0.00985893123529805,1,3,TRUE,202608250629,"primary",0.9,0,0.184228911088116,0.174369979852818,0.177706908803988,0.163480324417895,0.110712397897465,-0.0161194226688904,0.597000000000001
"cw",1,0.0193306078566235,1,3,TRUE,202608250630,"primary",0.9,0,0.200252796835575,0.177866797421064,0.177352294348756,0.156869542480865,0.12299070485715,0.000839035777750857,0.347
"gini",0.566666666666667,0.0135720757251465,1,3,TRUE,202608250630,"primary",0.9,0,0.200252796835575,0.177866797421064,0.177352294348756,0.156869542480865,0.12299070485715,0.000839035777750857,0.347
"oracle",0,-0.310588295854756,NA,NA,NA,202608250630,"primary",0.9,0,0.200252796835575,0.177866797421064,0.177352294348756,0.156869542480865,0.12299070485715,0.000839035777750857,0.347
"over",1,0.0237888317145372,1,3,TRUE,202608250630,"primary",0.9,0,0.200252796835575,0.177866797421064,0.177352294348756,0.156869542480865,0.12299070485715,0.000839035777750857,0.347
"raw",0.616666666666667,0.0223859994145102,1,3,TRUE,202608250630,"primary",0.9,0,0.200252796835575,0.177866797421064,0.177352294348756,0.156869542480865,0.12299070485715,0.000839035777750857,0.347
"cw",1,0.0221389293421855,1,3,TRUE,202608250631,"primary",0.9,0,0.23253521238164,0.219934498515461,0.201316883093721,0.168949847655156,0.143525392214615,0.0207810782853165,0.514000000000001
"gini",0.533333333333333,0.00362150441012671,1,3,TRUE,202608250631,"primary",0.9,0,0.23253521238164,0.219934498515461,0.201316883093721,0.168949847655156,0.143525392214615,0.0207810782853165,0.514000000000001
"oracle",0,-0.304334328187199,NA,NA,NA,202608250631,"primary",0.9,0,0.23253521238164,0.219934498515461,0.201316883093721,0.168949847655156,0.143525392214615,0.0207810782853165,0.514000000000001
"over",1,0.0279396641558736,1,3,TRUE,202608250631,"primary",0.9,0,0.23253521238164,0.219934498515461,0.201316883093721,0.168949847655156,0.143525392214615,0.0207810782853165,0.514000000000001
"raw",0.566666666666667,0.0126007138661789,1,3,TRUE,202608250631,"primary",0.9,0,0.23253521238164,0.219934498515461,0.201316883093721,0.168949847655156,0.143525392214615,0.0207810782853165,0.514000000000001
"cw",1,0.0128214687892056,1,3,TRUE,202608250632,"primary",0.8,0,0.16136279082949,0.17682021457267,0.174773949047725,0.169223564064831,0.0965326495860651,-0.00298623388378228,0.571
"gini",0.416666666666667,-0.0149091043903188,1,3,TRUE,202608250632,"primary",0.8,0,0.16136279082949,0.17682021457267,0.174773949047725,0.169223564064831,0.0965326495860651,-0.00298623388378228,0.571
"oracle",0,-0.357975795321001,NA,NA,NA,202608250632,"primary",0.8,0,0.16136279082949,0.17682021457267,0.174773949047725,0.169223564064831,0.0965326495860651,-0.00298623388378228,0.571
"over",1,0.0156341102656133,1,3,TRUE,202608250632,"primary",0.8,0,0.16136279082949,0.17682021457267,0.174773949047725,0.169223564064831,0.0965326495860651,-0.00298623388378228,0.571
"raw",0.45,-0.0154574237431792,1,3,TRUE,202608250632,"primary",0.8,0,0.16136279082949,0.17682021457267,0.174773949047725,0.169223564064831,0.0965326495860651,-0.00298623388378228,0.571
"cw",1,0.0169359754273317,1,3,TRUE,202608250633,"primary",0.9,0,0.193902711766946,0.187311128353689,0.184921127668022,0.154975957814524,0.120907705126016,0.0119683041965598,0.421999999999999
"gini",0.466666666666667,-0.0025089329039728,1,3,TRUE,202608250633,"primary",0.9,0,0.193902711766946,0.187311128353689,0.184921127668022,0.154975957814524,0.120907705126016,0.0119683041965598,0.421999999999999
"oracle",0,-0.291466280795279,NA,NA,NA,202608250633,"primary",0.9,0,0.193902711766946,0.187311128353689,0.184921127668022,0.154975957814524,0.120907705126016,0.0119683041965598,0.421999999999999
"over",1,0.0209531591366166,1,3,TRUE,202608250633,"primary",0.9,0,0.193902711766946,0.187311128353689,0.184921127668022,0.154975957814524,0.120907705126016,0.0119683041965598,0.421999999999999
"raw",0.516666666666667,0.00659158341325622,1,3,TRUE,202608250633,"primary",0.9,0,0.193902711766946,0.187311128353689,0.184921127668022,0.154975957814524,0.120907705126016,0.0119683041965598,0.421999999999999
"cw",1,0.0073510220753585,0.641025641025641,3,FALSE,202608250634,"primary",0.4,0,0.124193699652282,0.167677024859557,0.161481431364748,0.172223632290077,0.0750772211138866,-0.00283269246494409,0.531000000000001
"gini",0.266666666666667,-0.0369081054711379,0.641025641025641,3,FALSE,202608250634,"primary",0.4,0,0.124193699652282,0.167677024859557,0.161481431364748,0.172223632290077,0.0750772211138866,-0.00283269246494409,0.531000000000001
"oracle",0,-0.448082124501505,NA,NA,NA,202608250634,"primary",0.4,0,0.124193699652282,0.167677024859557,0.161481431364748,0.172223632290077,0.0750772211138866,-0.00283269246494409,0.531000000000001
"over",1,0.00884379736466092,0.641025641025641,3,FALSE,202608250634,"primary",0.4,0,0.124193699652282,0.167677024859557,0.161481431364748,0.172223632290077,0.0750772211138866,-0.00283269246494409,0.531000000000001
"raw",0.25,-0.043483325207275,0.641025641025641,3,FALSE,202608250634,"primary",0.4,0,0.124193699652282,0.167677024859557,0.161481431364748,0.172223632290077,0.0750772211138866,-0.00283269246494409,0.531000000000001
"cw",0.95,0.0117379994616311,1,3,TRUE,202608250635,"primary",0.7,0,0.153975565967589,0.164308738713311,0.198298179086522,0.160517066965973,0.100597347051277,0.000119405735148836,0.529999999999999
"gini",0.466666666666667,-0.0165872278871066,1,3,TRUE,202608250635,"primary",0.7,0,0.153975565967589,0.164308738713311,0.198298179086522,0.160517066965973,0.100597347051277,0.000119405735148836,0.529999999999999
"oracle",0,-0.406687221039479,NA,NA,NA,202608250635,"primary",0.7,0,0.153975565967589,0.164308738713311,0.198298179086522,0.160517066965973,0.100597347051277,0.000119405735148836,0.529999999999999
"over",0.95,0.014565806288088,1,3,TRUE,202608250635,"primary",0.7,0,0.153975565967589,0.164308738713311,0.198298179086522,0.160517066965973,0.100597347051277,0.000119405735148836,0.529999999999999
"raw",0.466666666666667,-0.0103331727457217,1,3,TRUE,202608250635,"primary",0.7,0,0.153975565967589,0.164308738713311,0.198298179086522,0.160517066965973,0.100597347051277,0.000119405735148836,0.529999999999999
"cw",1,0.0148768230770783,1,3,TRUE,202608250636,"primary",0.9,0,0.174200836566617,0.151172074341279,0.171430914262329,0.157524362470461,0.110317541556281,-0.0129829603776877,0.336
"gini",0.6,0.0173751856633502,1,3,TRUE,202608250636,"primary",0.9,0,0.174200836566617,0.151172074341279,0.171430914262329,0.157524362470461,0.110317541556281,-0.0129829603776877,0.336
"oracle",0,-0.314464475164457,NA,NA,NA,202608250636,"primary",0.9,0,0.174200836566617,0.151172074341279,0.171430914262329,0.157524362470461,0.110317541556281,-0.0129829603776877,0.336
"over",1,0.0179372035707082,1,3,TRUE,202608250636,"primary",0.9,0,0.174200836566617,0.151172074341279,0.171430914262329,0.157524362470461,0.110317541556281,-0.0129829603776877,0.336
"raw",0.6,0.0230287622253377,1,3,TRUE,202608250636,"primary",0.9,0,0.174200836566617,0.151172074341279,0.171430914262329,0.157524362470461,0.110317541556281,-0.0129829603776877,0.336
"cw",1,0.0160251404374622,1,3,TRUE,202608250637,"primary",0.9,0,0.184456796530194,0.209453202926394,0.14947245667033,0.163812788042783,0.108914026641957,0.00232458012383829,0.372
"gini",0.366666666666667,-0.0189237066347881,1,3,TRUE,202608250637,"primary",0.9,0,0.184456796530194,0.209453202926394,0.14947245667033,0.163812788042783,0.108914026641957,0.00232458012383829,0.372
"oracle",0,-0.367309353311168,NA,NA,NA,202608250637,"primary",0.9,0,0.184456796530194,0.209453202926394,0.14947245667033,0.163812788042783,0.108914026641957,0.00232458012383829,0.372
"over",1,0.0188745707259251,1,3,TRUE,202608250637,"primary",0.9,0,0.184456796530194,0.209453202926394,0.14947245667033,0.163812788042783,0.108914026641957,0.00232458012383829,0.372
"raw",0.366666666666667,-0.0249964063962006,1,3,TRUE,202608250637,"primary",0.9,0,0.184456796530194,0.209453202926394,0.14947245667033,0.163812788042783,0.108914026641957,0.00232458012383829,0.372
"cw",1,0.0170367850250957,1,3,TRUE,202608250638,"primary",0.9,0,0.199797988547185,0.208907151672386,0.181542313289231,0.16891940930152,0.120736233289671,0.0147171793633206,0.433
"gini",0.433333333333333,-0.0118397190866515,1,3,TRUE,202608250638,"primary",0.9,0,0.199797988547185,0.208907151672386,0.181542313289231,0.16891940930152,0.120736233289671,0.0147171793633206,0.433
"oracle",0.0166666666666667,-0.326149202207141,NA,NA,NA,202608250638,"primary",0.9,0,0.199797988547185,0.208907151672386,0.181542313289231,0.16891940930152,0.120736233289671,0.0147171793633206,0.433
"over",1,0.020930584565469,1,3,TRUE,202608250638,"primary",0.9,0,0.199797988547185,0.208907151672386,0.181542313289231,0.16891940930152,0.120736233289671,0.0147171793633206,0.433
"raw",0.416666666666667,-0.00910916312520124,1,3,TRUE,202608250638,"primary",0.9,0,0.199797988547185,0.208907151672386,0.181542313289231,0.16891940930152,0.120736233289671,0.0147171793633206,0.433
"cw",1,0.0218526460325937,1,3,TRUE,202608250639,"primary",0.9,0,0.208870349712253,0.138615775961094,0.168520547194062,0.169254436661444,0.12752947067652,-0.0190901431167667,0.445
"gini",0.733333333333333,0.057731963507706,1,3,TRUE,202608250639,"primary",0.9,0,0.208870349712253,0.138615775961094,0.168520547194062,0.169254436661444,0.12752947067652,-0.0190901431167667,0.445
"oracle",0,-0.347958991255125,NA,NA,NA,202608250639,"primary",0.9,0,0.208870349712253,0.138615775961094,0.168520547194062,0.169254436661444,0.12752947067652,-0.0190901431167667,0.445
"over",1,0.0263301103787978,1,3,TRUE,202608250639,"primary",0.9,0,0.208870349712253,0.138615775961094,0.168520547194062,0.169254436661444,0.12752947067652,-0.0190901431167667,0.445
"raw",0.783333333333333,0.0702545737511595,1,3,TRUE,202608250639,"primary",0.9,0,0.208870349712253,0.138615775961094,0.168520547194062,0.169254436661444,0.12752947067652,-0.0190901431167667,0.445
"cw",1,0.0171753333342678,1,3,TRUE,202608250640,"primary",0.9,0,0.18690247341563,0.199720010457224,0.170893274112513,0.181115471223086,0.115996935844079,-0.00297459713661108,0.527000000000001
"gini",0.433333333333333,-0.00885250594001794,1,3,TRUE,202608250640,"primary",0.9,0,0.18690247341563,0.199720010457224,0.170893274112513,0.181115471223086,0.115996935844079,-0.00297459713661108,0.527000000000001
"oracle",0,-0.267548690944828,NA,NA,NA,202608250640,"primary",0.9,0,0.18690247341563,0.199720010457224,0.170893274112513,0.181115471223086,0.115996935844079,-0.00297459713661108,0.527000000000001
"over",1,0.0207369038579138,1,3,TRUE,202608250640,"primary",0.9,0,0.18690247341563,0.199720010457224,0.170893274112513,0.181115471223086,0.115996935844079,-0.00297459713661108,0.527000000000001
"raw",0.433333333333333,-0.0128175370415944,1,3,TRUE,202608250640,"primary",0.9,0,0.18690247341563,0.199720010457224,0.170893274112513,0.181115471223086,0.115996935844079,-0.00297459713661108,0.527000000000001
"cw",0.983333333333333,0.0173350589779108,1,3,TRUE,202608250641,"primary",0.8,0,0.189931664956555,0.214817400072306,0.185219107550358,0.180280128570538,0.120954837151312,-0.00146947780865903,0.399999999999999
"gini",0.383333333333333,-0.0203636093782874,1,3,TRUE,202608250641,"primary",0.8,0,0.189931664956555,0.214817400072306,0.185219107550358,0.180280128570538,0.120954837151312,-0.00146947780865903,0.399999999999999
"oracle",0,-0.264837569563503,NA,NA,NA,202608250641,"primary",0.8,0,0.189931664956555,0.214817400072306,0.185219107550358,0.180280128570538,0.120954837151312,-0.00146947780865903,0.399999999999999
"over",0.983333333333333,0.0210969693761223,1,3,TRUE,202608250641,"primary",0.8,0,0.189931664956555,0.214817400072306,0.185219107550358,0.180280128570538,0.120954837151312,-0.00146947780865903,0.399999999999999
"raw",0.366666666666667,-0.0248857351157513,1,3,TRUE,202608250641,"primary",0.8,0,0.189931664956555,0.214817400072306,0.185219107550358,0.180280128570538,0.120954837151312,-0.00146947780865903,0.399999999999999
"cw",1,0.0105869718480117,1,3,TRUE,202608250642,"primary",0.9,0,0.145823735541887,0.181353161527384,0.190861087853573,0.166121977976497,0.0895412917897429,-0.0169215127924454,0.406000000000001
"gini",0.383333333333333,-0.035666331896008,1,3,TRUE,202608250642,"primary",0.9,0,0.145823735541887,0.181353161527384,0.190861087853573,0.166121977976497,0.0895412917897429,-0.0169215127924454,0.406000000000001
"oracle",0,-0.513237347742999,NA,NA,NA,202608250642,"primary",0.9,0,0.145823735541887,0.181353161527384,0.190861087853573,0.166121977976497,0.0895412917897429,-0.0169215127924454,0.406000000000001
"over",1,0.0132515784319739,1,3,TRUE,202608250642,"primary",0.9,0,0.145823735541887,0.181353161527384,0.190861087853573,0.166121977976497,0.0895412917897429,-0.0169215127924454,0.406000000000001
"raw",0.433333333333333,-0.0355294259854975,1,3,TRUE,202608250642,"primary",0.9,0,0.145823735541887,0.181353161527384,0.190861087853573,0.166121977976497,0.0895412917897429,-0.0169215127924454,0.406000000000001
"cw",1,0.0132126838818794,1,3,TRUE,202608250643,"primary",0.8,0,0.170612691653024,0.187799117248076,0.153975879528986,0.168186202417659,0.100552156603285,-0.00837770656290221,0.429
"gini",0.416666666666667,-0.0126399025115996,1,3,TRUE,202608250643,"primary",0.8,0,0.170612691653024,0.187799117248076,0.153975879528986,0.168186202417659,0.100552156603285,-0.00837770656290221,0.429
"oracle",0,-0.402164179032734,NA,NA,NA,202608250643,"primary",0.8,0,0.170612691653024,0.187799117248076,0.153975879528986,0.168186202417659,0.100552156603285,-0.00837770656290221,0.429
"over",1,0.0155567029785224,1,3,TRUE,202608250643,"primary",0.8,0,0.170612691653024,0.187799117248076,0.153975879528986,0.168186202417659,0.100552156603285,-0.00837770656290221,0.429
"raw",0.4,-0.0171864255950523,1,3,TRUE,202608250643,"primary",0.8,0,0.170612691653024,0.187799117248076,0.153975879528986,0.168186202417659,0.100552156603285,-0.00837770656290221,0.429
"cw",1,0.00818403027397755,0.792079207920792,3,FALSE,202608250644,"primary",0.6,0,0.125895335768204,0.155349115246367,0.148707486055335,0.162963725310808,0.077180727482807,-0.00702381166079888,0.712000000000002
"gini",0.4,-0.0244005824829775,0.792079207920792,3,FALSE,202608250644,"primary",0.6,0,0.125895335768204,0.155349115246367,0.148707486055335,0.162963725310808,0.077180727482807,-0.00702381166079888,0.712000000000002
"oracle",0,-0.440249045272723,NA,NA,NA,202608250644,"primary",0.6,0,0.125895335768204,0.155349115246367,0.148707486055335,0.162963725310808,0.077180727482807,-0.00702381166079888,0.712000000000002
"over",1,0.0096255534284738,0.792079207920792,3,FALSE,202608250644,"primary",0.6,0,0.125895335768204,0.155349115246367,0.148707486055335,0.162963725310808,0.077180727482807,-0.00702381166079888,0.712000000000002
"raw",0.35,-0.0294537794781626,0.792079207920792,3,FALSE,202608250644,"primary",0.6,0,0.125895335768204,0.155349115246367,0.148707486055335,0.162963725310808,0.077180727482807,-0.00702381166079888,0.712000000000002
"cw",1,0.0127515533744151,1,3,TRUE,202608250645,"primary",0.9,0,0.164528785395478,0.133530264608224,0.173836133025548,0.164169371201838,0.0976619321794803,-0.0116851043068629,0.659000000000001
"gini",0.683333333333333,0.0254426065068214,1,3,TRUE,202608250645,"primary",0.9,0,0.164528785395478,0.133530264608224,0.173836133025548,0.164169371201838,0.0976619321794803,-0.0116851043068629,0.659000000000001
"oracle",0,-0.392218272239489,NA,NA,NA,202608250645,"primary",0.9,0,0.164528785395478,0.133530264608224,0.173836133025548,0.164169371201838,0.0976619321794803,-0.0116851043068629,0.659000000000001
"over",1,0.0154928718790024,1,3,TRUE,202608250645,"primary",0.9,0,0.164528785395478,0.133530264608224,0.173836133025548,0.164169371201838,0.0976619321794803,-0.0116851043068629,0.659000000000001
"raw",0.683333333333333,0.0309985207872541,1,3,TRUE,202608250645,"primary",0.9,0,0.164528785395478,0.133530264608224,0.173836133025548,0.164169371201838,0.0976619321794803,-0.0116851043068629,0.659000000000001
"cw",1,0.0116624937479522,1,3,TRUE,202608250646,"primary",0.9,0,0.149635670145775,0.093514626792485,0.186081693894994,0.159419579553215,0.0960161089043559,-0.0493272116518317,0.525
"gini",0.716666666666667,0.0415491586299368,1,3,TRUE,202608250646,"primary",0.9,0,0.149635670145775,0.093514626792485,0.186081693894994,0.159419579553215,0.0960161089043559,-0.0493272116518317,0.525
"oracle",0,-0.311610833647363,NA,NA,NA,202608250646,"primary",0.9,0,0.149635670145775,0.093514626792485,0.186081693894994,0.159419579553215,0.0960161089043559,-0.0493272116518317,0.525
"over",1,0.0143882946581864,1,3,TRUE,202608250646,"primary",0.9,0,0.149635670145775,0.093514626792485,0.186081693894994,0.159419579553215,0.0960161089043559,-0.0493272116518317,0.525
"raw",0.766666666666667,0.05612104335329,1,3,TRUE,202608250646,"primary",0.9,0,0.149635670145775,0.093514626792485,0.186081693894994,0.159419579553215,0.0960161089043559,-0.0493272116518317,0.525
"cw",1,0.0190298002049161,1,3,TRUE,202608250647,"primary",0.9,0,0.193520409769913,0.167517899151483,0.17218611736603,0.164054233921659,0.118882434314692,-0.029184361413547,0.554
"gini",0.65,0.0191360122463182,1,3,TRUE,202608250647,"primary",0.9,0,0.193520409769913,0.167517899151483,0.17218611736603,0.164054233921659,0.118882434314692,-0.029184361413547,0.554
"oracle",0.0166666666666667,-0.330153271968557,NA,NA,NA,202608250647,"primary",0.9,0,0.193520409769913,0.167517899151483,0.17218611736603,0.164054233921659,0.118882434314692,-0.029184361413547,0.554
"over",1,0.0231183275230813,1,3,TRUE,202608250647,"primary",0.9,0,0.193520409769913,0.167517899151483,0.17218611736603,0.164054233921659,0.118882434314692,-0.029184361413547,0.554
"raw",0.616666666666667,0.0260025106184305,1,3,TRUE,202608250647,"primary",0.9,0,0.193520409769913,0.167517899151483,0.17218611736603,0.164054233921659,0.118882434314692,-0.029184361413547,0.554
"cw",1,0.0178484479922621,1,3,TRUE,202608250648,"primary",0.9,0,0.210261853481999,0.201534273110304,0.193168966219305,0.167376786298348,0.126315495448093,0.0116084170914154,0.443000000000001
"gini",0.483333333333333,0.00395148403189094,1,3,TRUE,202608250648,"primary",0.9,0,0.210261853481999,0.201534273110304,0.193168966219305,0.167376786298348,0.126315495448093,0.0116084170914154,0.443000000000001
"oracle",0,-0.396349964927045,NA,NA,NA,202608250648,"primary",0.9,0,0.210261853481999,0.201534273110304,0.193168966219305,0.167376786298348,0.126315495448093,0.0116084170914154,0.443000000000001
"over",1,0.0221213244542698,1,3,TRUE,202608250648,"primary",0.9,0,0.210261853481999,0.201534273110304,0.193168966219305,0.167376786298348,0.126315495448093,0.0116084170914154,0.443000000000001
"raw",0.55,0.00872758037169538,1,3,TRUE,202608250648,"primary",0.9,0,0.210261853481999,0.201534273110304,0.193168966219305,0.167376786298348,0.126315495448093,0.0116084170914154,0.443000000000001
"cw",0.966666666666667,0.0137330468672198,1,3,TRUE,202608250649,"primary",0.9,0,0.176951322850977,0.192724640349864,0.170312515582373,0.17398127476187,0.108026019961996,0.0100239713006539,0.523
"gini",0.416666666666667,-0.0140852472136883,1,3,TRUE,202608250649,"primary",0.9,0,0.176951322850977,0.192724640349864,0.170312515582373,0.17398127476187,0.108026019961996,0.0100239713006539,0.523
"oracle",0,-0.419096910876576,NA,NA,NA,202608250649,"primary",0.9,0,0.176951322850977,0.192724640349864,0.170312515582373,0.17398127476187,0.108026019961996,0.0100239713006539,0.523
"over",0.966666666666667,0.0167096890092198,1,3,TRUE,202608250649,"primary",0.9,0,0.176951322850977,0.192724640349864,0.170312515582373,0.17398127476187,0.108026019961996,0.0100239713006539,0.523
"raw",0.433333333333333,-0.0157733174988869,1,3,TRUE,202608250649,"primary",0.9,0,0.176951322850977,0.192724640349864,0.170312515582373,0.17398127476187,0.108026019961996,0.0100239713006539,0.523
"cw",1,0.00881230386836291,1,3,TRUE,202608250650,"primary",0.9,0,0.133130999458041,0.180458376731337,0.167375527579996,0.150476612221891,0.0827904783013241,-0.00611125466414829,0.427
"gini",0.216666666666667,-0.0437046266335079,1,3,TRUE,202608250650,"primary",0.9,0,0.133130999458041,0.180458376731337,0.167375527579996,0.150476612221891,0.0827904783013241,-0.00611125466414829,0.427
"oracle",0,-0.331061540588306,NA,NA,NA,202608250650,"primary",0.9,0,0.133130999458041,0.180458376731337,0.167375527579996,0.150476612221891,0.0827904783013241,-0.00611125466414829,0.427
"over",1,0.010649765226145,1,3,TRUE,202608250650,"primary",0.9,0,0.133130999458041,0.180458376731337,0.167375527579996,0.150476612221891,0.0827904783013241,-0.00611125466414829,0.427
"raw",0.216666666666667,-0.0473273772732959,1,3,TRUE,202608250650,"primary",0.9,0,0.133130999458041,0.180458376731337,0.167375527579996,0.150476612221891,0.0827904783013241,-0.00611125466414829,0.427
"cw",1,0.0071872503820664,0.902777777777778,4,FALSE,202608250651,"primary",0.7,0,0.125668938182978,0.151289392625705,0.188328717951329,0.172294058945716,0.0748625262795098,-0.00587230490695796,0.674000000000001
"gini",0.333333333333333,-0.0273409668310697,1,3,TRUE,202608250651,"primary",0.7,0,0.125668938182978,0.151289392625705,0.188328717951329,0.172294058945716,0.0748625262795098,-0.00587230490695796,0.674000000000001
"oracle",0,-0.463539830291806,NA,NA,NA,202608250651,"primary",0.7,0,0.125668938182978,0.151289392625705,0.188328717951329,0.172294058945716,0.0748625262795098,-0.00587230490695796,0.674000000000001
"over",1,0.0090025905615134,0.902777777777778,4,FALSE,202608250651,"primary",0.7,0,0.125668938182978,0.151289392625705,0.188328717951329,0.172294058945716,0.0748625262795098,-0.00587230490695796,0.674000000000001
"raw",0.35,-0.025620454442727,1,3,TRUE,202608250651,"primary",0.7,0,0.125668938182978,0.151289392625705,0.188328717951329,0.172294058945716,0.0748625262795098,-0.00587230490695796,0.674000000000001
"cw",1,0.00651096612632764,0.792079207920792,3,FALSE,202608250652,"primary",0.6,0,0.11987485475726,0.169639473128841,0.175996011093315,0.178202541751751,0.0707125305496627,-0.0280755586523633,0.519
"gini",0.233333333333333,-0.039295019430064,0.626666666666667,3,FALSE,202608250652,"primary",0.6,0,0.11987485475726,0.169639473128841,0.175996011093315,0.178202541751751,0.0707125305496627,-0.0280755586523633,0.519
"oracle",0,-0.422369151150078,NA,NA,NA,202608250652,"primary",0.6,0,0.11987485475726,0.169639473128841,0.175996011093315,0.178202541751751,0.0707125305496627,-0.0280755586523633,0.519
"over",1,0.00792078466129933,0.792079207920792,3,FALSE,202608250652,"primary",0.6,0,0.11987485475726,0.169639473128841,0.175996011093315,0.178202541751751,0.0707125305496627,-0.0280755586523633,0.519
"raw",0.25,-0.0497646183715815,0.626666666666667,3,FALSE,202608250652,"primary",0.6,0,0.11987485475726,0.169639473128841,0.175996011093315,0.178202541751751,0.0707125305496627,-0.0280755586523633,0.519
"cw",1,0.0301063849761025,1,3,TRUE,202608250653,"primary",0.9,0,0.241334820383987,0.189642746309323,0.155075431005616,0.158933913471367,0.149656551707261,-0.00504951543559087,0.549999999999999
"gini",0.783333333333333,0.044130040311033,1,3,TRUE,202608250653,"primary",0.9,0,0.241334820383987,0.189642746309323,0.155075431005616,0.158933913471367,0.149656551707261,-0.00504951543559087,0.549999999999999
"oracle",0,-0.245133338631689,NA,NA,NA,202608250653,"primary",0.9,0,0.241334820383987,0.189642746309323,0.155075431005616,0.158933913471367,0.149656551707261,-0.00504951543559087,0.549999999999999
"over",1,0.0357252533131901,1,3,TRUE,202608250653,"primary",0.9,0,0.241334820383987,0.189642746309323,0.155075431005616,0.158933913471367,0.149656551707261,-0.00504951543559087,0.549999999999999
"raw",0.783333333333333,0.0516920740746641,1,3,TRUE,202608250653,"primary",0.9,0,0.241334820383987,0.189642746309323,0.155075431005616,0.158933913471367,0.149656551707261,-0.00504951543559087,0.549999999999999
"cw",1,0.0198462969925426,1,3,TRUE,202608250654,"primary",0.9,0,0.193809797419606,0.189851303039811,0.163077091014358,0.179036689374012,0.119723321617288,-0.0183298036080633,0.485999999999999
"gini",0.483333333333333,0.00449463182944074,1,3,TRUE,202608250654,"primary",0.9,0,0.193809797419606,0.189851303039811,0.163077091014358,0.179036689374012,0.119723321617288,-0.0183298036080633,0.485999999999999
"oracle",0,-0.38240025917412,NA,NA,NA,202608250654,"primary",0.9,0,0.193809797419606,0.189851303039811,0.163077091014358,0.179036689374012,0.119723321617288,-0.0183298036080633,0.485999999999999
"over",1,0.0237522950059308,1,3,TRUE,202608250654,"primary",0.9,0,0.193809797419606,0.189851303039811,0.163077091014358,0.179036689374012,0.119723321617288,-0.0183298036080633,0.485999999999999
"raw",0.483333333333333,0.00395849437979434,1,3,TRUE,202608250654,"primary",0.9,0,0.193809797419606,0.189851303039811,0.163077091014358,0.179036689374012,0.119723321617288,-0.0183298036080633,0.485999999999999
"cw",1,0.012789098502817,1,3,TRUE,202608250655,"primary",0.9,0,0.17114599519357,0.200731256151168,0.171991794305052,0.164908823320746,0.0979999499442989,-0.0104539505569479,0.792
"gini",0.35,-0.0255045532036001,1,3,TRUE,202608250655,"primary",0.9,0,0.17114599519357,0.200731256151168,0.171991794305052,0.164908823320746,0.0979999499442989,-0.0104539505569479,0.792
"oracle",0,-0.350133778065012,NA,NA,NA,202608250655,"primary",0.9,0,0.17114599519357,0.200731256151168,0.171991794305052,0.164908823320746,0.0979999499442989,-0.0104539505569479,0.792
"over",1,0.0154457798294288,1,3,TRUE,202608250655,"primary",0.9,0,0.17114599519357,0.200731256151168,0.171991794305052,0.164908823320746,0.0979999499442989,-0.0104539505569479,0.792
"raw",0.333333333333333,-0.0295852609575986,1,3,TRUE,202608250655,"primary",0.9,0,0.17114599519357,0.200731256151168,0.171991794305052,0.164908823320746,0.0979999499442989,-0.0104539505569479,0.792
"cw",1,0.00718215929087215,1,3,TRUE,202608250656,"primary",0.9,0,0.125493414600093,0.190387302446623,0.185242842897896,0.167374989411157,0.0764702754806559,-0.00445955651867035,0.433
"gini",0.25,-0.0572584108828799,1,3,TRUE,202608250656,"primary",0.9,0,0.125493414600093,0.190387302446623,0.185242842897896,0.167374989411157,0.0764702754806559,-0.00445955651867035,0.433
"oracle",0,-0.374724284304524,NA,NA,NA,202608250656,"primary",0.9,0,0.125493414600093,0.190387302446623,0.185242842897896,0.167374989411157,0.0764702754806559,-0.00445955651867035,0.433
"over",1,0.00878770290655656,1,3,TRUE,202608250656,"primary",0.9,0,0.125493414600093,0.190387302446623,0.185242842897896,0.167374989411157,0.0764702754806559,-0.00445955651867035,0.433
"raw",0.25,-0.0648938878465302,1,3,TRUE,202608250656,"primary",0.9,0,0.125493414600093,0.190387302446623,0.185242842897896,0.167374989411157,0.0764702754806559,-0.00445955651867035,0.433
"cw",0.983333333333333,0.0136788278495194,1,3,TRUE,202608250657,"primary",0.9,0,0.175602716478002,0.19082071064039,0.18375092355136,0.168307486594988,0.105248581556299,0.00163135381433508,0.657
"gini",0.366666666666667,-0.0145690795778291,1,3,TRUE,202608250657,"primary",0.9,0,0.175602716478002,0.19082071064039,0.18375092355136,0.168307486594988,0.105248581556299,0.00163135381433508,0.657
"oracle",0,-0.435365547016959,NA,NA,NA,202608250657,"primary",0.9,0,0.175602716478002,0.19082071064039,0.18375092355136,0.168307486594988,0.105248581556299,0.00163135381433508,0.657
"over",0.983333333333333,0.0166698460042157,1,3,TRUE,202608250657,"primary",0.9,0,0.175602716478002,0.19082071064039,0.18375092355136,0.168307486594988,0.105248581556299,0.00163135381433508,0.657
"raw",0.366666666666667,-0.0152179941623877,1,3,TRUE,202608250657,"primary",0.9,0,0.175602716478002,0.19082071064039,0.18375092355136,0.168307486594988,0.105248581556299,0.00163135381433508,0.657
"cw",1,0.011476085417226,1,3,TRUE,202608250658,"primary",0.9,0,0.161377385046704,0.154530952015992,0.171661341024987,0.17793620733634,0.0959894830122547,0.00775047652027769,0.385
"gini",0.5,0.00591317451726064,1,3,TRUE,202608250658,"primary",0.9,0,0.161377385046704,0.154530952015992,0.171661341024987,0.17793620733634,0.0959894830122547,0.00775047652027769,0.385
"oracle",0,-0.382532808775007,NA,NA,NA,202608250658,"primary",0.9,0,0.161377385046704,0.154530952015992,0.171661341024987,0.17793620733634,0.0959894830122547,0.00775047652027769,0.385
"over",1,0.013814828976639,1,3,TRUE,202608250658,"primary",0.9,0,0.161377385046704,0.154530952015992,0.171661341024987,0.17793620733634,0.0959894830122547,0.00775047652027769,0.385
"raw",0.516666666666667,0.00684643303071122,1,3,TRUE,202608250658,"primary",0.9,0,0.161377385046704,0.154530952015992,0.171661341024987,0.17793620733634,0.0959894830122547,0.00775047652027769,0.385
"cw",0.95,0.00672633730355766,0.792079207920792,3,FALSE,202608250659,"primary",0.6,0,0.130278707844498,0.159350511869001,0.162862060937373,0.177989959640185,0.0722400861672237,0.0052180363678262,0.52
"gini",0.316666666666667,-0.0226360496850949,0.792079207920792,3,FALSE,202608250659,"primary",0.6,0,0.130278707844498,0.159350511869001,0.162862060937373,0.177989959640185,0.0722400861672237,0.0052180363678262,0.52
"oracle",0,-0.438617053795994,NA,NA,NA,202608250659,"primary",0.6,0,0.130278707844498,0.159350511869001,0.162862060937373,0.177989959640185,0.0722400861672237,0.0052180363678262,0.52
"over",0.95,0.00800307614316353,0.792079207920792,3,FALSE,202608250659,"primary",0.6,0,0.130278707844498,0.159350511869001,0.162862060937373,0.177989959640185,0.0722400861672237,0.0052180363678262,0.52
"raw",0.3,-0.0290718040245027,0.792079207920792,3,FALSE,202608250659,"primary",0.6,0,0.130278707844498,0.159350511869001,0.162862060937373,0.177989959640185,0.0722400861672237,0.0052180363678262,0.52
"cw",1,0.0180443064394854,1,3,TRUE,202608250660,"primary",0.9,0,0.193629630615643,0.162428536671145,0.18484746639607,0.1705896080278,0.116356059263935,-0.01142868546922,0.542999999999999
"gini",0.65,0.0198471641344121,1,3,TRUE,202608250660,"primary",0.9,0,0.193629630615643,0.162428536671145,0.18484746639607,0.1705896080278,0.116356059263935,-0.01142868546922,0.542999999999999
"oracle",0,-0.367960716945344,NA,NA,NA,202608250660,"primary",0.9,0,0.193629630615643,0.162428536671145,0.18484746639607,0.1705896080278,0.116356059263935,-0.01142868546922,0.542999999999999
"over",1,0.0221646124760266,1,3,TRUE,202608250660,"primary",0.9,0,0.193629630615643,0.162428536671145,0.18484746639607,0.1705896080278,0.116356059263935,-0.01142868546922,0.542999999999999
"raw",0.666666666666667,0.0312010939444983,1,3,TRUE,202608250660,"primary",0.9,0,0.193629630615643,0.162428536671145,0.18484746639607,0.1705896080278,0.116356059263935,-0.01142868546922,0.542999999999999
"cw",0.966666666666667,0.0171149070230786,1,3,TRUE,202608250661,"primary",0.9,0,0.186826495331323,0.164481412392477,0.174604921527018,0.155933310605627,0.116807488694317,-0.00175429728971864,0.471
"gini",0.633333333333333,0.0149165116512564,1,3,TRUE,202608250661,"primary",0.9,0,0.186826495331323,0.164481412392477,0.174604921527018,0.155933310605627,0.116807488694317,-0.00175429728971864,0.471
"oracle",0,-0.312443312488583,NA,NA,NA,202608250661,"primary",0.9,0,0.186826495331323,0.164481412392477,0.174604921527018,0.155933310605627,0.116807488694317,-0.00175429728971864,0.471
"over",0.966666666666667,0.0208190406516562,1,3,TRUE,202608250661,"primary",0.9,0,0.186826495331323,0.164481412392477,0.174604921527018,0.155933310605627,0.116807488694317,-0.00175429728971864,0.471
"raw",0.65,0.0223450829388465,1,3,TRUE,202608250661,"primary",0.9,0,0.186826495331323,0.164481412392477,0.174604921527018,0.155933310605627,0.116807488694317,-0.00175429728971864,0.471
"cw",1,0.0123148037607358,0.792079207920792,3,FALSE,202608250662,"primary",0.9,0,0.162786923294097,0.172154070868995,0.199914617363875,0.177170975715029,0.0987018512056989,-0.0137650192979785,0.460000000000001
"gini",0.416666666666667,-0.0147448248994911,0.792079207920792,3,FALSE,202608250662,"primary",0.9,0,0.162786923294097,0.172154070868995,0.199914617363875,0.177170975715029,0.0987018512056989,-0.0137650192979785,0.460000000000001
"oracle",0,-0.434128722649801,NA,NA,NA,202608250662,"primary",0.9,0,0.162786923294097,0.172154070868995,0.199914617363875,0.177170975715029,0.0987018512056989,-0.0137650192979785,0.460000000000001
"over",1,0.0156478560587821,0.792079207920792,3,FALSE,202608250662,"primary",0.9,0,0.162786923294097,0.172154070868995,0.199914617363875,0.177170975715029,0.0987018512056989,-0.0137650192979785,0.460000000000001
"raw",0.416666666666667,-0.0093671475748974,0.792079207920792,3,FALSE,202608250662,"primary",0.9,0,0.162786923294097,0.172154070868995,0.199914617363875,0.177170975715029,0.0987018512056989,-0.0137650192979785,0.460000000000001
"cw",1,0.0105576390443082,1,3,TRUE,202608250663,"primary",0.9,0,0.153452724684052,0.136256075375022,0.174380955040577,0.167315835423002,0.0887957083019173,0.00240958826518076,0.625
"gini",0.65,0.0128355140559172,1,3,TRUE,202608250663,"primary",0.9,0,0.153452724684052,0.136256075375022,0.174380955040577,0.167315835423002,0.0887957083019173,0.00240958826518076,0.625
"oracle",0,-0.42026502728778,NA,NA,NA,202608250663,"primary",0.9,0,0.153452724684052,0.136256075375022,0.174380955040577,0.167315835423002,0.0887957083019173,0.00240958826518076,0.625
"over",1,0.0128369261147106,1,3,TRUE,202608250663,"primary",0.9,0,0.153452724684052,0.136256075375022,0.174380955040577,0.167315835423002,0.0887957083019173,0.00240958826518076,0.625
"raw",0.633333333333333,0.0171966493090301,1,3,TRUE,202608250663,"primary",0.9,0,0.153452724684052,0.136256075375022,0.174380955040577,0.167315835423002,0.0887957083019173,0.00240958826518076,0.625
"cw",1,0.0169248085153814,1,3,TRUE,202608250664,"primary",0.9,0,0.185895121919531,0.165409171767548,0.178692639397771,0.156716748322716,0.110060637931033,-0.0135742848008476,0.568999999999999
"gini",0.55,0.0135655837386524,0.774193548387097,4,TRUE,202608250664,"primary",0.9,0,0.185895121919531,0.165409171767548,0.178692639397771,0.156716748322716,0.110060637931033,-0.0135742848008476,0.568999999999999
"oracle",0.0666666666666667,-0.260701653209117,NA,NA,NA,202608250664,"primary",0.9,0,0.185895121919531,0.165409171767548,0.178692639397771,0.156716748322716,0.110060637931033,-0.0135742848008476,0.568999999999999
"over",1,0.0206617803024728,1,3,TRUE,202608250664,"primary",0.9,0,0.185895121919531,0.165409171767548,0.178692639397771,0.156716748322716,0.110060637931033,-0.0135742848008476,0.568999999999999
"raw",0.566666666666667,0.0204859501519837,0.774193548387097,4,TRUE,202608250664,"primary",0.9,0,0.185895121919531,0.165409171767548,0.178692639397771,0.156716748322716,0.110060637931033,-0.0135742848008476,0.568999999999999
"cw",1,0.01703907700629,1,3,TRUE,202608250665,"primary",0.9,0,0.188926541753113,0.20025364408546,0.164097015509059,0.148899930972652,0.112985913992428,-0.00298162760228949,0.436
"gini",0.4,-0.0108782794027003,1,3,TRUE,202608250665,"primary",0.9,0,0.188926541753113,0.20025364408546,0.164097015509059,0.148899930972652,0.112985913992428,-0.00298162760228949,0.436
"oracle",0,-0.40950938331569,NA,NA,NA,202608250665,"primary",0.9,0,0.188926541753113,0.20025364408546,0.164097015509059,0.148899930972652,0.112985913992428,-0.00298162760228949,0.436
"over",1,0.0204038442640175,1,3,TRUE,202608250665,"primary",0.9,0,0.188926541753113,0.20025364408546,0.164097015509059,0.148899930972652,0.112985913992428,-0.00298162760228949,0.436
"raw",0.466666666666667,-0.0113271023323472,1,3,TRUE,202608250665,"primary",0.9,0,0.188926541753113,0.20025364408546,0.164097015509059,0.148899930972652,0.112985913992428,-0.00298162760228949,0.436
"cw",1,0.0181382830451198,1,3,TRUE,202608250666,"primary",0.9,0,0.199931002850107,0.214438572611065,0.177062098279645,0.165703313558571,0.118515911561742,0.0065358426739242,0.597999999999999
"gini",0.433333333333333,-0.013926204910766,1,3,TRUE,202608250666,"primary",0.9,0,0.199931002850107,0.214438572611065,0.177062098279645,0.165703313558571,0.118515911561742,0.0065358426739242,0.597999999999999
"oracle",0,-0.370021545492237,NA,NA,NA,202608250666,"primary",0.9,0,0.199931002850107,0.214438572611065,0.177062098279645,0.165703313558571,0.118515911561742,0.0065358426739242,0.597999999999999
"over",1,0.02177471473795,1,3,TRUE,202608250666,"primary",0.9,0,0.199931002850107,0.214438572611065,0.177062098279645,0.165703313558571,0.118515911561742,0.0065358426739242,0.597999999999999
"raw",0.4,-0.0145075697609574,1,3,TRUE,202608250666,"primary",0.9,0,0.199931002850107,0.214438572611065,0.177062098279645,0.165703313558571,0.118515911561742,0.0065358426739242,0.597999999999999
"cw",1,0.0175042263485388,1,3,TRUE,202608250667,"primary",0.9,0,0.188246502658089,0.173103269198296,0.143700655961922,0.161545482858817,0.116185017279814,0.00179944190361975,0.458
"gini",0.65,0.0146245835551572,1,3,TRUE,202608250667,"primary",0.9,0,0.188246502658089,0.173103269198296,0.143700655961922,0.161545482858817,0.116185017279814,0.00179944190361975,0.458
"oracle",0,-0.324045940416523,NA,NA,NA,202608250667,"primary",0.9,0,0.188246502658089,0.173103269198296,0.143700655961922,0.161545482858817,0.116185017279814,0.00179944190361975,0.458
"over",1,0.0202993107841205,1,3,TRUE,202608250667,"primary",0.9,0,0.188246502658089,0.173103269198296,0.143700655961922,0.161545482858817,0.116185017279814,0.00179944190361975,0.458
"raw",0.633333333333333,0.0151432334597932,1,3,TRUE,202608250667,"primary",0.9,0,0.188246502658089,0.173103269198296,0.143700655961922,0.161545482858817,0.116185017279814,0.00179944190361975,0.458
"cw",1,0.0135827120938076,1,3,TRUE,202608250668,"primary",0.9,0,0.165745363831745,0.145877624362248,0.162329636477008,0.144555955494826,0.0991379354004664,-0.0222968247040862,0.496
"gini",0.65,0.0118827425835148,1,3,TRUE,202608250668,"primary",0.9,0,0.165745363831745,0.145877624362248,0.162329636477008,0.144555955494826,0.0991379354004664,-0.0222968247040862,0.496
"oracle",0,-0.387714150901792,NA,NA,NA,202608250668,"primary",0.9,0,0.165745363831745,0.145877624362248,0.162329636477008,0.144555955494826,0.0991379354004664,-0.0222968247040862,0.496
"over",1,0.016379452494745,1,3,TRUE,202608250668,"primary",0.9,0,0.165745363831745,0.145877624362248,0.162329636477008,0.144555955494826,0.0991379354004664,-0.0222968247040862,0.496
"raw",0.65,0.0198677394694972,1,3,TRUE,202608250668,"primary",0.9,0,0.165745363831745,0.145877624362248,0.162329636477008,0.144555955494826,0.0991379354004664,-0.0222968247040862,0.496
"cw",1,0.00975465013762559,0.792079207920792,3,FALSE,202608250669,"primary",0.6,0,0.146680972026213,0.184931849292654,0.164778495935318,0.177190471355501,0.0809892366877445,-0.017844182167307,0.433999999999999
"gini",0.366666666666667,-0.0299835014299786,0.792079207920792,3,FALSE,202608250669,"primary",0.6,0,0.146680972026213,0.184931849292654,0.164778495935318,0.177190471355501,0.0809892366877445,-0.017844182167307,0.433999999999999
"oracle",0,-0.435925654213695,NA,NA,NA,202608250669,"primary",0.6,0,0.146680972026213,0.184931849292654,0.164778495935318,0.177190471355501,0.0809892366877445,-0.017844182167307,0.433999999999999
"over",1,0.0116895859449678,0.792079207920792,3,FALSE,202608250669,"primary",0.6,0,0.146680972026213,0.184931849292654,0.164778495935318,0.177190471355501,0.0809892366877445,-0.017844182167307,0.433999999999999
"raw",0.316666666666667,-0.0382508772664408,0.792079207920792,3,FALSE,202608250669,"primary",0.6,0,0.146680972026213,0.184931849292654,0.164778495935318,0.177190471355501,0.0809892366877445,-0.017844182167307,0.433999999999999
"cw",1,0.0198175492225687,1,3,TRUE,202608250670,"primary",0.9,0,0.200874410212112,0.17300297883434,0.156470879365506,0.160110340466412,0.122227632197309,-0.00119380305427385,0.809999999999999
"gini",0.65,0.0232277081453028,1,3,TRUE,202608250670,"primary",0.9,0,0.200874410212112,0.17300297883434,0.156470879365506,0.160110340466412,0.122227632197309,-0.00119380305427385,0.809999999999999
"oracle",0,-0.320509684858479,NA,NA,NA,202608250670,"primary",0.9,0,0.200874410212112,0.17300297883434,0.156470879365506,0.160110340466412,0.122227632197309,-0.00119380305427385,0.809999999999999
"over",1,0.0234480556714532,1,3,TRUE,202608250670,"primary",0.9,0,0.200874410212112,0.17300297883434,0.156470879365506,0.160110340466412,0.122227632197309,-0.00119380305427385,0.809999999999999
"raw",0.683333333333333,0.0278714313777725,1,3,TRUE,202608250670,"primary",0.9,0,0.200874410212112,0.17300297883434,0.156470879365506,0.160110340466412,0.122227632197309,-0.00119380305427385,0.809999999999999
"cw",0.983333333333333,0.00792088395746203,0.792079207920792,3,TRUE,202608250671,"primary",0.7,0,0.126966025828944,0.149363098524128,0.166256707248793,0.166243603678964,0.0772214666467215,-0.0151824714182128,0.463999999999999
"gini",0.416666666666667,-0.0209846631318217,0.792079207920792,3,TRUE,202608250671,"primary",0.7,0,0.126966025828944,0.149363098524128,0.166256707248793,0.166243603678964,0.0772214666467215,-0.0151824714182128,0.463999999999999
"oracle",0,-0.416561128925693,NA,NA,NA,202608250671,"primary",0.7,0,0.126966025828944,0.149363098524128,0.166256707248793,0.166243603678964,0.0772214666467215,-0.0151824714182128,0.463999999999999
"over",0.983333333333333,0.00945397677509999,0.792079207920792,3,TRUE,202608250671,"primary",0.7,0,0.126966025828944,0.149363098524128,0.166256707248793,0.166243603678964,0.0772214666467215,-0.0151824714182128,0.463999999999999
"raw",0.416666666666667,-0.0223970726951837,0.792079207920792,3,TRUE,202608250671,"primary",0.7,0,0.126966025828944,0.149363098524128,0.166256707248793,0.166243603678964,0.0772214666467215,-0.0151824714182128,0.463999999999999
"cw",1,0.0118195015305468,1,3,TRUE,202608250672,"primary",0.9,0,0.162685122006657,0.179182202581831,0.170326235451366,0.152988953995283,0.0965594531393661,0.000416430757985779,0.554
"gini",0.383333333333333,-0.0175863445158606,1,3,TRUE,202608250672,"primary",0.9,0,0.162685122006657,0.179182202581831,0.170326235451366,0.152988953995283,0.0965594531393661,0.000416430757985779,0.554
"oracle",0,-0.396512171552874,NA,NA,NA,202608250672,"primary",0.9,0,0.162685122006657,0.179182202581831,0.170326235451366,0.152988953995283,0.0965594531393661,0.000416430757985779,0.554
"over",1,0.0142358285039476,1,3,TRUE,202608250672,"primary",0.9,0,0.162685122006657,0.179182202581831,0.170326235451366,0.152988953995283,0.0965594531393661,0.000416430757985779,0.554
"raw",0.383333333333333,-0.0164970805751736,1,3,TRUE,202608250672,"primary",0.9,0,0.162685122006657,0.179182202581831,0.170326235451366,0.152988953995283,0.0965594531393661,0.000416430757985779,0.554
"cw",0.933333333333333,0.0101240471685399,1,3,TRUE,202608250673,"primary",0.9,0,0.178484112550166,0.196361464881382,0.18418844395703,0.176452274220769,0.111824364427609,0.0399119459945322,0.414000000000001
"gini",0.433333333333333,-0.0179751184276193,1,3,TRUE,202608250673,"primary",0.9,0,0.178484112550166,0.196361464881382,0.18418844395703,0.176452274220769,0.111824364427609,0.0399119459945322,0.414000000000001
"oracle",0,-0.346992378087267,NA,NA,NA,202608250673,"primary",0.9,0,0.178484112550166,0.196361464881382,0.18418844395703,0.176452274220769,0.111824364427609,0.0399119459945322,0.414000000000001
"over",0.933333333333333,0.0125988420396601,1,3,TRUE,202608250673,"primary",0.9,0,0.178484112550166,0.196361464881382,0.18418844395703,0.176452274220769,0.111824364427609,0.0399119459945322,0.414000000000001
"raw",0.4,-0.0178773523312163,1,3,TRUE,202608250673,"primary",0.9,0,0.178484112550166,0.196361464881382,0.18418844395703,0.176452274220769,0.111824364427609,0.0399119459945322,0.414000000000001
"cw",1,0.0111622574527065,0.792079207920792,3,FALSE,202608250674,"primary",0.6,0,0.149610063415704,0.161307184641253,0.163801683178795,0.157359660280279,0.0865380405033724,-0.0235427830434265,0.457000000000001
"gini",0.433333333333333,-0.0136039932885988,0.792079207920792,3,FALSE,202608250674,"primary",0.6,0,0.149610063415704,0.161307184641253,0.163801683178795,0.157359660280279,0.0865380405033724,-0.0235427830434265,0.457000000000001
"oracle",0,-0.515945398807859,NA,NA,NA,202608250674,"primary",0.6,0,0.149610063415704,0.161307184641253,0.163801683178795,0.157359660280279,0.0865380405033724,-0.0235427830434265,0.457000000000001
"over",1,0.013622434033829,0.792079207920792,3,FALSE,202608250674,"primary",0.6,0,0.149610063415704,0.161307184641253,0.163801683178795,0.157359660280279,0.0865380405033724,-0.0235427830434265,0.457000000000001
"raw",0.5,-0.0116971212255488,0.792079207920792,3,FALSE,202608250674,"primary",0.6,0,0.149610063415704,0.161307184641253,0.163801683178795,0.157359660280279,0.0865380405033724,-0.0235427830434265,0.457000000000001
"cw",1,0.0208873985617185,1,3,TRUE,202608250675,"primary",0.9,0,0.209726869209572,0.194525386338781,0.172482394236632,0.175241048836351,0.128746684286025,0.004309928390676,0.550000000000001
"gini",0.5,0.0118308766588891,1,3,TRUE,202608250675,"primary",0.9,0,0.209726869209572,0.194525386338781,0.172482394236632,0.175241048836351,0.128746684286025,0.004309928390676,0.550000000000001
"oracle",0,-0.297799602806946,NA,NA,NA,202608250675,"primary",0.9,0,0.209726869209572,0.194525386338781,0.172482394236632,0.175241048836351,0.128746684286025,0.004309928390676,0.550000000000001
"over",1,0.0254118291618369,1,3,TRUE,202608250675,"primary",0.9,0,0.209726869209572,0.194525386338781,0.172482394236632,0.175241048836351,0.128746684286025,0.004309928390676,0.550000000000001
"raw",0.533333333333333,0.0152014828707903,1,3,TRUE,202608250675,"primary",0.9,0,0.209726869209572,0.194525386338781,0.172482394236632,0.175241048836351,0.128746684286025,0.004309928390676,0.550000000000001
"cw",0.966666666666667,0.00545953675205443,0.55045871559633,3,FALSE,202608250676,"primary",0.4,0,0.109983415853926,0.160590475275419,0.16881792375761,0.170392250725776,0.0646099022148831,-0.00295026976146826,0.67
"gini",0.25,-0.0423148779617621,0.792079207920792,3,FALSE,202608250676,"primary",0.4,0,0.109983415853926,0.160590475275419,0.16881792375761,0.170392250725776,0.0646099022148831,-0.00295026976146826,0.67
"oracle",0,-0.456673522644532,NA,NA,NA,202608250676,"primary",0.4,0,0.109983415853926,0.160590475275419,0.16881792375761,0.170392250725776,0.0646099022148831,-0.00295026976146826,0.67
"over",0.966666666666667,0.00658660318766014,0.55045871559633,3,FALSE,202608250676,"primary",0.4,0,0.109983415853926,0.160590475275419,0.16881792375761,0.170392250725776,0.0646099022148831,-0.00295026976146826,0.67
"raw",0.266666666666667,-0.0506070594214933,0.792079207920792,3,FALSE,202608250676,"primary",0.4,0,0.109983415853926,0.160590475275419,0.16881792375761,0.170392250725776,0.0646099022148831,-0.00295026976146826,0.67
"cw",0.966666666666667,0.00951380595891941,1,3,TRUE,202608250677,"primary",0.7,0,0.150574033284998,0.197815554167691,0.173755286889725,0.149123213429968,0.0940489402786633,0.00231440143162571,0.74
"gini",0.3,-0.0432618969969367,1,3,TRUE,202608250677,"primary",0.7,0,0.150574033284998,0.197815554167691,0.173755286889725,0.149123213429968,0.0940489402786633,0.00231440143162571,0.74
"oracle",0,-0.339416258145396,NA,NA,NA,202608250677,"primary",0.7,0,0.150574033284998,0.197815554167691,0.173755286889725,0.149123213429968,0.0940489402786633,0.00231440143162571,0.74
"over",0.966666666666667,0.0115659790997903,1,3,TRUE,202608250677,"primary",0.7,0,0.150574033284998,0.197815554167691,0.173755286889725,0.149123213429968,0.0940489402786633,0.00231440143162571,0.74
"raw",0.333333333333333,-0.0472415208826929,1,3,TRUE,202608250677,"primary",0.7,0,0.150574033284998,0.197815554167691,0.173755286889725,0.149123213429968,0.0940489402786633,0.00231440143162571,0.74
"cw",1,0.0107390313465998,1,3,TRUE,202608250678,"primary",0.9,0,0.160891253134675,0.243627613262856,0.170426104780096,0.171714748082098,0.0964245923214293,0.0132239938390087,0.651999999999999
"gini",0.15,-0.0683425819047246,1,3,TRUE,202608250678,"primary",0.9,0,0.160891253134675,0.243627613262856,0.170426104780096,0.171714748082098,0.0964245923214293,0.0132239938390087,0.651999999999999
"oracle",0,-0.415744263677167,NA,NA,NA,202608250678,"primary",0.9,0,0.160891253134675,0.243627613262856,0.170426104780096,0.171714748082098,0.0964245923214293,0.0132239938390087,0.651999999999999
"over",1,0.0129329267263053,1,3,TRUE,202608250678,"primary",0.9,0,0.160891253134675,0.243627613262856,0.170426104780096,0.171714748082098,0.0964245923214293,0.0132239938390087,0.651999999999999
"raw",0.15,-0.0827363601281811,1,3,TRUE,202608250678,"primary",0.9,0,0.160891253134675,0.243627613262856,0.170426104780096,0.171714748082098,0.0964245923214293,0.0132239938390087,0.651999999999999
"cw",1,0.00868974411043302,0.792079207920792,3,FALSE,202608250679,"primary",0.6,0,0.136057957075528,0.187240725486313,0.198203552958689,0.155137481566289,0.0809913162978922,-0.0220201126516479,0.555
"gini",0.183333333333333,-0.0485597433243218,0.792079207920792,3,FALSE,202608250679,"primary",0.6,0,0.136057957075528,0.187240725486313,0.198203552958689,0.155137481566289,0.0809913162978922,-0.0220201126516479,0.555
"oracle",0,-0.422624993147268,NA,NA,NA,202608250679,"primary",0.6,0,0.136057957075528,0.187240725486313,0.198203552958689,0.155137481566289,0.0809913162978922,-0.0220201126516479,0.555
"over",1,0.0108500694939547,0.792079207920792,3,FALSE,202608250679,"primary",0.6,0,0.136057957075528,0.187240725486313,0.198203552958689,0.155137481566289,0.0809913162978922,-0.0220201126516479,0.555
"raw",0.216666666666667,-0.0511827684107847,0.792079207920792,3,FALSE,202608250679,"primary",0.6,0,0.136057957075528,0.187240725486313,0.198203552958689,0.155137481566289,0.0809913162978922,-0.0220201126516479,0.555
"cw",1,0.0137917679835474,1,3,TRUE,202608250680,"primary",0.9,0,0.167371082759706,0.175645458408425,0.167956807298496,0.168595073015639,0.104314439176287,-0.00103658601377822,0.485999999999999
"gini",0.466666666666667,-0.00808357608359359,1,3,TRUE,202608250680,"primary",0.9,0,0.167371082759706,0.175645458408425,0.167956807298496,0.168595073015639,0.104314439176287,-0.00103658601377822,0.485999999999999
"oracle",0,-0.399648304025734,NA,NA,NA,202608250680,"primary",0.9,0,0.167371082759706,0.175645458408425,0.167956807298496,0.168595073015639,0.104314439176287,-0.00103658601377822,0.485999999999999
"over",1,0.0166240380643824,1,3,TRUE,202608250680,"primary",0.9,0,0.167371082759706,0.175645458408425,0.167956807298496,0.168595073015639,0.104314439176287,-0.00103658601377822,0.485999999999999
"raw",0.45,-0.00827437564871886,1,3,TRUE,202608250680,"primary",0.9,0,0.167371082759706,0.175645458408425,0.167956807298496,0.168595073015639,0.104314439176287,-0.00103658601377822,0.485999999999999
"cw",1,0.0181431779708949,1,3,TRUE,202608250681,"primary",0.9,0,0.191075434073494,0.177307872283458,0.203463201052372,0.178546054527091,0.122598654328249,-0.00346255556960829,0.643000000000001
"gini",0.483333333333333,0.00396711717038803,1,3,TRUE,202608250681,"primary",0.9,0,0.191075434073494,0.177307872283458,0.203463201052372,0.178546054527091,0.122598654328249,-0.00346255556960829,0.643000000000001
"oracle",0,-0.356203952125297,NA,NA,NA,202608250681,"primary",0.9,0,0.191075434073494,0.177307872283458,0.203463201052372,0.178546054527091,0.122598654328249,-0.00346255556960829,0.643000000000001
"over",1,0.0228882087312585,1,3,TRUE,202608250681,"primary",0.9,0,0.191075434073494,0.177307872283458,0.203463201052372,0.178546054527091,0.122598654328249,-0.00346255556960829,0.643000000000001
"raw",0.516666666666667,0.0137675617900355,1,3,TRUE,202608250681,"primary",0.9,0,0.191075434073494,0.177307872283458,0.203463201052372,0.178546054527091,0.122598654328249,-0.00346255556960829,0.643000000000001
"cw",0.966666666666667,0.00867580873876118,1,3,TRUE,202608250682,"primary",0.9,0,0.140331900227754,0.168418880567667,0.177704046485022,0.175813285243139,0.0811816413555197,-0.0113455714115544,0.457000000000001
"gini",0.366666666666667,-0.0240068275191497,0.792079207920792,3,TRUE,202608250682,"primary",0.9,0,0.140331900227754,0.168418880567667,0.177704046485022,0.175813285243139,0.0811816413555197,-0.0113455714115544,0.457000000000001
"oracle",0,-0.455067570375998,NA,NA,NA,202608250682,"primary",0.9,0,0.140331900227754,0.168418880567667,0.177704046485022,0.175813285243139,0.0811816413555197,-0.0113455714115544,0.457000000000001
"over",0.966666666666667,0.0104226951772335,1,3,TRUE,202608250682,"primary",0.9,0,0.140331900227754,0.168418880567667,0.177704046485022,0.175813285243139,0.0811816413555197,-0.0113455714115544,0.457000000000001
"raw",0.366666666666667,-0.0280869803399139,0.792079207920792,3,TRUE,202608250682,"primary",0.9,0,0.140331900227754,0.168418880567667,0.177704046485022,0.175813285243139,0.0811816413555197,-0.0113455714115544,0.457000000000001
"cw",0.866666666666667,0.00526415958653224,1,3,TRUE,202608250683,"primary",0.7,0,0.146957347137006,0.217885786921012,0.187792311452139,0.167869267026911,0.0846436534559974,0.0242930370385389,0.504
"gini",0.2,-0.0635214596891193,1,3,TRUE,202608250683,"primary",0.7,0,0.146957347137006,0.217885786921012,0.187792311452139,0.167869267026911,0.0846436534559974,0.0242930370385389,0.504
"oracle",0,-0.415913021745032,NA,NA,NA,202608250683,"primary",0.7,0,0.146957347137006,0.217885786921012,0.187792311452139,0.167869267026911,0.0846436534559974,0.0242930370385389,0.504
"over",0.866666666666667,0.00650048250592173,1,3,TRUE,202608250683,"primary",0.7,0,0.146957347137006,0.217885786921012,0.187792311452139,0.167869267026911,0.0846436534559974,0.0242930370385389,0.504
"raw",0.216666666666667,-0.0709284397840053,1,3,TRUE,202608250683,"primary",0.7,0,0.146957347137006,0.217885786921012,0.187792311452139,0.167869267026911,0.0846436534559974,0.0242930370385389,0.504
"cw",1,0.0150236649710706,1,3,TRUE,202608250684,"primary",0.9,0,0.181110155859802,0.200514394654452,0.164983743533791,0.137958245825578,0.106978632523361,-0.00120041883782385,0.693
"gini",0.366666666666667,-0.0228577612717634,1,3,TRUE,202608250684,"primary",0.9,0,0.181110155859802,0.200514394654452,0.164983743533791,0.137958245825578,0.106978632523361,-0.00120041883782385,0.693
"oracle",0,-0.389107337508317,NA,NA,NA,202608250684,"primary",0.9,0,0.181110155859802,0.200514394654452,0.164983743533791,0.137958245825578,0.106978632523361,-0.00120041883782385,0.693
"over",1,0.0180081389573148,1,3,TRUE,202608250684,"primary",0.9,0,0.181110155859802,0.200514394654452,0.164983743533791,0.137958245825578,0.106978632523361,-0.00120041883782385,0.693
"raw",0.366666666666667,-0.01940423879465,1,3,TRUE,202608250684,"primary",0.9,0,0.181110155859802,0.200514394654452,0.164983743533791,0.137958245825578,0.106978632523361,-0.00120041883782385,0.693
"cw",1,0.00832961833558912,1,3,TRUE,202608250685,"primary",0.9,0,0.131605795125659,0.164535942084447,0.142638845792037,0.170030143808113,0.0805987260117179,-0.000951007286443107,0.752000000000001
"gini",0.383333333333333,-0.0260225927771667,1,3,TRUE,202608250685,"primary",0.9,0,0.131605795125659,0.164535942084447,0.142638845792037,0.170030143808113,0.0805987260117179,-0.000951007286443107,0.752000000000001
"oracle",0,-0.365214717383195,NA,NA,NA,202608250685,"primary",0.9,0,0.131605795125659,0.164535942084447,0.142638845792037,0.170030143808113,0.0805987260117179,-0.000951007286443107,0.752000000000001
"over",1,0.00970623811266873,1,3,TRUE,202608250685,"primary",0.9,0,0.131605795125659,0.164535942084447,0.142638845792037,0.170030143808113,0.0805987260117179,-0.000951007286443107,0.752000000000001
"raw",0.333333333333333,-0.0329301469587881,1,3,TRUE,202608250685,"primary",0.9,0,0.131605795125659,0.164535942084447,0.142638845792037,0.170030143808113,0.0805987260117179,-0.000951007286443107,0.752000000000001
"cw",1,0.0172479519236731,1,3,TRUE,202608250686,"primary",0.9,0,0.18674733847535,0.131094238338253,0.180219710098281,0.17719596804968,0.117374195539463,-0.00138665144757768,0.507000000000001
"gini",0.75,0.042180810323068,1,3,TRUE,202608250686,"primary",0.9,0,0.18674733847535,0.131094238338253,0.180219710098281,0.17719596804968,0.117374195539463,-0.00138665144757768,0.507000000000001
"oracle",0,-0.293724890331703,NA,NA,NA,202608250686,"primary",0.9,0,0.18674733847535,0.131094238338253,0.180219710098281,0.17719596804968,0.117374195539463,-0.00138665144757768,0.507000000000001
"over",1,0.0211379995361052,1,3,TRUE,202608250686,"primary",0.9,0,0.18674733847535,0.131094238338253,0.180219710098281,0.17719596804968,0.117374195539463,-0.00138665144757768,0.507000000000001
"raw",0.75,0.0556531001370972,1,3,TRUE,202608250686,"primary",0.9,0,0.18674733847535,0.131094238338253,0.180219710098281,0.17719596804968,0.117374195539463,-0.00138665144757768,0.507000000000001
"cw",1,0.010115227701224,1,3,TRUE,202608250687,"primary",0.9,0,0.151187529968975,0.167042222477714,0.177036079599248,0.152066392910147,0.0881844062242641,-0.0129503133244844,0.582000000000001
"gini",0.383333333333333,-0.017700453877629,1,3,TRUE,202608250687,"primary",0.9,0,0.151187529968975,0.167042222477714,0.177036079599248,0.152066392910147,0.0881844062242641,-0.0129503133244844,0.582000000000001
"oracle",0,-0.433973268868704,NA,NA,NA,202608250687,"primary",0.9,0,0.151187529968975,0.167042222477714,0.177036079599248,0.152066392910147,0.0881844062242641,-0.0129503133244844,0.582000000000001
"over",1,0.0123690077843948,1,3,TRUE,202608250687,"primary",0.9,0,0.151187529968975,0.167042222477714,0.177036079599248,0.152066392910147,0.0881844062242641,-0.0129503133244844,0.582000000000001
"raw",0.45,-0.0158546925087392,1,3,TRUE,202608250687,"primary",0.9,0,0.151187529968975,0.167042222477714,0.177036079599248,0.152066392910147,0.0881844062242641,-0.0129503133244844,0.582000000000001
"cw",0.983333333333333,0.0102999980493508,1,3,TRUE,202608250688,"primary",0.7,0,0.14864750235803,0.156897528888539,0.196748774085291,0.161739046199741,0.0878302315428139,-0.0135430198050699,0.505000000000001
"gini",0.466666666666667,-0.0101229135305813,1,3,TRUE,202608250688,"primary",0.7,0,0.14864750235803,0.156897528888539,0.196748774085291,0.161739046199741,0.0878302315428139,-0.0135430198050699,0.505000000000001
"oracle",0,-0.348014042271017,NA,NA,NA,202608250688,"primary",0.7,0,0.14864750235803,0.156897528888539,0.196748774085291,0.161739046199741,0.0878302315428139,-0.0135430198050699,0.505000000000001
"over",0.983333333333333,0.0126969650907326,1,3,TRUE,202608250688,"primary",0.7,0,0.14864750235803,0.156897528888539,0.196748774085291,0.161739046199741,0.0878302315428139,-0.0135430198050699,0.505000000000001
"raw",0.483333333333333,-0.00825002653050919,1,3,TRUE,202608250688,"primary",0.7,0,0.14864750235803,0.156897528888539,0.196748774085291,0.161739046199741,0.0878302315428139,-0.0135430198050699,0.505000000000001
"cw",1,0.00820475846355014,1,3,TRUE,202608250689,"primary",0.9,0,0.133335979890914,0.188020339735815,0.16266896986208,0.166537015199459,0.0886790792525941,0.00306547153354162,0.725000000000001
"gini",0.166666666666667,-0.0451427661406807,1,3,TRUE,202608250689,"primary",0.9,0,0.133335979890914,0.188020339735815,0.16266896986208,0.166537015199459,0.0886790792525941,0.00306547153354162,0.725000000000001
"oracle",0,-0.372843983105982,NA,NA,NA,202608250689,"primary",0.9,0,0.133335979890914,0.188020339735815,0.16266896986208,0.166537015199459,0.0886790792525941,0.00306547153354162,0.725000000000001
"over",1,0.00976260481030082,1,3,TRUE,202608250689,"primary",0.9,0,0.133335979890914,0.188020339735815,0.16266896986208,0.166537015199459,0.0886790792525941,0.00306547153354162,0.725000000000001
"raw",0.15,-0.0546843598449011,1,3,TRUE,202608250689,"primary",0.9,0,0.133335979890914,0.188020339735815,0.16266896986208,0.166537015199459,0.0886790792525941,0.00306547153354162,0.725000000000001
"cw",1,0.0181914857541844,1,3,TRUE,202608250690,"primary",0.9,0,0.205070569293605,0.196710763111972,0.15397934057371,0.150604560540807,0.122654685965797,0.0177143463430189,0.482000000000001
"gini",0.5,0.00653456413873818,1,3,TRUE,202608250690,"primary",0.9,0,0.205070569293605,0.196710763111972,0.15397934057371,0.150604560540807,0.122654685965797,0.0177143463430189,0.482000000000001
"oracle",0,-0.340571085654812,NA,NA,NA,202608250690,"primary",0.9,0,0.205070569293605,0.196710763111972,0.15397934057371,0.150604560540807,0.122654685965797,0.0177143463430189,0.482000000000001
"over",1,0.0214828804890833,1,3,TRUE,202608250690,"primary",0.9,0,0.205070569293605,0.196710763111972,0.15397934057371,0.150604560540807,0.122654685965797,0.0177143463430189,0.482000000000001
"raw",0.533333333333333,0.00835980618163351,1,3,TRUE,202608250690,"primary",0.9,0,0.205070569293605,0.196710763111972,0.15397934057371,0.150604560540807,0.122654685965797,0.0177143463430189,0.482000000000001
"cw",1,0.00853538898071778,0.440771349862259,2,FALSE,202608250691,"primary",0.4,0,0.136351902805384,0.166699741915922,0.168510626905206,0.172942330894447,0.0795658896128151,-0.0097871917427174,0.513
"gini",0.383333333333333,-0.025327330512189,0.440771349862259,2,FALSE,202608250691,"primary",0.4,0,0.136351902805384,0.166699741915922,0.168510626905206,0.172942330894447,0.0795658896128151,-0.0097871917427174,0.513
"oracle",0,-0.409624380108151,NA,NA,NA,202608250691,"primary",0.4,0,0.136351902805384,0.166699741915922,0.168510626905206,0.172942330894447,0.0795658896128151,-0.0097871917427174,0.513
"over",1,0.0103092692309699,0.440771349862259,2,FALSE,202608250691,"primary",0.4,0,0.136351902805384,0.166699741915922,0.168510626905206,0.172942330894447,0.0795658896128151,-0.0097871917427174,0.513
"raw",0.4,-0.0303478391105376,0.440771349862259,2,FALSE,202608250691,"primary",0.4,0,0.136351902805384,0.166699741915922,0.168510626905206,0.172942330894447,0.0795658896128151,-0.0097871917427174,0.513
"cw",1,0.0138157765148797,1,3,TRUE,202608250692,"primary",0.9,0,0.166802101661483,0.154492760062567,0.178358973141195,0.166750338200138,0.1014021248146,-0.00896368005387187,0.468
"gini",0.55,0.00866200581890086,1,3,TRUE,202608250692,"primary",0.9,0,0.166802101661483,0.154492760062567,0.178358973141195,0.166750338200138,0.1014021248146,-0.00896368005387187,0.468
"oracle",0,-0.378663770594126,NA,NA,NA,202608250692,"primary",0.9,0,0.166802101661483,0.154492760062567,0.178358973141195,0.166750338200138,0.1014021248146,-0.00896368005387187,0.468
"over",1,0.0168923571171328,1,3,TRUE,202608250692,"primary",0.9,0,0.166802101661483,0.154492760062567,0.178358973141195,0.166750338200138,0.1014021248146,-0.00896368005387187,0.468
"raw",0.566666666666667,0.0123093415989161,1,3,TRUE,202608250692,"primary",0.9,0,0.166802101661483,0.154492760062567,0.178358973141195,0.166750338200138,0.1014021248146,-0.00896368005387187,0.468
"cw",0.966666666666667,0.00908382721791158,1,3,TRUE,202608250693,"primary",0.9,0,0.16175489862565,0.229861335079994,0.183360965390089,0.160767888750255,0.0968877635792824,0.0123561207939864,0.462999999999999
"gini",0.216666666666667,-0.0615007360270658,1,3,TRUE,202608250693,"primary",0.9,0,0.16175489862565,0.229861335079994,0.183360965390089,0.160767888750255,0.0968877635792824,0.0123561207939864,0.462999999999999
"oracle",0,-0.371998274465436,NA,NA,NA,202608250693,"primary",0.9,0,0.16175489862565,0.229861335079994,0.183360965390089,0.160767888750255,0.0968877635792824,0.0123561207939864,0.462999999999999
"over",1,0.0112310222515623,1,3,TRUE,202608250693,"primary",0.9,0,0.16175489862565,0.229861335079994,0.183360965390089,0.160767888750255,0.0968877635792824,0.0123561207939864,0.462999999999999
"raw",0.183333333333333,-0.0681064364543439,1,3,TRUE,202608250693,"primary",0.9,0,0.16175489862565,0.229861335079994,0.183360965390089,0.160767888750255,0.0968877635792824,0.0123561207939864,0.462999999999999
"cw",0.933333333333333,0.0070932719343248,0.641025641025641,3,FALSE,202608250694,"primary",0.3,0,0.125300363012244,0.194706792101051,0.167676809026268,0.163107387031143,0.0751313819541573,-0.000658117158751245,0.584
"gini",0.233333333333333,-0.0603445791050656,0.641025641025641,3,FALSE,202608250694,"primary",0.3,0,0.125300363012244,0.194706792101051,0.167676809026268,0.163107387031143,0.0751313819541573,-0.000658117158751245,0.584
"oracle",0,-0.395186550179539,NA,NA,NA,202608250694,"primary",0.3,0,0.125300363012244,0.194706792101051,0.167676809026268,0.163107387031143,0.0751313819541573,-0.000658117158751245,0.584
"over",0.95,0.00850854342181769,0.641025641025641,3,FALSE,202608250694,"primary",0.3,0,0.125300363012244,0.194706792101051,0.167676809026268,0.163107387031143,0.0751313819541573,-0.000658117158751245,0.584
"raw",0.233333333333333,-0.0694064290888067,0.641025641025641,3,FALSE,202608250694,"primary",0.3,0,0.125300363012244,0.194706792101051,0.167676809026268,0.163107387031143,0.0751313819541573,-0.000658117158751245,0.584
"cw",0.966666666666667,0.0128408397887189,1,3,TRUE,202608250695,"primary",0.9,0,0.180019493754072,0.201156112151583,0.178478974259327,0.161636712609686,0.109443112419598,0.0137941541523225,0.592000000000001
"gini",0.45,-0.022111899965275,1,3,TRUE,202608250695,"primary",0.9,0,0.180019493754072,0.201156112151583,0.178478974259327,0.161636712609686,0.109443112419598,0.0137941541523225,0.592000000000001
"oracle",0,-0.390751859794379,NA,NA,NA,202608250695,"primary",0.9,0,0.180019493754072,0.201156112151583,0.178478974259327,0.161636712609686,0.109443112419598,0.0137941541523225,0.592000000000001
"over",0.966666666666667,0.0156570749634051,1,3,TRUE,202608250695,"primary",0.9,0,0.180019493754072,0.201156112151583,0.178478974259327,0.161636712609686,0.109443112419598,0.0137941541523225,0.592000000000001
"raw",0.433333333333333,-0.0211366183975111,1,3,TRUE,202608250695,"primary",0.9,0,0.180019493754072,0.201156112151583,0.178478974259327,0.161636712609686,0.109443112419598,0.0137941541523225,0.592000000000001
"cw",0.95,0.0112022528730578,1,3,TRUE,202608250696,"primary",0.9,0,0.169724561328103,0.1928442931334,0.16227572066364,0.164010888175814,0.104506375149015,0.0210036687702347,0.573
"gini",0.416666666666667,-0.0200937890320571,1,3,TRUE,202608250696,"primary",0.9,0,0.169724561328103,0.1928442931334,0.16227572066364,0.164010888175814,0.104506375149015,0.0210036687702347,0.573
"oracle",0,-0.288357195639773,NA,NA,NA,202608250696,"primary",0.9,0,0.169724561328103,0.1928442931334,0.16227572066364,0.164010888175814,0.104506375149015,0.0210036687702347,0.573
"over",0.95,0.0134777655757311,1,3,TRUE,202608250696,"primary",0.9,0,0.169724561328103,0.1928442931334,0.16227572066364,0.164010888175814,0.104506375149015,0.0210036687702347,0.573
"raw",0.416666666666667,-0.0231197318052971,1,3,TRUE,202608250696,"primary",0.9,0,0.169724561328103,0.1928442931334,0.16227572066364,0.164010888175814,0.104506375149015,0.0210036687702347,0.573
"cw",0.983333333333333,0.0137429443803315,1,3,TRUE,202608250697,"primary",0.9,0,0.181777330516198,0.186137400388947,0.181467100240707,0.146903259673471,0.104373364473686,0.00745950583319035,0.548
"gini",0.55,-0.00920220361582291,1,3,TRUE,202608250697,"primary",0.9,0,0.181777330516198,0.186137400388947,0.181467100240707,0.146903259673471,0.104373364473686,0.00745950583319035,0.548
"oracle",0,-0.405017782484223,NA,NA,NA,202608250697,"primary",0.9,0,0.181777330516198,0.186137400388947,0.181467100240707,0.146903259673471,0.104373364473686,0.00745950583319035,0.548
"over",0.983333333333333,0.0168788934838294,1,3,TRUE,202608250697,"primary",0.9,0,0.181777330516198,0.186137400388947,0.181467100240707,0.146903259673471,0.104373364473686,0.00745950583319035,0.548
"raw",0.6,-0.00436006987274914,1,3,TRUE,202608250697,"primary",0.9,0,0.181777330516198,0.186137400388947,0.181467100240707,0.146903259673471,0.104373364473686,0.00745950583319035,0.548
"cw",0.933333333333333,0.0105018181523115,1,3,TRUE,202608250698,"primary",0.9,0,0.166872925639556,0.21733089028662,0.173824024077465,0.161227570674066,0.0994828062321631,0.0168371994707713,0.756
"gini",0.266666666666667,-0.045518722576805,1,3,TRUE,202608250698,"primary",0.9,0,0.166872925639556,0.21733089028662,0.173824024077465,0.161227570674066,0.0994828062321631,0.0168371994707713,0.756
"oracle",0,-0.378811221508883,NA,NA,NA,202608250698,"primary",0.9,0,0.166872925639556,0.21733089028662,0.173824024077465,0.161227570674066,0.0994828062321631,0.0168371994707713,0.756
"over",0.933333333333333,0.0128609486980135,1,3,TRUE,202608250698,"primary",0.9,0,0.166872925639556,0.21733089028662,0.173824024077465,0.161227570674066,0.0994828062321631,0.0168371994707713,0.756
"raw",0.316666666666667,-0.0504579646470635,1,3,TRUE,202608250698,"primary",0.9,0,0.166872925639556,0.21733089028662,0.173824024077465,0.161227570674066,0.0994828062321631,0.0168371994707713,0.756
"cw",0.933333333333333,0.00754189305394519,1,3,TRUE,202608250699,"primary",0.9,0,0.142674273122502,0.179567121738145,0.17603696977747,0.168412108906422,0.0863862788070737,0.012714708448471,0.534000000000001
"gini",0.25,-0.0331877015824667,1,3,TRUE,202608250699,"primary",0.9,0,0.142674273122502,0.179567121738145,0.17603696977747,0.168412108906422,0.0863862788070737,0.012714708448471,0.534000000000001
"oracle",0,-0.399228537690941,NA,NA,NA,202608250699,"primary",0.9,0,0.142674273122502,0.179567121738145,0.17603696977747,0.168412108906422,0.0863862788070737,0.012714708448471,0.534000000000001
"over",0.933333333333333,0.00931770143533469,1,3,TRUE,202608250699,"primary",0.9,0,0.142674273122502,0.179567121738145,0.17603696977747,0.168412108906422,0.0863862788070737,0.012714708448471,0.534000000000001
"raw",0.25,-0.0368928486156427,1,3,TRUE,202608250699,"primary",0.9,0,0.142674273122502,0.179567121738145,0.17603696977747,0.168412108906422,0.0863862788070737,0.012714708448471,0.534000000000001
"cw",1,0.0160222603634579,1,3,TRUE,202608250700,"primary",0.9,0,0.188204029651947,0.202407050818192,0.177280501654722,0.158126698601867,0.112162539982274,-0.00105872615917906,0.520000000000001
"gini",0.416666666666667,-0.0169894393600236,0.792079207920792,3,TRUE,202608250700,"primary",0.9,0,0.188204029651947,0.202407050818192,0.177280501654722,0.158126698601867,0.112162539982274,-0.00105872615917906,0.520000000000001
"oracle",0,-0.358599946762342,NA,NA,NA,202608250700,"primary",0.9,0,0.188204029651947,0.202407050818192,0.177280501654722,0.158126698601867,0.112162539982274,-0.00105872615917906,0.520000000000001
"over",1,0.0195079744124325,1,3,TRUE,202608250700,"primary",0.9,0,0.188204029651947,0.202407050818192,0.177280501654722,0.158126698601867,0.112162539982274,-0.00105872615917906,0.520000000000001
"raw",0.416666666666667,-0.0142030211662454,0.792079207920792,3,TRUE,202608250700,"primary",0.9,0,0.188204029651947,0.202407050818192,0.177280501654722,0.158126698601867,0.112162539982274,-0.00105872615917906,0.520000000000001
"cw",1,0.0146088445572362,1,3,TRUE,202608250701,"primary",0.9,0,0.178096699992499,0.156202530683987,0.179672180121418,0.163000319922046,0.101930706963372,-0.0129740517579752,0.51
"gini",0.533333333333333,0.0135069448646629,1,3,TRUE,202608250701,"primary",0.9,0,0.178096699992499,0.156202530683987,0.179672180121418,0.163000319922046,0.101930706963372,-0.0129740517579752,0.51
"oracle",0,-0.32447634296276,NA,NA,NA,202608250701,"primary",0.9,0,0.178096699992499,0.156202530683987,0.179672180121418,0.163000319922046,0.101930706963372,-0.0129740517579752,0.51
"over",1,0.0178728636193811,1,3,TRUE,202608250701,"primary",0.9,0,0.178096699992499,0.156202530683987,0.179672180121418,0.163000319922046,0.101930706963372,-0.0129740517579752,0.51
"raw",0.6,0.0218941693085123,1,3,TRUE,202608250701,"primary",0.9,0,0.178096699992499,0.156202530683987,0.179672180121418,0.163000319922046,0.101930706963372,-0.0129740517579752,0.51
"cw",0.983333333333333,0.0119121678197704,1,3,TRUE,202608250702,"primary",0.9,0,0.168466418987787,0.164741907725465,0.177832331455924,0.157105843043403,0.100160938184831,0.0138398769767626,0.458
"gini",0.55,4.25344564983221e-05,1,3,TRUE,202608250702,"primary",0.9,0,0.168466418987787,0.164741907725465,0.177832331455924,0.157105843043403,0.100160938184831,0.0138398769767626,0.458
"oracle",0,-0.314853601486131,NA,NA,NA,202608250702,"primary",0.9,0,0.168466418987787,0.164741907725465,0.177832331455924,0.157105843043403,0.100160938184831,0.0138398769767626,0.458
"over",0.983333333333333,0.0145642123427302,1,3,TRUE,202608250702,"primary",0.9,0,0.168466418987787,0.164741907725465,0.177832331455924,0.157105843043403,0.100160938184831,0.0138398769767626,0.458
"raw",0.583333333333333,0.00372451126232223,1,3,TRUE,202608250702,"primary",0.9,0,0.168466418987787,0.164741907725465,0.177832331455924,0.157105843043403,0.100160938184831,0.0138398769767626,0.458
"cw",1,0.0103449874824826,1,3,TRUE,202608250703,"primary",0.9,0,0.148505027331079,0.197731031187022,0.19089370148784,0.15813121337673,0.0928120742945821,-0.0148188436599063,0.539
"gini",0.3,-0.0484884096650808,1,3,TRUE,202608250703,"primary",0.9,0,0.148505027331079,0.197731031187022,0.19089370148784,0.15813121337673,0.0928120742945821,-0.0148188436599063,0.539
"oracle",0,-0.377214784534219,NA,NA,NA,202608250703,"primary",0.9,0,0.148505027331079,0.197731031187022,0.19089370148784,0.15813121337673,0.0928120742945821,-0.0148188436599063,0.539
"over",1,0.0128432075651674,1,3,TRUE,202608250703,"primary",0.9,0,0.148505027331079,0.197731031187022,0.19089370148784,0.15813121337673,0.0928120742945821,-0.0148188436599063,0.539
"raw",0.316666666666667,-0.0492260038559423,1,3,TRUE,202608250703,"primary",0.9,0,0.148505027331079,0.197731031187022,0.19089370148784,0.15813121337673,0.0928120742945821,-0.0148188436599063,0.539
"cw",1,0.0219610086598233,1,3,TRUE,202608250704,"primary",0.9,0,0.210766242494097,0.216797599457492,0.135598977135672,0.166937583915686,0.126049739814419,0.000423777553696014,0.516
"gini",0.483333333333333,0.00291005531882099,1,3,TRUE,202608250704,"primary",0.9,0,0.210766242494097,0.216797599457492,0.135598977135672,0.166937583915686,0.126049739814419,0.000423777553696014,0.516
"oracle",0,-0.261828635854743,NA,NA,NA,202608250704,"primary",0.9,0,0.210766242494097,0.216797599457492,0.135598977135672,0.166937583915686,0.126049739814419,0.000423777553696014,0.516
"over",1,0.0253942970990875,1,3,TRUE,202608250704,"primary",0.9,0,0.210766242494097,0.216797599457492,0.135598977135672,0.166937583915686,0.126049739814419,0.000423777553696014,0.516
"raw",0.433333333333333,-0.00603135696339505,1,3,TRUE,202608250704,"primary",0.9,0,0.210766242494097,0.216797599457492,0.135598977135672,0.166937583915686,0.126049739814419,0.000423777553696014,0.516
"cw",1,0.0177458622529516,1,3,TRUE,202608250705,"primary",0.9,0,0.20215158385823,0.235186621080079,0.16150288380146,0.163519086298412,0.121962684941611,0.0142870453273364,0.498999999999999
"gini",0.216666666666667,-0.027734865770495,1,3,TRUE,202608250705,"primary",0.9,0,0.20215158385823,0.235186621080079,0.16150288380146,0.163519086298412,0.121962684941611,0.0142870453273364,0.498999999999999
"oracle",0,-0.372492136659949,NA,NA,NA,202608250705,"primary",0.9,0,0.20215158385823,0.235186621080079,0.16150288380146,0.163519086298412,0.121962684941611,0.0142870453273364,0.498999999999999
"over",1,0.0213021543655016,1,3,TRUE,202608250705,"primary",0.9,0,0.20215158385823,0.235186621080079,0.16150288380146,0.163519086298412,0.121962684941611,0.0142870453273364,0.498999999999999
"raw",0.266666666666667,-0.033035037221849,1,3,TRUE,202608250705,"primary",0.9,0,0.20215158385823,0.235186621080079,0.16150288380146,0.163519086298412,0.121962684941611,0.0142870453273364,0.498999999999999
"cw",1,0.00666112151200995,0.792079207920792,3,FALSE,202608250706,"primary",0.6,0,0.122140710387618,0.164540830460178,0.1538193353518,0.186136970699822,0.0750344880897346,-0.00651842892429705,0.561999999999999
"gini",0.333333333333333,-0.0329767914728733,0.792079207920792,3,FALSE,202608250706,"primary",0.6,0,0.122140710387618,0.164540830460178,0.1538193353518,0.186136970699822,0.0750344880897346,-0.00651842892429705,0.561999999999999
"oracle",0,-0.450158855891261,NA,NA,NA,202608250706,"primary",0.6,0,0.122140710387618,0.164540830460178,0.1538193353518,0.186136970699822,0.0750344880897346,-0.00651842892429705,0.561999999999999
"over",1,0.00782564361267547,0.792079207920792,3,FALSE,202608250706,"primary",0.6,0,0.122140710387618,0.164540830460178,0.1538193353518,0.186136970699822,0.0750344880897346,-0.00651842892429705,0.561999999999999
"raw",0.266666666666667,-0.0424001200725601,0.792079207920792,3,FALSE,202608250706,"primary",0.6,0,0.122140710387618,0.164540830460178,0.1538193353518,0.186136970699822,0.0750344880897346,-0.00651842892429705,0.561999999999999
"cw",0.983333333333333,0.0139991364778676,1,3,TRUE,202608250707,"primary",0.9,0,0.176260339644416,0.178423758994324,0.173871323367703,0.178177360156796,0.107899791358189,0.00189253001012278,0.443999999999999
"gini",0.483333333333333,-0.0027218046555125,1,3,TRUE,202608250707,"primary",0.9,0,0.176260339644416,0.178423758994324,0.173871323367703,0.178177360156796,0.107899791358189,0.00189253001012278,0.443999999999999
"oracle",0,-0.41082102428603,NA,NA,NA,202608250707,"primary",0.9,0,0.176260339644416,0.178423758994324,0.173871323367703,0.178177360156796,0.107899791358189,0.00189253001012278,0.443999999999999
"over",0.983333333333333,0.0169515634095604,1,3,TRUE,202608250707,"primary",0.9,0,0.176260339644416,0.178423758994324,0.173871323367703,0.178177360156796,0.107899791358189,0.00189253001012278,0.443999999999999
"raw",0.483333333333333,-0.00216341934990885,1,3,TRUE,202608250707,"primary",0.9,0,0.176260339644416,0.178423758994324,0.173871323367703,0.178177360156796,0.107899791358189,0.00189253001012278,0.443999999999999
"cw",1,0.019692689790362,1,3,TRUE,202608250708,"primary",0.9,0,0.208734277332136,0.150385298966188,0.178019039219621,0.17178983272193,0.122629067439731,0.00647269968747514,0.645999999999999
"gini",0.8,0.046000219086192,1,3,TRUE,202608250708,"primary",0.9,0,0.208734277332136,0.150385298966188,0.178019039219621,0.17178983272193,0.122629067439731,0.00647269968747514,0.645999999999999
"oracle",0,-0.397718288426104,NA,NA,NA,202608250708,"primary",0.9,0,0.208734277332136,0.150385298966188,0.178019039219621,0.17178983272193,0.122629067439731,0.00647269968747514,0.645999999999999
"over",1,0.0239643474642699,1,3,TRUE,202608250708,"primary",0.9,0,0.208734277332136,0.150385298966188,0.178019039219621,0.17178983272193,0.122629067439731,0.00647269968747514,0.645999999999999
"raw",0.783333333333333,0.0583489783659483,1,3,TRUE,202608250708,"primary",0.9,0,0.208734277332136,0.150385298966188,0.178019039219621,0.17178983272193,0.122629067439731,0.00647269968747514,0.645999999999999
"cw",1,0.00921606928530076,1,3,TRUE,202608250709,"primary",0.9,0,0.138483735506034,0.153374920181593,0.168140141593763,0.16682131368382,0.0829008281364001,-0.0127709896731298,0.466999999999999
"gini",0.383333333333333,-0.0129572599794478,1,3,TRUE,202608250709,"primary",0.9,0,0.138483735506034,0.153374920181593,0.168140141593763,0.16682131368382,0.0829008281364001,-0.0127709896731298,0.466999999999999
"oracle",0,-0.425641475546945,NA,NA,NA,202608250709,"primary",0.9,0,0.138483735506034,0.153374920181593,0.168140141593763,0.16682131368382,0.0829008281364001,-0.0127709896731298,0.466999999999999
"over",1,0.0110279188464836,1,3,TRUE,202608250709,"primary",0.9,0,0.138483735506034,0.153374920181593,0.168140141593763,0.16682131368382,0.0829008281364001,-0.0127709896731298,0.466999999999999
"raw",0.4,-0.0148911846755582,1,3,TRUE,202608250709,"primary",0.9,0,0.138483735506034,0.153374920181593,0.168140141593763,0.16682131368382,0.0829008281364001,-0.0127709896731298,0.466999999999999
"cw",1,0.0100349557617084,1,3,TRUE,202608250710,"primary",0.9,0,0.158582498179696,0.183987706289882,0.20373467920934,0.155905044115768,0.0959740924132514,0.0137357465530647,0.534000000000001
"gini",0.35,-0.0304682099274323,1,3,TRUE,202608250710,"primary",0.9,0,0.158582498179696,0.183987706289882,0.20373467920934,0.155905044115768,0.0959740924132514,0.0137357465530647,0.534000000000001
"oracle",0,-0.375714521778118,NA,NA,NA,202608250710,"primary",0.9,0,0.158582498179696,0.183987706289882,0.20373467920934,0.155905044115768,0.0959740924132514,0.0137357465530647,0.534000000000001
"over",1,0.0129838565416547,1,3,TRUE,202608250710,"primary",0.9,0,0.158582498179696,0.183987706289882,0.20373467920934,0.155905044115768,0.0959740924132514,0.0137357465530647,0.534000000000001
"raw",0.366666666666667,-0.0254052081101863,1,3,TRUE,202608250710,"primary",0.9,0,0.158582498179696,0.183987706289882,0.20373467920934,0.155905044115768,0.0959740924132514,0.0137357465530647,0.534000000000001
"cw",1,0.0130230230486176,0.614886731391586,3,FALSE,202608250711,"primary",0.5,0,0.159702796031378,0.178100672347731,0.158558216372559,0.183959378182225,0.0972351876994445,-0.0188889539408777,0.663
"gini",0.516666666666667,-0.0135138786484354,0.792079207920792,3,FALSE,202608250711,"primary",0.5,0,0.159702796031378,0.178100672347731,0.158558216372559,0.183959378182225,0.0972351876994445,-0.0188889539408777,0.663
"oracle",0,-0.275591310600231,NA,NA,NA,202608250711,"primary",0.5,0,0.159702796031378,0.178100672347731,0.158558216372559,0.183959378182225,0.0972351876994445,-0.0188889539408777,0.663
"over",1,0.0155629489487443,0.614886731391586,3,FALSE,202608250711,"primary",0.5,0,0.159702796031378,0.178100672347731,0.158558216372559,0.183959378182225,0.0972351876994445,-0.0188889539408777,0.663
"raw",0.483333333333333,-0.0183978763163526,0.792079207920792,3,FALSE,202608250711,"primary",0.5,0,0.159702796031378,0.178100672347731,0.158558216372559,0.183959378182225,0.0972351876994445,-0.0188889539408777,0.663
"cw",1,0.0155535612834295,1,3,TRUE,202608250712,"primary",0.9,0,0.175698453656794,0.197039446341566,0.153058159653713,0.155774152623664,0.112018733088923,-0.00549040499354881,0.448
"gini",0.45,-0.0165404918976984,1,3,TRUE,202608250712,"primary",0.9,0,0.175698453656794,0.197039446341566,0.153058159653713,0.155774152623664,0.112018733088923,-0.00549040499354881,0.448
"oracle",0,-0.378999082074539,NA,NA,NA,202608250712,"primary",0.9,0,0.175698453656794,0.197039446341566,0.153058159653713,0.155774152623664,0.112018733088923,-0.00549040499354881,0.448
"over",1,0.0183322919071639,1,3,TRUE,202608250712,"primary",0.9,0,0.175698453656794,0.197039446341566,0.153058159653713,0.155774152623664,0.112018733088923,-0.00549040499354881,0.448
"raw",0.45,-0.0213409926847717,1,3,TRUE,202608250712,"primary",0.9,0,0.175698453656794,0.197039446341566,0.153058159653713,0.155774152623664,0.112018733088923,-0.00549040499354881,0.448
"cw",1,0.00868274409179754,0.792079207920792,3,FALSE,202608250713,"primary",0.6,0,0.136854204659832,0.208021177915906,0.180576445296463,0.16716165335311,0.0813419857959766,-0.0104409386748147,0.624000000000001
"gini",0.0833333333333333,-0.0629455021613739,0.792079207920792,3,FALSE,202608250713,"primary",0.6,0,0.136854204659832,0.208021177915906,0.180576445296463,0.16716165335311,0.0813419857959766,-0.0104409386748147,0.624000000000001
"oracle",0,-0.407499937347248,NA,NA,NA,202608250713,"primary",0.6,0,0.136854204659832,0.208021177915906,0.180576445296463,0.16716165335311,0.0813419857959766,-0.0104409386748147,0.624000000000001
"over",1,0.0106773879793298,0.792079207920792,3,FALSE,202608250713,"primary",0.6,0,0.136854204659832,0.208021177915906,0.180576445296463,0.16716165335311,0.0813419857959766,-0.0104409386748147,0.624000000000001
"raw",0.1,-0.071166973256074,0.792079207920792,3,FALSE,202608250713,"primary",0.6,0,0.136854204659832,0.208021177915906,0.180576445296463,0.16716165335311,0.0813419857959766,-0.0104409386748147,0.624000000000001
"cw",0.883333333333333,0.00664348283599221,0.792079207920792,3,FALSE,202608250714,"primary",0.5,0,0.136282241668729,0.214683860957272,0.156527413404039,0.161888480087499,0.0770164131872532,0.00946787214476595,0.544
"gini",0.183333333333333,-0.0659831718004424,0.792079207920792,3,FALSE,202608250714,"primary",0.5,0,0.136282241668729,0.214683860957272,0.156527413404039,0.161888480087499,0.0770164131872532,0.00946787214476595,0.544
"oracle",0,-0.386208904215752,NA,NA,NA,202608250714,"primary",0.5,0,0.136282241668729,0.214683860957272,0.156527413404039,0.161888480087499,0.0770164131872532,0.00946787214476595,0.544
"over",0.883333333333333,0.007849797562128,0.792079207920792,3,FALSE,202608250714,"primary",0.5,0,0.136282241668729,0.214683860957272,0.156527413404039,0.161888480087499,0.0770164131872532,0.00946787214476595,0.544
"raw",0.183333333333333,-0.0784016192885433,0.792079207920792,3,FALSE,202608250714,"primary",0.5,0,0.136282241668729,0.214683860957272,0.156527413404039,0.161888480087499,0.0770164131872532,0.00946787214476595,0.544
"cw",0.95,0.0061676330882896,1,3,TRUE,202608250715,"primary",0.9,0,0.163699066009831,0.246778450148127,0.175421611249192,0.159147153724733,0.0986377858306926,0.0335471510985783,0.502000000000001
"gini",0.0833333333333333,-0.0730419741474209,1,3,TRUE,202608250715,"primary",0.9,0,0.163699066009831,0.246778450148127,0.175421611249192,0.159147153724733,0.0986377858306926,0.0335471510985783,0.502000000000001
"oracle",0,-0.377845502742207,NA,NA,NA,202608250715,"primary",0.9,0,0.163699066009831,0.246778450148127,0.175421611249192,0.159147153724733,0.0986377858306926,0.0335471510985783,0.502000000000001
"over",0.916666666666667,0.00769180133186363,1,3,TRUE,202608250715,"primary",0.9,0,0.163699066009831,0.246778450148127,0.175421611249192,0.159147153724733,0.0986377858306926,0.0335471510985783,0.502000000000001
"raw",0.116666666666667,-0.0830793841382959,1,3,TRUE,202608250715,"primary",0.9,0,0.163699066009831,0.246778450148127,0.175421611249192,0.159147153724733,0.0986377858306926,0.0335471510985783,0.502000000000001
"cw",1,0.0169898110404821,1,3,TRUE,202608250716,"primary",0.9,0,0.19519101302701,0.199167566474865,0.17478590540435,0.155537443202594,0.116563081608135,0.00667934937634637,0.424999999999999
"gini",0.5,-0.00833535655189338,1,3,TRUE,202608250716,"primary",0.9,0,0.19519101302701,0.199167566474865,0.17478590540435,0.155537443202594,0.116563081608135,0.00667934937634637,0.424999999999999
"oracle",0,-0.267303540226141,NA,NA,NA,202608250716,"primary",0.9,0,0.19519101302701,0.199167566474865,0.17478590540435,0.155537443202594,0.116563081608135,0.00667934937634637,0.424999999999999
"over",1,0.0206932149388937,1,3,TRUE,202608250716,"primary",0.9,0,0.19519101302701,0.199167566474865,0.17478590540435,0.155537443202594,0.116563081608135,0.00667934937634637,0.424999999999999
"raw",0.466666666666667,-0.00397655344785514,1,3,TRUE,202608250716,"primary",0.9,0,0.19519101302701,0.199167566474865,0.17478590540435,0.155537443202594,0.116563081608135,0.00667934937634637,0.424999999999999
"cw",0.916666666666667,0.00880698879995985,1,3,TRUE,202608250717,"primary",0.9,0,0.16285820701099,0.190381311856444,0.168426222731504,0.162632967188875,0.101405688093086,0.0309703296297967,0.710000000000001
"gini",0.3,-0.0260850483975931,1,3,TRUE,202608250717,"primary",0.9,0,0.16285820701099,0.190381311856444,0.168426222731504,0.162632967188875,0.101405688093086,0.0309703296297967,0.710000000000001
"oracle",0,-0.330683565083015,NA,NA,NA,202608250717,"primary",0.9,0,0.16285820701099,0.190381311856444,0.168426222731504,0.162632967188875,0.101405688093086,0.0309703296297967,0.710000000000001
"over",0.916666666666667,0.0107575514525692,1,3,TRUE,202608250717,"primary",0.9,0,0.16285820701099,0.190381311856444,0.168426222731504,0.162632967188875,0.101405688093086,0.0309703296297967,0.710000000000001
"raw",0.3,-0.0275231048454536,1,3,TRUE,202608250717,"primary",0.9,0,0.16285820701099,0.190381311856444,0.168426222731504,0.162632967188875,0.101405688093086,0.0309703296297967,0.710000000000001
"cw",1,0.0163144739419399,1,3,TRUE,202608250718,"primary",0.9,0,0.191523360305228,0.181752567316271,0.178196589088027,0.163520029154525,0.113912536456126,-0.0066600689989067,0.530999999999999
"gini",0.6,0.00336595688154107,1,3,TRUE,202608250718,"primary",0.9,0,0.191523360305228,0.181752567316271,0.178196589088027,0.163520029154525,0.113912536456126,-0.0066600689989067,0.530999999999999
"oracle",0,-0.308938683211443,NA,NA,NA,202608250718,"primary",0.9,0,0.191523360305228,0.181752567316271,0.178196589088027,0.163520029154525,0.113912536456126,-0.0066600689989067,0.530999999999999
"over",1,0.020066389111839,1,3,TRUE,202608250718,"primary",0.9,0,0.191523360305228,0.181752567316271,0.178196589088027,0.163520029154525,0.113912536456126,-0.0066600689989067,0.530999999999999
"raw",0.566666666666667,0.00977079298895775,1,3,TRUE,202608250718,"primary",0.9,0,0.191523360305228,0.181752567316271,0.178196589088027,0.163520029154525,0.113912536456126,-0.0066600689989067,0.530999999999999
"cw",1,0.0174563568767499,1,3,TRUE,202608250719,"primary",0.9,0,0.187597065860418,0.198286844443431,0.170796713474773,0.170804185143818,0.117611367923954,-0.00464415434638213,0.558999999999999
"gini",0.45,-0.0103556580069335,1,3,TRUE,202608250719,"primary",0.9,0,0.187597065860418,0.198286844443431,0.170796713474773,0.170804185143818,0.117611367923954,-0.00464415434638213,0.558999999999999
"oracle",0,-0.382353440779113,NA,NA,NA,202608250719,"primary",0.9,0,0.187597065860418,0.198286844443431,0.170796713474773,0.170804185143818,0.117611367923954,-0.00464415434638213,0.558999999999999
"over",1,0.0211246714881153,1,3,TRUE,202608250719,"primary",0.9,0,0.187597065860418,0.198286844443431,0.170796713474773,0.170804185143818,0.117611367923954,-0.00464415434638213,0.558999999999999
"raw",0.466666666666667,-0.0106897785830133,1,3,TRUE,202608250719,"primary",0.9,0,0.187597065860418,0.198286844443431,0.170796713474773,0.170804185143818,0.117611367923954,-0.00464415434638213,0.558999999999999
"cw",1,0.0141573314909128,1,3,TRUE,202608250720,"primary",0.9,0,0.177985896899534,0.178177605234865,0.175309395902026,0.164502679149636,0.10848453265778,-0.00160726419230675,0.475
"gini",0.5,-0.00134042704089204,1,3,TRUE,202608250720,"primary",0.9,0,0.177985896899534,0.178177605234865,0.175309395902026,0.164502679149636,0.10848453265778,-0.00160726419230675,0.475
"oracle",0,-0.330269935802541,NA,NA,NA,202608250720,"primary",0.9,0,0.177985896899534,0.178177605234865,0.175309395902026,0.164502679149636,0.10848453265778,-0.00160726419230675,0.475
"over",1,0.0172415936834584,1,3,TRUE,202608250720,"primary",0.9,0,0.177985896899534,0.178177605234865,0.175309395902026,0.164502679149636,0.10848453265778,-0.00160726419230675,0.475
"raw",0.483333333333333,-0.000191708335331303,1,3,TRUE,202608250720,"primary",0.9,0,0.177985896899534,0.178177605234865,0.175309395902026,0.164502679149636,0.10848453265778,-0.00160726419230675,0.475
"cw",1,0.0143416411588394,1,3,TRUE,202608250721,"primary",0.9,0,0.176365428421213,0.141915942477202,0.17146382304581,0.159030159204292,0.105965840069064,-0.0195024552958576,0.647
"gini",0.65,0.0235904548546864,1,3,TRUE,202608250721,"primary",0.9,0,0.176365428421213,0.141915942477202,0.17146382304581,0.159030159204292,0.105965840069064,-0.0195024552958576,0.647
"oracle",0.0166666666666667,-0.282932082351922,NA,NA,NA,202608250721,"primary",0.9,0,0.176365428421213,0.141915942477202,0.17146382304581,0.159030159204292,0.105965840069064,-0.0195024552958576,0.647
"over",1,0.0174229568631277,1,3,TRUE,202608250721,"primary",0.9,0,0.176365428421213,0.141915942477202,0.17146382304581,0.159030159204292,0.105965840069064,-0.0195024552958576,0.647
"raw",0.633333333333333,0.034449485944011,1,3,TRUE,202608250721,"primary",0.9,0,0.176365428421213,0.141915942477202,0.17146382304581,0.159030159204292,0.105965840069064,-0.0195024552958576,0.647
"cw",1,0.0148400601819024,1,3,TRUE,202608250722,"primary",0.9,0,0.17569490952521,0.17249652517612,0.153987833240609,0.147754228073164,0.102100146449416,-0.0222052288281013,0.432
"gini",0.466666666666667,0.00157722067713162,1,3,TRUE,202608250722,"primary",0.9,0,0.17569490952521,0.17249652517612,0.153987833240609,0.147754228073164,0.102100146449416,-0.0222052288281013,0.432
"oracle",0,-0.359131370710855,NA,NA,NA,202608250722,"primary",0.9,0,0.17569490952521,0.17249652517612,0.153987833240609,0.147754228073164,0.102100146449416,-0.0222052288281013,0.432
"over",1,0.017577525180833,1,3,TRUE,202608250722,"primary",0.9,0,0.17569490952521,0.17249652517612,0.153987833240609,0.147754228073164,0.102100146449416,-0.0222052288281013,0.432
"raw",0.516666666666667,0.00319838434909023,1,3,TRUE,202608250722,"primary",0.9,0,0.17569490952521,0.17249652517612,0.153987833240609,0.147754228073164,0.102100146449416,-0.0222052288281013,0.432
"cw",0.95,0.0085546802881083,0.792079207920792,3,FALSE,202608250723,"primary",0.6,0,0.151580864142931,0.189120830342081,0.192802536658366,0.162146632529685,0.0884091939432369,0.0104859784926193,0.577
"gini",0.25,-0.0364022436768198,0.792079207920792,3,FALSE,202608250723,"primary",0.6,0,0.151580864142931,0.189120830342081,0.192802536658366,0.162146632529685,0.0884091939432369,0.0104859784926193,0.577
"oracle",0,-0.343071831640879,NA,NA,NA,202608250723,"primary",0.6,0,0.151580864142931,0.189120830342081,0.192802536658366,0.162146632529685,0.0884091939432369,0.0104859784926193,0.577
"over",0.95,0.0107187739382577,0.792079207920792,3,FALSE,202608250723,"primary",0.6,0,0.151580864142931,0.189120830342081,0.192802536658366,0.162146632529685,0.0884091939432369,0.0104859784926193,0.577
"raw",0.25,-0.0375399661991501,0.792079207920792,3,FALSE,202608250723,"primary",0.6,0,0.151580864142931,0.189120830342081,0.192802536658366,0.162146632529685,0.0884091939432369,0.0104859784926193,0.577
"cw",1,0.015250854110799,1,3,TRUE,202608250724,"primary",0.9,0,0.171505652987652,0.172329596307155,0.184051397396488,0.171692087141998,0.106283185782792,-0.00676627947508414,0.551
"gini",0.45,-0.00371082880117549,1,3,TRUE,202608250724,"primary",0.9,0,0.171505652987652,0.172329596307155,0.184051397396488,0.171692087141998,0.106283185782792,-0.00676627947508414,0.551
"oracle",0.05,-0.308088861161348,NA,NA,NA,202608250724,"primary",0.9,0,0.171505652987652,0.172329596307155,0.184051397396488,0.171692087141998,0.106283185782792,-0.00676627947508414,0.551
"over",1,0.0188328010684408,1,3,TRUE,202608250724,"primary",0.9,0,0.171505652987652,0.172329596307155,0.184051397396488,0.171692087141998,0.106283185782792,-0.00676627947508414,0.551
"raw",0.45,-0.000823943319502779,1,3,TRUE,202608250724,"primary",0.9,0,0.171505652987652,0.172329596307155,0.184051397396488,0.171692087141998,0.106283185782792,-0.00676627947508414,0.551
"cw",1,0.0123679675031778,1,3,TRUE,202608250725,"primary",0.9,0,0.16478000072335,0.186230484704766,0.171487318616611,0.151738397464674,0.0994678062509083,0.00266781397590263,0.441000000000001
"gini",0.366666666666667,-0.0224237090509657,1,3,TRUE,202608250725,"primary",0.9,0,0.16478000072335,0.186230484704766,0.171487318616611,0.151738397464674,0.0994678062509083,0.00266781397590263,0.441000000000001
"oracle",0,-0.348201430436392,NA,NA,NA,202608250725,"primary",0.9,0,0.16478000072335,0.186230484704766,0.171487318616611,0.151738397464674,0.0994678062509083,0.00266781397590263,0.441000000000001
"over",1,0.0150476685932731,1,3,TRUE,202608250725,"primary",0.9,0,0.16478000072335,0.186230484704766,0.171487318616611,0.151738397464674,0.0994678062509083,0.00266781397590263,0.441000000000001
"raw",0.4,-0.0214504839814162,1,3,TRUE,202608250725,"primary",0.9,0,0.16478000072335,0.186230484704766,0.171487318616611,0.151738397464674,0.0994678062509083,0.00266781397590263,0.441000000000001
"cw",0.983333333333333,0.0139749099005516,1,3,TRUE,202608250726,"primary",0.9,0,0.16590446449806,0.150019390251764,0.170274143216578,0.171056408310539,0.101052455740753,-0.00514001992968487,0.536000000000001
"gini",0.683333333333333,0.0101993958449198,1,3,TRUE,202608250726,"primary",0.9,0,0.16590446449806,0.150019390251764,0.170274143216578,0.171056408310539,0.101052455740753,-0.00514001992968487,0.536000000000001
"oracle",0,-0.382086775301402,NA,NA,NA,202608250726,"primary",0.9,0,0.16590446449806,0.150019390251764,0.170274143216578,0.171056408310539,0.101052455740753,-0.00514001992968487,0.536000000000001
"over",0.983333333333333,0.0169020818099118,1,3,TRUE,202608250726,"primary",0.9,0,0.16590446449806,0.150019390251764,0.170274143216578,0.171056408310539,0.101052455740753,-0.00514001992968487,0.536000000000001
"raw",0.683333333333333,0.0158850742462958,1,3,TRUE,202608250726,"primary",0.9,0,0.16590446449806,0.150019390251764,0.170274143216578,0.171056408310539,0.101052455740753,-0.00514001992968487,0.536000000000001
"cw",1,0.0139713037647645,1,3,TRUE,202608250727,"primary",0.9,0,0.176725446809247,0.151493455516859,0.185593787441159,0.175168406607059,0.105032780185396,-0.00118938157991823,0.465999999999999
"gini",0.516666666666667,0.0200710104406442,1,3,TRUE,202608250727,"primary",0.9,0,0.176725446809247,0.151493455516859,0.185593787441159,0.175168406607059,0.105032780185396,-0.00118938157991823,0.465999999999999
"oracle",0,-0.343998168640814,NA,NA,NA,202608250727,"primary",0.9,0,0.176725446809247,0.151493455516859,0.185593787441159,0.175168406607059,0.105032780185396,-0.00118938157991823,0.465999999999999
"over",1,0.0172721670889607,1,3,TRUE,202608250727,"primary",0.9,0,0.176725446809247,0.151493455516859,0.185593787441159,0.175168406607059,0.105032780185396,-0.00118938157991823,0.465999999999999
"raw",0.55,0.0252319912923882,1,3,TRUE,202608250727,"primary",0.9,0,0.176725446809247,0.151493455516859,0.185593787441159,0.175168406607059,0.105032780185396,-0.00118938157991823,0.465999999999999
"cw",0.983333333333333,0.0134017303703876,1,3,TRUE,202608250728,"primary",0.8,0,0.166396100155442,0.171848421192842,0.138084409224877,0.156792927528786,0.0992234440549237,0.00562473799750993,0.435
"gini",0.516666666666667,-0.00088975123424459,1,3,TRUE,202608250728,"primary",0.8,0,0.166396100155442,0.171848421192842,0.138084409224877,0.156792927528786,0.0992234440549237,0.00562473799750993,0.435
"oracle",0,-0.354250836109897,NA,NA,NA,202608250728,"primary",0.8,0,0.166396100155442,0.171848421192842,0.138084409224877,0.156792927528786,0.0992234440549237,0.00562473799750993,0.435
"over",0.983333333333333,0.0156408661957924,1,3,TRUE,202608250728,"primary",0.8,0,0.166396100155442,0.171848421192842,0.138084409224877,0.156792927528786,0.0992234440549237,0.00562473799750993,0.435
"raw",0.466666666666667,-0.00545232103739948,1,3,TRUE,202608250728,"primary",0.8,0,0.166396100155442,0.171848421192842,0.138084409224877,0.156792927528786,0.0992234440549237,0.00562473799750993,0.435
"cw",1,0.015917061255408,1,3,TRUE,202608250729,"primary",0.9,0,0.173649824926627,0.12833691701547,0.161589319438704,0.168808549470021,0.108793160937689,-0.010815274031441,0.65
"gini",0.733333333333333,0.0371710003609375,1,3,TRUE,202608250729,"primary",0.9,0,0.173649824926627,0.12833691701547,0.161589319438704,0.168808549470021,0.108793160937689,-0.010815274031441,0.65
"oracle",0,-0.34121440338285,NA,NA,NA,202608250729,"primary",0.9,0,0.173649824926627,0.12833691701547,0.161589319438704,0.168808549470021,0.108793160937689,-0.010815274031441,0.65
"over",1,0.0190909730334162,1,3,TRUE,202608250729,"primary",0.9,0,0.173649824926627,0.12833691701547,0.161589319438704,0.168808549470021,0.108793160937689,-0.010815274031441,0.65
"raw",0.733333333333333,0.0453129079111568,1,3,TRUE,202608250729,"primary",0.9,0,0.173649824926627,0.12833691701547,0.161589319438704,0.168808549470021,0.108793160937689,-0.010815274031441,0.65
"cw",1,0.0191903933268068,1,3,TRUE,202608250730,"primary",0.9,0,0.197189911920892,0.162859101187862,0.166767290622701,0.15945451226819,0.116332844200241,-0.0188329086219569,0.606
"gini",0.65,0.0281055281202844,1,3,TRUE,202608250730,"primary",0.9,0,0.197189911920892,0.162859101187862,0.166767290622701,0.15945451226819,0.116332844200241,-0.0188329086219569,0.606
"oracle",0,-0.3386503430955,NA,NA,NA,202608250730,"primary",0.9,0,0.197189911920892,0.162859101187862,0.166767290622701,0.15945451226819,0.116332844200241,-0.0188329086219569,0.606
"over",1,0.0231086517015056,1,3,TRUE,202608250730,"primary",0.9,0,0.197189911920892,0.162859101187862,0.166767290622701,0.15945451226819,0.116332844200241,-0.0188329086219569,0.606
"raw",0.633333333333333,0.0343308107330305,1,3,TRUE,202608250730,"primary",0.9,0,0.197189911920892,0.162859101187862,0.166767290622701,0.15945451226819,0.116332844200241,-0.0188329086219569,0.606
"cw",0.983333333333333,0.0176738853969413,1,3,TRUE,202608250731,"primary",0.9,0,0.193837688079153,0.170594160219725,0.167843357126066,0.163666261365984,0.115725726311194,-0.0194344560553639,0.433
"gini",0.616666666666667,0.0158238516395048,1,3,TRUE,202608250731,"primary",0.9,0,0.193837688079153,0.170594160219725,0.167843357126066,0.163666261365984,0.115725726311194,-0.0194344560553639,0.433
"oracle",0,-0.377035237174382,NA,NA,NA,202608250731,"primary",0.9,0,0.193837688079153,0.170594160219725,0.167843357126066,0.163666261365984,0.115725726311194,-0.0194344560553639,0.433
"over",0.983333333333333,0.0213269762571531,1,3,TRUE,202608250731,"primary",0.9,0,0.193837688079153,0.170594160219725,0.167843357126066,0.163666261365984,0.115725726311194,-0.0194344560553639,0.433
"raw",0.616666666666667,0.0232435278594275,1,3,TRUE,202608250731,"primary",0.9,0,0.193837688079153,0.170594160219725,0.167843357126066,0.163666261365984,0.115725726311194,-0.0194344560553639,0.433
"cw",0.9,0.00799766144297738,1,3,TRUE,202608250732,"primary",0.9,0,0.145988020599903,0.205255843933076,0.158760904930089,0.17305684643902,0.0895940162760014,0.0135080787786979,0.532
"gini",0.25,-0.0477360347949242,1,3,TRUE,202608250732,"primary",0.9,0,0.145988020599903,0.205255843933076,0.158760904930089,0.17305684643902,0.0895940162760014,0.0135080787786979,0.532
"oracle",0,-0.40864292242053,NA,NA,NA,202608250732,"primary",0.9,0,0.145988020599903,0.205255843933076,0.158760904930089,0.17305684643902,0.0895940162760014,0.0135080787786979,0.532
"over",0.9,0.00937619849031347,1,3,TRUE,202608250732,"primary",0.9,0,0.145988020599903,0.205255843933076,0.158760904930089,0.17305684643902,0.0895940162760014,0.0135080787786979,0.532
"raw",0.233333333333333,-0.0592678233331732,1,3,TRUE,202608250732,"primary",0.9,0,0.145988020599903,0.205255843933076,0.158760904930089,0.17305684643902,0.0895940162760014,0.0135080787786979,0.532
"cw",1,0.00720003221998093,0.792079207920792,3,FALSE,202608250733,"primary",0.5,0,0.12814739488386,0.183593461852597,0.1951788016,0.153349982664726,0.0727056281446442,-0.0202303362603159,0.557
"gini",0.216666666666667,-0.0536755506397941,0.792079207920792,3,FALSE,202608250733,"primary",0.5,0,0.12814739488386,0.183593461852597,0.1951788016,0.153349982664726,0.0727056281446442,-0.0202303362603159,0.557
"oracle",0,-0.494822111738531,NA,NA,NA,202608250733,"primary",0.5,0,0.12814739488386,0.183593461852597,0.1951788016,0.153349982664726,0.0727056281446442,-0.0202303362603159,0.557
"over",1,0.0090605844286244,0.792079207920792,3,FALSE,202608250733,"primary",0.5,0,0.12814739488386,0.183593461852597,0.1951788016,0.153349982664726,0.0727056281446442,-0.0202303362603159,0.557
"raw",0.233333333333333,-0.0554460669687371,0.792079207920792,3,FALSE,202608250733,"primary",0.5,0,0.12814739488386,0.183593461852597,0.1951788016,0.153349982664726,0.0727056281446442,-0.0202303362603159,0.557
"cw",1,0.0193650041217678,1,3,TRUE,202608250734,"primary",0.9,0,0.198980637309459,0.164574830886665,0.167160982744605,0.145875082125528,0.119335895712741,-0.0115890894297549,0.554
"gini",0.633333333333333,0.0235811023708623,1,3,TRUE,202608250734,"primary",0.9,0,0.198980637309459,0.164574830886665,0.167160982744605,0.145875082125528,0.119335895712741,-0.0115890894297549,0.554
"oracle",0,-0.31023578803271,NA,NA,NA,202608250734,"primary",0.9,0,0.198980637309459,0.164574830886665,0.167160982744605,0.145875082125528,0.119335895712741,-0.0115890894297549,0.554
"over",1,0.0233165687751033,1,3,TRUE,202608250734,"primary",0.9,0,0.198980637309459,0.164574830886665,0.167160982744605,0.145875082125528,0.119335895712741,-0.0115890894297549,0.554
"raw",0.65,0.0344058064227941,1,3,TRUE,202608250734,"primary",0.9,0,0.198980637309459,0.164574830886665,0.167160982744605,0.145875082125528,0.119335895712741,-0.0115890894297549,0.554
"cw",0.983333333333333,0.0139689008014985,0.792079207920792,3,FALSE,202608250735,"primary",0.6,0,0.189148589297666,0.221032188385817,0.184458238610328,0.172529511682245,0.106513154115102,0.00810478683746308,0.590999999999999
"gini",0.45,-0.0307377974375067,0.792079207920792,3,FALSE,202608250735,"primary",0.6,0,0.189148589297666,0.221032188385817,0.184458238610328,0.172529511682245,0.106513154115102,0.00810478683746308,0.590999999999999
"oracle",0,-0.397021480079168,NA,NA,NA,202608250735,"primary",0.6,0,0.189148589297666,0.221032188385817,0.184458238610328,0.172529511682245,0.106513154115102,0.00810478683746308,0.590999999999999
"over",0.983333333333333,0.0171481857763637,0.792079207920792,3,FALSE,202608250735,"primary",0.6,0,0.189148589297666,0.221032188385817,0.184458238610328,0.172529511682245,0.106513154115102,0.00810478683746308,0.590999999999999
"raw",0.4,-0.0318835990881514,0.792079207920792,3,FALSE,202608250735,"primary",0.6,0,0.189148589297666,0.221032188385817,0.184458238610328,0.172529511682245,0.106513154115102,0.00810478683746308,0.590999999999999
"cw",1,0.0116530636100436,1,3,TRUE,202608250736,"primary",0.9,0,0.153069953790639,0.19369902559109,0.16004505536159,0.163309963433557,0.0909306904098485,-0.0218397909461424,0.471
"gini",0.383333333333333,-0.0313812891752364,1,3,TRUE,202608250736,"primary",0.9,0,0.153069953790639,0.19369902559109,0.16004505536159,0.163309963433557,0.0909306904098485,-0.0218397909461424,0.471
"oracle",0,-0.362441042144679,NA,NA,NA,202608250736,"primary",0.9,0,0.153069953790639,0.19369902559109,0.16004505536159,0.163309963433557,0.0909306904098485,-0.0218397909461424,0.471
"over",1,0.0137669539033701,1,3,TRUE,202608250736,"primary",0.9,0,0.153069953790639,0.19369902559109,0.16004505536159,0.163309963433557,0.0909306904098485,-0.0218397909461424,0.471
"raw",0.3,-0.0406290718004512,1,3,TRUE,202608250736,"primary",0.9,0,0.153069953790639,0.19369902559109,0.16004505536159,0.163309963433557,0.0909306904098485,-0.0218397909461424,0.471
"cw",1,0.0126487271246819,0.902777777777778,4,FALSE,202608250737,"primary",0.7,0,0.162001799861006,0.1606706885513,0.177404024427223,0.164657215582753,0.0966261789978155,-0.0220390072772008,0.559000000000001
"gini",0.533333333333333,-6.31495819672645e-05,0.792079207920792,3,FALSE,202608250737,"primary",0.7,0,0.162001799861006,0.1606706885513,0.177404024427223,0.164657215582753,0.0966261789978155,-0.0220390072772008,0.559000000000001
"oracle",0,-0.431049594780201,NA,NA,NA,202608250737,"primary",0.7,0,0.162001799861006,0.1606706885513,0.177404024427223,0.164657215582753,0.0966261789978155,-0.0220390072772008,0.559000000000001
"over",1,0.015386168971093,0.902777777777778,4,FALSE,202608250737,"primary",0.7,0,0.162001799861006,0.1606706885513,0.177404024427223,0.164657215582753,0.0966261789978155,-0.0220390072772008,0.559000000000001
"raw",0.566666666666667,0.00133111130970665,0.792079207920792,3,FALSE,202608250737,"primary",0.7,0,0.162001799861006,0.1606706885513,0.177404024427223,0.164657215582753,0.0966261789978155,-0.0220390072772008,0.559000000000001
"cw",1,0.0182983243610859,1,3,TRUE,202608250738,"primary",0.9,0,0.196747688557658,0.185036468467114,0.177144211695703,0.163730640585301,0.116609520132908,-0.0115763070730052,0.564
"gini",0.55,0.00547907946050885,1,3,TRUE,202608250738,"primary",0.9,0,0.196747688557658,0.185036468467114,0.177144211695703,0.163730640585301,0.116609520132908,-0.0115763070730052,0.564
"oracle",0,-0.316771266274163,NA,NA,NA,202608250738,"primary",0.9,0,0.196747688557658,0.185036468467114,0.177144211695703,0.163730640585301,0.116609520132908,-0.0115763070730052,0.564
"over",1,0.0222942752174916,1,3,TRUE,202608250738,"primary",0.9,0,0.196747688557658,0.185036468467114,0.177144211695703,0.163730640585301,0.116609520132908,-0.0115763070730052,0.564
"raw",0.566666666666667,0.0117112200905435,1,3,TRUE,202608250738,"primary",0.9,0,0.196747688557658,0.185036468467114,0.177144211695703,0.163730640585301,0.116609520132908,-0.0115763070730052,0.564
"cw",1,0.0256600727847628,1,3,TRUE,202608250739,"primary",0.8,0,0.234230154657345,0.148141651217208,0.183071970877591,0.176993443957084,0.136658293419614,-0.00621686345965754,0.662000000000001
"gini",0.7,0.0676903498952392,1,3,TRUE,202608250739,"primary",0.8,0,0.234230154657345,0.148141651217208,0.183071970877591,0.176993443957084,0.136658293419614,-0.00621686345965754,0.662000000000001
"oracle",0,-0.327005792812624,NA,NA,NA,202608250739,"primary",0.8,0,0.234230154657345,0.148141651217208,0.183071970877591,0.176993443957084,0.136658293419614,-0.00621686345965754,0.662000000000001
"over",1,0.0313845607902413,1,3,TRUE,202608250739,"primary",0.8,0,0.234230154657345,0.148141651217208,0.183071970877591,0.176993443957084,0.136658293419614,-0.00621686345965754,0.662000000000001
"raw",0.716666666666667,0.0860885034401375,1,3,TRUE,202608250739,"primary",0.8,0,0.234230154657345,0.148141651217208,0.183071970877591,0.176993443957084,0.136658293419614,-0.00621686345965754,0.662000000000001
"cw",1,0.0164070303726791,1,3,TRUE,202608250740,"primary",0.9,0,0.180727489280071,0.15191050113026,0.148683556785765,0.162565473103632,0.106013383503023,-0.00940508985624629,0.470000000000001
"gini",0.633333333333333,0.0253097529281124,1,3,TRUE,202608250740,"primary",0.9,0,0.180727489280071,0.15191050113026,0.148683556785765,0.162565473103632,0.106013383503023,-0.00940508985624629,0.470000000000001
"oracle",0,-0.348302518887416,NA,NA,NA,202608250740,"primary",0.9,0,0.180727489280071,0.15191050113026,0.148683556785765,0.162565473103632,0.106013383503023,-0.00940508985624629,0.470000000000001
"over",1,0.0193301857000592,1,3,TRUE,202608250740,"primary",0.9,0,0.180727489280071,0.15191050113026,0.148683556785765,0.162565473103632,0.106013383503023,-0.00940508985624629,0.470000000000001
"raw",0.616666666666667,0.0288169881498111,1,3,TRUE,202608250740,"primary",0.9,0,0.180727489280071,0.15191050113026,0.148683556785765,0.162565473103632,0.106013383503023,-0.00940508985624629,0.470000000000001
"cw",1,0.0109810015044363,0.792079207920792,3,FALSE,202608250741,"primary",0.6,0,0.156050106756759,0.214259944300124,0.199506287506276,0.169697933218266,0.0941323001782973,-0.00563167959674715,0.476000000000001
"gini",0.3,-0.0545391438271968,0.792079207920792,3,FALSE,202608250741,"primary",0.6,0,0.156050106756759,0.214259944300124,0.199506287506276,0.169697933218266,0.0941323001782973,-0.00563167959674715,0.476000000000001
"oracle",0,-0.456463931303933,NA,NA,NA,202608250741,"primary",0.6,0,0.156050106756759,0.214259944300124,0.199506287506276,0.169697933218266,0.0941323001782973,-0.00563167959674715,0.476000000000001
"over",1,0.0137554036897474,0.792079207920792,3,FALSE,202608250741,"primary",0.6,0,0.156050106756759,0.214259944300124,0.199506287506276,0.169697933218266,0.0941323001782973,-0.00563167959674715,0.476000000000001
"raw",0.283333333333333,-0.0582098375433654,0.792079207920792,3,FALSE,202608250741,"primary",0.6,0,0.156050106756759,0.214259944300124,0.199506287506276,0.169697933218266,0.0941323001782973,-0.00563167959674715,0.476000000000001
"cw",0.966666666666667,0.00843110126067287,1,3,TRUE,202608250742,"primary",0.9,0,0.134156399478671,0.197301399771298,0.173120835785798,0.182179224106695,0.0838371247532148,0.000503005407046933,0.623999999999999
"gini",0.2,-0.0511999035079392,1,3,TRUE,202608250742,"primary",0.9,0,0.134156399478671,0.197301399771298,0.173120835785798,0.182179224106695,0.0838371247532148,0.000503005407046933,0.623999999999999
"oracle",0,-0.402259168824775,NA,NA,NA,202608250742,"primary",0.9,0,0.134156399478671,0.197301399771298,0.173120835785798,0.182179224106695,0.0838371247532148,0.000503005407046933,0.623999999999999
"over",0.966666666666667,0.0101583121651788,1,3,TRUE,202608250742,"primary",0.9,0,0.134156399478671,0.197301399771298,0.173120835785798,0.182179224106695,0.0838371247532148,0.000503005407046933,0.623999999999999
"raw",0.216666666666667,-0.0631450002926263,1,3,TRUE,202608250742,"primary",0.9,0,0.134156399478671,0.197301399771298,0.173120835785798,0.182179224106695,0.0838371247532148,0.000503005407046933,0.623999999999999
"cw",1,0.0147008482524115,1,3,TRUE,202608250743,"primary",0.9,0,0.169676056527676,0.167990842075491,0.170633777018451,0.171251064541854,0.106689447705134,-0.00306201823553981,0.585000000000001
"gini",0.466666666666667,-0.00156493349163714,1,3,TRUE,202608250743,"primary",0.9,0,0.169676056527676,0.167990842075491,0.170633777018451,0.171251064541854,0.106689447705134,-0.00306201823553981,0.585000000000001
"oracle",0,-0.337937930865915,NA,NA,NA,202608250743,"primary",0.9,0,0.169676056527676,0.167990842075491,0.170633777018451,0.171251064541854,0.106689447705134,-0.00306201823553981,0.585000000000001
"over",1,0.0178693090089596,1,3,TRUE,202608250743,"primary",0.9,0,0.169676056527676,0.167990842075491,0.170633777018451,0.171251064541854,0.106689447705134,-0.00306201823553981,0.585000000000001
"raw",0.483333333333333,0.00168521445218506,1,3,TRUE,202608250743,"primary",0.9,0,0.169676056527676,0.167990842075491,0.170633777018451,0.171251064541854,0.106689447705134,-0.00306201823553981,0.585000000000001
"cw",0.933333333333333,0.00633614670478351,1,3,TRUE,202608250744,"primary",0.9,0,0.142966819704526,0.184137917537106,0.193717242466104,0.158945315289136,0.0871288666734185,0.0205865770063453,0.506
"gini",0.45,-0.0427441419640032,1,3,TRUE,202608250744,"primary",0.9,0,0.142966819704526,0.184137917537106,0.193717242466104,0.158945315289136,0.0871288666734185,0.0205865770063453,0.506
"oracle",0,-0.439079209644361,NA,NA,NA,202608250744,"primary",0.9,0,0.142966819704526,0.184137917537106,0.193717242466104,0.158945315289136,0.0871288666734185,0.0205865770063453,0.506
"over",0.916666666666667,0.008125551794566,1,3,TRUE,202608250744,"primary",0.9,0,0.142966819704526,0.184137917537106,0.193717242466104,0.158945315289136,0.0871288666734185,0.0205865770063453,0.506
"raw",0.45,-0.0411710978325805,1,3,TRUE,202608250744,"primary",0.9,0,0.142966819704526,0.184137917537106,0.193717242466104,0.158945315289136,0.0871288666734185,0.0205865770063453,0.506
"cw",1,0.0151692818491928,1,3,TRUE,202608250745,"primary",0.9,0,0.178189345608708,0.173890604090735,0.185281324077463,0.160709410458855,0.104513533750274,-0.0110170798690713,0.482999999999999
"gini",0.483333333333333,-0.00223107539975406,1,3,TRUE,202608250745,"primary",0.9,0,0.178189345608708,0.173890604090735,0.185281324077463,0.160709410458855,0.104513533750274,-0.0110170798690713,0.482999999999999
"oracle",0,-0.377120955973864,NA,NA,NA,202608250745,"primary",0.9,0,0.178189345608708,0.173890604090735,0.185281324077463,0.160709410458855,0.104513533750274,-0.0110170798690713,0.482999999999999
"over",1,0.0186252581439308,1,3,TRUE,202608250745,"primary",0.9,0,0.178189345608708,0.173890604090735,0.185281324077463,0.160709410458855,0.104513533750274,-0.0110170798690713,0.482999999999999
"raw",0.516666666666667,0.00429874151797327,1,3,TRUE,202608250745,"primary",0.9,0,0.178189345608708,0.173890604090735,0.185281324077463,0.160709410458855,0.104513533750274,-0.0110170798690713,0.482999999999999
"cw",1,0.0149933320493897,1,3,TRUE,202608250746,"primary",0.9,0,0.171182765471821,0.145581636452318,0.164174481849776,0.165448481370105,0.106138843811151,-0.0207391209228616,0.556999999999999
"gini",0.533333333333333,0.0209105162042692,1,3,TRUE,202608250746,"primary",0.9,0,0.171182765471821,0.145581636452318,0.164174481849776,0.165448481370105,0.106138843811151,-0.0207391209228616,0.556999999999999
"oracle",0,-0.43552972977947,NA,NA,NA,202608250746,"primary",0.9,0,0.171182765471821,0.145581636452318,0.164174481849776,0.165448481370105,0.106138843811151,-0.0207391209228616,0.556999999999999
"over",1,0.0179375050755627,1,3,TRUE,202608250746,"primary",0.9,0,0.171182765471821,0.145581636452318,0.164174481849776,0.165448481370105,0.106138843811151,-0.0207391209228616,0.556999999999999
"raw",0.516666666666667,0.0256011290195036,0.792079207920792,3,FALSE,202608250746,"primary",0.9,0,0.171182765471821,0.145581636452318,0.164174481849776,0.165448481370105,0.106138843811151,-0.0207391209228616,0.556999999999999
"cw",0.966666666666667,0.00425361044702107,0.533333333333333,2,FALSE,202608250747,"primary",0.4,0,0.0931134992791959,0.182866746834929,0.156405978514508,0.166758257233248,0.0595960138738727,-0.00517457900529286,0.421999999999999
"gini",0.05,-0.0750463544040929,0.626666666666667,3,FALSE,202608250747,"primary",0.4,0,0.0931134992791959,0.182866746834929,0.156405978514508,0.166758257233248,0.0595960138738727,-0.00517457900529286,0.421999999999999
"oracle",0,-0.435759894779264,NA,NA,NA,202608250747,"primary",0.4,0,0.0931134992791959,0.182866746834929,0.156405978514508,0.166758257233248,0.0595960138738727,-0.00517457900529286,0.421999999999999
"over",0.966666666666667,0.00502952759794117,0.533333333333333,2,FALSE,202608250747,"primary",0.4,0,0.0931134992791959,0.182866746834929,0.156405978514508,0.166758257233248,0.0595960138738727,-0.00517457900529286,0.421999999999999
"raw",0.0333333333333333,-0.0897532475557333,0.533333333333333,2,FALSE,202608250747,"primary",0.4,0,0.0931134992791959,0.182866746834929,0.156405978514508,0.166758257233248,0.0595960138738727,-0.00517457900529286,0.421999999999999
"cw",1,0.00858921745597542,0.792079207920792,3,FALSE,202608250748,"primary",0.6,0,0.147942368743668,0.224921012856708,0.184071077464161,0.160102253589417,0.0913776105745044,0.0139814707672592,0.492000000000001
"gini",0.166666666666667,-0.0710204004227519,0.792079207920792,3,FALSE,202608250748,"primary",0.6,0,0.147942368743668,0.224921012856708,0.184071077464161,0.160102253589417,0.0913776105745044,0.0139814707672592,0.492000000000001
"oracle",0,-0.374023987160323,NA,NA,NA,202608250748,"primary",0.6,0,0.147942368743668,0.224921012856708,0.184071077464161,0.160102253589417,0.0913776105745044,0.0139814707672592,0.492000000000001
"over",1,0.0105670438646032,0.792079207920792,3,FALSE,202608250748,"primary",0.6,0,0.147942368743668,0.224921012856708,0.184071077464161,0.160102253589417,0.0913776105745044,0.0139814707672592,0.492000000000001
"raw",0.183333333333333,-0.0769786441130402,0.792079207920792,3,FALSE,202608250748,"primary",0.6,0,0.147942368743668,0.224921012856708,0.184071077464161,0.160102253589417,0.0913776105745044,0.0139814707672592,0.492000000000001
"cw",1,0.0134565575324271,1,3,TRUE,202608250749,"primary",0.8,0,0.163451080678733,0.172835007195376,0.166731749796187,0.178463197710847,0.0999277381276482,-0.00978010035556934,0.633999999999999
"gini",0.5,-0.005848979386777,1,3,TRUE,202608250749,"primary",0.8,0,0.163451080678733,0.172835007195376,0.166731749796187,0.178463197710847,0.0999277381276482,-0.00978010035556934,0.633999999999999
"oracle",0,-0.431421339847419,NA,NA,NA,202608250749,"primary",0.8,0,0.163451080678733,0.172835007195376,0.166731749796187,0.178463197710847,0.0999277381276482,-0.00978010035556934,0.633999999999999
"over",0.983333333333333,0.0161515442336947,1,3,TRUE,202608250749,"primary",0.8,0,0.163451080678733,0.172835007195376,0.166731749796187,0.178463197710847,0.0999277381276482,-0.00978010035556934,0.633999999999999
"raw",0.5,-0.00938392651664258,1,3,TRUE,202608250749,"primary",0.8,0,0.163451080678733,0.172835007195376,0.166731749796187,0.178463197710847,0.0999277381276482,-0.00978010035556934,0.633999999999999
"cw",1,0.0134187329447525,1,3,TRUE,202608250750,"primary",0.9,0,0.167039842137458,0.173573312845433,0.156147033987788,0.170162446234327,0.099718607625442,-0.00588327691155812,0.5
"gini",0.516666666666667,-0.0028511420149179,1,3,TRUE,202608250750,"primary",0.9,0,0.167039842137458,0.173573312845433,0.156147033987788,0.170162446234327,0.099718607625442,-0.00588327691155812,0.5
"oracle",0,-0.406352722839895,NA,NA,NA,202608250750,"primary",0.9,0,0.167039842137458,0.173573312845433,0.156147033987788,0.170162446234327,0.099718607625442,-0.00588327691155812,0.5
"over",1,0.0159330141624453,1,3,TRUE,202608250750,"primary",0.9,0,0.167039842137458,0.173573312845433,0.156147033987788,0.170162446234327,0.099718607625442,-0.00588327691155812,0.5
"raw",0.483333333333333,-0.00653347070797453,1,3,TRUE,202608250750,"primary",0.9,0,0.167039842137458,0.173573312845433,0.156147033987788,0.170162446234327,0.099718607625442,-0.00588327691155812,0.5
"cw",1,0.0150840413611022,1,3,TRUE,202608250751,"primary",0.9,0,0.179896958817392,0.161394149589686,0.202174190731954,0.197600999662545,0.109420021654738,-0.00300680087039583,0.685
"gini",0.6,0.0112832625003267,1,3,TRUE,202608250751,"primary",0.9,0,0.179896958817392,0.161394149589686,0.202174190731954,0.197600999662545,0.109420021654738,-0.00300680087039583,0.685
"oracle",0,-0.375772483502439,NA,NA,NA,202608250751,"primary",0.9,0,0.179896958817392,0.161394149589686,0.202174190731954,0.197600999662545,0.109420021654738,-0.00300680087039583,0.685
"over",1,0.0190331756513147,1,3,TRUE,202608250751,"primary",0.9,0,0.179896958817392,0.161394149589686,0.202174190731954,0.197600999662545,0.109420021654738,-0.00300680087039583,0.685
"raw",0.566666666666667,0.018502809227706,1,3,TRUE,202608250751,"primary",0.9,0,0.179896958817392,0.161394149589686,0.202174190731954,0.197600999662545,0.109420021654738,-0.00300680087039583,0.685
"cw",1,0.0164616615975376,1,3,TRUE,202608250752,"primary",0.9,0,0.182823988141116,0.119090997637009,0.160500157058974,0.163719616304868,0.108734278716392,-0.0368091686971216,0.469000000000001
"gini",0.883333333333333,0.0540390085681545,1,3,TRUE,202608250752,"primary",0.9,0,0.182823988141116,0.119090997637009,0.160500157058974,0.163719616304868,0.108734278716392,-0.0368091686971216,0.469000000000001
"oracle",0,-0.286213134852324,NA,NA,NA,202608250752,"primary",0.9,0,0.182823988141116,0.119090997637009,0.160500157058974,0.163719616304868,0.108734278716392,-0.0368091686971216,0.469000000000001
"over",1,0.019565850503911,1,3,TRUE,202608250752,"primary",0.9,0,0.182823988141116,0.119090997637009,0.160500157058974,0.163719616304868,0.108734278716392,-0.0368091686971216,0.469000000000001
"raw",0.9,0.0637329905041069,1,3,TRUE,202608250752,"primary",0.9,0,0.182823988141116,0.119090997637009,0.160500157058974,0.163719616304868,0.108734278716392,-0.0368091686971216,0.469000000000001
"cw",1,0.0209225111347597,1,3,TRUE,202608250753,"primary",0.9,0,0.211521397296906,0.159351721133502,0.169318843725849,0.165491621680372,0.127949826505669,0.00618491750238607,0.456
"gini",0.75,0.0423795080078381,1,3,TRUE,202608250753,"primary",0.9,0,0.211521397296906,0.159351721133502,0.169318843725849,0.165491621680372,0.127949826505669,0.00618491750238607,0.456
"oracle",0.15,-0.22024370086057,NA,NA,NA,202608250753,"primary",0.9,0,0.211521397296906,0.159351721133502,0.169318843725849,0.165491621680372,0.127949826505669,0.00618491750238607,0.456
"over",1,0.0253991748116728,1,3,TRUE,202608250753,"primary",0.9,0,0.211521397296906,0.159351721133502,0.169318843725849,0.165491621680372,0.127949826505669,0.00618491750238607,0.456
"raw",0.783333333333333,0.0521696761634041,1,3,TRUE,202608250753,"primary",0.9,0,0.211521397296906,0.159351721133502,0.169318843725849,0.165491621680372,0.127949826505669,0.00618491750238607,0.456
"cw",0.966666666666667,0.00998175220282035,1,3,TRUE,202608250754,"primary",0.8,0,0.157932374641682,0.184458089804574,0.149837337910405,0.157313641408225,0.0960452541259798,0.0104112562188629,0.401
"gini",0.433333333333333,-0.0206929176470583,1,3,TRUE,202608250754,"primary",0.8,0,0.157932374641682,0.184458089804574,0.149837337910405,0.157313641408225,0.0960452541259798,0.0104112562188629,0.401
"oracle",0,-0.397448950995261,NA,NA,NA,202608250754,"primary",0.8,0,0.157932374641682,0.184458089804574,0.149837337910405,0.157313641408225,0.0960452541259798,0.0104112562188629,0.401
"over",0.966666666666667,0.0117453943213034,1,3,TRUE,202608250754,"primary",0.8,0,0.157932374641682,0.184458089804574,0.149837337910405,0.157313641408225,0.0960452541259798,0.0104112562188629,0.401
"raw",0.383333333333333,-0.0265257151628921,1,3,TRUE,202608250754,"primary",0.8,0,0.157932374641682,0.184458089804574,0.149837337910405,0.157313641408225,0.0960452541259798,0.0104112562188629,0.401
"cw",0.9,0.0051071782840796,1,3,TRUE,202608250755,"primary",0.9,0,0.12277031919674,0.183531450058108,0.17830020736067,0.177176455341862,0.0728780882832517,0.0110659810629359,0.550000000000001
"gini",0.316666666666667,-0.0506174420705702,1,3,TRUE,202608250755,"primary",0.9,0,0.12277031919674,0.183531450058108,0.17830020736067,0.177176455341862,0.0728780882832517,0.0110659810629359,0.550000000000001
"oracle",0,-0.410195500038983,NA,NA,NA,202608250755,"primary",0.9,0,0.12277031919674,0.183531450058108,0.17830020736067,0.177176455341862,0.0728780882832517,0.0110659810629359,0.550000000000001
"over",0.9,0.0061924131743367,1,3,TRUE,202608250755,"primary",0.9,0,0.12277031919674,0.183531450058108,0.17830020736067,0.177176455341862,0.0728780882832517,0.0110659810629359,0.550000000000001
"raw",0.266666666666667,-0.0607611308613686,1,3,TRUE,202608250755,"primary",0.9,0,0.12277031919674,0.183531450058108,0.17830020736067,0.177176455341862,0.0728780882832517,0.0110659810629359,0.550000000000001
"cw",1,0.0132921811933344,1,3,TRUE,202608250756,"primary",0.8,0,0.17914455469817,0.181352923150881,0.18907695491262,0.1544226958997,0.100906898731054,-0.0049561379738998,0.619000000000002
"gini",0.366666666666667,-0.00831752526522969,1,3,TRUE,202608250756,"primary",0.8,0,0.17914455469817,0.181352923150881,0.18907695491262,0.1544226958997,0.100906898731054,-0.0049561379738998,0.619000000000002
"oracle",0,-0.324312099308293,NA,NA,NA,202608250756,"primary",0.8,0,0.17914455469817,0.181352923150881,0.18907695491262,0.1544226958997,0.100906898731054,-0.0049561379738998,0.619000000000002
"over",1,0.0163748728373841,1,3,TRUE,202608250756,"primary",0.8,0,0.17914455469817,0.181352923150881,0.18907695491262,0.1544226958997,0.100906898731054,-0.0049561379738998,0.619000000000002
"raw",0.4,-0.00220836845271083,1,3,TRUE,202608250756,"primary",0.8,0,0.17914455469817,0.181352923150881,0.18907695491262,0.1544226958997,0.100906898731054,-0.0049561379738998,0.619000000000002
"cw",1,0.0154765189388758,1,3,TRUE,202608250757,"primary",0.9,0,0.180692698120818,0.162723320543189,0.158227406756297,0.169885916601227,0.108864497236236,-0.00174935858767728,0.545999999999999
"gini",0.7,0.0151515130445842,1,3,TRUE,202608250757,"primary",0.9,0,0.180692698120818,0.162723320543189,0.158227406756297,0.169885916601227,0.108864497236236,-0.00174935858767728,0.545999999999999
"oracle",0,-0.302462369320921,NA,NA,NA,202608250757,"primary",0.9,0,0.180692698120818,0.162723320543189,0.158227406756297,0.169885916601227,0.108864497236236,-0.00174935858767728,0.545999999999999
"over",1,0.0184419542294367,1,3,TRUE,202608250757,"primary",0.9,0,0.180692698120818,0.162723320543189,0.158227406756297,0.169885916601227,0.108864497236236,-0.00174935858767728,0.545999999999999
"raw",0.666666666666667,0.0179693775776284,1,3,TRUE,202608250757,"primary",0.9,0,0.180692698120818,0.162723320543189,0.158227406756297,0.169885916601227,0.108864497236236,-0.00174935858767728,0.545999999999999
"cw",0.983333333333333,0.01167088907908,1,3,TRUE,202608250758,"primary",0.9,0,0.159872147671834,0.159510587261813,0.13895187830077,0.159188890613337,0.0941487688918708,-0.00132688095696135,0.548999999999999
"gini",0.516666666666667,0.00383534402552865,1,3,TRUE,202608250758,"primary",0.9,0,0.159872147671834,0.159510587261813,0.13895187830077,0.159188890613337,0.0941487688918708,-0.00132688095696135,0.548999999999999
"oracle",0,-0.369728599980479,NA,NA,NA,202608250758,"primary",0.9,0,0.159872147671834,0.159510587261813,0.13895187830077,0.159188890613337,0.0941487688918708,-0.00132688095696135,0.548999999999999
"over",0.983333333333333,0.0134528987608692,1,3,TRUE,202608250758,"primary",0.9,0,0.159872147671834,0.159510587261813,0.13895187830077,0.159188890613337,0.0941487688918708,-0.00132688095696135,0.548999999999999
"raw",0.483333333333333,0.000361560410020445,1,3,TRUE,202608250758,"primary",0.9,0,0.159872147671834,0.159510587261813,0.13895187830077,0.159188890613337,0.0941487688918708,-0.00132688095696135,0.548999999999999
"cw",0.95,0.0077625572950634,0.792079207920792,3,FALSE,202608250759,"primary",0.7,0,0.126792264007524,0.163887449469897,0.195904166241638,0.168362556690027,0.0793854472902801,-0.00866848399925156,0.635
"gini",0.3,-0.0347412127206981,0.641025641025641,3,FALSE,202608250759,"primary",0.7,0,0.126792264007524,0.163887449469897,0.195904166241638,0.168362556690027,0.0793854472902801,-0.00866848399925156,0.635
"oracle",0.0166666666666667,-0.356647007629458,NA,NA,NA,202608250759,"primary",0.7,0,0.126792264007524,0.163887449469897,0.195904166241638,0.168362556690027,0.0793854472902801,-0.00866848399925156,0.635
"over",0.95,0.00974439040151693,0.792079207920792,3,FALSE,202608250759,"primary",0.7,0,0.126792264007524,0.163887449469897,0.195904166241638,0.168362556690027,0.0793854472902801,-0.00866848399925156,0.635
"raw",0.316666666666667,-0.0370951854623728,0.641025641025641,3,FALSE,202608250759,"primary",0.7,0,0.126792264007524,0.163887449469897,0.195904166241638,0.168362556690027,0.0793854472902801,-0.00866848399925156,0.635
"cw",1,0.0104908008692562,1,3,TRUE,202608250760,"primary",0.9,0,0.153994777530354,0.181430494552354,0.163677174185571,0.164753617179408,0.0901933250437384,-0.00761176777804106,0.446999999999999
"gini",0.3,-0.0242466005522482,1,3,TRUE,202608250760,"primary",0.9,0,0.153994777530354,0.181430494552354,0.163677174185571,0.164753617179408,0.0901933250437384,-0.00761176777804106,0.446999999999999
"oracle",0,-0.417848542299542,NA,NA,NA,202608250760,"primary",0.9,0,0.153994777530354,0.181430494552354,0.163677174185571,0.164753617179408,0.0901933250437384,-0.00761176777804106,0.446999999999999
"over",1,0.0125893622448622,1,3,TRUE,202608250760,"primary",0.9,0,0.153994777530354,0.181430494552354,0.163677174185571,0.164753617179408,0.0901933250437384,-0.00761176777804106,0.446999999999999
"raw",0.316666666666667,-0.027435717022,1,3,TRUE,202608250760,"primary",0.9,0,0.153994777530354,0.181430494552354,0.163677174185571,0.164753617179408,0.0901933250437384,-0.00761176777804106,0.446999999999999
"cw",1,0.0129147186077871,1,3,TRUE,202608250761,"primary",0.9,0,0.160959634093483,0.190678810244679,0.170543304388807,0.154908025345083,0.10156020713242,-0.019423550063447,0.645
"gini",0.333333333333333,-0.027345871023644,1,3,TRUE,202608250761,"primary",0.9,0,0.160959634093483,0.190678810244679,0.170543304388807,0.154908025345083,0.10156020713242,-0.019423550063447,0.645
"oracle",0,-0.299582905464222,NA,NA,NA,202608250761,"primary",0.9,0,0.160959634093483,0.190678810244679,0.170543304388807,0.154908025345083,0.10156020713242,-0.019423550063447,0.645
"over",1,0.0154993921505996,1,3,TRUE,202608250761,"primary",0.9,0,0.160959634093483,0.190678810244679,0.170543304388807,0.154908025345083,0.10156020713242,-0.019423550063447,0.645
"raw",0.316666666666667,-0.0297191761511959,1,3,TRUE,202608250761,"primary",0.9,0,0.160959634093483,0.190678810244679,0.170543304388807,0.154908025345083,0.10156020713242,-0.019423550063447,0.645
"cw",1,0.0178510880045967,1,3,TRUE,202608250762,"primary",0.9,0,0.201880933505994,0.207354346433648,0.173181451052369,0.162725601713007,0.126005185653569,0.0143835678106769,0.540000000000001
"gini",0.416666666666667,-0.00859018108080975,1,3,TRUE,202608250762,"primary",0.9,0,0.201880933505994,0.207354346433648,0.173181451052369,0.162725601713007,0.126005185653569,0.0143835678106769,0.540000000000001
"oracle",0,-0.353790696356238,NA,NA,NA,202608250762,"primary",0.9,0,0.201880933505994,0.207354346433648,0.173181451052369,0.162725601713007,0.126005185653569,0.0143835678106769,0.540000000000001
"over",1,0.0218525859954855,1,3,TRUE,202608250762,"primary",0.9,0,0.201880933505994,0.207354346433648,0.173181451052369,0.162725601713007,0.126005185653569,0.0143835678106769,0.540000000000001
"raw",0.45,-0.0054734129276546,1,3,TRUE,202608250762,"primary",0.9,0,0.201880933505994,0.207354346433648,0.173181451052369,0.162725601713007,0.126005185653569,0.0143835678106769,0.540000000000001
"cw",1,0.0115584493228983,1,3,TRUE,202608250763,"primary",0.9,0,0.153615510577602,0.140809895656156,0.184351189031201,0.156773259491508,0.0954735041635946,-0.0171915412012123,0.548999999999999
"gini",0.583333333333333,0.00733665045673146,1,3,TRUE,202608250763,"primary",0.9,0,0.153615510577602,0.140809895656156,0.184351189031201,0.156773259491508,0.0954735041635946,-0.0171915412012123,0.548999999999999
"oracle",0,-0.485839411270914,NA,NA,NA,202608250763,"primary",0.9,0,0.153615510577602,0.140809895656156,0.184351189031201,0.156773259491508,0.0954735041635946,-0.0171915412012123,0.548999999999999
"over",1,0.0141828976552858,1,3,TRUE,202608250763,"primary",0.9,0,0.153615510577602,0.140809895656156,0.184351189031201,0.156773259491508,0.0954735041635946,-0.0171915412012123,0.548999999999999
"raw",0.616666666666667,0.0128056149214458,1,3,TRUE,202608250763,"primary",0.9,0,0.153615510577602,0.140809895656156,0.184351189031201,0.156773259491508,0.0954735041635946,-0.0171915412012123,0.548999999999999
"cw",1,0.00783835035429915,1,3,TRUE,202608250764,"primary",0.9,0,0.128756900156509,0.161686647206044,0.199141375581072,0.170208164690235,0.0764572464168058,-0.0179308295151662,0.623999999999999
"gini",0.333333333333333,-0.0313843267953881,1,3,TRUE,202608250764,"primary",0.9,0,0.128756900156509,0.161686647206044,0.199141375581072,0.170208164690235,0.0764572464168058,-0.0179308295151662,0.623999999999999
"oracle",0,-0.467658004215304,NA,NA,NA,202608250764,"primary",0.9,0,0.128756900156509,0.161686647206044,0.199141375581072,0.170208164690235,0.0764572464168058,-0.0179308295151662,0.623999999999999
"over",1,0.00972674125687911,1,3,TRUE,202608250764,"primary",0.9,0,0.128756900156509,0.161686647206044,0.199141375581072,0.170208164690235,0.0764572464168058,-0.0179308295151662,0.623999999999999
"raw",0.383333333333333,-0.0329297470495348,1,3,TRUE,202608250764,"primary",0.9,0,0.128756900156509,0.161686647206044,0.199141375581072,0.170208164690235,0.0764572464168058,-0.0179308295151662,0.623999999999999
"cw",1,0.0193912721479572,0.792079207920792,3,TRUE,202608250765,"primary",0.9,0,0.199121441427436,0.200474485308484,0.157064936508437,0.159244716326116,0.121434077813199,-0.0112040034739146,0.462999999999999
"gini",0.466666666666667,-0.000745723700535855,0.792079207920792,3,TRUE,202608250765,"primary",0.9,0,0.199121441427436,0.200474485308484,0.157064936508437,0.159244716326116,0.121434077813199,-0.0112040034739146,0.462999999999999
"oracle",0.0333333333333333,-0.281793925193031,NA,NA,NA,202608250765,"primary",0.9,0,0.199121441427436,0.200474485308484,0.157064936508437,0.159244716326116,0.121434077813199,-0.0112040034739146,0.462999999999999
"over",1,0.0229907280065525,0.792079207920792,3,TRUE,202608250765,"primary",0.9,0,0.199121441427436,0.200474485308484,0.157064936508437,0.159244716326116,0.121434077813199,-0.0112040034739146,0.462999999999999
"raw",0.516666666666667,-0.00135304388104734,0.792079207920792,3,TRUE,202608250765,"primary",0.9,0,0.199121441427436,0.200474485308484,0.157064936508437,0.159244716326116,0.121434077813199,-0.0112040034739146,0.462999999999999
"cw",0.966666666666667,0.00820219280516761,0.792079207920792,3,FALSE,202608250766,"primary",0.6,0,0.145889994076642,0.19603843820067,0.159112684712043,0.176329266750261,0.0920767257680807,0.016073405489654,0.484
"gini",0.333333333333333,-0.0379979171638206,0.792079207920792,3,FALSE,202608250766,"primary",0.6,0,0.145889994076642,0.19603843820067,0.159112684712043,0.176329266750261,0.0920767257680807,0.016073405489654,0.484
"oracle",0,-0.332919845484398,NA,NA,NA,202608250766,"primary",0.6,0,0.145889994076642,0.19603843820067,0.159112684712043,0.176329266750261,0.0920767257680807,0.016073405489654,0.484
"over",0.966666666666667,0.00969492217046369,0.792079207920792,3,FALSE,202608250766,"primary",0.6,0,0.145889994076642,0.19603843820067,0.159112684712043,0.176329266750261,0.0920767257680807,0.016073405489654,0.484
"raw",0.283333333333333,-0.0501484441240284,0.792079207920792,3,FALSE,202608250766,"primary",0.6,0,0.145889994076642,0.19603843820067,0.159112684712043,0.176329266750261,0.0920767257680807,0.016073405489654,0.484
"cw",1,0.0187639946241121,1,3,TRUE,202608250767,"primary",0.9,0,0.197500022123358,0.190900974144834,0.177973945799324,0.166395761899969,0.112510077740591,-0.0123826519378526,0.469000000000001
"gini",0.5,0.00321452280761628,1,3,TRUE,202608250767,"primary",0.9,0,0.197500022123358,0.190900974144834,0.177973945799324,0.166395761899969,0.112510077740591,-0.0123826519378526,0.469000000000001
"oracle",0,-0.303443714269389,NA,NA,NA,202608250767,"primary",0.9,0,0.197500022123358,0.190900974144834,0.177973945799324,0.166395761899969,0.112510077740591,-0.0123826519378526,0.469000000000001
"over",1,0.0227084050641251,1,3,TRUE,202608250767,"primary",0.9,0,0.197500022123358,0.190900974144834,0.177973945799324,0.166395761899969,0.112510077740591,-0.0123826519378526,0.469000000000001
"raw",0.516666666666667,0.00659904797852442,1,3,TRUE,202608250767,"primary",0.9,0,0.197500022123358,0.190900974144834,0.177973945799324,0.166395761899969,0.112510077740591,-0.0123826519378526,0.469000000000001
"cw",1,0.0160136115216905,1,3,TRUE,202608250768,"primary",0.9,0,0.184796020644709,0.186395956208993,0.174155664598155,0.166108357677826,0.107863446712685,-0.00786895053511961,0.614000000000001
"gini",0.516666666666667,-0.00216509199067791,1,3,TRUE,202608250768,"primary",0.9,0,0.184796020644709,0.186395956208993,0.174155664598155,0.166108357677826,0.107863446712685,-0.00786895053511961,0.614000000000001
"oracle",0,-0.456434127229874,NA,NA,NA,202608250768,"primary",0.9,0,0.184796020644709,0.186395956208993,0.174155664598155,0.166108357677826,0.107863446712685,-0.00786895053511961,0.614000000000001
"over",1,0.019343755446728,1,3,TRUE,202608250768,"primary",0.9,0,0.184796020644709,0.186395956208993,0.174155664598155,0.166108357677826,0.107863446712685,-0.00786895053511961,0.614000000000001
"raw",0.533333333333333,-0.00159993556428445,1,3,TRUE,202608250768,"primary",0.9,0,0.184796020644709,0.186395956208993,0.174155664598155,0.166108357677826,0.107863446712685,-0.00786895053511961,0.614000000000001
"cw",1,0.0176492686546213,0.792079207920792,3,FALSE,202608250769,"primary",0.6,0,0.189490612244341,0.156182144845474,0.149222089068391,0.158969412509848,0.112438318367802,-0.0128040490525153,0.536999999999999
"gini",0.633333333333333,0.0297407455101315,0.792079207920792,3,FALSE,202608250769,"primary",0.6,0,0.189490612244341,0.156182144845474,0.149222089068391,0.158969412509848,0.112438318367802,-0.0128040490525153,0.536999999999999
"oracle",0,-0.3849144910362,NA,NA,NA,202608250769,"primary",0.6,0,0.189490612244341,0.156182144845474,0.149222089068391,0.158969412509848,0.112438318367802,-0.0128040490525153,0.536999999999999
"over",1,0.0206465757265666,0.792079207920792,3,FALSE,202608250769,"primary",0.6,0,0.189490612244341,0.156182144845474,0.149222089068391,0.158969412509848,0.112438318367802,-0.0128040490525153,0.536999999999999
"raw",0.633333333333333,0.0333084673988661,0.792079207920792,3,FALSE,202608250769,"primary",0.6,0,0.189490612244341,0.156182144845474,0.149222089068391,0.158969412509848,0.112438318367802,-0.0128040490525153,0.536999999999999
"cw",1,0.0139125986210563,1,3,TRUE,202608250770,"primary",0.8,0,0.167057799288178,0.159413255468566,0.147603581164291,0.169252688499669,0.0970883619444643,-0.00972358534629495,0.571
"gini",0.583333333333333,0.00728240140182562,1,3,TRUE,202608250770,"primary",0.8,0,0.167057799288178,0.159413255468566,0.147603581164291,0.169252688499669,0.0970883619444643,-0.00972358534629495,0.571
"oracle",0,-0.421478891585712,NA,NA,NA,202608250770,"primary",0.8,0,0.167057799288178,0.159413255468566,0.147603581164291,0.169252688499669,0.0970883619444643,-0.00972358534629495,0.571
"over",1,0.0164173696983977,1,3,TRUE,202608250770,"primary",0.8,0,0.167057799288178,0.159413255468566,0.147603581164291,0.169252688499669,0.0970883619444643,-0.00972358534629495,0.571
"raw",0.583333333333333,0.0076445438196121,1,3,TRUE,202608250770,"primary",0.8,0,0.167057799288178,0.159413255468566,0.147603581164291,0.169252688499669,0.0970883619444643,-0.00972358534629495,0.571
"cw",0.966666666666667,0.0105707066172775,1,3,TRUE,202608250771,"primary",0.9,0,0.152693158471122,0.178869589252213,0.180214084541756,0.166701221909714,0.0940995046072554,-0.0121183282158695,0.603
"gini",0.433333333333333,-0.0225483025559903,1,3,TRUE,202608250771,"primary",0.9,0,0.152693158471122,0.178869589252213,0.180214084541756,0.166701221909714,0.0940995046072554,-0.0121183282158695,0.603
"oracle",0,-0.406213805931458,NA,NA,NA,202608250771,"primary",0.9,0,0.152693158471122,0.178869589252213,0.180214084541756,0.166701221909714,0.0940995046072554,-0.0121183282158695,0.603
"over",0.966666666666667,0.0127301922530658,1,3,TRUE,202608250771,"primary",0.9,0,0.152693158471122,0.178869589252213,0.180214084541756,0.166701221909714,0.0940995046072554,-0.0121183282158695,0.603
"raw",0.433333333333333,-0.026176430781091,1,3,TRUE,202608250771,"primary",0.9,0,0.152693158471122,0.178869589252213,0.180214084541756,0.166701221909714,0.0940995046072554,-0.0121183282158695,0.603
"cw",1,0.0140547693982451,1,3,TRUE,202608250772,"primary",0.9,0,0.17564179158688,0.227856722403988,0.175985564106548,0.184960537914345,0.104523078867477,0.00481278044195791,0.512
"gini",0.283333333333333,-0.044590568281161,1,3,TRUE,202608250772,"primary",0.9,0,0.17564179158688,0.227856722403988,0.175985564106548,0.184960537914345,0.104523078867477,0.00481278044195791,0.512
"oracle",0,-0.451486410290512,NA,NA,NA,202608250772,"primary",0.9,0,0.17564179158688,0.227856722403988,0.175985564106548,0.184960537914345,0.104523078867477,0.00481278044195791,0.512
"over",1,0.0170538599793083,1,3,TRUE,202608250772,"primary",0.9,0,0.17564179158688,0.227856722403988,0.175985564106548,0.184960537914345,0.104523078867477,0.00481278044195791,0.512
"raw",0.216666666666667,-0.0522149308171077,1,3,TRUE,202608250772,"primary",0.9,0,0.17564179158688,0.227856722403988,0.175985564106548,0.184960537914345,0.104523078867477,0.00481278044195791,0.512
"cw",1,0.0186110719153254,1,3,TRUE,202608250773,"primary",0.9,0,0.190144806453915,0.159068178389723,0.151117835448063,0.179354255743531,0.120215282549607,-0.00304894837513543,0.608000000000001
"gini",0.716666666666667,0.0291318855455672,1,3,TRUE,202608250773,"primary",0.9,0,0.190144806453915,0.159068178389723,0.151117835448063,0.179354255743531,0.120215282549607,-0.00304894837513543,0.608000000000001
"oracle",0,-0.381487886489584,NA,NA,NA,202608250773,"primary",0.9,0,0.190144806453915,0.159068178389723,0.151117835448063,0.179354255743531,0.120215282549607,-0.00304894837513543,0.608000000000001
"over",1,0.0219423376083681,1,3,TRUE,202608250773,"primary",0.9,0,0.190144806453915,0.159068178389723,0.151117835448063,0.179354255743531,0.120215282549607,-0.00304894837513543,0.608000000000001
"raw",0.683333333333333,0.0310766280641917,1,3,TRUE,202608250773,"primary",0.9,0,0.190144806453915,0.159068178389723,0.151117835448063,0.179354255743531,0.120215282549607,-0.00304894837513543,0.608000000000001
"cw",1,0.0200814306488672,0.792079207920792,3,TRUE,202608250774,"primary",0.9,0,0.202749442231818,0.18980044021723,0.168719619193471,0.171604111969509,0.124255602905944,-0.0154505208686163,0.525
"gini",0.633333333333333,0.0119960201892903,0.792079207920792,3,TRUE,202608250774,"primary",0.9,0,0.202749442231818,0.18980044021723,0.168719619193471,0.171604111969509,0.124255602905944,-0.0154505208686163,0.525
"oracle",0.0166666666666667,-0.362471406568234,NA,NA,NA,202608250774,"primary",0.9,0,0.202749442231818,0.18980044021723,0.168719619193471,0.171604111969509,0.124255602905944,-0.0154505208686163,0.525
"over",1,0.0241299558014512,0.792079207920792,3,TRUE,202608250774,"primary",0.9,0,0.202749442231818,0.18980044021723,0.168719619193471,0.171604111969509,0.124255602905944,-0.0154505208686163,0.525
"raw",0.616666666666667,0.0129490020145878,0.792079207920792,3,TRUE,202608250774,"primary",0.9,0,0.202749442231818,0.18980044021723,0.168719619193471,0.171604111969509,0.124255602905944,-0.0154505208686163,0.525
"cw",0.983333333333333,0.00658973002881545,1,3,TRUE,202608250775,"primary",0.8,0,0.123364047306451,0.185489105735886,0.196696401845802,0.153488468871639,0.0738083309622599,-0.00112712384160706,0.507999999999999
"gini",0.2,-0.0564580164855485,1,3,TRUE,202608250775,"primary",0.8,0,0.123364047306451,0.185489105735886,0.196696401845802,0.153488468871639,0.0738083309622599,-0.00112712384160706,0.507999999999999
"oracle",0,-0.432487347005788,NA,NA,NA,202608250775,"primary",0.8,0,0.123364047306451,0.185489105735886,0.196696401845802,0.153488468871639,0.0738083309622599,-0.00112712384160706,0.507999999999999
"over",0.983333333333333,0.00814886062963308,1,3,TRUE,202608250775,"primary",0.8,0,0.123364047306451,0.185489105735886,0.196696401845802,0.153488468871639,0.0738083309622599,-0.00112712384160706,0.507999999999999
"raw",0.2,-0.0621250584294354,1,3,TRUE,202608250775,"primary",0.8,0,0.123364047306451,0.185489105735886,0.196696401845802,0.153488468871639,0.0738083309622599,-0.00112712384160706,0.507999999999999
"cw",1,0.0111744708625561,1,3,TRUE,202608250776,"primary",0.9,0,0.149814211218573,0.156694251933426,0.16098349917096,0.159350971297548,0.0918698542685464,-0.0175235892695047,0.577
"gini",0.483333333333333,-0.00619688370986879,1,3,TRUE,202608250776,"primary",0.9,0,0.149814211218573,0.156694251933426,0.16098349917096,0.159350971297548,0.0918698542685464,-0.0175235892695047,0.577
"oracle",0,-0.456756524793953,NA,NA,NA,202608250776,"primary",0.9,0,0.149814211218573,0.156694251933426,0.16098349917096,0.159350971297548,0.0918698542685464,-0.0175235892695047,0.577
"over",1,0.0132813520178115,1,3,TRUE,202608250776,"primary",0.9,0,0.149814211218573,0.156694251933426,0.16098349917096,0.159350971297548,0.0918698542685464,-0.0175235892695047,0.577
"raw",0.5,-0.00688004071485293,1,3,TRUE,202608250776,"primary",0.9,0,0.149814211218573,0.156694251933426,0.16098349917096,0.159350971297548,0.0918698542685464,-0.0175235892695047,0.577
"cw",0.95,0.00870319331666505,0.792079207920792,3,FALSE,202608250777,"primary",0.8,0,0.145406239655498,0.179504150989179,0.15603190375794,0.17063926753054,0.0854248682333568,0.00347317915266493,0.545
"gini",0.35,-0.0299723652768971,0.792079207920792,3,FALSE,202608250777,"primary",0.8,0,0.145406239655498,0.179504150989179,0.15603190375794,0.17063926753054,0.0854248682333568,0.00347317915266493,0.545
"oracle",0,-0.43116658975521,NA,NA,NA,202608250777,"primary",0.8,0,0.145406239655498,0.179504150989179,0.15603190375794,0.17063926753054,0.0854248682333568,0.00347317915266493,0.545
"over",0.95,0.0104703605993799,0.792079207920792,3,FALSE,202608250777,"primary",0.8,0,0.145406239655498,0.179504150989179,0.15603190375794,0.17063926753054,0.0854248682333568,0.00347317915266493,0.545
"raw",0.333333333333333,-0.0340979113336808,0.792079207920792,3,FALSE,202608250777,"primary",0.8,0,0.145406239655498,0.179504150989179,0.15603190375794,0.17063926753054,0.0854248682333568,0.00347317915266493,0.545
"cw",1,0.0188290754931155,1,3,TRUE,202608250778,"primary",0.8,0,0.199756047631428,0.196813441958605,0.168735788642288,0.164921307086209,0.120730520966123,0.00404158910255307,0.478000000000002
"gini",0.533333333333333,0.00123466993891438,1,3,TRUE,202608250778,"primary",0.8,0,0.199756047631428,0.196813441958605,0.168735788642288,0.164921307086209,0.120730520966123,0.00404158910255307,0.478000000000002
"oracle",0,-0.349120602271206,NA,NA,NA,202608250778,"primary",0.8,0,0.199756047631428,0.196813441958605,0.168735788642288,0.164921307086209,0.120730520966123,0.00404158910255307,0.478000000000002
"over",1,0.0226413160929143,1,3,TRUE,202608250778,"primary",0.8,0,0.199756047631428,0.196813441958605,0.168735788642288,0.164921307086209,0.120730520966123,0.00404158910255307,0.478000000000002
"raw",0.55,0.00294260567282342,1,3,TRUE,202608250778,"primary",0.8,0,0.199756047631428,0.196813441958605,0.168735788642288,0.164921307086209,0.120730520966123,0.00404158910255307,0.478000000000002
"cw",1,0.00660582351660586,1,3,TRUE,202608250779,"primary",0.9,0,0.121372033937892,0.160816001290795,0.172868105597241,0.156087475423805,0.072265604835456,-0.0213411992268324,0.571000000000002
"gini",0.266666666666667,-0.034359026010017,1,3,TRUE,202608250779,"primary",0.9,0,0.121372033937892,0.160816001290795,0.172868105597241,0.156087475423805,0.072265604835456,-0.0213411992268324,0.571000000000002
"oracle",0,-0.457251635058374,NA,NA,NA,202608250779,"primary",0.9,0,0.121372033937892,0.160816001290795,0.172868105597241,0.156087475423805,0.072265604835456,-0.0213411992268324,0.571000000000002
"over",1,0.0079592351517254,1,3,TRUE,202608250779,"primary",0.9,0,0.121372033937892,0.160816001290795,0.172868105597241,0.156087475423805,0.072265604835456,-0.0213411992268324,0.571000000000002
"raw",0.3,-0.0394439673529032,1,3,TRUE,202608250779,"primary",0.9,0,0.121372033937892,0.160816001290795,0.172868105597241,0.156087475423805,0.072265604835456,-0.0213411992268324,0.571000000000002
"cw",1,0.0138788917827753,1,3,TRUE,202608250780,"primary",0.9,0,0.165969684649029,0.163872636108424,0.184107031556497,0.164348401927801,0.10364545184855,-0.00625504234934045,0.482000000000001
"gini",0.45,-0.00340997537660551,1,3,TRUE,202608250780,"primary",0.9,0,0.165969684649029,0.163872636108424,0.184107031556497,0.164348401927801,0.10364545184855,-0.00625504234934045,0.482000000000001
"oracle",0,-0.410343533234702,NA,NA,NA,202608250780,"primary",0.9,0,0.165969684649029,0.163872636108424,0.184107031556497,0.164348401927801,0.10364545184855,-0.00625504234934045,0.482000000000001
"over",1,0.0171319022255171,1,3,TRUE,202608250780,"primary",0.9,0,0.165969684649029,0.163872636108424,0.184107031556497,0.164348401927801,0.10364545184855,-0.00625504234934045,0.482000000000001
"raw",0.5,0.0020970485406048,1,3,TRUE,202608250780,"primary",0.9,0,0.165969684649029,0.163872636108424,0.184107031556497,0.164348401927801,0.10364545184855,-0.00625504234934045,0.482000000000001
"cw",1,0.0139997168535317,1,3,TRUE,202608250781,"primary",0.9,0,0.1771553042347,0.158864841639543,0.171242395988998,0.15486715007063,0.102483941232705,0.00133225413916633,0.551
"gini",0.6,0.0116772918710117,1,3,TRUE,202608250781,"primary",0.9,0,0.1771553042347,0.158864841639543,0.171242395988998,0.15486715007063,0.102483941232705,0.00133225413916633,0.551
"oracle",0,-0.393836844952663,NA,NA,NA,202608250781,"primary",0.9,0,0.1771553042347,0.158864841639543,0.171242395988998,0.15486715007063,0.102483941232705,0.00133225413916633,0.551
"over",1,0.0169701224293911,1,3,TRUE,202608250781,"primary",0.9,0,0.1771553042347,0.158864841639543,0.171242395988998,0.15486715007063,0.102483941232705,0.00133225413916633,0.551
"raw",0.616666666666667,0.0182904625951575,1,3,TRUE,202608250781,"primary",0.9,0,0.1771553042347,0.158864841639543,0.171242395988998,0.15486715007063,0.102483941232705,0.00133225413916633,0.551
"cw",1,0.0110256560738141,1,3,TRUE,202608250782,"primary",0.9,0,0.150010329368059,0.113297454566765,0.182408860188408,0.163190711893183,0.0900896149730515,-0.0415708001018461,0.586
"gini",0.683333333333333,0.0276432242243355,1,3,TRUE,202608250782,"primary",0.9,0,0.150010329368059,0.113297454566765,0.182408860188408,0.163190711893183,0.0900896149730515,-0.0415708001018461,0.586
"oracle",0,-0.435433860019409,NA,NA,NA,202608250782,"primary",0.9,0,0.150010329368059,0.113297454566765,0.182408860188408,0.163190711893183,0.0900896149730515,-0.0415708001018461,0.586
"over",1,0.0134604349462041,1,3,TRUE,202608250782,"primary",0.9,0,0.150010329368059,0.113297454566765,0.182408860188408,0.163190711893183,0.0900896149730515,-0.0415708001018461,0.586
"raw",0.7,0.0367128748012935,1,3,TRUE,202608250782,"primary",0.9,0,0.150010329368059,0.113297454566765,0.182408860188408,0.163190711893183,0.0900896149730515,-0.0415708001018461,0.586
"cw",1,0.0157621341369403,1,3,TRUE,202608250783,"primary",0.9,0,0.181448046285779,0.203932215007175,0.164057790827232,0.161422828364134,0.111685689075262,-0.00447791707981353,0.519
"gini",0.45,-0.0206657048360737,1,3,TRUE,202608250783,"primary",0.9,0,0.181448046285779,0.203932215007175,0.164057790827232,0.161422828364134,0.111685689075262,-0.00447791707981353,0.519
"oracle",0,-0.405748091276594,NA,NA,NA,202608250783,"primary",0.9,0,0.181448046285779,0.203932215007175,0.164057790827232,0.161422828364134,0.111685689075262,-0.00447791707981353,0.519
"over",1,0.0189003858499769,1,3,TRUE,202608250783,"primary",0.9,0,0.181448046285779,0.203932215007175,0.164057790827232,0.161422828364134,0.111685689075262,-0.00447791707981353,0.519
"raw",0.433333333333333,-0.0224841687213963,1,3,TRUE,202608250783,"primary",0.9,0,0.181448046285779,0.203932215007175,0.164057790827232,0.161422828364134,0.111685689075262,-0.00447791707981353,0.519
"cw",1,0.0202761980174153,1,3,TRUE,202608250784,"primary",0.9,0,0.204664244249256,0.164838017157501,0.178260185135212,0.168417533434913,0.126035069576529,-8.65886458965877e-06,0.424999999999999
"gini",0.666666666666667,0.0303830494076398,1,3,TRUE,202608250784,"primary",0.9,0,0.204664244249256,0.164838017157501,0.178260185135212,0.168417533434913,0.126035069576529,-8.65886458965877e-06,0.424999999999999
"oracle",0,-0.366256998794749,NA,NA,NA,202608250784,"primary",0.9,0,0.204664244249256,0.164838017157501,0.178260185135212,0.168417533434913,0.126035069576529,-8.65886458965877e-06,0.424999999999999
"over",1,0.0247339196214186,1,3,TRUE,202608250784,"primary",0.9,0,0.204664244249256,0.164838017157501,0.178260185135212,0.168417533434913,0.126035069576529,-8.65886458965877e-06,0.424999999999999
"raw",0.65,0.0398262270917554,1,3,TRUE,202608250784,"primary",0.9,0,0.204664244249256,0.164838017157501,0.178260185135212,0.168417533434913,0.126035069576529,-8.65886458965877e-06,0.424999999999999
"cw",0.966666666666667,0.0124846691077493,0.792079207920792,3,FALSE,202608250785,"primary",0.6,0,0.166843542327366,0.177148693652841,0.17993832223624,0.166748532954621,0.093902190931471,-0.00220364948824785,0.481999999999999
"gini",0.466666666666667,-0.0122183946578827,0.792079207920792,3,FALSE,202608250785,"primary",0.6,0,0.166843542327366,0.177148693652841,0.17993832223624,0.166748532954621,0.093902190931471,-0.00220364948824785,0.481999999999999
"oracle",0.0166666666666667,-0.27450042031611,NA,NA,NA,202608250785,"primary",0.6,0,0.166843542327366,0.177148693652841,0.17993832223624,0.166748532954621,0.093902190931471,-0.00220364948824785,0.481999999999999
"over",0.966666666666667,0.0154183496359749,0.792079207920792,3,FALSE,202608250785,"primary",0.6,0,0.166843542327366,0.177148693652841,0.17993832223624,0.166748532954621,0.093902190931471,-0.00220364948824785,0.481999999999999
"raw",0.5,-0.0103051513254754,0.774193548387097,4,FALSE,202608250785,"primary",0.6,0,0.166843542327366,0.177148693652841,0.17993832223624,0.166748532954621,0.093902190931471,-0.00220364948824785,0.481999999999999
"cw",1,0.0179391212133225,0.792079207920792,3,FALSE,202608250786,"primary",0.6,0,0.198410549182972,0.182397911354231,0.184737514336722,0.154578488248931,0.119651424557749,0.00220020744884229,0.625999999999999
"gini",0.516666666666667,0.00728177407079103,0.792079207920792,3,FALSE,202608250786,"primary",0.6,0,0.198410549182972,0.182397911354231,0.184737514336722,0.154578488248931,0.119651424557749,0.00220020744884229,0.625999999999999
"oracle",0,-0.349388221220294,NA,NA,NA,202608250786,"primary",0.6,0,0.198410549182972,0.182397911354231,0.184737514336722,0.154578488248931,0.119651424557749,0.00220020744884229,0.625999999999999
"over",1,0.0220346265640444,0.792079207920792,3,FALSE,202608250786,"primary",0.6,0,0.198410549182972,0.182397911354231,0.184737514336722,0.154578488248931,0.119651424557749,0.00220020744884229,0.625999999999999
"raw",0.566666666666667,0.0160126378287412,0.792079207920792,3,FALSE,202608250786,"primary",0.6,0,0.198410549182972,0.182397911354231,0.184737514336722,0.154578488248931,0.119651424557749,0.00220020744884229,0.625999999999999
"cw",0.983333333333333,0.0186347514730624,1,3,TRUE,202608250787,"primary",0.9,0,0.214429375350965,0.205130886703138,0.178160895280363,0.159107926059127,0.131864577516517,0.0244458391245066,0.545999999999999
"gini",0.5,0.00157502477064494,1,3,TRUE,202608250787,"primary",0.9,0,0.214429375350965,0.205130886703138,0.178160895280363,0.159107926059127,0.131864577516517,0.0244458391245066,0.545999999999999
"oracle",0,-0.330197237647407,NA,NA,NA,202608250787,"primary",0.9,0,0.214429375350965,0.205130886703138,0.178160895280363,0.159107926059127,0.131864577516517,0.0244458391245066,0.545999999999999
"over",1,0.0228545301766177,1,3,TRUE,202608250787,"primary",0.9,0,0.214429375350965,0.205130886703138,0.178160895280363,0.159107926059127,0.131864577516517,0.0244458391245066,0.545999999999999
"raw",0.483333333333333,0.00929848864782695,1,3,TRUE,202608250787,"primary",0.9,0,0.214429375350965,0.205130886703138,0.178160895280363,0.159107926059127,0.131864577516517,0.0244458391245066,0.545999999999999
"cw",0.933333333333333,0.0153555379603682,0.792079207920792,3,FALSE,202608250788,"primary",0.7,0,0.178918921441024,0.214133996580776,0.184652214497777,0.149394191276218,0.108592150949027,-0.000922181365902703,0.473999999999998
"gini",0.4,-0.0378691242407031,0.792079207920792,3,TRUE,202608250788,"primary",0.7,0,0.178918921441024,0.214133996580776,0.184652214497777,0.149394191276218,0.108592150949027,-0.000922181365902703,0.473999999999998
"oracle",0.116666666666667,-0.304720514858427,NA,NA,NA,202608250788,"primary",0.7,0,0.178918921441024,0.214133996580776,0.184652214497777,0.149394191276218,0.108592150949027,-0.000922181365902703,0.473999999999998
"over",0.933333333333333,0.0191853307744563,0.792079207920792,3,FALSE,202608250788,"primary",0.7,0,0.178918921441024,0.214133996580776,0.184652214497777,0.149394191276218,0.108592150949027,-0.000922181365902703,0.473999999999998
"raw",0.416666666666667,-0.0352150751397515,0.792079207920792,3,TRUE,202608250788,"primary",0.7,0,0.178918921441024,0.214133996580776,0.184652214497777,0.149394191276218,0.108592150949027,-0.000922181365902703,0.473999999999998
"cw",1,0.0169821809793221,1,3,TRUE,202608250789,"primary",0.9,0,0.186815351123065,0.143461017503357,0.17047955884292,0.164288862124825,0.110587245050385,-0.0144517039182174,0.587999999999999
"gini",0.716666666666667,0.0356744142170929,1,3,TRUE,202608250789,"primary",0.9,0,0.186815351123065,0.143461017503357,0.17047955884292,0.164288862124825,0.110587245050385,-0.0144517039182174,0.587999999999999
"oracle",0,-0.332843751222047,NA,NA,NA,202608250789,"primary",0.9,0,0.186815351123065,0.143461017503357,0.17047955884292,0.164288862124825,0.110587245050385,-0.0144517039182174,0.587999999999999
"over",1,0.0205434961511415,1,3,TRUE,202608250789,"primary",0.9,0,0.186815351123065,0.143461017503357,0.17047955884292,0.164288862124825,0.110587245050385,-0.0144517039182174,0.587999999999999
"raw",0.716666666666667,0.0433543336197082,1,3,TRUE,202608250789,"primary",0.9,0,0.186815351123065,0.143461017503357,0.17047955884292,0.164288862124825,0.110587245050385,-0.0144517039182174,0.587999999999999
"cw",1,0.0148167740132512,1,3,TRUE,202608250790,"primary",0.9,0,0.175728937092844,0.138646225926586,0.177763256753001,0.170121683082475,0.105360549935434,-0.0178962360083828,0.608000000000001
"gini",0.666666666666667,0.0297234188900649,1,3,TRUE,202608250790,"primary",0.9,0,0.175728937092844,0.138646225926586,0.177763256753001,0.170121683082475,0.105360549935434,-0.0178962360083828,0.608000000000001
"oracle",0,-0.298323220386581,NA,NA,NA,202608250790,"primary",0.9,0,0.175728937092844,0.138646225926586,0.177763256753001,0.170121683082475,0.105360549935434,-0.0178962360083828,0.608000000000001
"over",1,0.0181006673745337,1,3,TRUE,202608250790,"primary",0.9,0,0.175728937092844,0.138646225926586,0.177763256753001,0.170121683082475,0.105360549935434,-0.0178962360083828,0.608000000000001
"raw",0.666666666666667,0.0370827111662586,1,3,TRUE,202608250790,"primary",0.9,0,0.175728937092844,0.138646225926586,0.177763256753001,0.170121683082475,0.105360549935434,-0.0178962360083828,0.608000000000001
"cw",1,0.0171593685725636,1,3,TRUE,202608250791,"primary",0.8,0,0.191698693867506,0.179112012330764,0.184451294213489,0.16650151466897,0.117625159560058,-0.0043979562564477,0.525
"gini",0.6,0.00750900970568275,1,3,TRUE,202608250791,"primary",0.8,0,0.191698693867506,0.179112012330764,0.184451294213489,0.16650151466897,0.117625159560058,-0.0043979562564477,0.525
"oracle",0,-0.375023196814583,NA,NA,NA,202608250791,"primary",0.8,0,0.191698693867506,0.179112012330764,0.184451294213489,0.16650151466897,0.117625159560058,-0.0043979562564477,0.525
"over",1,0.0211496309102388,1,3,TRUE,202608250791,"primary",0.8,0,0.191698693867506,0.179112012330764,0.184451294213489,0.16650151466897,0.117625159560058,-0.0043979562564477,0.525
"raw",0.583333333333333,0.012586681536742,1,3,TRUE,202608250791,"primary",0.8,0,0.191698693867506,0.179112012330764,0.184451294213489,0.16650151466897,0.117625159560058,-0.0043979562564477,0.525
"cw",1,0.024467762870853,1,3,TRUE,202608250792,"primary",0.9,0,0.228947542025156,0.136722410568307,0.193963190932438,0.175734395115641,0.134550362126359,-0.00923765733364158,0.395999999999999
"gini",0.816666666666667,0.0703035672781035,1,3,TRUE,202608250792,"primary",0.9,0,0.228947542025156,0.136722410568307,0.193963190932438,0.175734395115641,0.134550362126359,-0.00923765733364158,0.395999999999999
"oracle",0,-0.321091340160281,NA,NA,NA,202608250792,"primary",0.9,0,0.228947542025156,0.136722410568307,0.193963190932438,0.175734395115641,0.134550362126359,-0.00923765733364158,0.395999999999999
"over",1,0.0305454914046238,1,3,TRUE,202608250792,"primary",0.9,0,0.228947542025156,0.136722410568307,0.193963190932438,0.175734395115641,0.134550362126359,-0.00923765733364158,0.395999999999999
"raw",0.85,0.0922251314568492,1,3,TRUE,202608250792,"primary",0.9,0,0.228947542025156,0.136722410568307,0.193963190932438,0.175734395115641,0.134550362126359,-0.00923765733364158,0.395999999999999
"cw",1,0.0183741896511919,1,3,TRUE,202608250793,"primary",0.9,0,0.202200903038883,0.165528446331087,0.177250874594501,0.164751324487331,0.117827397033267,-0.00119726922282235,0.44
"gini",0.666666666666667,0.0276134109531156,1,3,TRUE,202608250793,"primary",0.9,0,0.202200903038883,0.165528446331087,0.177250874594501,0.164751324487331,0.117827397033267,-0.00119726922282235,0.44
"oracle",0,-0.30132747249032,NA,NA,NA,202608250793,"primary",0.9,0,0.202200903038883,0.165528446331087,0.177250874594501,0.164751324487331,0.117827397033267,-0.00119726922282235,0.44
"over",1,0.0223769425512467,1,3,TRUE,202608250793,"primary",0.9,0,0.202200903038883,0.165528446331087,0.177250874594501,0.164751324487331,0.117827397033267,-0.00119726922282235,0.44
"raw",0.683333333333333,0.0366724567077954,1,3,TRUE,202608250793,"primary",0.9,0,0.202200903038883,0.165528446331087,0.177250874594501,0.164751324487331,0.117827397033267,-0.00119726922282235,0.44
"cw",0.85,0.00635729149936289,0.792079207920792,3,FALSE,202608250794,"primary",0.5,0,0.145332792935294,0.204179136586539,0.159602422974226,0.169990418063229,0.0882640812530185,0.0250317148673011,0.532
"gini",0.25,-0.0477896148010771,0.792079207920792,3,FALSE,202608250794,"primary",0.5,0,0.145332792935294,0.204179136586539,0.159602422974226,0.169990418063229,0.0882640812530185,0.0250317148673011,0.532
"oracle",0,-0.41062139171955,NA,NA,NA,202608250794,"primary",0.5,0,0.145332792935294,0.204179136586539,0.159602422974226,0.169990418063229,0.0882640812530185,0.0250317148673011,0.532
"over",0.85,0.00753907295334749,0.792079207920792,3,FALSE,202608250794,"primary",0.5,0,0.145332792935294,0.204179136586539,0.159602422974226,0.169990418063229,0.0882640812530185,0.0250317148673011,0.532
"raw",0.166666666666667,-0.0588463436512457,0.792079207920792,3,FALSE,202608250794,"primary",0.5,0,0.145332792935294,0.204179136586539,0.159602422974226,0.169990418063229,0.0882640812530185,0.0250317148673011,0.532
"cw",1,0.00926504049352766,0.792079207920792,3,FALSE,202608250795,"primary",0.8,0,0.139054281047763,0.135032526384743,0.183697818936424,0.149958321539552,0.0837968105980676,-0.0226664789321027,0.603000000000002
"gini",0.5,0.000400058246174104,0.792079207920792,3,FALSE,202608250795,"primary",0.8,0,0.139054281047763,0.135032526384743,0.183697818936424,0.149958321539552,0.0837968105980676,-0.0226664789321027,0.603000000000002
"oracle",0,-0.347731145143962,NA,NA,NA,202608250795,"primary",0.8,0,0.139054281047763,0.135032526384743,0.183697818936424,0.149958321539552,0.0837968105980676,-0.0226664789321027,0.603000000000002
"over",1,0.0113086455016342,0.792079207920792,3,FALSE,202608250795,"primary",0.8,0,0.139054281047763,0.135032526384743,0.183697818936424,0.149958321539552,0.0837968105980676,-0.0226664789321027,0.603000000000002
"raw",0.533333333333333,0.00402175466301982,0.792079207920792,3,FALSE,202608250795,"primary",0.8,0,0.139054281047763,0.135032526384743,0.183697818936424,0.149958321539552,0.0837968105980676,-0.0226664789321027,0.603000000000002
"cw",1,0.0149513868821325,1,3,TRUE,202608250796,"primary",0.9,0,0.17975846599794,0.178579801478767,0.163178516176206,0.181483866224447,0.105609257989889,-0.00450813496515923,0.583
"gini",0.533333333333333,0.00326308083792767,1,3,TRUE,202608250796,"primary",0.9,0,0.17975846599794,0.178579801478767,0.163178516176206,0.181483866224447,0.105609257989889,-0.00450813496515923,0.583
"oracle",0,-0.345869822666925,NA,NA,NA,202608250796,"primary",0.9,0,0.17975846599794,0.178579801478767,0.163178516176206,0.181483866224447,0.105609257989889,-0.00450813496515923,0.583
"over",1,0.0178717865358225,1,3,TRUE,202608250796,"primary",0.9,0,0.17975846599794,0.178579801478767,0.163178516176206,0.181483866224447,0.105609257989889,-0.00450813496515923,0.583
"raw",0.533333333333333,0.00117866451917298,1,3,TRUE,202608250796,"primary",0.9,0,0.17975846599794,0.178579801478767,0.163178516176206,0.181483866224447,0.105609257989889,-0.00450813496515923,0.583
"cw",1,0.0296249125638249,1,3,TRUE,202608250797,"primary",0.9,0,0.246780887088432,0.213319968266168,0.193074519065116,0.172773930773981,0.150818042513125,-0.00674983174087352,0.618
"gini",0.716666666666667,0.019637814076318,1,3,TRUE,202608250797,"primary",0.9,0,0.246780887088432,0.213319968266168,0.193074519065116,0.172773930773981,0.150818042513125,-0.00674983174087352,0.618
"oracle",0,-0.248162866725115,NA,NA,NA,202608250797,"primary",0.9,0,0.246780887088432,0.213319968266168,0.193074519065116,0.172773930773981,0.150818042513125,-0.00674983174087352,0.618
"over",1,0.0370823436103981,1,3,TRUE,202608250797,"primary",0.9,0,0.246780887088432,0.213319968266168,0.193074519065116,0.172773930773981,0.150818042513125,-0.00674983174087352,0.618
"raw",0.733333333333333,0.0334609188222643,1,3,TRUE,202608250797,"primary",0.9,0,0.246780887088432,0.213319968266168,0.193074519065116,0.172773930773981,0.150818042513125,-0.00674983174087352,0.618
"cw",0.483333333333333,-0.000521509773862591,0.56957928802589,3,FALSE,202608250798,"primary",0.5,0,0.119643908110553,0.231312977420516,0.194339654872955,0.17197104830396,0.0655799812913328,0.0290303204301666,0.511000000000001
"gini",0.133333333333333,-0.0955418376084295,0.56957928802589,3,FALSE,202608250798,"primary",0.5,0,0.119643908110553,0.231312977420516,0.194339654872955,0.17197104830396,0.0655799812913328,0.0290303204301666,0.511000000000001
"oracle",0,-0.48955681243091,NA,NA,NA,202608250798,"primary",0.5,0,0.119643908110553,0.231312977420516,0.194339654872955,0.17197104830396,0.0655799812913328,0.0290303204301666,0.511000000000001
"over",0.516666666666667,-0.000440926068225406,0.56957928802589,3,FALSE,202608250798,"primary",0.5,0,0.119643908110553,0.231312977420516,0.194339654872955,0.17197104830396,0.0655799812913328,0.0290303204301666,0.511000000000001
"raw",0.133333333333333,-0.111669069309963,0.56957928802589,3,FALSE,202608250798,"primary",0.5,0,0.119643908110553,0.231312977420516,0.194339654872955,0.17197104830396,0.0655799812913328,0.0290303204301666,0.511000000000001
"cw",0.983333333333333,0.0115749704566162,1,3,TRUE,202608250799,"primary",0.9,0,0.162644426469742,0.171250103741595,0.165520103187386,0.169859728991267,0.0978309439717658,0.00442884455147787,0.428999999999998
"gini",0.516666666666667,-0.011069150405953,1,3,TRUE,202608250799,"primary",0.9,0,0.162644426469742,0.171250103741595,0.165520103187386,0.169859728991267,0.0978309439717658,0.00442884455147787,0.428999999999998
"oracle",0,-0.417747394688287,NA,NA,NA,202608250799,"primary",0.9,0,0.162644426469742,0.171250103741595,0.165520103187386,0.169859728991267,0.0978309439717658,0.00442884455147787,0.428999999999998
"over",0.983333333333333,0.0141338131486991,1,3,TRUE,202608250799,"primary",0.9,0,0.162644426469742,0.171250103741595,0.165520103187386,0.169859728991267,0.0978309439717658,0.00442884455147787,0.428999999999998
"raw",0.466666666666667,-0.00860567727185282,1,3,TRUE,202608250799,"primary",0.9,0,0.162644426469742,0.171250103741595,0.165520103187386,0.169859728991267,0.0978309439717658,0.00442884455147787,0.428999999999998
"cw",1,0.0137693781356414,1,3,TRUE,202608250800,"primary",0.9,0,0.176674411786684,0.174151099089499,0.208017452632658,0.15547505350926,0.101944139804874,-0.0108715034853685,0.432
"gini",0.5,-0.00831607003365603,1,3,TRUE,202608250800,"primary",0.9,0,0.176674411786684,0.174151099089499,0.208017452632658,0.15547505350926,0.101944139804874,-0.0108715034853685,0.432
"oracle",0,-0.358506275713808,NA,NA,NA,202608250800,"primary",0.9,0,0.176674411786684,0.174151099089499,0.208017452632658,0.15547505350926,0.101944139804874,-0.0108715034853685,0.432
"over",1,0.017258747852615,1,3,TRUE,202608250800,"primary",0.9,0,0.176674411786684,0.174151099089499,0.208017452632658,0.15547505350926,0.101944139804874,-0.0108715034853685,0.432
"raw",0.5,0.00252331269718528,1,3,TRUE,202608250800,"primary",0.9,0,0.176674411786684,0.174151099089499,0.208017452632658,0.15547505350926,0.101944139804874,-0.0108715034853685,0.432
"cw",1,0.00859413580842539,0.792079207920792,3,FALSE,202608250801,"primary",0.6,0,0.138655879148223,0.154217470321004,0.173463506377459,0.161600769910914,0.0771807947305391,-0.011894869391063,0.467000000000001
"gini",0.483333333333333,-0.0163076577065696,0.792079207920792,3,FALSE,202608250801,"primary",0.6,0,0.138655879148223,0.154217470321004,0.173463506377459,0.161600769910914,0.0771807947305391,-0.011894869391063,0.467000000000001
"oracle",0,-0.408739584048016,NA,NA,NA,202608250801,"primary",0.6,0,0.138655879148223,0.154217470321004,0.173463506377459,0.161600769910914,0.0771807947305391,-0.011894869391063,0.467000000000001
"over",1,0.0103843769893186,0.792079207920792,3,FALSE,202608250801,"primary",0.6,0,0.138655879148223,0.154217470321004,0.173463506377459,0.161600769910914,0.0771807947305391,-0.011894869391063,0.467000000000001
"raw",0.483333333333333,-0.0155615911727801,0.792079207920792,3,FALSE,202608250801,"primary",0.6,0,0.138655879148223,0.154217470321004,0.173463506377459,0.161600769910914,0.0771807947305391,-0.011894869391063,0.467000000000001
"cw",1,0.0189727279288558,1,3,TRUE,202608250802,"primary",0.9,0,0.204855191870773,0.197181899887205,0.162871609731259,0.160876174763079,0.123541440967805,0.00486970898577359,0.550000000000001
"gini",0.583333333333333,0.00647982635733607,1,3,TRUE,202608250802,"primary",0.9,0,0.204855191870773,0.197181899887205,0.162871609731259,0.160876174763079,0.123541440967805,0.00486970898577359,0.550000000000001
"oracle",0,-0.357550557672015,NA,NA,NA,202608250802,"primary",0.9,0,0.204855191870773,0.197181899887205,0.162871609731259,0.160876174763079,0.123541440967805,0.00486970898577359,0.550000000000001
"over",1,0.0226124233779349,1,3,TRUE,202608250802,"primary",0.9,0,0.204855191870773,0.197181899887205,0.162871609731259,0.160876174763079,0.123541440967805,0.00486970898577359,0.550000000000001
"raw",0.616666666666667,0.00767329198356823,1,3,TRUE,202608250802,"primary",0.9,0,0.204855191870773,0.197181899887205,0.162871609731259,0.160876174763079,0.123541440967805,0.00486970898577359,0.550000000000001
"cw",0.766666666666667,0.00444178530456678,0.641025641025641,3,FALSE,202608250803,"primary",0.4,0,0.119596993855179,0.211420119791723,0.163802505098994,0.149664133639673,0.0711132313190734,0.0144649416179935,0.407999999999999
"gini",0.0333333333333333,-0.0791950184100728,0.641025641025641,3,FALSE,202608250803,"primary",0.4,0,0.119596993855179,0.211420119791723,0.163802505098994,0.149664133639673,0.0711132313190734,0.0144649416179935,0.407999999999999
"oracle",0,-0.4216215070729,NA,NA,NA,202608250803,"primary",0.4,0,0.119596993855179,0.211420119791723,0.163802505098994,0.149664133639673,0.0711132313190734,0.0144649416179935,0.407999999999999
"over",0.783333333333333,0.00530322029661776,0.641025641025641,3,FALSE,202608250803,"primary",0.4,0,0.119596993855179,0.211420119791723,0.163802505098994,0.149664133639673,0.0711132313190734,0.0144649416179935,0.407999999999999
"raw",0.0666666666666667,-0.0918231259365445,0.641025641025641,3,FALSE,202608250803,"primary",0.4,0,0.119596993855179,0.211420119791723,0.163802505098994,0.149664133639673,0.0711132313190734,0.0144649416179935,0.407999999999999
"cw",1,0.0134545905303015,1,3,TRUE,202608250804,"primary",0.9,0,0.169835504709409,0.187935766469458,0.146154436297351,0.165286752335387,0.103018540155349,-0.0114812242577765,0.407
"gini",0.416666666666667,-0.0118482222051423,1,3,TRUE,202608250804,"primary",0.9,0,0.169835504709409,0.187935766469458,0.146154436297351,0.165286752335387,0.103018540155349,-0.0114812242577765,0.407
"oracle",0,-0.376178146684829,NA,NA,NA,202608250804,"primary",0.9,0,0.169835504709409,0.187935766469458,0.146154436297351,0.165286752335387,0.103018540155349,-0.0114812242577765,0.407
"over",1,0.0156637359021588,1,3,TRUE,202608250804,"primary",0.9,0,0.169835504709409,0.187935766469458,0.146154436297351,0.165286752335387,0.103018540155349,-0.0114812242577765,0.407
"raw",0.433333333333333,-0.0181002617600488,1,3,TRUE,202608250804,"primary",0.9,0,0.169835504709409,0.187935766469458,0.146154436297351,0.165286752335387,0.103018540155349,-0.0114812242577765,0.407
"cw",0.916666666666667,0.00998444952829539,1,3,TRUE,202608250805,"primary",0.8,0,0.154552135728718,0.198003770858738,0.166906408010324,0.157670090214562,0.0927504492101861,0.012809520534463,0.616000000000001
"gini",0.316666666666667,-0.0389337279687801,1,3,TRUE,202608250805,"primary",0.8,0,0.154552135728718,0.198003770858738,0.166906408010324,0.157670090214562,0.0927504492101861,0.012809520534463,0.616000000000001
"oracle",0,-0.44979532774826,NA,NA,NA,202608250805,"primary",0.8,0,0.154552135728718,0.198003770858738,0.166906408010324,0.157670090214562,0.0927504492101861,0.012809520534463,0.616000000000001
"over",0.916666666666667,0.0120872909048419,1,3,TRUE,202608250805,"primary",0.8,0,0.154552135728718,0.198003770858738,0.166906408010324,0.157670090214562,0.0927504492101861,0.012809520534463,0.616000000000001
"raw",0.316666666666667,-0.04345163513002,1,3,TRUE,202608250805,"primary",0.8,0,0.154552135728718,0.198003770858738,0.166906408010324,0.157670090214562,0.0927504492101861,0.012809520534463,0.616000000000001
"cw",1,0.00990320849307638,1,3,TRUE,202608250806,"primary",0.9,0,0.144739714306216,0.164267133091422,0.178366766691164,0.174817292881784,0.0883593916273378,-0.00938814946490864,0.501000000000001
"gini",0.416666666666667,-0.0177043612627156,1,3,TRUE,202608250806,"primary",0.9,0,0.144739714306216,0.164267133091422,0.178366766691164,0.174817292881784,0.0883593916273378,-0.00938814946490864,0.501000000000001
"oracle",0,-0.36458876763639,NA,NA,NA,202608250806,"primary",0.9,0,0.144739714306216,0.164267133091422,0.178366766691164,0.174817292881784,0.0883593916273378,-0.00938814946490864,0.501000000000001
"over",1,0.0121543178763815,1,3,TRUE,202608250806,"primary",0.9,0,0.144739714306216,0.164267133091422,0.178366766691164,0.174817292881784,0.0883593916273378,-0.00938814946490864,0.501000000000001
"raw",0.4,-0.0195274187852065,1,3,TRUE,202608250806,"primary",0.9,0,0.144739714306216,0.164267133091422,0.178366766691164,0.174817292881784,0.0883593916273378,-0.00938814946490864,0.501000000000001
"cw",1,0.0144623961084446,1,3,TRUE,202608250807,"primary",0.9,0,0.174324245593857,0.181761252010137,0.149401282574169,0.176719875874074,0.103906395151192,-0.00149256260319414,0.577
"gini",0.5,-0.00136399789233993,1,3,TRUE,202608250807,"primary",0.9,0,0.174324245593857,0.181761252010137,0.149401282574169,0.176719875874074,0.103906395151192,-0.00149256260319414,0.577
"oracle",0,-0.345064703035382,NA,NA,NA,202608250807,"primary",0.9,0,0.174324245593857,0.181761252010137,0.149401282574169,0.176719875874074,0.103906395151192,-0.00149256260319414,0.577
"over",1,0.0169780017411189,1,3,TRUE,202608250807,"primary",0.9,0,0.174324245593857,0.181761252010137,0.149401282574169,0.176719875874074,0.103906395151192,-0.00149256260319414,0.577
"raw",0.466666666666667,-0.0074370064162802,1,3,TRUE,202608250807,"primary",0.9,0,0.174324245593857,0.181761252010137,0.149401282574169,0.176719875874074,0.103906395151192,-0.00149256260319414,0.577
"cw",1,0.0212647297652191,1,3,TRUE,202608250808,"primary",0.9,0,0.213274998333643,0.161256240650302,0.170661207875728,0.173793379413167,0.13130953509069,0.00843012848855912,0.51
"gini",0.7,0.043449416855068,1,3,TRUE,202608250808,"primary",0.9,0,0.213274998333643,0.161256240650302,0.170661207875728,0.173793379413167,0.13130953509069,0.00843012848855912,0.51
"oracle",0,-0.365613536734985,NA,NA,NA,202608250808,"primary",0.9,0,0.213274998333643,0.161256240650302,0.170661207875728,0.173793379413167,0.13130953509069,0.00843012848855912,0.51
"over",1,0.0255906449743743,1,3,TRUE,202608250808,"primary",0.9,0,0.213274998333643,0.161256240650302,0.170661207875728,0.173793379413167,0.13130953509069,0.00843012848855912,0.51
"raw",0.733333333333333,0.0520187576833418,1,3,TRUE,202608250808,"primary",0.9,0,0.213274998333643,0.161256240650302,0.170661207875728,0.173793379413167,0.13130953509069,0.00843012848855912,0.51
"cw",0.95,0.00515243201543327,0.714285714285714,4,FALSE,202608250809,"primary",0.5,0,0.112938020415126,0.150358499826842,0.183469146801743,0.173772518425713,0.0623374938695048,-0.00154991632859086,0.393000000000001
"gini",0.35,-0.0320339025427827,1,3,TRUE,202608250809,"primary",0.5,0,0.112938020415126,0.150358499826842,0.183469146801743,0.173772518425713,0.0623374938695048,-0.00154991632859086,0.393000000000001
"oracle",0,-0.41864757328611,NA,NA,NA,202608250809,"primary",0.5,0,0.112938020415126,0.150358499826842,0.183469146801743,0.173772518425713,0.0623374938695048,-0.00154991632859086,0.393000000000001
"over",0.95,0.00627978807742976,0.714285714285714,4,FALSE,202608250809,"primary",0.5,0,0.112938020415126,0.150358499826842,0.183469146801743,0.173772518425713,0.0623374938695048,-0.00154991632859086,0.393000000000001
"raw",0.333333333333333,-0.0374204794117162,1,3,TRUE,202608250809,"primary",0.5,0,0.112938020415126,0.150358499826842,0.183469146801743,0.173772518425713,0.0623374938695048,-0.00154991632859086,0.393000000000001
"cw",0.916666666666667,0.00729850910717081,1,3,TRUE,202608250810,"primary",0.9,0,0.144027912017561,0.184870841372969,0.16620596942718,0.168566985074747,0.0850989604489392,0.0161581864768267,0.607999999999999
"gini",0.283333333333333,-0.0335238161016785,1,3,TRUE,202608250810,"primary",0.9,0,0.144027912017561,0.184870841372969,0.16620596942718,0.168566985074747,0.0850989604489392,0.0161581864768267,0.607999999999999
"oracle",0,-0.408972380069158,NA,NA,NA,202608250810,"primary",0.9,0,0.144027912017561,0.184870841372969,0.16620596942718,0.168566985074747,0.0850989604489392,0.0161581864768267,0.607999999999999
"over",0.9,0.00864245827416783,1,3,TRUE,202608250810,"primary",0.9,0,0.144027912017561,0.184870841372969,0.16620596942718,0.168566985074747,0.0850989604489392,0.0161581864768267,0.607999999999999
"raw",0.25,-0.0408429293554078,1,3,TRUE,202608250810,"primary",0.9,0,0.144027912017561,0.184870841372969,0.16620596942718,0.168566985074747,0.0850989604489392,0.0161581864768267,0.607999999999999
"cw",1,0.0232630479009145,1,3,TRUE,202608250811,"primary",0.9,0,0.217329704226994,0.126954904754558,0.166437642585841,0.176737362755308,0.130814153960477,0.00266794652503214,0.423999999999999
"gini",0.85,0.0738262550345645,1,3,TRUE,202608250811,"primary",0.9,0,0.217329704226994,0.126954904754558,0.166437642585841,0.176737362755308,0.130814153960477,0.00266794652503214,0.423999999999999
"oracle",0.0166666666666667,-0.2502154115224,NA,NA,NA,202608250811,"primary",0.9,0,0.217329704226994,0.126954904754558,0.166437642585841,0.176737362755308,0.130814153960477,0.00266794652503214,0.423999999999999
"over",1,0.0277993083963993,1,3,TRUE,202608250811,"primary",0.9,0,0.217329704226994,0.126954904754558,0.166437642585841,0.176737362755308,0.130814153960477,0.00266794652503214,0.423999999999999
"raw",0.866666666666667,0.0903747994724354,1,3,TRUE,202608250811,"primary",0.9,0,0.217329704226994,0.126954904754558,0.166437642585841,0.176737362755308,0.130814153960477,0.00266794652503214,0.423999999999999
"cw",1,0.01127329158566,1,3,TRUE,202608250812,"primary",0.9,0,0.167214481863751,0.198482211810271,0.161203337624273,0.163409546063801,0.103028799949218,0.016451367741749,0.439
"gini",0.35,-0.0258931203020668,1,3,TRUE,202608250812,"primary",0.9,0,0.167214481863751,0.198482211810271,0.161203337624273,0.163409546063801,0.103028799949218,0.016451367741749,0.439
"oracle",0,-0.354086332049937,NA,NA,NA,202608250812,"primary",0.9,0,0.167214481863751,0.198482211810271,0.161203337624273,0.163409546063801,0.103028799949218,0.016451367741749,0.439
"over",1,0.0134457676624381,1,3,TRUE,202608250812,"primary",0.9,0,0.167214481863751,0.198482211810271,0.161203337624273,0.163409546063801,0.103028799949218,0.016451367741749,0.439
"raw",0.366666666666667,-0.0312677299465201,1,3,TRUE,202608250812,"primary",0.9,0,0.167214481863751,0.198482211810271,0.161203337624273,0.163409546063801,0.103028799949218,0.016451367741749,0.439
"cw",1,0.0103559192618717,0.792079207920792,3,FALSE,202608250813,"primary",0.6,0,0.15143247281552,0.182184084465826,0.172831696843004,0.148729451908195,0.0902270293511582,0.00209646631577225,0.370000000000001
"gini",0.316666666666667,-0.0307778433115481,0.792079207920792,3,FALSE,202608250813,"primary",0.6,0,0.15143247281552,0.182184084465826,0.172831696843004,0.148729451908195,0.0902270293511582,0.00209646631577225,0.370000000000001
"oracle",0,-0.368921380150374,NA,NA,NA,202608250813,"primary",0.6,0,0.15143247281552,0.182184084465826,0.172831696843004,0.148729451908195,0.0902270293511582,0.00209646631577225,0.370000000000001
"over",1,0.0126071351556263,0.792079207920792,3,FALSE,202608250813,"primary",0.6,0,0.15143247281552,0.182184084465826,0.172831696843004,0.148729451908195,0.0902270293511582,0.00209646631577225,0.370000000000001
"raw",0.316666666666667,-0.0307516116503064,0.792079207920792,3,FALSE,202608250813,"primary",0.6,0,0.15143247281552,0.182184084465826,0.172831696843004,0.148729451908195,0.0902270293511582,0.00209646631577225,0.370000000000001
"cw",1,0.0131352544306082,1,3,TRUE,202608250814,"primary",0.9,0,0.163188107191607,0.141970947421989,0.176469313972842,0.165250452777508,0.102470537828209,0.00180201265109179,0.659000000000001
"gini",0.533333333333333,0.0143027437293396,1,3,TRUE,202608250814,"primary",0.9,0,0.163188107191607,0.141970947421989,0.176469313972842,0.165250452777508,0.102470537828209,0.00180201265109179,0.659000000000001
"oracle",0,-0.35350079838997,NA,NA,NA,202608250814,"primary",0.9,0,0.163188107191607,0.141970947421989,0.176469313972842,0.165250452777508,0.102470537828209,0.00180201265109179,0.659000000000001
"over",1,0.0161332690530375,1,3,TRUE,202608250814,"primary",0.9,0,0.163188107191607,0.141970947421989,0.176469313972842,0.165250452777508,0.102470537828209,0.00180201265109179,0.659000000000001
"raw",0.566666666666667,0.0212171597696176,1,3,TRUE,202608250814,"primary",0.9,0,0.163188107191607,0.141970947421989,0.176469313972842,0.165250452777508,0.102470537828209,0.00180201265109179,0.659000000000001
"cw",1,0.0167316908899279,1,3,TRUE,202608250815,"primary",0.8,0,0.180998498280387,0.128128144119946,0.161715695163271,0.162360772668941,0.110956940890564,-0.0455785793041064,0.456
"gini",0.716666666666667,0.0454313125671087,1,3,TRUE,202608250815,"primary",0.8,0,0.180998498280387,0.128128144119946,0.161715695163271,0.162360772668941,0.110956940890564,-0.0455785793041064,0.456
"oracle",0,-0.352140434123717,NA,NA,NA,202608250815,"primary",0.8,0,0.180998498280387,0.128128144119946,0.161715695163271,0.162360772668941,0.110956940890564,-0.0455785793041064,0.456
"over",1,0.0200458244328065,1,3,TRUE,202608250815,"primary",0.8,0,0.180998498280387,0.128128144119946,0.161715695163271,0.162360772668941,0.110956940890564,-0.0455785793041064,0.456
"raw",0.7,0.0528703541604414,1,3,TRUE,202608250815,"primary",0.8,0,0.180998498280387,0.128128144119946,0.161715695163271,0.162360772668941,0.110956940890564,-0.0455785793041064,0.456
"cw",0.966666666666667,0.0107274564850991,1,3,TRUE,202608250816,"primary",0.9,0,0.162134547105314,0.188152061971496,0.167659097649952,0.160774658968943,0.0990461775858387,7.1877447884111e-05,0.573
"gini",0.383333333333333,-0.0204676695459468,1,3,TRUE,202608250816,"primary",0.9,0,0.162134547105314,0.188152061971496,0.167659097649952,0.160774658968943,0.0990461775858387,7.1877447884111e-05,0.573
"oracle",0,-0.485623369500357,NA,NA,NA,202608250816,"primary",0.9,0,0.162134547105314,0.188152061971496,0.167659097649952,0.160774658968943,0.0990461775858387,7.1877447884111e-05,0.573
"over",0.966666666666667,0.0129309704010175,1,3,TRUE,202608250816,"primary",0.9,0,0.162134547105314,0.188152061971496,0.167659097649952,0.160774658968943,0.0990461775858387,7.1877447884111e-05,0.573
"raw",0.366666666666667,-0.0260175148661813,1,3,TRUE,202608250816,"primary",0.9,0,0.162134547105314,0.188152061971496,0.167659097649952,0.160774658968943,0.0990461775858387,7.1877447884111e-05,0.573
"cw",1,0.0112615617151111,0.792079207920792,3,FALSE,202608250817,"primary",0.6,0,0.14699931660109,0.112544796886274,0.172015406971815,0.160280803967087,0.090513952192588,-0.032537611440697,0.447000000000001
"gini",0.6,0.0241674586812209,0.792079207920792,3,FALSE,202608250817,"primary",0.6,0,0.14699931660109,0.112544796886274,0.172015406971815,0.160280803967087,0.090513952192588,-0.032537611440697,0.447000000000001
"oracle",0,-0.356129460226785,NA,NA,NA,202608250817,"primary",0.6,0,0.14699931660109,0.112544796886274,0.172015406971815,0.160280803967087,0.090513952192588,-0.032537611440697,0.447000000000001
"over",1,0.0138089586517945,0.792079207920792,3,FALSE,202608250817,"primary",0.6,0,0.14699931660109,0.112544796886274,0.172015406971815,0.160280803967087,0.090513952192588,-0.032537611440697,0.447000000000001
"raw",0.633333333333333,0.0344545197148158,0.792079207920792,3,FALSE,202608250817,"primary",0.6,0,0.14699931660109,0.112544796886274,0.172015406971815,0.160280803967087,0.090513952192588,-0.032537611440697,0.447000000000001
"cw",1,0.00841926825350313,1,3,TRUE,202608250818,"primary",0.9,0,0.133613271162427,0.151914263107324,0.174053408066782,0.182905331202873,0.0832631833831532,-0.017965871673221,0.487
"gini",0.4,-0.0158030318590298,1,3,TRUE,202608250818,"primary",0.9,0,0.133613271162427,0.151914263107324,0.174053408066782,0.182905331202873,0.0832631833831532,-0.017965871673221,0.487
"oracle",0,-0.398376636803777,NA,NA,NA,202608250818,"primary",0.9,0,0.133613271162427,0.151914263107324,0.174053408066782,0.182905331202873,0.0832631833831532,-0.017965871673221,0.487
"over",0.966666666666667,0.0101280894277394,1,3,TRUE,202608250818,"primary",0.9,0,0.133613271162427,0.151914263107324,0.174053408066782,0.182905331202873,0.0832631833831532,-0.017965871673221,0.487
"raw",0.416666666666667,-0.0183009919448968,1,3,TRUE,202608250818,"primary",0.9,0,0.133613271162427,0.151914263107324,0.174053408066782,0.182905331202873,0.0832631833831532,-0.017965871673221,0.487
"cw",0.95,0.00604057809841141,1,3,TRUE,202608250819,"primary",0.9,0,0.126131708640172,0.155305491435577,0.181607755323018,0.159305055748146,0.0788083212901602,0.00812124400279102,0.557
"gini",0.35,-0.0278138841763344,1,3,TRUE,202608250819,"primary",0.9,0,0.126131708640172,0.155305491435577,0.181607755323018,0.159305055748146,0.0788083212901602,0.00812124400279102,0.557
"oracle",0,-0.356877912897722,NA,NA,NA,202608250819,"primary",0.9,0,0.126131708640172,0.155305491435577,0.181607755323018,0.159305055748146,0.0788083212901602,0.00812124400279102,0.557
"over",0.95,0.0075145007597827,1,3,TRUE,202608250819,"primary",0.9,0,0.126131708640172,0.155305491435577,0.181607755323018,0.159305055748146,0.0788083212901602,0.00812124400279102,0.557
"raw",0.366666666666667,-0.0291737827954049,1,3,TRUE,202608250819,"primary",0.9,0,0.126131708640172,0.155305491435577,0.181607755323018,0.159305055748146,0.0788083212901602,0.00812124400279102,0.557
"cw",0.966666666666667,0.012842712581109,1,3,TRUE,202608250820,"primary",0.8,0,0.155433438327785,0.158099189904237,0.167627378698219,0.175668577934859,0.0948946484940582,-0.0137555865613877,0.491999999999999
"gini",0.583333333333333,-0.00240639114549376,1,3,TRUE,202608250820,"primary",0.8,0,0.155433438327785,0.158099189904237,0.167627378698219,0.175668577934859,0.0948946484940582,-0.0137555865613877,0.491999999999999
"oracle",0,-0.379827282080689,NA,NA,NA,202608250820,"primary",0.8,0,0.155433438327785,0.158099189904237,0.167627378698219,0.175668577934859,0.0948946484940582,-0.0137555865613877,0.491999999999999
"over",0.966666666666667,0.0155838941478886,1,3,TRUE,202608250820,"primary",0.8,0,0.155433438327785,0.158099189904237,0.167627378698219,0.175668577934859,0.0948946484940582,-0.0137555865613877,0.491999999999999
"raw",0.55,-0.00266575157645213,1,3,TRUE,202608250820,"primary",0.8,0,0.155433438327785,0.158099189904237,0.167627378698219,0.175668577934859,0.0948946484940582,-0.0137555865613877,0.491999999999999
"cw",1,0.0166908761447849,1,3,TRUE,202608250821,"primary",0.9,0,0.191131489059193,0.163099441278628,0.142243176746686,0.161099192316132,0.112445452398097,0.00539155947543463,0.466000000000001
"gini",0.633333333333333,0.0253764150940662,1,3,TRUE,202608250821,"primary",0.9,0,0.191131489059193,0.163099441278628,0.142243176746686,0.161099192316132,0.112445452398097,0.00539155947543463,0.466000000000001
"oracle",0,-0.320812002952511,NA,NA,NA,202608250821,"primary",0.9,0,0.191131489059193,0.163099441278628,0.142243176746686,0.161099192316132,0.112445452398097,0.00539155947543463,0.466000000000001
"over",1,0.0195069113428251,1,3,TRUE,202608250821,"primary",0.9,0,0.191131489059193,0.163099441278628,0.142243176746686,0.161099192316132,0.112445452398097,0.00539155947543463,0.466000000000001
"raw",0.666666666666667,0.0280320477805644,1,3,TRUE,202608250821,"primary",0.9,0,0.191131489059193,0.163099441278628,0.142243176746686,0.161099192316132,0.112445452398097,0.00539155947543463,0.466000000000001
"cw",1,0.0271160141555943,1,3,TRUE,202608250822,"primary",0.9,0,0.228126642921343,0.170213798605914,0.157774116871593,0.159085193926995,0.145036668883966,-0.0120874125756876,0.501999999999999
"gini",0.733333333333333,0.0482750288751,1,3,TRUE,202608250822,"primary",0.9,0,0.228126642921343,0.170213798605914,0.157774116871593,0.159085193926995,0.145036668883966,-0.0120874125756876,0.501999999999999
"oracle",0,-0.247351362428297,NA,NA,NA,202608250822,"primary",0.9,0,0.228126642921343,0.170213798605914,0.157774116871593,0.159085193926995,0.145036668883966,-0.0120874125756876,0.501999999999999
"over",1,0.032221377670849,1,3,TRUE,202608250822,"primary",0.9,0,0.228126642921343,0.170213798605914,0.157774116871593,0.159085193926995,0.145036668883966,-0.0120874125756876,0.501999999999999
"raw",0.716666666666667,0.0579128443154288,1,3,TRUE,202608250822,"primary",0.9,0,0.228126642921343,0.170213798605914,0.157774116871593,0.159085193926995,0.145036668883966,-0.0120874125756876,0.501999999999999
"cw",0.983333333333333,0.00912763364721786,0.792079207920792,3,FALSE,202608250823,"primary",0.7,0,0.147278126496921,0.155296477623942,0.175549314732779,0.162781818235321,0.0867587487149761,-0.00279699410871725,0.454000000000001
"gini",0.483333333333333,-0.0103264605761246,0.792079207920792,3,FALSE,202608250823,"primary",0.7,0,0.147278126496921,0.155296477623942,0.175549314732779,0.162781818235321,0.0867587487149761,-0.00279699410871725,0.454000000000001
"oracle",0,-0.458329681320128,NA,NA,NA,202608250823,"primary",0.7,0,0.147278126496921,0.155296477623942,0.175549314732779,0.162781818235321,0.0867587487149761,-0.00279699410871725,0.454000000000001
"over",0.983333333333333,0.0113202208675437,0.792079207920792,3,FALSE,202608250823,"primary",0.7,0,0.147278126496921,0.155296477623942,0.175549314732779,0.162781818235321,0.0867587487149761,-0.00279699410871725,0.454000000000001
"raw",0.483333333333333,-0.00801835112702107,0.792079207920792,3,FALSE,202608250823,"primary",0.7,0,0.147278126496921,0.155296477623942,0.175549314732779,0.162781818235321,0.0867587487149761,-0.00279699410871725,0.454000000000001
"cw",1,0.0151963630840596,1,3,TRUE,202608250824,"primary",0.9,0,0.174610954230448,0.143370906322756,0.173453505261943,0.15895757034156,0.105806423973285,-0.0240478824517397,0.413
"gini",0.583333333333333,0.022794625019799,1,3,TRUE,202608250824,"primary",0.9,0,0.174610954230448,0.143370906322756,0.173453505261943,0.15895757034156,0.105806423973285,-0.0240478824517397,0.413
"oracle",0,-0.397765792971547,NA,NA,NA,202608250824,"primary",0.9,0,0.174610954230448,0.143370906322756,0.173453505261943,0.15895757034156,0.105806423973285,-0.0240478824517397,0.413
"over",1,0.0184048887765467,1,3,TRUE,202608250824,"primary",0.9,0,0.174610954230448,0.143370906322756,0.173453505261943,0.15895757034156,0.105806423973285,-0.0240478824517397,0.413
"raw",0.633333333333333,0.0312400479076922,1,3,TRUE,202608250824,"primary",0.9,0,0.174610954230448,0.143370906322756,0.173453505261943,0.15895757034156,0.105806423973285,-0.0240478824517397,0.413
"cw",0.933333333333333,0.00628906847802246,1,3,TRUE,202608250825,"primary",0.7,0,0.112331940921188,0.213922847754397,0.174215844939537,0.166876829287147,0.0703044522927112,-0.00385294934595254,0.545999999999999
"gini",0.0666666666666667,-0.0873335345241235,1,3,TRUE,202608250825,"primary",0.7,0,0.112331940921188,0.213922847754397,0.174215844939537,0.166876829287147,0.0703044522927112,-0.00385294934595254,0.545999999999999
"oracle",0,-0.40780672445419,NA,NA,NA,202608250825,"primary",0.7,0,0.112331940921188,0.213922847754397,0.174215844939537,0.166876829287147,0.0703044522927112,-0.00385294934595254,0.545999999999999
"over",0.933333333333333,0.0077418849406499,1,3,TRUE,202608250825,"primary",0.7,0,0.112331940921188,0.213922847754397,0.174215844939537,0.166876829287147,0.0703044522927112,-0.00385294934595254,0.545999999999999
"raw",0.0666666666666667,-0.101590906833209,1,3,TRUE,202608250825,"primary",0.7,0,0.112331940921188,0.213922847754397,0.174215844939537,0.166876829287147,0.0703044522927112,-0.00385294934595254,0.545999999999999
"cw",1,0.0176688488796597,1,3,TRUE,202608250826,"primary",0.9,0,0.203317389121254,0.19125082905574,0.162459668474376,0.15326571426025,0.12211481043786,0.0173830618236693,0.379
"gini",0.533333333333333,0.00669143423544993,1,3,TRUE,202608250826,"primary",0.9,0,0.203317389121254,0.19125082905574,0.162459668474376,0.15326571426025,0.12211481043786,0.0173830618236693,0.379
"oracle",0,-0.39752327218262,NA,NA,NA,202608250826,"primary",0.9,0,0.203317389121254,0.19125082905574,0.162459668474376,0.15326571426025,0.12211481043786,0.0173830618236693,0.379
"over",1,0.0212510737578891,1,3,TRUE,202608250826,"primary",0.9,0,0.203317389121254,0.19125082905574,0.162459668474376,0.15326571426025,0.12211481043786,0.0173830618236693,0.379
"raw",0.516666666666667,0.0120665600655143,1,3,TRUE,202608250826,"primary",0.9,0,0.203317389121254,0.19125082905574,0.162459668474376,0.15326571426025,0.12211481043786,0.0173830618236693,0.379
"cw",1,0.00988176145658413,0.792079207920792,3,FALSE,202608250827,"primary",0.6,0,0.144775431163889,0.219849705538646,0.147175413698652,0.153897475361793,0.0824026371301094,-0.00345408237772287,0.549999999999999
"gini",0.233333333333333,-0.0654837569446162,0.792079207920792,3,FALSE,202608250827,"primary",0.6,0,0.144775431163889,0.219849705538646,0.147175413698652,0.153897475361793,0.0824026371301094,-0.00345408237772287,0.549999999999999
"oracle",0,-0.375120492299836,NA,NA,NA,202608250827,"primary",0.6,0,0.144775431163889,0.219849705538646,0.147175413698652,0.153897475361793,0.0824026371301094,-0.00345408237772287,0.549999999999999
"over",1,0.0117394966505431,0.792079207920792,3,FALSE,202608250827,"primary",0.6,0,0.144775431163889,0.219849705538646,0.147175413698652,0.153897475361793,0.0824026371301094,-0.00345408237772287,0.549999999999999
"raw",0.216666666666667,-0.0750742743747567,0.792079207920792,3,FALSE,202608250827,"primary",0.6,0,0.144775431163889,0.219849705538646,0.147175413698652,0.153897475361793,0.0824026371301094,-0.00345408237772287,0.549999999999999
"cw",1,0.00949357996721347,0.902777777777778,4,TRUE,202608250828,"primary",0.8,0,0.140871425413264,0.155055371846706,0.194480400019878,0.165505555845132,0.0853098702872743,-0.00967229998079487,0.608000000000001
"gini",0.416666666666667,-0.0187928915115074,1,3,TRUE,202608250828,"primary",0.8,0,0.140871425413264,0.155055371846706,0.194480400019878,0.165505555845132,0.0853098702872743,-0.00967229998079487,0.608000000000001
"oracle",0,-0.395037496252044,NA,NA,NA,202608250828,"primary",0.8,0,0.140871425413264,0.155055371846706,0.194480400019878,0.165505555845132,0.0853098702872743,-0.00967229998079487,0.608000000000001
"over",1,0.0118580116948385,0.902777777777778,4,TRUE,202608250828,"primary",0.8,0,0.140871425413264,0.155055371846706,0.194480400019878,0.165505555845132,0.0853098702872743,-0.00967229998079487,0.608000000000001
"raw",0.466666666666667,-0.0141839464334418,1,3,TRUE,202608250828,"primary",0.8,0,0.140871425413264,0.155055371846706,0.194480400019878,0.165505555845132,0.0853098702872743,-0.00967229998079487,0.608000000000001
"cw",0.95,0.0164983304252553,0.792079207920792,3,FALSE,202608250829,"primary",0.8,0,0.189881777245302,0.166252804548448,0.178717190263579,0.149545687810456,0.115928121518052,0.00452799836460473,0.494
"gini",0.533333333333333,0.0134787663467139,1,3,TRUE,202608250829,"primary",0.8,0,0.189881777245302,0.166252804548448,0.178717190263579,0.149545687810456,0.115928121518052,0.00452799836460473,0.494
"oracle",0,-0.341596674151414,NA,NA,NA,202608250829,"primary",0.8,0,0.189881777245302,0.166252804548448,0.178717190263579,0.149545687810456,0.115928121518052,0.00452799836460473,0.494
"over",0.95,0.0203766340795977,0.792079207920792,3,FALSE,202608250829,"primary",0.8,0,0.189881777245302,0.166252804548448,0.178717190263579,0.149545687810456,0.115928121518052,0.00452799836460473,0.494
"raw",0.583333333333333,0.0236289726968533,1,3,TRUE,202608250829,"primary",0.8,0,0.189881777245302,0.166252804548448,0.178717190263579,0.149545687810456,0.115928121518052,0.00452799836460473,0.494
"cw",0.983333333333333,0.00952039188819212,0.792079207920792,3,FALSE,202608250830,"primary",0.6,0,0.143062226100514,0.164351614860748,0.182956898918979,0.155121301195744,0.0862479599559364,0.0025870574110529,0.373999999999999
"gini",0.45,-0.0238236554690205,0.792079207920792,3,FALSE,202608250830,"primary",0.6,0,0.143062226100514,0.164351614860748,0.182956898918979,0.155121301195744,0.0862479599559364,0.0025870574110529,0.373999999999999
"oracle",0,-0.403837655994155,NA,NA,NA,202608250830,"primary",0.6,0,0.143062226100514,0.164351614860748,0.182956898918979,0.155121301195744,0.0862479599559364,0.0025870574110529,0.373999999999999
"over",0.983333333333333,0.0117074471833675,0.792079207920792,3,FALSE,202608250830,"primary",0.6,0,0.143062226100514,0.164351614860748,0.182956898918979,0.155121301195744,0.0862479599559364,0.0025870574110529,0.373999999999999
"raw",0.466666666666667,-0.0212893887602345,0.792079207920792,3,FALSE,202608250830,"primary",0.6,0,0.143062226100514,0.164351614860748,0.182956898918979,0.155121301195744,0.0862479599559364,0.0025870574110529,0.373999999999999
"cw",1,0.012667807181324,1,3,TRUE,202608250831,"primary",0.9,0,0.158974317757528,0.155409981713252,0.17273653437462,0.175261807760472,0.0955205067412587,-0.0280813260117632,0.553000000000001
"gini",0.533333333333333,0.00265545196716255,1,3,TRUE,202608250831,"primary",0.9,0,0.158974317757528,0.155409981713252,0.17273653437462,0.175261807760472,0.0955205067412587,-0.0280813260117632,0.553000000000001
"oracle",0,-0.450675432335327,NA,NA,NA,202608250831,"primary",0.9,0,0.158974317757528,0.155409981713252,0.17273653437462,0.175261807760472,0.0955205067412587,-0.0280813260117632,0.553000000000001
"over",1,0.0152972729062143,1,3,TRUE,202608250831,"primary",0.9,0,0.158974317757528,0.155409981713252,0.17273653437462,0.175261807760472,0.0955205067412587,-0.0280813260117632,0.553000000000001
"raw",0.533333333333333,0.00356433604427675,1,3,TRUE,202608250831,"primary",0.9,0,0.158974317757528,0.155409981713252,0.17273653437462,0.175261807760472,0.0955205067412587,-0.0280813260117632,0.553000000000001
"cw",1,0.0263949298745844,1,3,TRUE,202608250832,"primary",0.9,0,0.230442576912328,0.195555486917736,0.168803003899977,0.168320409486076,0.14455034174532,0.00776765410001046,0.550000000000001
"gini",0.616666666666667,0.0268280524462469,1,3,TRUE,202608250832,"primary",0.9,0,0.230442576912328,0.195555486917736,0.168803003899977,0.168320409486076,0.14455034174532,0.00776765410001046,0.550000000000001
"oracle",0,-0.317486922288861,NA,NA,NA,202608250832,"primary",0.9,0,0.230442576912328,0.195555486917736,0.168803003899977,0.168320409486076,0.14455034174532,0.00776765410001046,0.550000000000001
"over",1,0.0319360014329139,1,3,TRUE,202608250832,"primary",0.9,0,0.230442576912328,0.195555486917736,0.168803003899977,0.168320409486076,0.14455034174532,0.00776765410001046,0.550000000000001
"raw",0.616666666666667,0.0348870899945921,1,3,TRUE,202608250832,"primary",0.9,0,0.230442576912328,0.195555486917736,0.168803003899977,0.168320409486076,0.14455034174532,0.00776765410001046,0.550000000000001
"cw",1,0.0144310894952454,1,3,TRUE,202608250833,"primary",0.9,0,0.182466671179956,0.205881123088247,0.173590975652201,0.15893225942628,0.105631378662177,0.00339443196734287,0.448
"gini",0.35,-0.0248715858586475,1,3,TRUE,202608250833,"primary",0.9,0,0.182466671179956,0.205881123088247,0.173590975652201,0.15893225942628,0.105631378662177,0.00339443196734287,0.448
"oracle",0,-0.393439716484122,NA,NA,NA,202608250833,"primary",0.9,0,0.182466671179956,0.205881123088247,0.173590975652201,0.15893225942628,0.105631378662177,0.00339443196734287,0.448
"over",1,0.0177802150164408,1,3,TRUE,202608250833,"primary",0.9,0,0.182466671179956,0.205881123088247,0.173590975652201,0.15893225942628,0.105631378662177,0.00339443196734287,0.448
"raw",0.416666666666667,-0.0234144519082914,1,3,TRUE,202608250833,"primary",0.9,0,0.182466671179956,0.205881123088247,0.173590975652201,0.15893225942628,0.105631378662177,0.00339443196734287,0.448
"cw",0.95,0.005745650951475,0.442477876106195,3,FALSE,202608250834,"primary",0.3,0,0.127138433432859,0.156221033091168,0.17398264019231,0.169398109743203,0.0726082872765437,-0.00724424939001942,0.521999999999998
"gini",0.316666666666667,-0.0265213110380282,0.392156862745098,2,FALSE,202608250834,"primary",0.3,0,0.127138433432859,0.156221033091168,0.17398264019231,0.169398109743203,0.0726082872765437,-0.00724424939001942,0.521999999999998
"oracle",0,-0.433515518319759,NA,NA,NA,202608250834,"primary",0.3,0,0.127138433432859,0.156221033091168,0.17398264019231,0.169398109743203,0.0726082872765437,-0.00724424939001942,0.521999999999998
"over",0.933333333333333,0.00698931850145635,0.442477876106195,3,FALSE,202608250834,"primary",0.3,0,0.127138433432859,0.156221033091168,0.17398264019231,0.169398109743203,0.0726082872765437,-0.00724424939001942,0.521999999999998
"raw",0.3,-0.0290825996583088,0.392156862745098,2,FALSE,202608250834,"primary",0.3,0,0.127138433432859,0.156221033091168,0.17398264019231,0.169398109743203,0.0726082872765437,-0.00724424939001942,0.521999999999998
"cw",0.983333333333333,0.0145725568313273,0.792079207920792,3,FALSE,202608250835,"primary",0.6,0,0.168356613368567,0.18292940372539,0.120472682105942,0.158984184604478,0.101888822495225,-0.00698783556303178,0.421000000000001
"gini",0.5,-0.00795037531709666,0.792079207920792,3,FALSE,202608250835,"primary",0.6,0,0.168356613368567,0.18292940372539,0.120472682105942,0.158984184604478,0.101888822495225,-0.00698783556303178,0.421000000000001
"oracle",0,-0.316416317340407,NA,NA,NA,202608250835,"primary",0.6,0,0.168356613368567,0.18292940372539,0.120472682105942,0.158984184604478,0.101888822495225,-0.00698783556303178,0.421000000000001
"over",0.983333333333333,0.0167980335912861,0.792079207920792,3,FALSE,202608250835,"primary",0.6,0,0.168356613368567,0.18292940372539,0.120472682105942,0.158984184604478,0.101888822495225,-0.00698783556303178,0.421000000000001
"raw",0.466666666666667,-0.0145727903568234,0.792079207920792,3,FALSE,202608250835,"primary",0.6,0,0.168356613368567,0.18292940372539,0.120472682105942,0.158984184604478,0.101888822495225,-0.00698783556303178,0.421000000000001
"cw",1,0.014696291422073,1,3,TRUE,202608250836,"primary",0.9,0,0.170226733067807,0.170230752274838,0.16169468741174,0.161405992099883,0.102776072769915,-0.0163578324496597,0.338000000000001
"gini",0.516666666666667,-0.00215169262017206,1,3,TRUE,202608250836,"primary",0.9,0,0.170226733067807,0.170230752274838,0.16169468741174,0.161405992099883,0.102776072769915,-0.0163578324496597,0.338000000000001
"oracle",0,-0.362253907507695,NA,NA,NA,202608250836,"primary",0.9,0,0.170226733067807,0.170230752274838,0.16169468741174,0.161405992099883,0.102776072769915,-0.0163578324496597,0.338000000000001
"over",1,0.0175709469813629,1,3,TRUE,202608250836,"primary",0.9,0,0.170226733067807,0.170230752274838,0.16169468741174,0.161405992099883,0.102776072769915,-0.0163578324496597,0.338000000000001
"raw",0.483333333333333,-4.01920703119174e-06,1,3,TRUE,202608250836,"primary",0.9,0,0.170226733067807,0.170230752274838,0.16169468741174,0.161405992099883,0.102776072769915,-0.0163578324496597,0.338000000000001
"cw",1,0.00705127974426754,1,3,TRUE,202608250837,"primary",0.9,0,0.144083378574341,0.200792564870414,0.184127649979695,0.157838134502735,0.0807435401167203,0.0130752794743105,0.467000000000002
"gini",0.2,-0.0523675510062639,1,3,TRUE,202608250837,"primary",0.9,0,0.144083378574341,0.200792564870414,0.184127649979695,0.157838134502735,0.0807435401167203,0.0130752794743105,0.467000000000002
"oracle",0,-0.380688437921771,NA,NA,NA,202608250837,"primary",0.9,0,0.144083378574341,0.200792564870414,0.184127649979695,0.157838134502735,0.0807435401167203,0.0130752794743105,0.467000000000002
"over",1,0.00867467589601372,1,3,TRUE,202608250837,"primary",0.9,0,0.144083378574341,0.200792564870414,0.184127649979695,0.157838134502735,0.0807435401167203,0.0130752794743105,0.467000000000002
"raw",0.2,-0.0567091862960724,1,3,TRUE,202608250837,"primary",0.9,0,0.144083378574341,0.200792564870414,0.184127649979695,0.157838134502735,0.0807435401167203,0.0130752794743105,0.467000000000002
"cw",1,0.0255827850448233,1,3,TRUE,202608250838,"primary",0.9,0,0.227464396372297,0.150475094574767,0.155442671098379,0.170603441646242,0.133083588112605,-0.0128432600759184,0.574999999999999
"gini",0.8,0.0683552115326599,1,3,TRUE,202608250838,"primary",0.9,0,0.227464396372297,0.150475094574767,0.155442671098379,0.170603441646242,0.133083588112605,-0.0128432600759184,0.574999999999999
"oracle",0,-0.290237624475079,NA,NA,NA,202608250838,"primary",0.9,0,0.227464396372297,0.150475094574767,0.155442671098379,0.170603441646242,0.133083588112605,-0.0128432600759184,0.574999999999999
"over",1,0.0301611204789501,1,3,TRUE,202608250838,"primary",0.9,0,0.227464396372297,0.150475094574767,0.155442671098379,0.170603441646242,0.133083588112605,-0.0128432600759184,0.574999999999999
"raw",0.766666666666667,0.0769893017975296,1,3,TRUE,202608250838,"primary",0.9,0,0.227464396372297,0.150475094574767,0.155442671098379,0.170603441646242,0.133083588112605,-0.0128432600759184,0.574999999999999
"cw",1,0.0134706867032193,1,3,TRUE,202608250839,"primary",0.9,0,0.165539206206873,0.160859525474653,0.159371540067113,0.164163236992764,0.100164267459607,-0.00796988437354491,0.460000000000001
"gini",0.55,0.00245249679865234,1,3,TRUE,202608250839,"primary",0.9,0,0.165539206206873,0.160859525474653,0.159371540067113,0.164163236992764,0.100164267459607,-0.00796988437354491,0.460000000000001
"oracle",0,-0.357445883267487,NA,NA,NA,202608250839,"primary",0.9,0,0.165539206206873,0.160859525474653,0.159371540067113,0.164163236992764,0.100164267459607,-0.00796988437354491,0.460000000000001
"over",1,0.0160622586564612,1,3,TRUE,202608250839,"primary",0.9,0,0.165539206206873,0.160859525474653,0.159371540067113,0.164163236992764,0.100164267459607,-0.00796988437354491,0.460000000000001
"raw",0.533333333333333,0.00467968073222011,1,3,TRUE,202608250839,"primary",0.9,0,0.165539206206873,0.160859525474653,0.159371540067113,0.164163236992764,0.100164267459607,-0.00796988437354491,0.460000000000001
"cw",1,0.0190685368572545,1,3,TRUE,202608250840,"primary",0.8,0,0.196458344063405,0.188279662899629,0.193187629395414,0.158570983286441,0.124289708561055,0.00399707599707282,0.550000000000001
"gini",0.55,-0.000943681864982171,1,3,TRUE,202608250840,"primary",0.8,0,0.196458344063405,0.188279662899629,0.193187629395414,0.158570983286441,0.124289708561055,0.00399707599707282,0.550000000000001
"oracle",0,-0.383833933481365,NA,NA,NA,202608250840,"primary",0.8,0,0.196458344063405,0.188279662899629,0.193187629395414,0.158570983286441,0.124289708561055,0.00399707599707282,0.550000000000001
"over",1,0.0238402387317184,1,3,TRUE,202608250840,"primary",0.8,0,0.196458344063405,0.188279662899629,0.193187629395414,0.158570983286441,0.124289708561055,0.00399707599707282,0.550000000000001
"raw",0.583333333333333,0.00817868116377621,1,3,TRUE,202608250840,"primary",0.8,0,0.196458344063405,0.188279662899629,0.193187629395414,0.158570983286441,0.124289708561055,0.00399707599707282,0.550000000000001
"cw",0.966666666666667,0.00907141984965079,0.792079207920792,3,FALSE,202608250841,"primary",0.6,0,0.147072839156984,0.210077795613578,0.166935711813068,0.174534935910885,0.0883946515320585,0.0121997269027082,0.568000000000001
"gini",0.2,-0.051677602320214,0.792079207920792,3,FALSE,202608250841,"primary",0.6,0,0.147072839156984,0.210077795613578,0.166935711813068,0.174534935910885,0.0883946515320585,0.0121997269027082,0.568000000000001
"oracle",0,-0.380495022218077,NA,NA,NA,202608250841,"primary",0.6,0,0.147072839156984,0.210077795613578,0.166935711813068,0.174534935910885,0.0883946515320585,0.0121997269027082,0.568000000000001
"over",0.95,0.0108991960302178,0.792079207920792,3,FALSE,202608250841,"primary",0.6,0,0.147072839156984,0.210077795613578,0.166935711813068,0.174534935910885,0.0883946515320585,0.0121997269027082,0.568000000000001
"raw",0.216666666666667,-0.0630049564565938,0.792079207920792,3,FALSE,202608250841,"primary",0.6,0,0.147072839156984,0.210077795613578,0.166935711813068,0.174534935910885,0.0883946515320585,0.0121997269027082,0.568000000000001
"cw",1,0.0175378600962499,1,3,TRUE,202608250842,"primary",0.9,0,0.185832648374858,0.145270960841174,0.176974853548248,0.147460258654026,0.116943232250963,-0.00552995498167836,0.481
"gini",0.7,0.0281025815888929,1,3,TRUE,202608250842,"primary",0.9,0,0.185832648374858,0.145270960841174,0.176974853548248,0.147460258654026,0.116943232250963,-0.00552995498167836,0.481
"oracle",0,-0.308655427609765,NA,NA,NA,202608250842,"primary",0.9,0,0.185832648374858,0.145270960841174,0.176974853548248,0.147460258654026,0.116943232250963,-0.00552995498167836,0.481
"over",1,0.0215335181920009,1,3,TRUE,202608250842,"primary",0.9,0,0.185832648374858,0.145270960841174,0.176974853548248,0.147460258654026,0.116943232250963,-0.00552995498167836,0.481
"raw",0.683333333333333,0.0405616875336846,1,3,TRUE,202608250842,"primary",0.9,0,0.185832648374858,0.145270960841174,0.176974853548248,0.147460258654026,0.116943232250963,-0.00552995498167836,0.481
"cw",0.966666666666667,0.010871384032298,1,3,TRUE,202608250843,"primary",0.8,0,0.147133536864215,0.168621035229431,0.184968185726276,0.161018092349356,0.0919495154872271,-0.00460432475642629,0.401999999999999
"gini",0.416666666666667,-0.0219843845583975,1,3,TRUE,202608250843,"primary",0.8,0,0.147133536864215,0.168621035229431,0.184968185726276,0.161018092349356,0.0919495154872271,-0.00460432475642629,0.401999999999999
"oracle",0,-0.400613642114124,NA,NA,NA,202608250843,"primary",0.8,0,0.147133536864215,0.168621035229431,0.184968185726276,0.161018092349356,0.0919495154872271,-0.00460432475642629,0.401999999999999
"over",0.966666666666667,0.0134056693560101,1,3,TRUE,202608250843,"primary",0.8,0,0.147133536864215,0.168621035229431,0.184968185726276,0.161018092349356,0.0919495154872271,-0.00460432475642629,0.401999999999999
"raw",0.383333333333333,-0.0214874983652153,1,3,TRUE,202608250843,"primary",0.8,0,0.147133536864215,0.168621035229431,0.184968185726276,0.161018092349356,0.0919495154872271,-0.00460432475642629,0.401999999999999
"cw",1,0.0150413229397306,1,3,TRUE,202608250844,"primary",0.9,0,0.178085155896539,0.180210482361688,0.159113381175457,0.1602686686185,0.110811001733235,0.00218971807202314,0.574
"gini",0.3,-0.00256285045897955,1,3,TRUE,202608250844,"primary",0.9,0,0.178085155896539,0.180210482361688,0.159113381175457,0.1602686686185,0.110811001733235,0.00218971807202314,0.574
"oracle",0,-0.324678567049033,NA,NA,NA,202608250844,"primary",0.9,0,0.178085155896539,0.180210482361688,0.159113381175457,0.1602686686185,0.110811001733235,0.00218971807202314,0.574
"over",1,0.0178824809977753,1,3,TRUE,202608250844,"primary",0.9,0,0.178085155896539,0.180210482361688,0.159113381175457,0.1602686686185,0.110811001733235,0.00218971807202314,0.574
"raw",0.316666666666667,-0.00212532646514857,1,3,TRUE,202608250844,"primary",0.9,0,0.178085155896539,0.180210482361688,0.159113381175457,0.1602686686185,0.110811001733235,0.00218971807202314,0.574
"cw",1,0.0281154608955955,1,3,TRUE,202608250845,"primary",0.9,0,0.235645597243498,0.198330604512015,0.152225136721415,0.182503366497852,0.142498207225077,-0.00323178477964236,0.390000000000001
"gini",0.6,0.03538963469245,1,3,TRUE,202608250845,"primary",0.9,0,0.235645597243498,0.198330604512015,0.152225136721415,0.182503366497852,0.142498207225077,-0.00323178477964236,0.390000000000001
"oracle",0,-0.320723343724481,NA,NA,NA,202608250845,"primary",0.9,0,0.235645597243498,0.198330604512015,0.152225136721415,0.182503366497852,0.142498207225077,-0.00323178477964236,0.390000000000001
"over",1,0.0334389395109911,1,3,TRUE,202608250845,"primary",0.9,0,0.235645597243498,0.198330604512015,0.152225136721415,0.182503366497852,0.142498207225077,-0.00323178477964236,0.390000000000001
"raw",0.633333333333333,0.037314992731483,1,3,TRUE,202608250845,"primary",0.9,0,0.235645597243498,0.198330604512015,0.152225136721415,0.182503366497852,0.142498207225077,-0.00323178477964236,0.390000000000001
"cw",1,0.0149663765300644,1,3,TRUE,202608250846,"primary",0.9,0,0.174165664608422,0.14760593701724,0.167651807053278,0.147168458792727,0.104077046274271,-0.0107415667017885,0.443
"gini",0.616666666666667,0.0176029555297703,1,3,TRUE,202608250846,"primary",0.9,0,0.174165664608422,0.14760593701724,0.167651807053278,0.147168458792727,0.104077046274271,-0.0107415667017885,0.443
"oracle",0,-0.336784876815217,NA,NA,NA,202608250846,"primary",0.9,0,0.174165664608422,0.14760593701724,0.167651807053278,0.147168458792727,0.104077046274271,-0.0107415667017885,0.443
"over",1,0.0180779106718116,1,3,TRUE,202608250846,"primary",0.9,0,0.174165664608422,0.14760593701724,0.167651807053278,0.147168458792727,0.104077046274271,-0.0107415667017885,0.443
"raw",0.65,0.0265597275911822,1,3,TRUE,202608250846,"primary",0.9,0,0.174165664608422,0.14760593701724,0.167651807053278,0.147168458792727,0.104077046274271,-0.0107415667017885,0.443
"cw",1,0.0115884234942853,1,3,TRUE,202608250847,"primary",0.9,0,0.159189596900114,0.153958711749484,0.170648821195545,0.180232033421342,0.0940618045608788,-0.00724879330166381,0.470000000000001
"gini",0.533333333333333,0.00475617588917568,1,3,TRUE,202608250847,"primary",0.9,0,0.159189596900114,0.153958711749484,0.170648821195545,0.180232033421342,0.0940618045608788,-0.00724879330166381,0.470000000000001
"oracle",0,-0.388251118365263,NA,NA,NA,202608250847,"primary",0.9,0,0.159189596900114,0.153958711749484,0.170648821195545,0.180232033421342,0.0940618045608788,-0.00724879330166381,0.470000000000001
"over",1,0.0139644377540848,1,3,TRUE,202608250847,"primary",0.9,0,0.159189596900114,0.153958711749484,0.170648821195545,0.180232033421342,0.0940618045608788,-0.00724879330166381,0.470000000000001
"raw",0.533333333333333,0.00523088515062972,1,3,TRUE,202608250847,"primary",0.9,0,0.159189596900114,0.153958711749484,0.170648821195545,0.180232033421342,0.0940618045608788,-0.00724879330166381,0.470000000000001
"cw",1,0.0138269381061001,1,3,TRUE,202608250848,"primary",0.9,0,0.170022026980264,0.10036271754279,0.164342640120289,0.16861374322274,0.100096698800508,-0.0373517553962968,0.411000000000001
"gini",0.833333333333333,0.0593839377509451,1,3,TRUE,202608250848,"primary",0.9,0,0.170022026980264,0.10036271754279,0.164342640120289,0.16861374322274,0.100096698800508,-0.0373517553962968,0.411000000000001
"oracle",0,-0.271019915060208,NA,NA,NA,202608250848,"primary",0.9,0,0.170022026980264,0.10036271754279,0.164342640120289,0.16861374322274,0.100096698800508,-0.0373517553962968,0.411000000000001
"over",1,0.0165716522527352,1,3,TRUE,202608250848,"primary",0.9,0,0.170022026980264,0.10036271754279,0.164342640120289,0.16861374322274,0.100096698800508,-0.0373517553962968,0.411000000000001
"raw",0.816666666666667,0.0696593094374736,1,3,TRUE,202608250848,"primary",0.9,0,0.170022026980264,0.10036271754279,0.164342640120289,0.16861374322274,0.100096698800508,-0.0373517553962968,0.411000000000001
"cw",1,0.0185183613105081,1,3,TRUE,202608250849,"primary",0.9,0,0.193183713665578,0.220624287428487,0.16098081945217,0.170492920878342,0.118410280768683,-0.0116719269962781,0.441000000000001
"gini",0.433333333333333,-0.0220333013292428,0.792079207920792,3,TRUE,202608250849,"primary",0.9,0,0.193183713665578,0.220624287428487,0.16098081945217,0.170492920878342,0.118410280768683,-0.0116719269962781,0.441000000000001
"oracle",0,-0.296162585745587,NA,NA,NA,202608250849,"primary",0.9,0,0.193183713665578,0.220624287428487,0.16098081945217,0.170492920878342,0.118410280768683,-0.0116719269962781,0.441000000000001
"over",1,0.0219480538851506,1,3,TRUE,202608250849,"primary",0.9,0,0.193183713665578,0.220624287428487,0.16098081945217,0.170492920878342,0.118410280768683,-0.0116719269962781,0.441000000000001
"raw",0.4,-0.0274405737629085,1,3,TRUE,202608250849,"primary",0.9,0,0.193183713665578,0.220624287428487,0.16098081945217,0.170492920878342,0.118410280768683,-0.0116719269962781,0.441000000000001
"cw",1,0.0216028936320146,1,3,TRUE,202608250850,"primary",0.9,0,0.214557843477634,0.176079660680214,0.153666470068501,0.17793189216454,0.13022201492206,-0.00450981617080243,0.436
"gini",0.716666666666667,0.0381883043958939,1,3,TRUE,202608250850,"primary",0.9,0,0.214557843477634,0.176079660680214,0.153666470068501,0.17793189216454,0.13022201492206,-0.00450981617080243,0.436
"oracle",0,-0.317121180392584,NA,NA,NA,202608250850,"primary",0.9,0,0.214557843477634,0.176079660680214,0.153666470068501,0.17793189216454,0.13022201492206,-0.00450981617080243,0.436
"over",1,0.0254277038804125,1,3,TRUE,202608250850,"primary",0.9,0,0.214557843477634,0.176079660680214,0.153666470068501,0.17793189216454,0.13022201492206,-0.00450981617080243,0.436
"raw",0.7,0.0384781827974191,1,3,TRUE,202608250850,"primary",0.9,0,0.214557843477634,0.176079660680214,0.153666470068501,0.17793189216454,0.13022201492206,-0.00450981617080243,0.436
"cw",0.983333333333333,0.011657599389629,1,3,TRUE,202608250851,"primary",0.9,0,0.172207725459839,0.206537584005842,0.162018454741606,0.174723958501007,0.106157731640075,0.0190600206189482,0.352
"gini",0.4,-0.0298174093838977,1,3,TRUE,202608250851,"primary",0.9,0,0.172207725459839,0.206537584005842,0.162018454741606,0.174723958501007,0.106157731640075,0.0190600206189482,0.352
"oracle",0,-0.363233298864466,NA,NA,NA,202608250851,"primary",0.9,0,0.172207725459839,0.206537584005842,0.162018454741606,0.174723958501007,0.106157731640075,0.0190600206189482,0.352
"over",0.983333333333333,0.0140808449034765,1,3,TRUE,202608250851,"primary",0.9,0,0.172207725459839,0.206537584005842,0.162018454741606,0.174723958501007,0.106157731640075,0.0190600206189482,0.352
"raw",0.383333333333333,-0.0343298585460032,1,3,TRUE,202608250851,"primary",0.9,0,0.172207725459839,0.206537584005842,0.162018454741606,0.174723958501007,0.106157731640075,0.0190600206189482,0.352
"cw",1,0.0134676909010127,1,3,TRUE,202608250852,"primary",0.9,0,0.161782212776977,0.168190801152127,0.167623513216458,0.152199391907542,0.10110438086946,-0.0151255063385978,0.491000000000003
"gini",0.416666666666667,-0.0109067833158035,1,3,TRUE,202608250852,"primary",0.9,0,0.161782212776977,0.168190801152127,0.167623513216458,0.152199391907542,0.10110438086946,-0.0151255063385978,0.491000000000003
"oracle",0,-0.434768085893473,NA,NA,NA,202608250852,"primary",0.9,0,0.161782212776977,0.168190801152127,0.167623513216458,0.152199391907542,0.10110438086946,-0.0151255063385978,0.491000000000003
"over",1,0.0162966265855381,1,3,TRUE,202608250852,"primary",0.9,0,0.161782212776977,0.168190801152127,0.167623513216458,0.152199391907542,0.10110438086946,-0.0151255063385978,0.491000000000003
"raw",0.416666666666667,-0.00640858837514952,1,3,TRUE,202608250852,"primary",0.9,0,0.161782212776977,0.168190801152127,0.167623513216458,0.152199391907542,0.10110438086946,-0.0151255063385978,0.491000000000003
"cw",1,0.0128468654687646,1,3,TRUE,202608250853,"primary",0.9,0,0.184211534137863,0.184182678886507,0.195513398037028,0.175062659867023,0.112919923711786,0.0225455822980819,0.363
"gini",0.55,-0.00531576680716239,1,3,TRUE,202608250853,"primary",0.9,0,0.184211534137863,0.184182678886507,0.195513398037028,0.175062659867023,0.112919923711786,0.0225455822980819,0.363
"oracle",0,-0.380424070317181,NA,NA,NA,202608250853,"primary",0.9,0,0.184211534137863,0.184182678886507,0.195513398037028,0.175062659867023,0.112919923711786,0.0225455822980819,0.363
"over",1,0.0162983549163009,1,3,TRUE,202608250853,"primary",0.9,0,0.184211534137863,0.184182678886507,0.195513398037028,0.175062659867023,0.112919923711786,0.0225455822980819,0.363
"raw",0.566666666666667,2.88552513561524e-05,1,3,TRUE,202608250853,"primary",0.9,0,0.184211534137863,0.184182678886507,0.195513398037028,0.175062659867023,0.112919923711786,0.0225455822980819,0.363
"cw",0.966666666666667,0.0114038889568677,1,3,TRUE,202608250854,"primary",0.9,0,0.169342381726647,0.180438328191915,0.166632638362388,0.167388091397982,0.0995647785181108,0.00550622893004276,0.538
"gini",0.45,-0.0103678221688535,1,3,TRUE,202608250854,"primary",0.9,0,0.169342381726647,0.180438328191915,0.166632638362388,0.167388091397982,0.0995647785181108,0.00550622893004276,0.538
"oracle",0,-0.428256944276639,NA,NA,NA,202608250854,"primary",0.9,0,0.169342381726647,0.180438328191915,0.166632638362388,0.167388091397982,0.0995647785181108,0.00550622893004276,0.538
"over",0.966666666666667,0.013799024186666,1,3,TRUE,202608250854,"primary",0.9,0,0.169342381726647,0.180438328191915,0.166632638362388,0.167388091397982,0.0995647785181108,0.00550622893004276,0.538
"raw",0.466666666666667,-0.0110959464652678,1,3,TRUE,202608250854,"primary",0.9,0,0.169342381726647,0.180438328191915,0.166632638362388,0.167388091397982,0.0995647785181108,0.00550622893004276,0.538
"cw",1,0.0125527423978153,1,3,TRUE,202608250855,"primary",0.9,0,0.161955344624445,0.183194411133714,0.177915916104934,0.189015361176413,0.0979691796928926,-0.00636203671016486,0.565
"gini",0.316666666666667,-0.0159543630310454,1,3,TRUE,202608250855,"primary",0.9,0,0.161955344624445,0.183194411133714,0.177915916104934,0.189015361176413,0.0979691796928926,-0.00636203671016486,0.565
"oracle",0,-0.34118560509479,NA,NA,NA,202608250855,"primary",0.9,0,0.161955344624445,0.183194411133714,0.177915916104934,0.189015361176413,0.0979691796928926,-0.00636203671016486,0.565
"over",1,0.0152291145784227,1,3,TRUE,202608250855,"primary",0.9,0,0.161955344624445,0.183194411133714,0.177915916104934,0.189015361176413,0.0979691796928926,-0.00636203671016486,0.565
"raw",0.316666666666667,-0.0212390665092691,1,3,TRUE,202608250855,"primary",0.9,0,0.161955344624445,0.183194411133714,0.177915916104934,0.189015361176413,0.0979691796928926,-0.00636203671016486,0.565
"cw",1,0.010263301130736,1,3,TRUE,202608250856,"primary",0.8,0,0.14862734910226,0.188322082534996,0.180049319337015,0.178202623322947,0.0893834131793447,-0.00301056248131207,0.402999999999999
"gini",0.333333333333333,-0.0343291182959915,1,3,TRUE,202608250856,"primary",0.8,0,0.14862734910226,0.188322082534996,0.180049319337015,0.178202623322947,0.0893834131793447,-0.00301056248131207,0.402999999999999
"oracle",0,-0.413160330404381,NA,NA,NA,202608250856,"primary",0.8,0,0.14862734910226,0.188322082534996,0.180049319337015,0.178202623322947,0.0893834131793447,-0.00301056248131207,0.402999999999999
"over",1,0.0125791963961584,1,3,TRUE,202608250856,"primary",0.8,0,0.14862734910226,0.188322082534996,0.180049319337015,0.178202623322947,0.0893834131793447,-0.00301056248131207,0.402999999999999
"raw",0.35,-0.0396947334327367,1,3,TRUE,202608250856,"primary",0.8,0,0.14862734910226,0.188322082534996,0.180049319337015,0.178202623322947,0.0893834131793447,-0.00301056248131207,0.402999999999999
"cw",1,0.0181749116290864,1,3,TRUE,202608250857,"primary",0.9,0,0.184867390949906,0.132228177238682,0.181855927986045,0.159536426981425,0.11952534673575,-0.0109442881107804,0.516
"gini",0.733333333333333,0.0388453325540332,1,3,TRUE,202608250857,"primary",0.9,0,0.184867390949906,0.132228177238682,0.181855927986045,0.159536426981425,0.11952534673575,-0.0109442881107804,0.516
"oracle",0,-0.334968590073694,NA,NA,NA,202608250857,"primary",0.9,0,0.184867390949906,0.132228177238682,0.181855927986045,0.159536426981425,0.11952534673575,-0.0109442881107804,0.516
"over",1,0.0223456520172078,1,3,TRUE,202608250857,"primary",0.9,0,0.184867390949906,0.132228177238682,0.181855927986045,0.159536426981425,0.11952534673575,-0.0109442881107804,0.516
"raw",0.766666666666667,0.052639213711224,1,3,TRUE,202608250857,"primary",0.9,0,0.184867390949906,0.132228177238682,0.181855927986045,0.159536426981425,0.11952534673575,-0.0109442881107804,0.516
"cw",1,0.015138345823646,0.792079207920792,3,FALSE,202608250858,"primary",0.7,0,0.193007928096258,0.220577570763624,0.166959993545273,0.158282655922473,0.119717029290558,0.0172020876786366,0.641999999999999
"gini",0.35,-0.0270774892667472,1,3,TRUE,202608250858,"primary",0.7,0,0.193007928096258,0.220577570763624,0.166959993545273,0.158282655922473,0.119717029290558,0.0172020876786366,0.641999999999999
"oracle",0.0333333333333333,-0.285204560210319,NA,NA,NA,202608250858,"primary",0.7,0,0.193007928096258,0.220577570763624,0.166959993545273,0.158282655922473,0.119717029290558,0.0172020876786366,0.641999999999999
"over",1,0.0184309225141939,0.792079207920792,3,FALSE,202608250858,"primary",0.7,0,0.193007928096258,0.220577570763624,0.166959993545273,0.158282655922473,0.119717029290558,0.0172020876786366,0.641999999999999
"raw",0.333333333333333,-0.0275696426673657,1,3,TRUE,202608250858,"primary",0.7,0,0.193007928096258,0.220577570763624,0.166959993545273,0.158282655922473,0.119717029290558,0.0172020876786366,0.641999999999999
"cw",1,0.0121201839451241,1,3,TRUE,202608250859,"primary",0.9,0,0.16376226083273,0.152551425110967,0.146624835399401,0.17900326630927,0.097698185608561,0.000870294975810733,0.417999999999999
"gini",0.616666666666667,0.0136377507704426,1,3,TRUE,202608250859,"primary",0.9,0,0.16376226083273,0.152551425110967,0.146624835399401,0.17900326630927,0.097698185608561,0.000870294975810733,0.417999999999999
"oracle",0,-0.342619737094196,NA,NA,NA,202608250859,"primary",0.9,0,0.16376226083273,0.152551425110967,0.146624835399401,0.17900326630927,0.097698185608561,0.000870294975810733,0.417999999999999
"over",1,0.0141401214049603,1,3,TRUE,202608250859,"primary",0.9,0,0.16376226083273,0.152551425110967,0.146624835399401,0.17900326630927,0.097698185608561,0.000870294975810733,0.417999999999999
"raw",0.6,0.011210835721763,1,3,TRUE,202608250859,"primary",0.9,0,0.16376226083273,0.152551425110967,0.146624835399401,0.17900326630927,0.097698185608561,0.000870294975810733,0.417999999999999
"cw",0.983333333333333,0.0109989152505749,1,3,TRUE,202608250860,"primary",0.9,0,0.153270419169695,0.131135242909845,0.174408692386167,0.159637479533676,0.0913534821693097,-0.0138848511003162,0.582000000000001
"gini",0.533333333333333,0.0160767503345233,1,3,TRUE,202608250860,"primary",0.9,0,0.153270419169695,0.131135242909845,0.174408692386167,0.159637479533676,0.0913534821693097,-0.0138848511003162,0.582000000000001
"oracle",0,-0.385118811055109,NA,NA,NA,202608250860,"primary",0.9,0,0.153270419169695,0.131135242909845,0.174408692386167,0.159637479533676,0.0913534821693097,-0.0138848511003162,0.582000000000001
"over",0.983333333333333,0.0132311751493503,1,3,TRUE,202608250860,"primary",0.9,0,0.153270419169695,0.131135242909845,0.174408692386167,0.159637479533676,0.0913534821693097,-0.0138848511003162,0.582000000000001
"raw",0.55,0.0221351762598501,1,3,TRUE,202608250860,"primary",0.9,0,0.153270419169695,0.131135242909845,0.174408692386167,0.159637479533676,0.0913534821693097,-0.0138848511003162,0.582000000000001
"cw",1,0.0131837861271343,1,3,TRUE,202608250861,"primary",0.9,0,0.171211775261632,0.204077069511232,0.197233003831796,0.156566194706061,0.10571384055946,-0.00158190258286464,0.397
"gini",0.333333333333333,-0.0359612180192772,1,3,TRUE,202608250861,"primary",0.9,0,0.171211775261632,0.204077069511232,0.197233003831796,0.156566194706061,0.10571384055946,-0.00158190258286464,0.397
"oracle",0,-0.35135034357171,NA,NA,NA,202608250861,"primary",0.9,0,0.171211775261632,0.204077069511232,0.197233003831796,0.156566194706061,0.10571384055946,-0.00158190258286464,0.397
"over",1,0.0167455797787423,1,3,TRUE,202608250861,"primary",0.9,0,0.171211775261632,0.204077069511232,0.197233003831796,0.156566194706061,0.10571384055946,-0.00158190258286464,0.397
"raw",0.383333333333333,-0.0328652942496,1,3,TRUE,202608250861,"primary",0.9,0,0.171211775261632,0.204077069511232,0.197233003831796,0.156566194706061,0.10571384055946,-0.00158190258286464,0.397
"cw",0.85,0.00793004623399783,1,3,TRUE,202608250862,"primary",0.7,0,0.15962063879744,0.192206329250818,0.180748994451155,0.174334007724618,0.093358230718529,0.0242762430515481,0.537000000000003
"gini",0.4,-0.02938942799393,1,3,TRUE,202608250862,"primary",0.7,0,0.15962063879744,0.192206329250818,0.180748994451155,0.174334007724618,0.093358230718529,0.0242762430515481,0.537000000000003
"oracle",0.0333333333333333,-0.410772756592568,NA,NA,NA,202608250862,"primary",0.7,0,0.15962063879744,0.192206329250818,0.180748994451155,0.174334007724618,0.093358230718529,0.0242762430515481,0.537000000000003
"over",0.85,0.00967644694783961,1,3,TRUE,202608250862,"primary",0.7,0,0.15962063879744,0.192206329250818,0.180748994451155,0.174334007724618,0.093358230718529,0.0242762430515481,0.537000000000003
"raw",0.4,-0.0325856904533784,1,3,TRUE,202608250862,"primary",0.7,0,0.15962063879744,0.192206329250818,0.180748994451155,0.174334007724618,0.093358230718529,0.0242762430515481,0.537000000000003
"cw",1,0.0167636913556415,1,3,TRUE,202608250863,"primary",0.8,0,0.197238194517557,0.239638107501684,0.178069022391354,0.160920842015834,0.121312768111354,0.0137679640650106,0.516
"gini",0.233333333333333,-0.0403121399501343,1,3,TRUE,202608250863,"primary",0.8,0,0.197238194517557,0.239638107501684,0.178069022391354,0.160920842015834,0.121312768111354,0.0137679640650106,0.516
"oracle",0,-0.326441607303486,NA,NA,NA,202608250863,"primary",0.8,0,0.197238194517557,0.239638107501684,0.178069022391354,0.160920842015834,0.121312768111354,0.0137679640650106,0.516
"over",1,0.0206681765446831,1,3,TRUE,202608250863,"primary",0.8,0,0.197238194517557,0.239638107501684,0.178069022391354,0.160920842015834,0.121312768111354,0.0137679640650106,0.516
"raw",0.233333333333333,-0.0423999129841273,1,3,TRUE,202608250863,"primary",0.8,0,0.197238194517557,0.239638107501684,0.178069022391354,0.160920842015834,0.121312768111354,0.0137679640650106,0.516
"cw",1,0.00935201298812516,0.792079207920792,3,FALSE,202608250864,"primary",0.6,0,0.152358443058191,0.229638041962724,0.185855723643616,0.143576277866085,0.0878354016669697,0.00408037135107194,0.510999999999999
"gini",0.0333333333333333,-0.0724248455601424,0.792079207920792,3,FALSE,202608250864,"primary",0.6,0,0.152358443058191,0.229638041962724,0.185855723643616,0.143576277866085,0.0878354016669697,0.00408037135107194,0.510999999999999
"oracle",0,-0.389742291095652,NA,NA,NA,202608250864,"primary",0.6,0,0.152358443058191,0.229638041962724,0.185855723643616,0.143576277866085,0.0878354016669697,0.00408037135107194,0.510999999999999
"over",1,0.0116149843811877,0.792079207920792,3,FALSE,202608250864,"primary",0.6,0,0.152358443058191,0.229638041962724,0.185855723643616,0.143576277866085,0.0878354016669697,0.00408037135107194,0.510999999999999
"raw",0.1,-0.0772795989045331,0.792079207920792,3,FALSE,202608250864,"primary",0.6,0,0.152358443058191,0.229638041962724,0.185855723643616,0.143576277866085,0.0878354016669697,0.00408037135107194,0.510999999999999
"cw",0.983333333333333,0.0112926565285911,1,3,TRUE,202608250865,"primary",0.7,0,0.156784158707127,0.152806052746322,0.160559982719944,0.158491336998185,0.0946474430685465,-0.0139540212750495,0.446999999999999
"gini",0.433333333333333,0.00161266340045513,0.641025641025641,3,FALSE,202608250865,"primary",0.7,0,0.156784158707127,0.152806052746322,0.160559982719944,0.158491336998185,0.0946474430685465,-0.0139540212750495,0.446999999999999
"oracle",0,-0.33563662835794,NA,NA,NA,202608250865,"primary",0.7,0,0.156784158707127,0.152806052746322,0.160559982719944,0.158491336998185,0.0946474430685465,-0.0139540212750495,0.446999999999999
"over",0.983333333333333,0.013612894661749,1,3,TRUE,202608250865,"primary",0.7,0,0.156784158707127,0.152806052746322,0.160559982719944,0.158491336998185,0.0946474430685465,-0.0139540212750495,0.446999999999999
"raw",0.433333333333333,0.00397810596080553,0.641025641025641,3,FALSE,202608250865,"primary",0.7,0,0.156784158707127,0.152806052746322,0.160559982719944,0.158491336998185,0.0946474430685465,-0.0139540212750495,0.446999999999999
"cw",1,0.0165238622401354,1,3,TRUE,202608250866,"primary",0.9,0,0.189576335693483,0.164023498860437,0.162566854025261,0.170086087461147,0.117578667419492,0.00925781942720154,0.442
"gini",0.6,0.0223149229968814,1,3,TRUE,202608250866,"primary",0.9,0,0.189576335693483,0.164023498860437,0.162566854025261,0.170086087461147,0.117578667419492,0.00925781942720154,0.442
"oracle",0,-0.325036625313981,NA,NA,NA,202608250866,"primary",0.9,0,0.189576335693483,0.164023498860437,0.162566854025261,0.170086087461147,0.117578667419492,0.00925781942720154,0.442
"over",1,0.0196593401837601,1,3,TRUE,202608250866,"primary",0.9,0,0.189576335693483,0.164023498860437,0.162566854025261,0.170086087461147,0.117578667419492,0.00925781942720154,0.442
"raw",0.566666666666667,0.025552836833046,1,3,TRUE,202608250866,"primary",0.9,0,0.189576335693483,0.164023498860437,0.162566854025261,0.170086087461147,0.117578667419492,0.00925781942720154,0.442
"cw",1,0.0134311578826551,1,3,TRUE,202608250867,"primary",0.9,0,0.164411751580367,0.166048418287417,0.161127920459529,0.16011435150063,0.10328741661248,-0.00257643823646608,0.385
"gini",0.483333333333333,-0.000903400925273662,1,3,TRUE,202608250867,"primary",0.9,0,0.164411751580367,0.166048418287417,0.161127920459529,0.16011435150063,0.10328741661248,-0.00257643823646608,0.385
"oracle",0,-0.31466643770733,NA,NA,NA,202608250867,"primary",0.9,0,0.164411751580367,0.166048418287417,0.161127920459529,0.16011435150063,0.10328741661248,-0.00257643823646608,0.385
"over",1,0.0159971465859028,1,3,TRUE,202608250867,"primary",0.9,0,0.164411751580367,0.166048418287417,0.161127920459529,0.16011435150063,0.10328741661248,-0.00257643823646608,0.385
"raw",0.55,-0.00163666670704998,1,3,TRUE,202608250867,"primary",0.9,0,0.164411751580367,0.166048418287417,0.161127920459529,0.16011435150063,0.10328741661248,-0.00257643823646608,0.385
"cw",1,0.0145097568217887,1,3,TRUE,202608250868,"primary",0.9,0,0.17041089859774,0.181290326664446,0.157965238013211,0.164399794637158,0.107222278496411,0.00712479006749529,0.297999999999998
"gini",0.416666666666667,-0.00939698254901405,1,3,TRUE,202608250868,"primary",0.9,0,0.17041089859774,0.181290326664446,0.157965238013211,0.164399794637158,0.107222278496411,0.00712479006749529,0.297999999999998
"oracle",0,-0.347191511715965,NA,NA,NA,202608250868,"primary",0.9,0,0.17041089859774,0.181290326664446,0.157965238013211,0.164399794637158,0.107222278496411,0.00712479006749529,0.297999999999998
"over",1,0.0173665216590186,1,3,TRUE,202608250868,"primary",0.9,0,0.17041089859774,0.181290326664446,0.157965238013211,0.164399794637158,0.107222278496411,0.00712479006749529,0.297999999999998
"raw",0.416666666666667,-0.0108794280667058,1,3,TRUE,202608250868,"primary",0.9,0,0.17041089859774,0.181290326664446,0.157965238013211,0.164399794637158,0.107222278496411,0.00712479006749529,0.297999999999998
"cw",1,0.0127719109676549,1,3,TRUE,202608250869,"primary",0.9,0,0.156368802309295,0.120277479483827,0.17118020851008,0.173527462299474,0.0974188148375537,-0.0148173796568799,0.335000000000001
"gini",0.666666666666667,0.0282398941587468,1,3,TRUE,202608250869,"primary",0.9,0,0.156368802309295,0.120277479483827,0.17118020851008,0.173527462299474,0.0974188148375537,-0.0148173796568799,0.335000000000001
"oracle",0,-0.308123452520184,NA,NA,NA,202608250869,"primary",0.9,0,0.156368802309295,0.120277479483827,0.17118020851008,0.173527462299474,0.0974188148375537,-0.0148173796568799,0.335000000000001
"over",1,0.0154303306969111,1,3,TRUE,202608250869,"primary",0.9,0,0.156368802309295,0.120277479483827,0.17118020851008,0.173527462299474,0.0974188148375537,-0.0148173796568799,0.335000000000001
"raw",0.65,0.0360913228254678,1,3,TRUE,202608250869,"primary",0.9,0,0.156368802309295,0.120277479483827,0.17118020851008,0.173527462299474,0.0974188148375537,-0.0148173796568799,0.335000000000001
"cw",1,0.0129356075751079,1,3,TRUE,202608250870,"primary",0.9,0,0.162376916813641,0.176280575913589,0.161439264732992,0.147895368175828,0.0971505490769752,-0.0182591459040315,0.379999999999999
"gini",0.416666666666667,-0.0129204741230448,1,3,TRUE,202608250870,"primary",0.9,0,0.162376916813641,0.176280575913589,0.161439264732992,0.147895368175828,0.0971505490769752,-0.0182591459040315,0.379999999999999
"oracle",0,-0.37381535385064,NA,NA,NA,202608250870,"primary",0.9,0,0.162376916813641,0.176280575913589,0.161439264732992,0.147895368175828,0.0971505490769752,-0.0182591459040315,0.379999999999999
"over",1,0.0155623885196683,1,3,TRUE,202608250870,"primary",0.9,0,0.162376916813641,0.176280575913589,0.161439264732992,0.147895368175828,0.0971505490769752,-0.0182591459040315,0.379999999999999
"raw",0.383333333333333,-0.0139036590999483,1,3,TRUE,202608250870,"primary",0.9,0,0.162376916813641,0.176280575913589,0.161439264732992,0.147895368175828,0.0971505490769752,-0.0182591459040315,0.379999999999999
"cw",1,0.0110906035966116,0.792079207920792,3,FALSE,202608250871,"primary",0.6,0,0.150334919176361,0.194057607575854,0.168956884914838,0.13736690145637,0.0913083601780907,-0.00832724380461113,0.419
"gini",0.3,-0.0438065763666936,0.792079207920792,3,FALSE,202608250871,"primary",0.6,0,0.150334919176361,0.194057607575854,0.168956884914838,0.13736690145637,0.0913083601780907,-0.00832724380461113,0.419
"oracle",0,-0.389727312193715,NA,NA,NA,202608250871,"primary",0.6,0,0.150334919176361,0.194057607575854,0.168956884914838,0.13736690145637,0.0913083601780907,-0.00832724380461113,0.419
"over",1,0.0134190509037436,0.792079207920792,3,FALSE,202608250871,"primary",0.6,0,0.150334919176361,0.194057607575854,0.168956884914838,0.13736690145637,0.0913083601780907,-0.00832724380461113,0.419
"raw",0.316666666666667,-0.0437226883994924,0.792079207920792,3,FALSE,202608250871,"primary",0.6,0,0.150334919176361,0.194057607575854,0.168956884914838,0.13736690145637,0.0913083601780907,-0.00832724380461113,0.419
"cw",1,0.017240556056164,1,3,TRUE,202608250872,"primary",0.9,0,0.186684262485388,0.185711116811779,0.17261975553442,0.16771769695792,0.115717078166043,-0.0082396575463732,0.497
"gini",0.466666666666667,-0.00109668671231888,1,3,TRUE,202608250872,"primary",0.9,0,0.186684262485388,0.185711116811779,0.17261975553442,0.16771769695792,0.115717078166043,-0.0082396575463732,0.497
"oracle",0,-0.235486597325375,NA,NA,NA,202608250872,"primary",0.9,0,0.186684262485388,0.185711116811779,0.17261975553442,0.16771769695792,0.115717078166043,-0.0082396575463732,0.497
"over",1,0.0208584596837815,1,3,TRUE,202608250872,"primary",0.9,0,0.186684262485388,0.185711116811779,0.17261975553442,0.16771769695792,0.115717078166043,-0.0082396575463732,0.497
"raw",0.45,0.000973145673608899,1,3,TRUE,202608250872,"primary",0.9,0,0.186684262485388,0.185711116811779,0.17261975553442,0.16771769695792,0.115717078166043,-0.0082396575463732,0.497
"cw",0.983333333333333,0.0157265008959359,1,3,TRUE,202608250873,"primary",0.8,0,0.176448189288843,0.170371485286666,0.174072473096303,0.158838974307464,0.10812594696613,-0.00204319349055264,0.556000000000001
"gini",0.566666666666667,0.00131554404101983,1,3,TRUE,202608250873,"primary",0.8,0,0.176448189288843,0.170371485286666,0.174072473096303,0.158838974307464,0.10812594696613,-0.00204319349055264,0.556000000000001
"oracle",0,-0.395012312993949,NA,NA,NA,202608250873,"primary",0.8,0,0.176448189288843,0.170371485286666,0.174072473096303,0.158838974307464,0.10812594696613,-0.00204319349055264,0.556000000000001
"over",0.983333333333333,0.0191582188784318,1,3,TRUE,202608250873,"primary",0.8,0,0.176448189288843,0.170371485286666,0.174072473096303,0.158838974307464,0.10812594696613,-0.00204319349055264,0.556000000000001
"raw",0.566666666666667,0.00607670400217647,1,3,TRUE,202608250873,"primary",0.8,0,0.176448189288843,0.170371485286666,0.174072473096303,0.158838974307464,0.10812594696613,-0.00204319349055264,0.556000000000001
"cw",1,0.0174333839659677,1,3,TRUE,202608250874,"primary",0.9,0,0.192285834180843,0.222726168321896,0.167791752533739,0.162923375749545,0.110674542530491,-0.016211494437179,0.401
"gini",0.4,-0.0283160471396752,1,3,TRUE,202608250874,"primary",0.9,0,0.192285834180843,0.222726168321896,0.167791752533739,0.162923375749545,0.110674542530491,-0.016211494437179,0.401
"oracle",0,-0.359143983262472,NA,NA,NA,202608250874,"primary",0.9,0,0.192285834180843,0.222726168321896,0.167791752533739,0.162923375749545,0.110674542530491,-0.016211494437179,0.401
"over",1,0.0209506629568238,1,3,TRUE,202608250874,"primary",0.9,0,0.192285834180843,0.222726168321896,0.167791752533739,0.162923375749545,0.110674542530491,-0.016211494437179,0.401
"raw",0.4,-0.0304403341410532,1,3,TRUE,202608250874,"primary",0.9,0,0.192285834180843,0.222726168321896,0.167791752533739,0.162923375749545,0.110674542530491,-0.016211494437179,0.401
"cw",1,0.0146037600803662,0.902777777777778,4,FALSE,202608250875,"primary",0.6,0,0.176427855669054,0.179231403317834,0.161851072894602,0.163230800807061,0.108196348769322,-0.0041035533047147,0.363000000000001
"gini",0.466666666666667,-0.003076333195458,0.792079207920792,3,FALSE,202608250875,"primary",0.6,0,0.176427855669054,0.179231403317834,0.161851072894602,0.163230800807061,0.108196348769322,-0.0041035533047147,0.363000000000001
"oracle",0,-0.353360777113801,NA,NA,NA,202608250875,"primary",0.6,0,0.176427855669054,0.179231403317834,0.161851072894602,0.163230800807061,0.108196348769322,-0.0041035533047147,0.363000000000001
"over",1,0.017411518991192,0.902777777777778,4,FALSE,202608250875,"primary",0.6,0,0.176427855669054,0.179231403317834,0.161851072894602,0.163230800807061,0.108196348769322,-0.0041035533047147,0.363000000000001
"raw",0.516666666666667,-0.00280354764877924,0.792079207920792,3,FALSE,202608250875,"primary",0.6,0,0.176427855669054,0.179231403317834,0.161851072894602,0.163230800807061,0.108196348769322,-0.0041035533047147,0.363000000000001
"cw",0.95,0.0114904585480796,0.792079207920792,3,TRUE,202608250876,"primary",0.9,0,0.160722227413066,0.166439232870011,0.169802067272305,0.16625601283122,0.0980598188946851,-0.0158646280321934,0.384
"gini",0.5,-0.00618326798241473,0.792079207920792,3,TRUE,202608250876,"primary",0.9,0,0.160722227413066,0.166439232870011,0.169802067272305,0.16625601283122,0.0980598188946851,-0.0158646280321934,0.384
"oracle",0,-0.416037467919362,NA,NA,NA,202608250876,"primary",0.9,0,0.160722227413066,0.166439232870011,0.169802067272305,0.16625601283122,0.0980598188946851,-0.0158646280321934,0.384
"over",0.933333333333333,0.0138842880390599,0.792079207920792,3,TRUE,202608250876,"primary",0.9,0,0.160722227413066,0.166439232870011,0.169802067272305,0.16625601283122,0.0980598188946851,-0.0158646280321934,0.384
"raw",0.483333333333333,-0.00571700545694578,0.792079207920792,3,TRUE,202608250876,"primary",0.9,0,0.160722227413066,0.166439232870011,0.169802067272305,0.16625601283122,0.0980598188946851,-0.0158646280321934,0.384
"cw",1,0.0137077683507122,1,3,TRUE,202608250877,"primary",0.9,0,0.172449342478108,0.150964011334541,0.164007655221643,0.153531395555671,0.104172363273686,-0.00101569323129996,0.318999999999999
"gini",0.633333333333333,0.0156117045714212,1,3,TRUE,202608250877,"primary",0.9,0,0.172449342478108,0.150964011334541,0.164007655221643,0.153531395555671,0.104172363273686,-0.00101569323129996,0.318999999999999
"oracle",0,-0.376064049066043,NA,NA,NA,202608250877,"primary",0.9,0,0.172449342478108,0.150964011334541,0.164007655221643,0.153531395555671,0.104172363273686,-0.00101569323129996,0.318999999999999
"over",1,0.0164553208698851,1,3,TRUE,202608250877,"primary",0.9,0,0.172449342478108,0.150964011334541,0.164007655221643,0.153531395555671,0.104172363273686,-0.00101569323129996,0.318999999999999
"raw",0.65,0.0214853311435676,1,3,TRUE,202608250877,"primary",0.9,0,0.172449342478108,0.150964011334541,0.164007655221643,0.153531395555671,0.104172363273686,-0.00101569323129996,0.318999999999999
"cw",1,0.0189662678015866,1,3,TRUE,202608250878,"primary",0.9,0,0.199647581985492,0.190808891215008,0.174340824084766,0.174013866886698,0.119951481845017,0.00261990180035871,0.440000000000001
"gini",0.466666666666667,0.00427473564358469,1,3,TRUE,202608250878,"primary",0.9,0,0.199647581985492,0.190808891215008,0.174340824084766,0.174013866886698,0.119951481845017,0.00261990180035871,0.440000000000001
"oracle",0,-0.388853942851791,NA,NA,NA,202608250878,"primary",0.9,0,0.199647581985492,0.190808891215008,0.174340824084766,0.174013866886698,0.119951481845017,0.00261990180035871,0.440000000000001
"over",1,0.0232902971988483,1,3,TRUE,202608250878,"primary",0.9,0,0.199647581985492,0.190808891215008,0.174340824084766,0.174013866886698,0.119951481845017,0.00261990180035871,0.440000000000001
"raw",0.433333333333333,0.00883869077048482,1,3,TRUE,202608250878,"primary",0.9,0,0.199647581985492,0.190808891215008,0.174340824084766,0.174013866886698,0.119951481845017,0.00261990180035871,0.440000000000001
"cw",1,0.0201824046940893,1,3,TRUE,202608250879,"primary",0.9,0,0.213302009192742,0.202255386091496,0.1633291292528,0.17266263380292,0.12814343333999,0.0145936340536035,0.421000000000001
"gini",0.6,0.00669749116534454,1,3,TRUE,202608250879,"primary",0.9,0,0.213302009192742,0.202255386091496,0.1633291292528,0.17266263380292,0.12814343333999,0.0145936340536035,0.421000000000001
"oracle",0,-0.306485859759604,NA,NA,NA,202608250879,"primary",0.9,0,0.213302009192742,0.202255386091496,0.1633291292528,0.17266263380292,0.12814343333999,0.0145936340536035,0.421000000000001
"over",1,0.02439392744462,1,3,TRUE,202608250879,"primary",0.9,0,0.213302009192742,0.202255386091496,0.1633291292528,0.17266263380292,0.12814343333999,0.0145936340536035,0.421000000000001
"raw",0.583333333333333,0.0110466231012456,1,3,TRUE,202608250879,"primary",0.9,0,0.213302009192742,0.202255386091496,0.1633291292528,0.17266263380292,0.12814343333999,0.0145936340536035,0.421000000000001
"cw",1,0.0183391788159337,1,3,TRUE,202608250880,"primary",0.9,0,0.193051627058963,0.158262166592462,0.161403394580943,0.18444127878056,0.11979049921324,-0.00374954868584809,0.347999999999999
"gini",0.633333333333333,0.031144144205507,1,3,TRUE,202608250880,"primary",0.9,0,0.193051627058963,0.158262166592462,0.161403394580943,0.18444127878056,0.11979049921324,-0.00374954868584809,0.347999999999999
"oracle",0.0166666666666667,-0.30591697975125,NA,NA,NA,202608250880,"primary",0.9,0,0.193051627058963,0.158262166592462,0.161403394580943,0.18444127878056,0.11979049921324,-0.00374954868584809,0.347999999999999
"over",1,0.0217974142251085,1,3,TRUE,202608250880,"primary",0.9,0,0.193051627058963,0.158262166592462,0.161403394580943,0.18444127878056,0.11979049921324,-0.00374954868584809,0.347999999999999
"raw",0.583333333333333,0.0347894604665013,1,3,TRUE,202608250880,"primary",0.9,0,0.193051627058963,0.158262166592462,0.161403394580943,0.18444127878056,0.11979049921324,-0.00374954868584809,0.347999999999999
"cw",1,0.0149398304640044,1,3,TRUE,202608250881,"primary",0.9,0,0.192903316418,0.201342642024361,0.178465909138147,0.187167241880767,0.115848515419316,0.0196274425899353,0.485999999999999
"gini",0.4,-0.00731412435318132,1,3,TRUE,202608250881,"primary",0.9,0,0.192903316418,0.201342642024361,0.178465909138147,0.187167241880767,0.115848515419316,0.0196274425899353,0.485999999999999
"oracle",0,-0.42822393748988,NA,NA,NA,202608250881,"primary",0.9,0,0.192903316418,0.201342642024361,0.178465909138147,0.187167241880767,0.115848515419316,0.0196274425899353,0.485999999999999
"over",1,0.0182255012002666,1,3,TRUE,202608250881,"primary",0.9,0,0.192903316418,0.201342642024361,0.178465909138147,0.187167241880767,0.115848515419316,0.0196274425899353,0.485999999999999
"raw",0.433333333333333,-0.00843932560636088,1,3,TRUE,202608250881,"primary",0.9,0,0.192903316418,0.201342642024361,0.178465909138147,0.187167241880767,0.115848515419316,0.0196274425899353,0.485999999999999
"cw",0.916666666666667,0.0120926110525059,1,3,TRUE,202608250882,"primary",0.8,0,0.159813375026301,0.154254588381885,0.180471487832715,0.186335762353799,0.0973666712733623,-0.000577725915073033,0.470000000000001
"gini",0.516666666666667,0.00332017500994994,1,3,TRUE,202608250882,"primary",0.8,0,0.159813375026301,0.154254588381885,0.180471487832715,0.186335762353799,0.0973666712733623,-0.000577725915073033,0.470000000000001
"oracle",0.0333333333333333,-0.377028007827383,NA,NA,NA,202608250882,"primary",0.8,0,0.159813375026301,0.154254588381885,0.180471487832715,0.186335762353799,0.0973666712733623,-0.000577725915073033,0.470000000000001
"over",0.916666666666667,0.0149253496794961,1,3,TRUE,202608250882,"primary",0.8,0,0.159813375026301,0.154254588381885,0.180471487832715,0.186335762353799,0.0973666712733623,-0.000577725915073033,0.470000000000001
"raw",0.5,0.00555878664441559,1,3,TRUE,202608250882,"primary",0.8,0,0.159813375026301,0.154254588381885,0.180471487832715,0.186335762353799,0.0973666712733623,-0.000577725915073033,0.470000000000001
"cw",1,0.00797498143321547,1,3,TRUE,202608250883,"primary",0.8,0,0.129035185968627,0.145587530160557,0.185985958832083,0.174456379032607,0.0742313824948528,-0.0164521108566725,0.363999999999997
"gini",0.383333333333333,-0.0146242653440261,1,3,TRUE,202608250883,"primary",0.8,0,0.129035185968627,0.145587530160557,0.185985958832083,0.174456379032607,0.0742313824948528,-0.0164521108566725,0.363999999999997
"oracle",0,-0.44086494679323,NA,NA,NA,202608250883,"primary",0.8,0,0.129035185968627,0.145587530160557,0.185985958832083,0.174456379032607,0.0742313824948528,-0.0164521108566725,0.363999999999997
"over",1,0.00968866553271876,1,3,TRUE,202608250883,"primary",0.8,0,0.129035185968627,0.145587530160557,0.185985958832083,0.174456379032607,0.0742313824948528,-0.0164521108566725,0.363999999999997
"raw",0.366666666666667,-0.0165523441919297,1,3,TRUE,202608250883,"primary",0.8,0,0.129035185968627,0.145587530160557,0.185985958832083,0.174456379032607,0.0742313824948528,-0.0164521108566725,0.363999999999997
"cw",1,0.00745711714392333,1,3,TRUE,202608250884,"primary",0.9,0,0.133493197099145,0.152409390318896,0.163914740873151,0.163080353507749,0.0773271133791787,-0.0128160233094982,0.303999999999998
"gini",0.383333333333333,-0.0175268480771529,1,3,TRUE,202608250884,"primary",0.9,0,0.133493197099145,0.152409390318896,0.163914740873151,0.163080353507749,0.0773271133791787,-0.0128160233094982,0.303999999999998
"oracle",0,-0.334234107194184,NA,NA,NA,202608250884,"primary",0.9,0,0.133493197099145,0.152409390318896,0.163914740873151,0.163080353507749,0.0773271133791787,-0.0128160233094982,0.303999999999998
"over",1,0.00899960681396403,1,3,TRUE,202608250884,"primary",0.9,0,0.133493197099145,0.152409390318896,0.163914740873151,0.163080353507749,0.0773271133791787,-0.0128160233094982,0.303999999999998
"raw",0.45,-0.0189161932197507,1,3,TRUE,202608250884,"primary",0.9,0,0.133493197099145,0.152409390318896,0.163914740873151,0.163080353507749,0.0773271133791787,-0.0128160233094982,0.303999999999998
"cw",1,0.0133574025032504,1,3,TRUE,202608250885,"primary",0.9,0,0.18597512719032,0.190539164520144,0.183442035600733,0.179634111147583,0.112664111471457,0.0185417420614416,0.276
"gini",0.5,-0.00867330817925621,1,3,TRUE,202608250885,"primary",0.9,0,0.18597512719032,0.190539164520144,0.183442035600733,0.179634111147583,0.112664111471457,0.0185417420614416,0.276
"oracle",0,-0.402924520545055,NA,NA,NA,202608250885,"primary",0.9,0,0.18597512719032,0.190539164520144,0.183442035600733,0.179634111147583,0.112664111471457,0.0185417420614416,0.276
"over",1,0.0164716472932451,1,3,TRUE,202608250885,"primary",0.9,0,0.18597512719032,0.190539164520144,0.183442035600733,0.179634111147583,0.112664111471457,0.0185417420614416,0.276
"raw",0.5,-0.00456403732982386,1,3,TRUE,202608250885,"primary",0.9,0,0.18597512719032,0.190539164520144,0.183442035600733,0.179634111147583,0.112664111471457,0.0185417420614416,0.276
"cw",1,0.0137400941565789,1,3,TRUE,202608250886,"primary",0.9,0,0.170069229435538,0.17440675277251,0.165019532374259,0.14865212200507,0.103182255870038,-0.018450541603409,0.528
"gini",0.45,-0.00566153998927532,1,3,TRUE,202608250886,"primary",0.9,0,0.170069229435538,0.17440675277251,0.165019532374259,0.14865212200507,0.103182255870038,-0.018450541603409,0.528
"oracle",0,-0.370934165168274,NA,NA,NA,202608250886,"primary",0.9,0,0.170069229435538,0.17440675277251,0.165019532374259,0.14865212200507,0.103182255870038,-0.018450541603409,0.528
"over",1,0.0164669059517606,1,3,TRUE,202608250886,"primary",0.9,0,0.170069229435538,0.17440675277251,0.165019532374259,0.14865212200507,0.103182255870038,-0.018450541603409,0.528
"raw",0.483333333333333,-0.00433752333697254,1,3,TRUE,202608250886,"primary",0.9,0,0.170069229435538,0.17440675277251,0.165019532374259,0.14865212200507,0.103182255870038,-0.018450541603409,0.528
"cw",0.983333333333333,0.0175683049724298,1,3,TRUE,202608250887,"primary",0.9,0,0.189618572996687,0.182345055393896,0.162593989288322,0.175703553229398,0.116587962335969,0.00326723589372505,0.384999999999998
"gini",0.633333333333333,0.00520297680606649,1,3,TRUE,202608250887,"primary",0.9,0,0.189618572996687,0.182345055393896,0.162593989288322,0.175703553229398,0.116587962335969,0.00326723589372505,0.384999999999998
"oracle",0,-0.44343908908061,NA,NA,NA,202608250887,"primary",0.9,0,0.189618572996687,0.182345055393896,0.162593989288322,0.175703553229398,0.116587962335969,0.00326723589372505,0.384999999999998
"over",0.983333333333333,0.0209013525625816,1,3,TRUE,202608250887,"primary",0.9,0,0.189618572996687,0.182345055393896,0.162593989288322,0.175703553229398,0.116587962335969,0.00326723589372505,0.384999999999998
"raw",0.6,0.00727351760279102,1,3,TRUE,202608250887,"primary",0.9,0,0.189618572996687,0.182345055393896,0.162593989288322,0.175703553229398,0.116587962335969,0.00326723589372505,0.384999999999998
"cw",1,0.0188949502653551,1,3,TRUE,202608250888,"primary",0.9,0,0.208009776283145,0.177978724340091,0.183725293603351,0.167566990520095,0.12278504826206,0.00448674102578055,0.403000000000002
"gini",0.666666666666667,0.0232560918339337,1,3,TRUE,202608250888,"primary",0.9,0,0.208009776283145,0.177978724340091,0.183725293603351,0.167566990520095,0.12278504826206,0.00448674102578055,0.403000000000002
"oracle",0,-0.331174755875899,NA,NA,NA,202608250888,"primary",0.9,0,0.208009776283145,0.177978724340091,0.183725293603351,0.167566990520095,0.12278504826206,0.00448674102578055,0.403000000000002
"over",1,0.0231225610884409,1,3,TRUE,202608250888,"primary",0.9,0,0.208009776283145,0.177978724340091,0.183725293603351,0.167566990520095,0.12278504826206,0.00448674102578055,0.403000000000002
"raw",0.683333333333333,0.030031051943054,1,3,TRUE,202608250888,"primary",0.9,0,0.208009776283145,0.177978724340091,0.183725293603351,0.167566990520095,0.12278504826206,0.00448674102578055,0.403000000000002
"cw",0.983333333333333,0.0128236871983655,1,3,TRUE,202608250889,"primary",0.7,0,0.167675005288353,0.104838488488236,0.171372472213946,0.161232011279431,0.101852605230915,-0.0173732045078187,0.417
"gini",0.716666666666667,0.0514099879457147,0.792079207920792,3,FALSE,202608250889,"primary",0.7,0,0.167675005288353,0.104838488488236,0.171372472213946,0.161232011279431,0.101852605230915,-0.0173732045078187,0.417
"oracle",0,-0.370178975823759,NA,NA,NA,202608250889,"primary",0.7,0,0.167675005288353,0.104838488488236,0.171372472213946,0.161232011279431,0.101852605230915,-0.0173732045078187,0.417
"over",0.983333333333333,0.015551846062274,1,3,TRUE,202608250889,"primary",0.7,0,0.167675005288353,0.104838488488236,0.171372472213946,0.161232011279431,0.101852605230915,-0.0173732045078187,0.417
"raw",0.75,0.0628365168001177,0.792079207920792,3,FALSE,202608250889,"primary",0.7,0,0.167675005288353,0.104838488488236,0.171372472213946,0.161232011279431,0.101852605230915,-0.0173732045078187,0.417
"cw",1,0.0233773727874352,1,3,TRUE,202608250890,"primary",0.9,0,0.213993084738519,0.16549837742961,0.172128619828683,0.154169657524474,0.130663600385314,-0.0182816934771613,0.481000000000002
"gini",0.7,0.0338690586933838,1,3,TRUE,202608250890,"primary",0.9,0,0.213993084738519,0.16549837742961,0.172128619828683,0.154169657524474,0.130663600385314,-0.0182816934771613,0.481000000000002
"oracle",0,-0.330010490712003,NA,NA,NA,202608250890,"primary",0.9,0,0.213993084738519,0.16549837742961,0.172128619828683,0.154169657524474,0.130663600385314,-0.0182816934771613,0.481000000000002
"over",1,0.028447835094513,1,3,TRUE,202608250890,"primary",0.9,0,0.213993084738519,0.16549837742961,0.172128619828683,0.154169657524474,0.130663600385314,-0.0182816934771613,0.481000000000002
"raw",0.716666666666667,0.0484947073089091,1,3,TRUE,202608250890,"primary",0.9,0,0.213993084738519,0.16549837742961,0.172128619828683,0.154169657524474,0.130663600385314,-0.0182816934771613,0.481000000000002
"cw",1,0.0104312900123989,1,3,TRUE,202608250891,"primary",0.9,0,0.158656828933054,0.216837909666943,0.159424856776257,0.160848624244897,0.093350903403647,-0.00011277588746141,0.404
"gini",0.266666666666667,-0.0486110735961618,1,3,TRUE,202608250891,"primary",0.9,0,0.158656828933054,0.216837909666943,0.159424856776257,0.160848624244897,0.093350903403647,-0.00011277588746141,0.404
"oracle",0,-0.388435474107828,NA,NA,NA,202608250891,"primary",0.9,0,0.158656828933054,0.216837909666943,0.159424856776257,0.160848624244897,0.093350903403647,-0.00011277588746141,0.404
"over",1,0.012381945889205,1,3,TRUE,202608250891,"primary",0.9,0,0.158656828933054,0.216837909666943,0.159424856776257,0.160848624244897,0.093350903403647,-0.00011277588746141,0.404
"raw",0.25,-0.0581810807338889,1,3,TRUE,202608250891,"primary",0.9,0,0.158656828933054,0.216837909666943,0.159424856776257,0.160848624244897,0.093350903403647,-0.00011277588746141,0.404
"cw",0.9,0.0116536993414223,1,3,TRUE,202608250892,"primary",0.9,0,0.174004667000002,0.217043765353321,0.170818014566212,0.172408896230877,0.0997725035648826,0.0126973744081217,0.515999999999998
"gini",0.4,-0.0382463100199012,1,3,TRUE,202608250892,"primary",0.9,0,0.174004667000002,0.217043765353321,0.170818014566212,0.172408896230877,0.0997725035648826,0.0126973744081217,0.515999999999998
"oracle",0,-0.425793955443068,NA,NA,NA,202608250892,"primary",0.9,0,0.174004667000002,0.217043765353321,0.170818014566212,0.172408896230877,0.0997725035648826,0.0126973744081217,0.515999999999998
"over",0.9,0.0140025053734988,1,3,TRUE,202608250892,"primary",0.9,0,0.174004667000002,0.217043765353321,0.170818014566212,0.172408896230877,0.0997725035648826,0.0126973744081217,0.515999999999998
"raw",0.383333333333333,-0.043039098353319,1,3,TRUE,202608250892,"primary",0.9,0,0.174004667000002,0.217043765353321,0.170818014566212,0.172408896230877,0.0997725035648826,0.0126973744081217,0.515999999999998
"cw",0.883333333333333,0.00733932612164044,1,3,TRUE,202608250893,"primary",0.9,0,0.138545003650174,0.218547476019477,0.176325276156479,0.162917207364788,0.0859750454560353,0.00753460343445677,0.347
"gini",0.216666666666667,-0.068231141949552,1,3,TRUE,202608250893,"primary",0.9,0,0.138545003650174,0.218547476019477,0.176325276156479,0.162917207364788,0.0859750454560353,0.00753460343445677,0.347
"oracle",0,-0.39819896414835,NA,NA,NA,202608250893,"primary",0.9,0,0.138545003650174,0.218547476019477,0.176325276156479,0.162917207364788,0.0859750454560353,0.00753460343445677,0.347
"over",0.883333333333333,0.00891673781964896,1,3,TRUE,202608250893,"primary",0.9,0,0.138545003650174,0.218547476019477,0.176325276156479,0.162917207364788,0.0859750454560353,0.00753460343445677,0.347
"raw",0.233333333333333,-0.0800024723693025,1,3,TRUE,202608250893,"primary",0.9,0,0.138545003650174,0.218547476019477,0.176325276156479,0.162917207364788,0.0859750454560353,0.00753460343445677,0.347
"cw",1,0.0121281634111245,1,3,TRUE,202608250894,"primary",0.9,0,0.159559400489003,0.166730741579278,0.166359877524509,0.175121956529602,0.097689131270464,-0.00181123858923364,0.373999999999999
"gini",0.45,-0.00535639525818513,1,3,TRUE,202608250894,"primary",0.9,0,0.159559400489003,0.166730741579278,0.166359877524509,0.175121956529602,0.097689131270464,-0.00181123858923364,0.373999999999999
"oracle",0,-0.437964680242656,NA,NA,NA,202608250894,"primary",0.9,0,0.159559400489003,0.166730741579278,0.166359877524509,0.175121956529602,0.097689131270464,-0.00181123858923364,0.373999999999999
"over",1,0.0145331564918938,1,3,TRUE,202608250894,"primary",0.9,0,0.159559400489003,0.166730741579278,0.166359877524509,0.175121956529602,0.097689131270464,-0.00181123858923364,0.373999999999999
"raw",0.433333333333333,-0.00717134109027437,1,3,TRUE,202608250894,"primary",0.9,0,0.159559400489003,0.166730741579278,0.166359877524509,0.175121956529602,0.097689131270464,-0.00181123858923364,0.373999999999999
"cw",1,0.0103330441461259,1,3,TRUE,202608250895,"primary",0.9,0,0.14236919848635,0.186019184314187,0.150156475966618,0.161710788694086,0.0860130797340183,-0.00587245611556609,0.344000000000001
"gini",0.333333333333333,-0.036935421395912,0.792079207920792,3,TRUE,202608250895,"primary",0.9,0,0.14236919848635,0.186019184314187,0.150156475966618,0.161710788694086,0.0860130797340183,-0.00587245611556609,0.344000000000001
"oracle",0,-0.371556362674328,NA,NA,NA,202608250895,"primary",0.9,0,0.14236919848635,0.186019184314187,0.150156475966618,0.161710788694086,0.0860130797340183,-0.00587245611556609,0.344000000000001
"over",1,0.0122233078301376,1,3,TRUE,202608250895,"primary",0.9,0,0.14236919848635,0.186019184314187,0.150156475966618,0.161710788694086,0.0860130797340183,-0.00587245611556609,0.344000000000001
"raw",0.316666666666667,-0.0436499858278366,0.792079207920792,3,TRUE,202608250895,"primary",0.9,0,0.14236919848635,0.186019184314187,0.150156475966618,0.161710788694086,0.0860130797340183,-0.00587245611556609,0.344000000000001
"cw",1,0.00994797239141939,0.792079207920792,3,FALSE,202608250896,"primary",0.6,0,0.142741224442271,0.169896304096314,0.156227668082036,0.144501232131594,0.0867652155399421,-0.00115753974424359,0.448
"gini",0.35,-0.0251021661792444,0.792079207920792,3,FALSE,202608250896,"primary",0.6,0,0.142741224442271,0.169896304096314,0.156227668082036,0.144501232131594,0.0867652155399421,-0.00115753974424359,0.448
"oracle",0,-0.351716323502782,NA,NA,NA,202608250896,"primary",0.6,0,0.142741224442271,0.169896304096314,0.156227668082036,0.144501232131594,0.0867652155399421,-0.00115753974424359,0.448
"over",1,0.0118169683798296,0.792079207920792,3,FALSE,202608250896,"primary",0.6,0,0.142741224442271,0.169896304096314,0.156227668082036,0.144501232131594,0.0867652155399421,-0.00115753974424359,0.448
"raw",0.4,-0.0271550796540428,0.792079207920792,3,FALSE,202608250896,"primary",0.6,0,0.142741224442271,0.169896304096314,0.156227668082036,0.144501232131594,0.0867652155399421,-0.00115753974424359,0.448
"cw",1,0.0145405791396601,1,3,TRUE,202608250897,"primary",0.9,0,0.169941500013503,0.18824772381294,0.161993820482764,0.164154166263757,0.106923539840938,-0.00130871978171193,0.438000000000001
"gini",0.383333333333333,-0.0180666468374157,1,3,TRUE,202608250897,"primary",0.9,0,0.169941500013503,0.18824772381294,0.161993820482764,0.164154166263757,0.106923539840938,-0.00130871978171193,0.438000000000001
"oracle",0,-0.37505355108951,NA,NA,NA,202608250897,"primary",0.9,0,0.169941500013503,0.18824772381294,0.161993820482764,0.164154166263757,0.106923539840938,-0.00130871978171193,0.438000000000001
"over",1,0.0174221250645998,1,3,TRUE,202608250897,"primary",0.9,0,0.169941500013503,0.18824772381294,0.161993820482764,0.164154166263757,0.106923539840938,-0.00130871978171193,0.438000000000001
"raw",0.416666666666667,-0.0183062237994367,1,3,TRUE,202608250897,"primary",0.9,0,0.169941500013503,0.18824772381294,0.161993820482764,0.164154166263757,0.106923539840938,-0.00130871978171193,0.438000000000001
"cw",0.983333333333333,0.0176742847989526,1,3,TRUE,202608250898,"primary",0.7,0,0.193177983845973,0.192924303684783,0.17145709690617,0.174625943802409,0.116735088798818,-0.00894194807561187,0.352999999999998
"gini",0.516666666666667,0.000362086090632013,0.792079207920792,3,TRUE,202608250898,"primary",0.7,0,0.193177983845973,0.192924303684783,0.17145709690617,0.174625943802409,0.116735088798818,-0.00894194807561187,0.352999999999998
"oracle",0,-0.434615496224989,NA,NA,NA,202608250898,"primary",0.7,0,0.193177983845973,0.192924303684783,0.17145709690617,0.174625943802409,0.116735088798818,-0.00894194807561187,0.352999999999998
"over",0.966666666666667,0.0213475768561352,1,3,TRUE,202608250898,"primary",0.7,0,0.193177983845973,0.192924303684783,0.17145709690617,0.174625943802409,0.116735088798818,-0.00894194807561187,0.352999999999998
"raw",0.533333333333333,0.000253680161189512,1,3,TRUE,202608250898,"primary",0.7,0,0.193177983845973,0.192924303684783,0.17145709690617,0.174625943802409,0.116735088798818,-0.00894194807561187,0.352999999999998
"cw",1,0.00981437122131796,1,3,TRUE,202608250899,"primary",0.9,0,0.147164257357534,0.148922627201146,0.170522172521356,0.169882072646686,0.0836181722891398,-0.019556502524508,0.395
"gini",0.516666666666667,-0.00580267053995785,1,3,TRUE,202608250899,"primary",0.9,0,0.147164257357534,0.148922627201146,0.170522172521356,0.169882072646686,0.0836181722891398,-0.019556502524508,0.395
"oracle",0,-0.452036483266717,NA,NA,NA,202608250899,"primary",0.9,0,0.147164257357534,0.148922627201146,0.170522172521356,0.169882072646686,0.0836181722891398,-0.019556502524508,0.395
"over",1,0.0118867074280166,1,3,TRUE,202608250899,"primary",0.9,0,0.147164257357534,0.148922627201146,0.170522172521356,0.169882072646686,0.0836181722891398,-0.019556502524508,0.395
"raw",0.516666666666667,-0.00175836984361216,1,3,TRUE,202608250899,"primary",0.9,0,0.147164257357534,0.148922627201146,0.170522172521356,0.169882072646686,0.0836181722891398,-0.019556502524508,0.395
"cw",1,0.0148269890228934,1,3,TRUE,202608250900,"primary",0.9,0,0.181808245160294,0.233625848869667,0.17482972317027,0.162313930208158,0.110984188048019,0.0076029464893283,0.273
"gini",0.183333333333333,-0.0448195146845678,1,3,TRUE,202608250900,"primary",0.9,0,0.181808245160294,0.233625848869667,0.17482972317027,0.162313930208158,0.110984188048019,0.0076029464893283,0.273
"oracle",0,-0.321079230532079,NA,NA,NA,202608250900,"primary",0.9,0,0.181808245160294,0.233625848869667,0.17482972317027,0.162313930208158,0.110984188048019,0.0076029464893283,0.273
"over",1,0.0179137631045776,1,3,TRUE,202608250900,"primary",0.9,0,0.181808245160294,0.233625848869667,0.17482972317027,0.162313930208158,0.110984188048019,0.0076029464893283,0.273
"raw",0.2,-0.0518176037093737,1,3,TRUE,202608250900,"primary",0.9,0,0.181808245160294,0.233625848869667,0.17482972317027,0.162313930208158,0.110984188048019,0.0076029464893283,0.273
"cw",1,0.0103513933924099,1,3,TRUE,202608250901,"primary",0.9,0,0.145735644155382,0.172073869418562,0.175854185422293,0.17670878461343,0.0878128379622254,-0.0117909997821191,0.378
"gini",0.483333333333333,-0.0261950774540742,1,3,TRUE,202608250901,"primary",0.9,0,0.145735644155382,0.172073869418562,0.175854185422293,0.17670878461343,0.0878128379622254,-0.0117909997821191,0.378
"oracle",0,-0.391785817284382,NA,NA,NA,202608250901,"primary",0.9,0,0.145735644155382,0.172073869418562,0.175854185422293,0.17670878461343,0.0878128379622254,-0.0117909997821191,0.378
"over",1,0.0126180082187572,1,3,TRUE,202608250901,"primary",0.9,0,0.145735644155382,0.172073869418562,0.175854185422293,0.17670878461343,0.0878128379622254,-0.0117909997821191,0.378
"raw",0.483333333333333,-0.0263382252631794,1,3,TRUE,202608250901,"primary",0.9,0,0.145735644155382,0.172073869418562,0.175854185422293,0.17670878461343,0.0878128379622254,-0.0117909997821191,0.378
"cw",0.966666666666667,0.0117132483957236,1,3,TRUE,202608250902,"primary",0.9,0,0.165653118264411,0.188555536810927,0.155795659338193,0.140414227790443,0.0975288935261909,0.00251313405170613,0.268000000000001
"gini",0.383333333333333,-0.0221287900681935,1,3,TRUE,202608250902,"primary",0.9,0,0.165653118264411,0.188555536810927,0.155795659338193,0.140414227790443,0.0975288935261909,0.00251313405170613,0.268000000000001
"oracle",0,-0.410807735838851,NA,NA,NA,202608250902,"primary",0.9,0,0.165653118264411,0.188555536810927,0.155795659338193,0.140414227790443,0.0975288935261909,0.00251313405170613,0.268000000000001
"over",0.966666666666667,0.0138269720285857,1,3,TRUE,202608250902,"primary",0.9,0,0.165653118264411,0.188555536810927,0.155795659338193,0.140414227790443,0.0975288935261909,0.00251313405170613,0.268000000000001
"raw",0.383333333333333,-0.0229024185465166,1,3,TRUE,202608250902,"primary",0.9,0,0.165653118264411,0.188555536810927,0.155795659338193,0.140414227790443,0.0975288935261909,0.00251313405170613,0.268000000000001
"cw",1,0.0118622370899187,1,3,TRUE,202608250903,"primary",0.9,0,0.168541817951132,0.148217509956704,0.187273522498371,0.163547133450435,0.10033598637235,0.00459361302579709,0.294
"gini",0.533333333333333,0.0120812558564327,1,3,TRUE,202608250903,"primary",0.9,0,0.168541817951132,0.148217509956704,0.187273522498371,0.163547133450435,0.10033598637235,0.00459361302579709,0.294
"oracle",0,-0.35161779595419,NA,NA,NA,202608250903,"primary",0.9,0,0.168541817951132,0.148217509956704,0.187273522498371,0.163547133450435,0.10033598637235,0.00459361302579709,0.294
"over",1,0.0146898919603248,1,3,TRUE,202608250903,"primary",0.9,0,0.168541817951132,0.148217509956704,0.187273522498371,0.163547133450435,0.10033598637235,0.00459361302579709,0.294
"raw",0.55,0.0203243079944277,1,3,TRUE,202608250903,"primary",0.9,0,0.168541817951132,0.148217509956704,0.187273522498371,0.163547133450435,0.10033598637235,0.00459361302579709,0.294
"cw",1,0.0138088641580543,1,3,TRUE,202608250904,"primary",0.9,0,0.173316157642922,0.214226146878028,0.170300149206946,0.152447987551412,0.105559362593394,0.00292970675081864,0.52
"gini",0.283333333333333,-0.0394318696657076,1,3,TRUE,202608250904,"primary",0.9,0,0.173316157642922,0.214226146878028,0.170300149206946,0.152447987551412,0.105559362593394,0.00292970675081864,0.52
"oracle",0,-0.432546224597659,NA,NA,NA,202608250904,"primary",0.9,0,0.173316157642922,0.214226146878028,0.170300149206946,0.152447987551412,0.105559362593394,0.00292970675081864,0.52
"over",1,0.016729435724364,1,3,TRUE,202608250904,"primary",0.9,0,0.173316157642922,0.214226146878028,0.170300149206946,0.152447987551412,0.105559362593394,0.00292970675081864,0.52
"raw",0.366666666666667,-0.0409099892351066,1,3,TRUE,202608250904,"primary",0.9,0,0.173316157642922,0.214226146878028,0.170300149206946,0.152447987551412,0.105559362593394,0.00292970675081864,0.52
"cw",0.9,0.00981606462144953,1,3,TRUE,202608250905,"primary",0.9,0,0.182133699221776,0.244540509356263,0.177223547124918,0.166494714204293,0.107416281862002,0.0296939203436218,0.350999999999999
"gini",0.266666666666667,-0.0550284818297302,1,3,TRUE,202608250905,"primary",0.9,0,0.182133699221776,0.244540509356263,0.177223547124918,0.166494714204293,0.107416281862002,0.0296939203436218,0.350999999999999
"oracle",0,-0.503910719997969,NA,NA,NA,202608250905,"primary",0.9,0,0.182133699221776,0.244540509356263,0.177223547124918,0.166494714204293,0.107416281862002,0.0296939203436218,0.350999999999999
"over",0.9,0.0120878898542586,1,3,TRUE,202608250905,"primary",0.9,0,0.182133699221776,0.244540509356263,0.177223547124918,0.166494714204293,0.107416281862002,0.0296939203436218,0.350999999999999
"raw",0.25,-0.0624068101344869,1,3,TRUE,202608250905,"primary",0.9,0,0.182133699221776,0.244540509356263,0.177223547124918,0.166494714204293,0.107416281862002,0.0296939203436218,0.350999999999999
"cw",1,0.0199547798084877,1,3,TRUE,202608250906,"primary",0.9,0,0.201434590383752,0.167984468562498,0.1721927035236,0.160321713217354,0.122536859286052,-0.0138609774510423,0.415000000000001
"gini",0.616666666666667,0.024735203385236,1,3,TRUE,202608250906,"primary",0.9,0,0.201434590383752,0.167984468562498,0.1721927035236,0.160321713217354,0.122536859286052,-0.0138609774510423,0.415000000000001
"oracle",0,-0.329530398726821,NA,NA,NA,202608250906,"primary",0.9,0,0.201434590383752,0.167984468562498,0.1721927035236,0.160321713217354,0.122536859286052,-0.0138609774510423,0.415000000000001
"over",1,0.0241179764753529,1,3,TRUE,202608250906,"primary",0.9,0,0.201434590383752,0.167984468562498,0.1721927035236,0.160321713217354,0.122536859286052,-0.0138609774510423,0.415000000000001
"raw",0.65,0.0334501218212536,1,3,TRUE,202608250906,"primary",0.9,0,0.201434590383752,0.167984468562498,0.1721927035236,0.160321713217354,0.122536859286052,-0.0138609774510423,0.415000000000001
"cw",1,0.0206926981849492,0.792079207920792,3,FALSE,202608250907,"primary",0.6,0,0.210860626390661,0.1651493933048,0.181897350258767,0.175210511979529,0.129939120304563,-0.0227161351683965,0.393999999999998
"gini",0.733333333333333,0.0353461366140619,0.792079207920792,3,FALSE,202608250907,"primary",0.6,0,0.210860626390661,0.1651493933048,0.181897350258767,0.175210511979529,0.129939120304563,-0.0227161351683965,0.393999999999998
"oracle",0,-0.316478557163553,NA,NA,NA,202608250907,"primary",0.6,0,0.210860626390661,0.1651493933048,0.181897350258767,0.175210511979529,0.129939120304563,-0.0227161351683965,0.393999999999998
"over",1,0.0253985543597549,0.792079207920792,3,FALSE,202608250907,"primary",0.6,0,0.210860626390661,0.1651493933048,0.181897350258767,0.175210511979529,0.129939120304563,-0.0227161351683965,0.393999999999998
"raw",0.7,0.0457112330858613,0.792079207920792,3,FALSE,202608250907,"primary",0.6,0,0.210860626390661,0.1651493933048,0.181897350258767,0.175210511979529,0.129939120304563,-0.0227161351683965,0.393999999999998
"cw",1,0.0111002051146378,1,3,TRUE,202608250908,"primary",0.9,0,0.156801138154752,0.141351277496141,0.19506817245768,0.157603611942399,0.0935662873638909,-0.00795850919330531,0.373000000000001
"gini",0.533333333333333,0.00687866308048643,1,3,TRUE,202608250908,"primary",0.9,0,0.156801138154752,0.141351277496141,0.19506817245768,0.157603611942399,0.0935662873638909,-0.00795850919330531,0.373000000000001
"oracle",0,-0.442965626042889,NA,NA,NA,202608250908,"primary",0.9,0,0.156801138154752,0.141351277496141,0.19506817245768,0.157603611942399,0.0935662873638909,-0.00795850919330531,0.373000000000001
"over",1,0.0138310714360026,1,3,TRUE,202608250908,"primary",0.9,0,0.156801138154752,0.141351277496141,0.19506817245768,0.157603611942399,0.0935662873638909,-0.00795850919330531,0.373000000000001
"raw",0.616666666666667,0.0154498606586116,1,3,TRUE,202608250908,"primary",0.9,0,0.156801138154752,0.141351277496141,0.19506817245768,0.157603611942399,0.0935662873638909,-0.00795850919330531,0.373000000000001
"cw",1,0.0209587715498202,1,3,TRUE,202608250909,"primary",0.9,0,0.204478165676137,0.157216953319667,0.18609677321323,0.158394311993265,0.127128003332081,-0.0316474742348791,0.256
"gini",0.633333333333333,0.0345633267991591,1,3,TRUE,202608250909,"primary",0.9,0,0.204478165676137,0.157216953319667,0.18609677321323,0.158394311993265,0.127128003332081,-0.0316474742348791,0.256
"oracle",0.05,-0.334643870652185,NA,NA,NA,202608250909,"primary",0.9,0,0.204478165676137,0.157216953319667,0.18609677321323,0.158394311993265,0.127128003332081,-0.0316474742348791,0.256
"over",1,0.0258336478151855,1,3,TRUE,202608250909,"primary",0.9,0,0.204478165676137,0.157216953319667,0.18609677321323,0.158394311993265,0.127128003332081,-0.0316474742348791,0.256
"raw",0.683333333333333,0.047261212356471,1,3,TRUE,202608250909,"primary",0.9,0,0.204478165676137,0.157216953319667,0.18609677321323,0.158394311993265,0.127128003332081,-0.0316474742348791,0.256
"cw",1,0.00834147201362757,1,3,TRUE,202608250910,"primary",0.9,0,0.13079002423759,0.19744970081319,0.194896788004083,0.167518864841207,0.0817607369136149,-0.0142905046144199,0.446999999999999
"gini",0.133333333333333,-0.058773522834118,1,3,TRUE,202608250910,"primary",0.9,0,0.13079002423759,0.19744970081319,0.194896788004083,0.167518864841207,0.0817607369136149,-0.0142905046144199,0.446999999999999
"oracle",0,-0.41960351398278,NA,NA,NA,202608250910,"primary",0.9,0,0.13079002423759,0.19744970081319,0.194896788004083,0.167518864841207,0.0817607369136149,-0.0142905046144199,0.446999999999999
"over",1,0.0103578444269844,1,3,TRUE,202608250910,"primary",0.9,0,0.13079002423759,0.19744970081319,0.194896788004083,0.167518864841207,0.0817607369136149,-0.0142905046144199,0.446999999999999
"raw",0.116666666666667,-0.0666596765755995,1,3,TRUE,202608250910,"primary",0.9,0,0.13079002423759,0.19744970081319,0.194896788004083,0.167518864841207,0.0817607369136149,-0.0142905046144199,0.446999999999999
"cw",1,0.00662541150946113,0.792079207920792,3,FALSE,202608250911,"primary",0.6,0,0.117720308075149,0.0938772979188904,0.154849443387013,0.169112768434135,0.0710965867472157,-0.0150332112127681,0.477999999999998
"gini",0.65,0.0207859042864558,0.792079207920792,3,FALSE,202608250911,"primary",0.6,0,0.117720308075149,0.0938772979188904,0.154849443387013,0.169112768434135,0.0710965867472157,-0.0150332112127681,0.477999999999998
"oracle",0,-0.35786849259947,NA,NA,NA,202608250911,"primary",0.6,0,0.117720308075149,0.0938772979188904,0.154849443387013,0.169112768434135,0.0710965867472157,-0.0150332112127681,0.477999999999998
"over",1,0.00779435905540284,0.792079207920792,3,FALSE,202608250911,"primary",0.6,0,0.117720308075149,0.0938772979188904,0.154849443387013,0.169112768434135,0.0710965867472157,-0.0150332112127681,0.477999999999998
"raw",0.633333333333333,0.0238430101562587,0.792079207920792,3,FALSE,202608250911,"primary",0.6,0,0.117720308075149,0.0938772979188904,0.154849443387013,0.169112768434135,0.0710965867472157,-0.0150332112127681,0.477999999999998
"cw",1,0.0171347335167578,1,3,TRUE,202608250912,"primary",0.9,0,0.184466545845618,0.170138734847979,0.165936837908627,0.169268634529998,0.112287370774511,-0.020498031623928,0.285
"gini",0.616666666666667,0.0108514179385259,1,3,TRUE,202608250912,"primary",0.9,0,0.184466545845618,0.170138734847979,0.165936837908627,0.169268634529998,0.112287370774511,-0.020498031623928,0.285
"oracle",0,-0.335435780482336,NA,NA,NA,202608250912,"primary",0.9,0,0.184466545845618,0.170138734847979,0.165936837908627,0.169268634529998,0.112287370774511,-0.020498031623928,0.285
"over",1,0.0205969214947259,1,3,TRUE,202608250912,"primary",0.9,0,0.184466545845618,0.170138734847979,0.165936837908627,0.169268634529998,0.112287370774511,-0.020498031623928,0.285
"raw",0.6,0.0143278109976392,1,3,TRUE,202608250912,"primary",0.9,0,0.184466545845618,0.170138734847979,0.165936837908627,0.169268634529998,0.112287370774511,-0.020498031623928,0.285
"cw",1,0.0113435262936784,1,3,TRUE,202608250913,"primary",0.9,0,0.164020012609547,0.157547430882841,0.189793281747518,0.162697324846738,0.0958115349788208,0.00123595382159316,0.489999999999998
"gini",0.466666666666667,0.00109418587581894,1,3,TRUE,202608250913,"primary",0.9,0,0.164020012609547,0.157547430882841,0.189793281747518,0.162697324846738,0.0958115349788208,0.00123595382159316,0.489999999999998
"oracle",0,-0.35318360237593,NA,NA,NA,202608250913,"primary",0.9,0,0.164020012609547,0.157547430882841,0.189793281747518,0.162697324846738,0.0958115349788208,0.00123595382159316,0.489999999999998
"over",1,0.0139425442222094,1,3,TRUE,202608250913,"primary",0.9,0,0.164020012609547,0.157547430882841,0.189793281747518,0.162697324846738,0.0958115349788208,0.00123595382159316,0.489999999999998
"raw",0.533333333333333,0.00647258172670559,1,3,TRUE,202608250913,"primary",0.9,0,0.164020012609547,0.157547430882841,0.189793281747518,0.162697324846738,0.0958115349788208,0.00123595382159316,0.489999999999998
"cw",1,0.0220544286186547,0.792079207920792,3,FALSE,202608250914,"primary",0.6,0,0.209785784836625,0.14814109456451,0.164886416516045,0.158131795861207,0.129053712290494,-0.023935159042614,0.417999999999999
"gini",0.766666666666667,0.0488751382259598,0.792079207920792,3,FALSE,202608250914,"primary",0.6,0,0.209785784836625,0.14814109456451,0.164886416516045,0.158131795861207,0.129053712290494,-0.023935159042614,0.417999999999999
"oracle",0,-0.380065299634054,NA,NA,NA,202608250914,"primary",0.6,0,0.209785784836625,0.14814109456451,0.164886416516045,0.158131795861207,0.129053712290494,-0.023935159042614,0.417999999999999
"over",1,0.0265294753075766,0.792079207920792,3,FALSE,202608250914,"primary",0.6,0,0.209785784836625,0.14814109456451,0.164886416516045,0.158131795861207,0.129053712290494,-0.023935159042614,0.417999999999999
"raw",0.8,0.0616446902721149,0.792079207920792,3,FALSE,202608250914,"primary",0.6,0,0.209785784836625,0.14814109456451,0.164886416516045,0.158131795861207,0.129053712290494,-0.023935159042614,0.417999999999999
"cw",1,0.0142738064525235,1,3,TRUE,202608250915,"primary",0.9,0,0.172959250268112,0.2228083731606,0.189575851199186,0.138295314996769,0.104654304027439,-0.00286392962460648,0.278000000000002
"gini",0.183333333333333,-0.0531028896474822,1,3,TRUE,202608250915,"primary",0.9,0,0.172959250268112,0.2228083731606,0.189575851199186,0.138295314996769,0.104654304027439,-0.00286392962460648,0.278000000000002
"oracle",0,-0.339382320665736,NA,NA,NA,202608250915,"primary",0.9,0,0.172959250268112,0.2228083731606,0.189575851199186,0.138295314996769,0.104654304027439,-0.00286392962460648,0.278000000000002
"over",1,0.0178355009829237,1,3,TRUE,202608250915,"primary",0.9,0,0.172959250268112,0.2228083731606,0.189575851199186,0.138295314996769,0.104654304027439,-0.00286392962460648,0.278000000000002
"raw",0.216666666666667,-0.0498491228924881,1,3,TRUE,202608250915,"primary",0.9,0,0.172959250268112,0.2228083731606,0.189575851199186,0.138295314996769,0.104654304027439,-0.00286392962460648,0.278000000000002
"cw",1,0.020615896973317,0.792079207920792,3,FALSE,202608250916,"primary",0.6,0,0.206908798683708,0.191248985409194,0.167627597676214,0.158255745558416,0.125495541507092,-0.0101275080738024,0.282
"gini",0.533333333333333,0.0124374249085902,0.792079207920792,3,FALSE,202608250916,"primary",0.6,0,0.206908798683708,0.191248985409194,0.167627597676214,0.158255745558416,0.125495541507092,-0.0101275080738024,0.282
"oracle",0,-0.259012614148874,NA,NA,NA,202608250916,"primary",0.6,0,0.206908798683708,0.191248985409194,0.167627597676214,0.158255745558416,0.125495541507092,-0.0101275080738024,0.282
"over",1,0.024668502625372,0.792079207920792,3,FALSE,202608250916,"primary",0.6,0,0.206908798683708,0.191248985409194,0.167627597676214,0.158255745558416,0.125495541507092,-0.0101275080738024,0.282
"raw",0.516666666666667,0.0156598132745143,0.792079207920792,3,FALSE,202608250916,"primary",0.6,0,0.206908798683708,0.191248985409194,0.167627597676214,0.158255745558416,0.125495541507092,-0.0101275080738024,0.282
"cw",1,0.00969719272849876,1,3,TRUE,202608250917,"primary",0.9,0,0.137220283749318,0.17803458611771,0.143696394940497,0.141485002207883,0.0836295346465499,-0.00587415884546347,0.268000000000001
"gini",0.266666666666667,-0.0350789885728722,1,3,TRUE,202608250917,"primary",0.9,0,0.137220283749318,0.17803458611771,0.143696394940497,0.141485002207883,0.0836295346465499,-0.00587415884546347,0.268000000000001
"oracle",0.1,-0.249975605841382,NA,NA,NA,202608250917,"primary",0.9,0,0.137220283749318,0.17803458611771,0.143696394940497,0.141485002207883,0.0836295346465499,-0.00587415884546347,0.268000000000001
"over",1,0.0113189603316391,1,3,TRUE,202608250917,"primary",0.9,0,0.137220283749318,0.17803458611771,0.143696394940497,0.141485002207883,0.0836295346465499,-0.00587415884546347,0.268000000000001
"raw",0.25,-0.0408143023683922,1,3,TRUE,202608250917,"primary",0.9,0,0.137220283749318,0.17803458611771,0.143696394940497,0.141485002207883,0.0836295346465499,-0.00587415884546347,0.268000000000001
"cw",1,0.0202755945480048,1,3,TRUE,202608250918,"primary",0.8,0,0.20400339486465,0.165518619079991,0.172534903880291,0.173199647690626,0.120992407928006,-0.00355183941040122,0.425000000000001
"gini",0.65,0.029590106827028,1,3,TRUE,202608250918,"primary",0.8,0,0.20400339486465,0.165518619079991,0.172534903880291,0.173199647690626,0.120992407928006,-0.00355183941040122,0.425000000000001
"oracle",0,-0.394911250456202,NA,NA,NA,202608250918,"primary",0.8,0,0.20400339486465,0.165518619079991,0.172534903880291,0.173199647690626,0.120992407928006,-0.00355183941040122,0.425000000000001
"over",1,0.0246298870669068,1,3,TRUE,202608250918,"primary",0.8,0,0.20400339486465,0.165518619079991,0.172534903880291,0.173199647690626,0.120992407928006,-0.00355183941040122,0.425000000000001
"raw",0.683333333333333,0.0384847757846586,1,3,TRUE,202608250918,"primary",0.8,0,0.20400339486465,0.165518619079991,0.172534903880291,0.173199647690626,0.120992407928006,-0.00355183941040122,0.425000000000001
"cw",1,0.00588424825837366,0.792079207920792,3,FALSE,202608250919,"primary",0.6,0,0.115747732891431,0.126882506368158,0.154285098367783,0.179561836478506,0.0654049061333071,-0.00736981242435289,0.344000000000001
"gini",0.433333333333333,-0.00956386719307512,0.792079207920792,3,FALSE,202608250919,"primary",0.6,0,0.115747732891431,0.126882506368158,0.154285098367783,0.179561836478506,0.0654049061333071,-0.00736981242435289,0.344000000000001
"oracle",0,-0.425878336164714,NA,NA,NA,202608250919,"primary",0.6,0,0.115747732891431,0.126882506368158,0.154285098367783,0.179561836478506,0.0654049061333071,-0.00736981242435289,0.344000000000001
"over",1,0.00699301835962921,0.792079207920792,3,FALSE,202608250919,"primary",0.6,0,0.115747732891431,0.126882506368158,0.154285098367783,0.179561836478506,0.0654049061333071,-0.00736981242435289,0.344000000000001
"raw",0.433333333333333,-0.0111347734767274,0.792079207920792,3,FALSE,202608250919,"primary",0.6,0,0.115747732891431,0.126882506368158,0.154285098367783,0.179561836478506,0.0654049061333071,-0.00736981242435289,0.344000000000001
"cw",1,0.0165286333677664,1,3,TRUE,202608250920,"primary",0.9,0,0.181467412797654,0.167083186950482,0.166786326682683,0.172500714663982,0.111049591690145,-0.013200897090594,0.349
"gini",0.566666666666667,0.0129278024931784,1,3,TRUE,202608250920,"primary",0.9,0,0.181467412797654,0.167083186950482,0.166786326682683,0.172500714663982,0.111049591690145,-0.013200897090594,0.349
"oracle",0,-0.379483591148762,NA,NA,NA,202608250920,"primary",0.9,0,0.181467412797654,0.167083186950482,0.166786326682683,0.172500714663982,0.111049591690145,-0.013200897090594,0.349
"over",1,0.0197546115556697,1,3,TRUE,202608250920,"primary",0.9,0,0.181467412797654,0.167083186950482,0.166786326682683,0.172500714663982,0.111049591690145,-0.013200897090594,0.349
"raw",0.566666666666667,0.0143842258471713,1,3,TRUE,202608250920,"primary",0.9,0,0.181467412797654,0.167083186950482,0.166786326682683,0.172500714663982,0.111049591690145,-0.013200897090594,0.349
"cw",1,0.0126489494763317,1,3,TRUE,202608250921,"primary",0.9,0,0.1628188665934,0.143997833078584,0.188751639403489,0.170267400964859,0.0980365885933718,-0.0153613117537583,0.419
"gini",0.566666666666667,0.0133107754188967,1,3,TRUE,202608250921,"primary",0.9,0,0.1628188665934,0.143997833078584,0.188751639403489,0.170267400964859,0.0980365885933718,-0.0153613117537583,0.419
"oracle",0,-0.281825043623759,NA,NA,NA,202608250921,"primary",0.9,0,0.1628188665934,0.143997833078584,0.188751639403489,0.170267400964859,0.0980365885933718,-0.0153613117537583,0.419
"over",1,0.0156024188500397,1,3,TRUE,202608250921,"primary",0.9,0,0.1628188665934,0.143997833078584,0.188751639403489,0.170267400964859,0.0980365885933718,-0.0153613117537583,0.419
"raw",0.616666666666667,0.0188210335148153,1,3,TRUE,202608250921,"primary",0.9,0,0.1628188665934,0.143997833078584,0.188751639403489,0.170267400964859,0.0980365885933718,-0.0153613117537583,0.419
"cw",1,0.01723428177221,1,3,TRUE,202608250922,"primary",0.9,0,0.192450339804332,0.186686322009963,0.160708240081305,0.16988569065507,0.115728858923868,0.00424021234457822,0.41
"gini",0.533333333333333,0.00464277045771513,1,3,TRUE,202608250922,"primary",0.9,0,0.192450339804332,0.186686322009963,0.160708240081305,0.16988569065507,0.115728858923868,0.00424021234457822,0.41
"oracle",0,-0.320423845525747,NA,NA,NA,202608250922,"primary",0.9,0,0.192450339804332,0.186686322009963,0.160708240081305,0.16988569065507,0.115728858923868,0.00424021234457822,0.41
"over",1,0.0205380418659951,1,3,TRUE,202608250922,"primary",0.9,0,0.192450339804332,0.186686322009963,0.160708240081305,0.16988569065507,0.115728858923868,0.00424021234457822,0.41
"raw",0.533333333333333,0.00576401779436916,1,3,TRUE,202608250922,"primary",0.9,0,0.192450339804332,0.186686322009963,0.160708240081305,0.16988569065507,0.115728858923868,0.00424021234457822,0.41
"cw",0.883333333333333,0.00593509576146599,0.392156862745098,2,FALSE,202608250923,"primary",0.3,0,0.124180694063655,0.159905715626809,0.198495635643625,0.165859209444716,0.0783928104380266,-0.0187480767781273,0.341999999999999
"gini",0.35,-0.0333937041195874,0.392156862745098,2,FALSE,202608250923,"primary",0.3,0,0.124180694063655,0.159905715626809,0.198495635643625,0.165859209444716,0.0783928104380266,-0.0187480767781273,0.341999999999999
"oracle",0,-0.391967940042108,NA,NA,NA,202608250923,"primary",0.3,0,0.124180694063655,0.159905715626809,0.198495635643625,0.165859209444716,0.0783928104380266,-0.0187480767781273,0.341999999999999
"over",0.866666666666667,0.00739005844245953,0.392156862745098,2,FALSE,202608250923,"primary",0.3,0,0.124180694063655,0.159905715626809,0.198495635643625,0.165859209444716,0.0783928104380266,-0.0187480767781273,0.341999999999999
"raw",0.383333333333333,-0.0357250215631539,0.392156862745098,2,FALSE,202608250923,"primary",0.3,0,0.124180694063655,0.159905715626809,0.198495635643625,0.165859209444716,0.0783928104380266,-0.0187480767781273,0.341999999999999
"cw",1,0.0181121432044015,1,3,TRUE,202608250924,"primary",0.9,0,0.19345597411224,0.126757095396856,0.197000858591134,0.156327609295764,0.118514823917974,-0.0102810634122754,0.390000000000001
"gini",0.716666666666667,0.0474053455859583,1,3,TRUE,202608250924,"primary",0.9,0,0.19345597411224,0.126757095396856,0.197000858591134,0.156327609295764,0.118514823917974,-0.0102810634122754,0.390000000000001
"oracle",0.0166666666666667,-0.323758820934633,NA,NA,NA,202608250924,"primary",0.9,0,0.19345597411224,0.126757095396856,0.197000858591134,0.156327609295764,0.118514823917974,-0.0102810634122754,0.390000000000001
"over",1,0.0226813225942207,1,3,TRUE,202608250924,"primary",0.9,0,0.19345597411224,0.126757095396856,0.197000858591134,0.156327609295764,0.118514823917974,-0.0102810634122754,0.390000000000001
"raw",0.783333333333333,0.0666988787153844,1,3,TRUE,202608250924,"primary",0.9,0,0.19345597411224,0.126757095396856,0.197000858591134,0.156327609295764,0.118514823917974,-0.0102810634122754,0.390000000000001
"cw",1,0.0205037176590302,1,3,TRUE,202608250925,"primary",0.9,0,0.206406288462092,0.177253993998195,0.172405448219608,0.175484983978648,0.125763937228468,-0.0102908111049512,0.416
"gini",0.683333333333333,0.0235796382386405,1,3,TRUE,202608250925,"primary",0.9,0,0.206406288462092,0.177253993998195,0.172405448219608,0.175484983978648,0.125763937228468,-0.0102908111049512,0.416
"oracle",0.0166666666666667,-0.344600762707868,NA,NA,NA,202608250925,"primary",0.9,0,0.206406288462092,0.177253993998195,0.172405448219608,0.175484983978648,0.125763937228468,-0.0102908111049512,0.416
"over",1,0.025014873118929,1,3,TRUE,202608250925,"primary",0.9,0,0.206406288462092,0.177253993998195,0.172405448219608,0.175484983978648,0.125763937228468,-0.0102908111049512,0.416
"raw",0.716666666666667,0.0291522944638972,1,3,TRUE,202608250925,"primary",0.9,0,0.206406288462092,0.177253993998195,0.172405448219608,0.175484983978648,0.125763937228468,-0.0102908111049512,0.416
"cw",1,0.0128511719778886,1,3,TRUE,202608250926,"primary",0.9,0,0.166721587802105,0.202580124910361,0.18990591609214,0.154935314333132,0.102041053269806,-0.00201982703647825,0.323999999999998
"gini",0.25,-0.0364963142557591,1,3,TRUE,202608250926,"primary",0.9,0,0.166721587802105,0.202580124910361,0.18990591609214,0.154935314333132,0.102041053269806,-0.00201982703647825,0.323999999999998
"oracle",0,-0.376022500901934,NA,NA,NA,202608250926,"primary",0.9,0,0.166721587802105,0.202580124910361,0.18990591609214,0.154935314333132,0.102041053269806,-0.00201982703647825,0.323999999999998
"over",1,0.0159178275625528,1,3,TRUE,202608250926,"primary",0.9,0,0.166721587802105,0.202580124910361,0.18990591609214,0.154935314333132,0.102041053269806,-0.00201982703647825,0.323999999999998
"raw",0.283333333333333,-0.035858537108256,1,3,TRUE,202608250926,"primary",0.9,0,0.166721587802105,0.202580124910361,0.18990591609214,0.154935314333132,0.102041053269806,-0.00201982703647825,0.323999999999998
"cw",0.983333333333333,0.00905003831478562,1,3,TRUE,202608250927,"primary",0.9,0,0.144123997593661,0.16230953225336,0.166134372047326,0.165415219692776,0.0855222166290553,5.66056456726974e-05,0.463999999999999
"gini",0.383333333333333,-0.014707675173818,1,3,TRUE,202608250927,"primary",0.9,0,0.144123997593661,0.16230953225336,0.166134372047326,0.165415219692776,0.0855222166290553,5.66056456726974e-05,0.463999999999999
"oracle",0,-0.498470028644024,NA,NA,NA,202608250927,"primary",0.9,0,0.144123997593661,0.16230953225336,0.166134372047326,0.165415219692776,0.0855222166290553,5.66056456726974e-05,0.463999999999999
"over",0.983333333333333,0.0108083937177889,1,3,TRUE,202608250927,"primary",0.9,0,0.144123997593661,0.16230953225336,0.166134372047326,0.165415219692776,0.0855222166290553,5.66056456726974e-05,0.463999999999999
"raw",0.366666666666667,-0.0181855346596982,1,3,TRUE,202608250927,"primary",0.9,0,0.144123997593661,0.16230953225336,0.166134372047326,0.165415219692776,0.0855222166290553,5.66056456726974e-05,0.463999999999999
"cw",0.966666666666667,0.00805596750527511,0.792079207920792,3,FALSE,202608250928,"primary",0.5,0,0.130929712218472,0.185552297220566,0.166389899891734,0.175671158938363,0.0831740957702279,-0.0025445719572558,0.423999999999999
"gini",0.3,-0.0466501320614449,0.792079207920792,3,FALSE,202608250928,"primary",0.5,0,0.130929712218472,0.185552297220566,0.166389899891734,0.175671158938363,0.0831740957702279,-0.0025445719572558,0.423999999999999
"oracle",0,-0.404363166041301,NA,NA,NA,202608250928,"primary",0.5,0,0.130929712218472,0.185552297220566,0.166389899891734,0.175671158938363,0.0831740957702279,-0.0025445719572558,0.423999999999999
"over",0.966666666666667,0.00972974374093614,0.792079207920792,3,FALSE,202608250928,"primary",0.5,0,0.130929712218472,0.185552297220566,0.166389899891734,0.175671158938363,0.0831740957702279,-0.0025445719572558,0.423999999999999
"raw",0.233333333333333,-0.0546225850020935,0.792079207920792,3,FALSE,202608250928,"primary",0.5,0,0.130929712218472,0.185552297220566,0.166389899891734,0.175671158938363,0.0831740957702279,-0.0025445719572558,0.423999999999999
"cw",1,0.0119599532739707,1,3,TRUE,202608250929,"primary",0.9,0,0.155864672389588,0.148863418470399,0.172193063825527,0.163229881060003,0.0959100115211091,-0.0132802832558033,0.422999999999998
"gini",0.533333333333333,0.00368767168687822,1,3,TRUE,202608250929,"primary",0.9,0,0.155864672389588,0.148863418470399,0.172193063825527,0.163229881060003,0.0959100115211091,-0.0132802832558033,0.422999999999998
"oracle",0,-0.439175338782689,NA,NA,NA,202608250929,"primary",0.9,0,0.155864672389588,0.148863418470399,0.172193063825527,0.163229881060003,0.0959100115211091,-0.0132802832558033,0.422999999999998
"over",1,0.0143824125699941,1,3,TRUE,202608250929,"primary",0.9,0,0.155864672389588,0.148863418470399,0.172193063825527,0.163229881060003,0.0959100115211091,-0.0132802832558033,0.422999999999998
"raw",0.533333333333333,0.00700125391918904,1,3,TRUE,202608250929,"primary",0.9,0,0.155864672389588,0.148863418470399,0.172193063825527,0.163229881060003,0.0959100115211091,-0.0132802832558033,0.422999999999998
"cw",0.966666666666667,0.0142837041179195,1,3,TRUE,202608250930,"primary",0.9,0,0.171911065571673,0.202685512634653,0.181955920929744,0.179889373642592,0.105339287035148,0.00721223998675539,0.281000000000002
"gini",0.433333333333333,-0.0262150517737743,1,3,TRUE,202608250930,"primary",0.9,0,0.171911065571673,0.202685512634653,0.181955920929744,0.179889373642592,0.105339287035148,0.00721223998675539,0.281000000000002
"oracle",0,-0.433996072269434,NA,NA,NA,202608250930,"primary",0.9,0,0.171911065571673,0.202685512634653,0.181955920929744,0.179889373642592,0.105339287035148,0.00721223998675539,0.281000000000002
"over",0.966666666666667,0.0175657741430006,1,3,TRUE,202608250930,"primary",0.9,0,0.171911065571673,0.202685512634653,0.181955920929744,0.179889373642592,0.105339287035148,0.00721223998675539,0.281000000000002
"raw",0.383333333333333,-0.0307744470629805,1,3,TRUE,202608250930,"primary",0.9,0,0.171911065571673,0.202685512634653,0.181955920929744,0.179889373642592,0.105339287035148,0.00721223998675539,0.281000000000002
"cw",1,0.0153903975750132,1,3,TRUE,202608250931,"primary",0.9,0,0.175591097894726,0.161102745862996,0.171077539100547,0.175359087800801,0.108386735551146,-0.00337329462715199,0.367000000000001
"gini",0.583333333333333,0.0107989878527411,1,3,TRUE,202608250931,"primary",0.9,0,0.175591097894726,0.161102745862996,0.171077539100547,0.175359087800801,0.108386735551146,-0.00337329462715199,0.367000000000001
"oracle",0,-0.3506852112195,NA,NA,NA,202608250931,"primary",0.9,0,0.175591097894726,0.161102745862996,0.171077539100547,0.175359087800801,0.108386735551146,-0.00337329462715199,0.367000000000001
"over",1,0.0185063916220234,1,3,TRUE,202608250931,"primary",0.9,0,0.175591097894726,0.161102745862996,0.171077539100547,0.175359087800801,0.108386735551146,-0.00337329462715199,0.367000000000001
"raw",0.583333333333333,0.0144883520317309,1,3,TRUE,202608250931,"primary",0.9,0,0.175591097894726,0.161102745862996,0.171077539100547,0.175359087800801,0.108386735551146,-0.00337329462715199,0.367000000000001
"cw",1,0.0118034644568357,0.641025641025641,3,FALSE,202608250932,"primary",0.4,0,0.151502583205488,0.158179430610386,0.157763483506223,0.155487247515352,0.0910548331978996,-0.0155795571302768,0.227
"gini",0.466666666666667,-0.00797593017260897,0.641025641025641,3,FALSE,202608250932,"primary",0.4,0,0.151502583205488,0.158179430610386,0.157763483506223,0.155487247515352,0.0910548331978996,-0.0155795571302768,0.227
"oracle",0,-0.337322399280433,NA,NA,NA,202608250932,"primary",0.4,0,0.151502583205488,0.158179430610386,0.157763483506223,0.155487247515352,0.0910548331978996,-0.0155795571302768,0.227
"over",1,0.0141711639155382,0.641025641025641,3,FALSE,202608250932,"primary",0.4,0,0.151502583205488,0.158179430610386,0.157763483506223,0.155487247515352,0.0910548331978996,-0.0155795571302768,0.227
"raw",0.483333333333333,-0.00667684740489802,0.641025641025641,3,FALSE,202608250932,"primary",0.4,0,0.151502583205488,0.158179430610386,0.157763483506223,0.155487247515352,0.0910548331978996,-0.0155795571302768,0.227
"cw",1,0.0155217323275997,1,3,TRUE,202608250933,"primary",0.9,0,0.171937523619858,0.147312767124996,0.156611945552843,0.156231547372547,0.105928587390242,-0.0101408079261069,0.271999999999998
"gini",0.633333333333333,0.0200080152233634,1,3,TRUE,202608250933,"primary",0.9,0,0.171937523619858,0.147312767124996,0.156611945552843,0.156231547372547,0.105928587390242,-0.0101408079261069,0.271999999999998
"oracle",0,-0.295472128671933,NA,NA,NA,202608250933,"primary",0.9,0,0.171937523619858,0.147312767124996,0.156611945552843,0.156231547372547,0.105928587390242,-0.0101408079261069,0.271999999999998
"over",1,0.0185704515360976,1,3,TRUE,202608250933,"primary",0.9,0,0.171937523619858,0.147312767124996,0.156611945552843,0.156231547372547,0.105928587390242,-0.0101408079261069,0.271999999999998
"raw",0.65,0.0246247564948615,1,3,TRUE,202608250933,"primary",0.9,0,0.171937523619858,0.147312767124996,0.156611945552843,0.156231547372547,0.105928587390242,-0.0101408079261069,0.271999999999998
"cw",0.966666666666667,0.00770488316686816,0.687285223367698,4,FALSE,202608250934,"primary",0.9,0,0.138731775835649,0.173656425991296,0.173910679125219,0.162517226045491,0.082067274083883,-0.00159178055368175,0.27
"gini",0.416666666666667,-0.0322287576793576,0.607260726072607,3,FALSE,202608250934,"primary",0.9,0,0.138731775835649,0.173656425991296,0.173910679125219,0.162517226045491,0.082067274083883,-0.00159178055368175,0.27
"oracle",0,-0.360046732872766,NA,NA,NA,202608250934,"primary",0.9,0,0.138731775835649,0.173656425991296,0.173910679125219,0.162517226045491,0.082067274083883,-0.00159178055368175,0.27
"over",0.95,0.00934476669796587,0.687285223367698,4,FALSE,202608250934,"primary",0.9,0,0.138731775835649,0.173656425991296,0.173910679125219,0.162517226045491,0.082067274083883,-0.00159178055368175,0.27
"raw",0.433333333333333,-0.0349246501556474,0.607260726072607,3,FALSE,202608250934,"primary",0.9,0,0.138731775835649,0.173656425991296,0.173910679125219,0.162517226045491,0.082067274083883,-0.00159178055368175,0.27
"cw",1,0.0228862270284131,1,3,TRUE,202608250935,"primary",0.9,0,0.225563951813546,0.178287852938412,0.176695875569851,0.159700859970897,0.13750002570319,0.00657752078008472,0.257999999999999
"gini",0.716666666666667,0.0378733424441733,1,3,TRUE,202608250935,"primary",0.9,0,0.225563951813546,0.178287852938412,0.176695875569851,0.159700859970897,0.13750002570319,0.00657752078008472,0.257999999999999
"oracle",0,-0.327342591631193,NA,NA,NA,202608250935,"primary",0.9,0,0.225563951813546,0.178287852938412,0.176695875569851,0.159700859970897,0.13750002570319,0.00657752078008472,0.257999999999999
"over",1,0.0277318031723317,1,3,TRUE,202608250935,"primary",0.9,0,0.225563951813546,0.178287852938412,0.176695875569851,0.159700859970897,0.13750002570319,0.00657752078008472,0.257999999999999
"raw",0.7,0.0472760988751339,1,3,TRUE,202608250935,"primary",0.9,0,0.225563951813546,0.178287852938412,0.176695875569851,0.159700859970897,0.13750002570319,0.00657752078008472,0.257999999999999
"cw",0.983333333333333,0.00847345226857972,0.792079207920792,3,FALSE,202608250936,"primary",0.5,0,0.136158329656196,0.185294362312583,0.183109769759299,0.147232440349031,0.0813395479478219,-0.00863071450361188,0.514999999999999
"gini",0.283333333333333,-0.049964981717238,0.792079207920792,3,FALSE,202608250936,"primary",0.5,0,0.136158329656196,0.185294362312583,0.183109769759299,0.147232440349031,0.0813395479478219,-0.00863071450361188,0.514999999999999
"oracle",0,-0.378129114100857,NA,NA,NA,202608250936,"primary",0.5,0,0.136158329656196,0.185294362312583,0.183109769759299,0.147232440349031,0.0813395479478219,-0.00863071450361188,0.514999999999999
"over",0.983333333333333,0.0105981894186397,0.792079207920792,3,FALSE,202608250936,"primary",0.5,0,0.136158329656196,0.185294362312583,0.183109769759299,0.147232440349031,0.0813395479478219,-0.00863071450361188,0.514999999999999
"raw",0.3,-0.0491360326563869,0.792079207920792,3,FALSE,202608250936,"primary",0.5,0,0.136158329656196,0.185294362312583,0.183109769759299,0.147232440349031,0.0813395479478219,-0.00863071450361188,0.514999999999999
"cw",0.883333333333333,0.0066301314445954,1,3,TRUE,202608250937,"primary",0.8,0,0.144742451770128,0.216576792151541,0.17536511871857,0.178183744319914,0.0850780070139052,0.0147126140624643,0.331
"gini",0.233333333333333,-0.0590284727004961,1,3,TRUE,202608250937,"primary",0.8,0,0.144742451770128,0.216576792151541,0.17536511871857,0.178183744319914,0.0850780070139052,0.0147126140624643,0.331
"oracle",0,-0.489865709504263,NA,NA,NA,202608250937,"primary",0.8,0,0.144742451770128,0.216576792151541,0.17536511871857,0.178183744319914,0.0850780070139052,0.0147126140624643,0.331
"over",0.883333333333333,0.00784870319529112,1,3,TRUE,202608250937,"primary",0.8,0,0.144742451770128,0.216576792151541,0.17536511871857,0.178183744319914,0.0850780070139052,0.0147126140624643,0.331
"raw",0.2,-0.0718343403814128,1,3,TRUE,202608250937,"primary",0.8,0,0.144742451770128,0.216576792151541,0.17536511871857,0.178183744319914,0.0850780070139052,0.0147126140624643,0.331
"cw",0.983333333333333,0.0123038311991993,1,3,TRUE,202608250938,"primary",0.9,0,0.176101582186997,0.194406090906873,0.143078670344345,0.166063223785972,0.10426615655829,0.0155579600186261,0.374999999999998
"gini",0.45,-0.0126501290053112,1,3,TRUE,202608250938,"primary",0.9,0,0.176101582186997,0.194406090906873,0.143078670344345,0.166063223785972,0.10426615655829,0.0155579600186261,0.374999999999998
"oracle",0,-0.399892859917948,NA,NA,NA,202608250938,"primary",0.9,0,0.176101582186997,0.194406090906873,0.143078670344345,0.166063223785972,0.10426615655829,0.0155579600186261,0.374999999999998
"over",0.983333333333333,0.0142608292180991,1,3,TRUE,202608250938,"primary",0.9,0,0.176101582186997,0.194406090906873,0.143078670344345,0.166063223785972,0.10426615655829,0.0155579600186261,0.374999999999998
"raw",0.433333333333333,-0.018304508719876,1,3,TRUE,202608250938,"primary",0.9,0,0.176101582186997,0.194406090906873,0.143078670344345,0.166063223785972,0.10426615655829,0.0155579600186261,0.374999999999998
"cw",1,0.0126311015298536,1,3,TRUE,202608250939,"primary",0.9,0,0.165017835887577,0.183156746346246,0.171484273316237,0.155928852302981,0.100603415658583,0.00187867576018431,0.324999999999999
"gini",0.383333333333333,-0.0181114061429223,1,3,TRUE,202608250939,"primary",0.9,0,0.165017835887577,0.183156746346246,0.171484273316237,0.155928852302981,0.100603415658583,0.00187867576018431,0.324999999999999
"oracle",0,-0.346439855354915,NA,NA,NA,202608250939,"primary",0.9,0,0.165017835887577,0.183156746346246,0.171484273316237,0.155928852302981,0.100603415658583,0.00187867576018431,0.324999999999999
"over",1,0.0152095436167435,1,3,TRUE,202608250939,"primary",0.9,0,0.165017835887577,0.183156746346246,0.171484273316237,0.155928852302981,0.100603415658583,0.00187867576018431,0.324999999999999
"raw",0.4,-0.0181389104586687,1,3,TRUE,202608250939,"primary",0.9,0,0.165017835887577,0.183156746346246,0.171484273316237,0.155928852302981,0.100603415658583,0.00187867576018431,0.324999999999999
"cw",1,0.0195384940322049,1,3,TRUE,202608250940,"primary",0.9,0,0.199214625663175,0.155886939731297,0.162658247217874,0.178024948166068,0.121956734559722,-0.00272904985151815,0.318000000000001
"gini",0.7,0.0368851915834477,1,3,TRUE,202608250940,"primary",0.9,0,0.199214625663175,0.155886939731297,0.162658247217874,0.178024948166068,0.121956734559722,-0.00272904985151815,0.318000000000001
"oracle",0,-0.343195170640252,NA,NA,NA,202608250940,"primary",0.9,0,0.199214625663175,0.155886939731297,0.162658247217874,0.178024948166068,0.121956734559722,-0.00272904985151815,0.318000000000001
"over",1,0.0234097200214607,1,3,TRUE,202608250940,"primary",0.9,0,0.199214625663175,0.155886939731297,0.162658247217874,0.178024948166068,0.121956734559722,-0.00272904985151815,0.318000000000001
"raw",0.7,0.0433276859318783,1,3,TRUE,202608250940,"primary",0.9,0,0.199214625663175,0.155886939731297,0.162658247217874,0.178024948166068,0.121956734559722,-0.00272904985151815,0.318000000000001
"cw",0.95,0.00942136708553716,1,3,TRUE,202608250941,"primary",0.9,0,0.157209969196993,0.208028935855247,0.179213464543604,0.164501363341438,0.0956666863340701,0.0104611011255043,0.242000000000001
"gini",0.266666666666667,-0.0446386327163075,1,3,TRUE,202608250941,"primary",0.9,0,0.157209969196993,0.208028935855247,0.179213464543604,0.164501363341438,0.0956666863340701,0.0104611011255043,0.242000000000001
"oracle",0,-0.430713082025755,NA,NA,NA,202608250941,"primary",0.9,0,0.157209969196993,0.208028935855247,0.179213464543604,0.164501363341438,0.0956666863340701,0.0104611011255043,0.242000000000001
"over",0.95,0.0114705329257874,1,3,TRUE,202608250941,"primary",0.9,0,0.157209969196993,0.208028935855247,0.179213464543604,0.164501363341438,0.0956666863340701,0.0104611011255043,0.242000000000001
"raw",0.266666666666667,-0.0508189666582546,1,3,TRUE,202608250941,"primary",0.9,0,0.157209969196993,0.208028935855247,0.179213464543604,0.164501363341438,0.0956666863340701,0.0104611011255043,0.242000000000001
"cw",0.866666666666667,0.00633809840925311,1,3,TRUE,202608250942,"primary",0.9,0,0.146089624826421,0.208573722469625,0.17005796306776,0.167460344688493,0.084949502985589,0.010509517788121,0.338000000000001
"gini",0.216666666666667,-0.0550679735267229,1,3,TRUE,202608250942,"primary",0.9,0,0.146089624826421,0.208573722469625,0.17005796306776,0.167460344688493,0.084949502985589,0.010509517788121,0.338000000000001
"oracle",0,-0.449939829541203,NA,NA,NA,202608250942,"primary",0.9,0,0.146089624826421,0.208573722469625,0.17005796306776,0.167460344688493,0.084949502985589,0.010509517788121,0.338000000000001
"over",0.866666666666667,0.00783673772048823,1,3,TRUE,202608250942,"primary",0.9,0,0.146089624826421,0.208573722469625,0.17005796306776,0.167460344688493,0.084949502985589,0.010509517788121,0.338000000000001
"raw",0.216666666666667,-0.0624840976432036,1,3,TRUE,202608250942,"primary",0.9,0,0.146089624826421,0.208573722469625,0.17005796306776,0.167460344688493,0.084949502985589,0.010509517788121,0.338000000000001
"cw",1,0.0134284615591076,1,3,TRUE,202608250943,"primary",0.9,0,0.171882532553309,0.212759863859598,0.168001650738172,0.160265538966643,0.104174985833329,-0.00251325343930874,0.381
"gini",0.266666666666667,-0.0339669510988137,1,3,TRUE,202608250943,"primary",0.9,0,0.171882532553309,0.212759863859598,0.168001650738172,0.160265538966643,0.104174985833329,-0.00251325343930874,0.381
"oracle",0,-0.407391590068063,NA,NA,NA,202608250943,"primary",0.9,0,0.171882532553309,0.212759863859598,0.168001650738172,0.160265538966643,0.104174985833329,-0.00251325343930874,0.381
"over",1,0.0159654189260122,1,3,TRUE,202608250943,"primary",0.9,0,0.171882532553309,0.212759863859598,0.168001650738172,0.160265538966643,0.104174985833329,-0.00251325343930874,0.381
"raw",0.266666666666667,-0.0408773313062897,1,3,TRUE,202608250943,"primary",0.9,0,0.171882532553309,0.212759863859598,0.168001650738172,0.160265538966643,0.104174985833329,-0.00251325343930874,0.381
"cw",1,0.0128467236046996,0.792079207920792,3,FALSE,202608250944,"primary",0.6,0,0.16002827979981,0.194871460579815,0.164842169505862,0.184019467344174,0.0966689688969936,-0.0054124163355296,0.268000000000001
"gini",0.366666666666667,-0.02664553991695,0.774193548387097,4,FALSE,202608250944,"primary",0.6,0,0.16002827979981,0.194871460579815,0.164842169505862,0.184019467344174,0.0966689688969936,-0.0054124163355296,0.268000000000001
"oracle",0,-0.357852491142251,NA,NA,NA,202608250944,"primary",0.6,0,0.16002827979981,0.194871460579815,0.164842169505862,0.184019467344174,0.0966689688969936,-0.0054124163355296,0.268000000000001
"over",1,0.0155542485831605,0.792079207920792,3,FALSE,202608250944,"primary",0.6,0,0.16002827979981,0.194871460579815,0.164842169505862,0.184019467344174,0.0966689688969936,-0.0054124163355296,0.268000000000001
"raw",0.3,-0.0348431807800056,0.774193548387097,4,FALSE,202608250944,"primary",0.6,0,0.16002827979981,0.194871460579815,0.164842169505862,0.184019467344174,0.0966689688969936,-0.0054124163355296,0.268000000000001
"cw",1,0.0149465166165831,0.792079207920792,3,FALSE,202608250945,"primary",0.7,0,0.187164287525373,0.186779300541998,0.188642116943896,0.166149232908051,0.106462617083158,0.00229840989671882,0.382000000000001
"gini",0.5,-0.00575153022994226,0.792079207920792,3,FALSE,202608250945,"primary",0.7,0,0.187164287525373,0.186779300541998,0.188642116943896,0.166149232908051,0.106462617083158,0.00229840989671882,0.382000000000001
"oracle",0,-0.406337923139741,NA,NA,NA,202608250945,"primary",0.7,0,0.187164287525373,0.186779300541998,0.188642116943896,0.166149232908051,0.106462617083158,0.00229840989671882,0.382000000000001
"over",1,0.0184539922573994,0.792079207920792,3,FALSE,202608250945,"primary",0.7,0,0.187164287525373,0.186779300541998,0.188642116943896,0.166149232908051,0.106462617083158,0.00229840989671882,0.382000000000001
"raw",0.516666666666667,0.000384986983375052,0.792079207920792,3,FALSE,202608250945,"primary",0.7,0,0.187164287525373,0.186779300541998,0.188642116943896,0.166149232908051,0.106462617083158,0.00229840989671882,0.382000000000001
"cw",1,0.0116644040754272,1,3,TRUE,202608250946,"primary",0.9,0,0.15607337907278,0.143001469138086,0.165161078708318,0.165579994961817,0.0914767483663334,-0.0200952057057005,0.461
"gini",0.5,0.0114723916292348,1,3,TRUE,202608250946,"primary",0.9,0,0.15607337907278,0.143001469138086,0.165161078708318,0.165579994961817,0.0914767483663334,-0.0200952057057005,0.461
"oracle",0,-0.391162325583895,NA,NA,NA,202608250946,"primary",0.9,0,0.15607337907278,0.143001469138086,0.165161078708318,0.165579994961817,0.0914767483663334,-0.0200952057057005,0.461
"over",1,0.0139989047765858,1,3,TRUE,202608250946,"primary",0.9,0,0.15607337907278,0.143001469138086,0.165161078708318,0.165579994961817,0.0914767483663334,-0.0200952057057005,0.461
"raw",0.45,0.0130719099346931,1,3,TRUE,202608250946,"primary",0.9,0,0.15607337907278,0.143001469138086,0.165161078708318,0.165579994961817,0.0914767483663334,-0.0200952057057005,0.461
"cw",1,0.0218584337512776,1,3,TRUE,202608250947,"primary",0.9,0,0.221444362352241,0.191398196340268,0.174512071012721,0.16484976226536,0.138839695087035,0.0222883235260846,0.279
"gini",0.583333333333333,0.0214587263135215,1,3,TRUE,202608250947,"primary",0.9,0,0.221444362352241,0.191398196340268,0.174512071012721,0.16484976226536,0.138839695087035,0.0222883235260846,0.279
"oracle",0,-0.344609668181132,NA,NA,NA,202608250947,"primary",0.9,0,0.221444362352241,0.191398196340268,0.174512071012721,0.16484976226536,0.138839695087035,0.0222883235260846,0.279
"over",1,0.0266021295909215,1,3,TRUE,202608250947,"primary",0.9,0,0.221444362352241,0.191398196340268,0.174512071012721,0.16484976226536,0.138839695087035,0.0222883235260846,0.279
"raw",0.6,0.0300461660119728,1,3,TRUE,202608250947,"primary",0.9,0,0.221444362352241,0.191398196340268,0.174512071012721,0.16484976226536,0.138839695087035,0.0222883235260846,0.279
"cw",1,0.0100241875292843,1,3,TRUE,202608250948,"primary",0.9,0,0.153018785734988,0.240488017022775,0.156694793752058,0.156454774317233,0.0918333604993771,0.00671452826734382,0.268000000000001
"gini",0.183333333333333,-0.0736251772013468,1,3,TRUE,202608250948,"primary",0.9,0,0.153018785734988,0.240488017022775,0.156694793752058,0.156454774317233,0.0918333604993771,0.00671452826734382,0.268000000000001
"oracle",0,-0.401785943513911,NA,NA,NA,202608250948,"primary",0.9,0,0.153018785734988,0.240488017022775,0.156694793752058,0.156454774317233,0.0918333604993771,0.00671452826734382,0.268000000000001
"over",1,0.0117261436182294,1,3,TRUE,202608250948,"primary",0.9,0,0.153018785734988,0.240488017022775,0.156694793752058,0.156454774317233,0.0918333604993771,0.00671452826734382,0.268000000000001
"raw",0.183333333333333,-0.0874692312877865,1,3,TRUE,202608250948,"primary",0.9,0,0.153018785734988,0.240488017022775,0.156694793752058,0.156454774317233,0.0918333604993771,0.00671452826734382,0.268000000000001
"cw",1,0.0117109248658992,0.792079207920792,3,FALSE,202608250949,"primary",0.6,0,0.162796442846072,0.194714568167552,0.162994129535478,0.172595651368144,0.100974544997001,0.0111313189114982,0.225999999999999
"gini",0.366666666666667,-0.02556169194214,0.792079207920792,3,FALSE,202608250949,"primary",0.6,0,0.162796442846072,0.194714568167552,0.162994129535478,0.172595651368144,0.100974544997001,0.0111313189114982,0.225999999999999
"oracle",0,-0.363840140646186,NA,NA,NA,202608250949,"primary",0.6,0,0.162796442846072,0.194714568167552,0.162994129535478,0.172595651368144,0.100974544997001,0.0111313189114982,0.225999999999999
"over",1,0.0140345781381504,0.792079207920792,3,FALSE,202608250949,"primary",0.6,0,0.162796442846072,0.194714568167552,0.162994129535478,0.172595651368144,0.100974544997001,0.0111313189114982,0.225999999999999
"raw",0.333333333333333,-0.0319181253214803,0.792079207920792,3,FALSE,202608250949,"primary",0.6,0,0.162796442846072,0.194714568167552,0.162994129535478,0.172595651368144,0.100974544997001,0.0111313189114982,0.225999999999999
"cw",1,0.00931928874694124,0.792079207920792,3,TRUE,202608250950,"primary",0.9,0,0.139012488229111,0.185657927086645,0.167412596407111,0.17912367997592,0.0806985732198162,-0.0169026251438349,0.514999999999999
"gini",0.333333333333333,-0.0342832263555597,0.792079207920792,3,TRUE,202608250950,"primary",0.9,0,0.139012488229111,0.185657927086645,0.167412596407111,0.17912367997592,0.0806985732198162,-0.0169026251438349,0.514999999999999
"oracle",0,-0.456066622696792,NA,NA,NA,202608250950,"primary",0.9,0,0.139012488229111,0.185657927086645,0.167412596407111,0.17912367997592,0.0806985732198162,-0.0169026251438349,0.514999999999999
"over",1,0.0110861307980851,0.792079207920792,3,TRUE,202608250950,"primary",0.9,0,0.139012488229111,0.185657927086645,0.167412596407111,0.17912367997592,0.0806985732198162,-0.0169026251438349,0.514999999999999
"raw",0.316666666666667,-0.0466454388575336,0.792079207920792,3,TRUE,202608250950,"primary",0.9,0,0.139012488229111,0.185657927086645,0.167412596407111,0.17912367997592,0.0806985732198162,-0.0169026251438349,0.514999999999999
"cw",1,0.0155311428575357,1,3,TRUE,202608250951,"primary",0.9,0,0.185601589366796,0.197294465565643,0.169456830260806,0.167863723355629,0.109424872318583,0.00173784176254715,0.286999999999999
"gini",0.316666666666667,-0.0121937619979851,1,3,TRUE,202608250951,"primary",0.9,0,0.185601589366796,0.197294465565643,0.169456830260806,0.167863723355629,0.109424872318583,0.00173784176254715,0.286999999999999
"oracle",0,-0.384286730142605,NA,NA,NA,202608250951,"primary",0.9,0,0.185601589366796,0.197294465565643,0.169456830260806,0.167863723355629,0.109424872318583,0.00173784176254715,0.286999999999999
"over",1,0.0188286985093805,1,3,TRUE,202608250951,"primary",0.9,0,0.185601589366796,0.197294465565643,0.169456830260806,0.167863723355629,0.109424872318583,0.00173784176254715,0.286999999999999
"raw",0.35,-0.0116928761988472,1,3,TRUE,202608250951,"primary",0.9,0,0.185601589366796,0.197294465565643,0.169456830260806,0.167863723355629,0.109424872318583,0.00173784176254715,0.286999999999999
"cw",1,0.0275042992190014,1,3,TRUE,202608250952,"primary",0.9,0,0.230658245416663,0.201602450088092,0.175382240582311,0.159648115644681,0.145013468900011,-0.00891903505147649,0.267000000000003
"gini",0.55,0.0175783237433076,1,3,TRUE,202608250952,"primary",0.9,0,0.230658245416663,0.201602450088092,0.175382240582311,0.159648115644681,0.145013468900011,-0.00891903505147649,0.267000000000003
"oracle",0,-0.394988089407254,NA,NA,NA,202608250952,"primary",0.9,0,0.230658245416663,0.201602450088092,0.175382240582311,0.159648115644681,0.145013468900011,-0.00891903505147649,0.267000000000003
"over",1,0.0335578057310368,1,3,TRUE,202608250952,"primary",0.9,0,0.230658245416663,0.201602450088092,0.175382240582311,0.159648115644681,0.145013468900011,-0.00891903505147649,0.267000000000003
"raw",0.566666666666667,0.0290557953285705,1,3,TRUE,202608250952,"primary",0.9,0,0.230658245416663,0.201602450088092,0.175382240582311,0.159648115644681,0.145013468900011,-0.00891903505147649,0.267000000000003
"cw",0.883333333333333,0.00781560463188128,1,3,TRUE,202608250953,"primary",0.9,0,0.154660452036212,0.173837429445357,0.175919453555743,0.164206909284832,0.0898861115535069,0.0148781415712958,0.535
"gini",0.366666666666667,-0.0193721019168224,1,3,TRUE,202608250953,"primary",0.9,0,0.154660452036212,0.173837429445357,0.175919453555743,0.164206909284832,0.0898861115535069,0.0148781415712958,0.535
"oracle",0,-0.41616571122957,NA,NA,NA,202608250953,"primary",0.9,0,0.154660452036212,0.173837429445357,0.175919453555743,0.164206909284832,0.0898861115535069,0.0148781415712958,0.535
"over",0.883333333333333,0.00955176381340058,1,3,TRUE,202608250953,"primary",0.9,0,0.154660452036212,0.173837429445357,0.175919453555743,0.164206909284832,0.0898861115535069,0.0148781415712958,0.535
"raw",0.4,-0.0191769774091453,1,3,TRUE,202608250953,"primary",0.9,0,0.154660452036212,0.173837429445357,0.175919453555743,0.164206909284832,0.0898861115535069,0.0148781415712958,0.535
"cw",1,0.0187073795053417,1,3,TRUE,202608250954,"primary",0.9,0,0.200038252467371,0.205169952732423,0.169499735603817,0.166057315212256,0.120746108621462,0.00369071646493865,0.328999999999997
"gini",0.466666666666667,-0.00533772135696325,1,3,TRUE,202608250954,"primary",0.9,0,0.200038252467371,0.205169952732423,0.169499735603817,0.166057315212256,0.120746108621462,0.00369071646493865,0.328999999999997
"oracle",0,-0.380251888985552,NA,NA,NA,202608250954,"primary",0.9,0,0.200038252467371,0.205169952732423,0.169499735603817,0.166057315212256,0.120746108621462,0.00369071646493865,0.328999999999997
"over",1,0.0224770918233579,1,3,TRUE,202608250954,"primary",0.9,0,0.200038252467371,0.205169952732423,0.169499735603817,0.166057315212256,0.120746108621462,0.00369071646493865,0.328999999999997
"raw",0.5,-0.00513170026505222,1,3,TRUE,202608250954,"primary",0.9,0,0.200038252467371,0.205169952732423,0.169499735603817,0.166057315212256,0.120746108621462,0.00369071646493865,0.328999999999997
"cw",1,0.0103572441480704,1,3,TRUE,202608250955,"primary",0.9,0,0.145014214009741,0.140544169816368,0.17228868660936,0.16927525804457,0.0882706570715402,-0.0108450790403697,0.289000000000001
"gini",0.65,0.0026225245977811,1,3,TRUE,202608250955,"primary",0.9,0,0.145014214009741,0.140544169816368,0.17228868660936,0.16927525804457,0.0882706570715402,-0.0108450790403697,0.289000000000001
"oracle",0,-0.40744209086394,NA,NA,NA,202608250955,"primary",0.9,0,0.145014214009741,0.140544169816368,0.17228868660936,0.16927525804457,0.0882706570715402,-0.0108450790403697,0.289000000000001
"over",1,0.0124876918010147,1,3,TRUE,202608250955,"primary",0.9,0,0.145014214009741,0.140544169816368,0.17228868660936,0.16927525804457,0.0882706570715402,-0.0108450790403697,0.289000000000001
"raw",0.633333333333333,0.00447004419337305,1,3,TRUE,202608250955,"primary",0.9,0,0.145014214009741,0.140544169816368,0.17228868660936,0.16927525804457,0.0882706570715402,-0.0108450790403697,0.289000000000001
"cw",1,0.00757839518005757,0.641025641025641,3,FALSE,202608250956,"primary",0.5,0,0.132547558544149,0.166346295136952,0.186460061482601,0.168872182855178,0.0774339461694376,-0.0226272673535125,0.355999999999998
"gini",0.333333333333333,-0.031261369226721,0.641025641025641,3,FALSE,202608250956,"primary",0.5,0,0.132547558544149,0.166346295136952,0.186460061482601,0.168872182855178,0.0774339461694376,-0.0226272673535125,0.355999999999998
"oracle",0,-0.361102995461526,NA,NA,NA,202608250956,"primary",0.5,0,0.132547558544149,0.166346295136952,0.186460061482601,0.168872182855178,0.0774339461694376,-0.0226272673535125,0.355999999999998
"over",1,0.00938728891815128,0.641025641025641,3,FALSE,202608250956,"primary",0.5,0,0.132547558544149,0.166346295136952,0.186460061482601,0.168872182855178,0.0774339461694376,-0.0226272673535125,0.355999999999998
"raw",0.366666666666667,-0.0337987365928026,0.641025641025641,3,FALSE,202608250956,"primary",0.5,0,0.132547558544149,0.166346295136952,0.186460061482601,0.168872182855178,0.0774339461694376,-0.0226272673535125,0.355999999999998
"cw",1,0.0148623721534837,0.792079207920792,3,TRUE,202608250957,"primary",0.9,0,0.174061667910277,0.197424091549038,0.157647782571223,0.155387384561254,0.10771675787743,0.00407509040569395,0.388999999999999
"gini",0.35,-0.0208099127025393,0.792079207920792,3,TRUE,202608250957,"primary",0.9,0,0.174061667910277,0.197424091549038,0.157647782571223,0.155387384561254,0.10771675787743,0.00407509040569395,0.388999999999999
"oracle",0,-0.380593100426339,NA,NA,NA,202608250957,"primary",0.9,0,0.174061667910277,0.197424091549038,0.157647782571223,0.155387384561254,0.10771675787743,0.00407509040569395,0.388999999999999
"over",1,0.0176738899445323,0.792079207920792,3,TRUE,202608250957,"primary",0.9,0,0.174061667910277,0.197424091549038,0.157647782571223,0.155387384561254,0.10771675787743,0.00407509040569395,0.388999999999999
"raw",0.366666666666667,-0.0233624236387606,0.792079207920792,3,TRUE,202608250957,"primary",0.9,0,0.174061667910277,0.197424091549038,0.157647782571223,0.155387384561254,0.10771675787743,0.00407509040569395,0.388999999999999
"cw",1,0.0113394649129241,1,3,TRUE,202608250958,"primary",0.9,0,0.155619040395998,0.176655690103863,0.170562743098725,0.176865124596437,0.0933451634938898,-0.00486885494658774,0.279
"gini",0.466666666666667,-0.0178126411829831,1,3,TRUE,202608250958,"primary",0.9,0,0.155619040395998,0.176655690103863,0.170562743098725,0.176865124596437,0.0933451634938898,-0.00486885494658774,0.279
"oracle",0,-0.379900199764619,NA,NA,NA,202608250958,"primary",0.9,0,0.155619040395998,0.176655690103863,0.170562743098725,0.176865124596437,0.0933451634938898,-0.00486885494658774,0.279
"over",1,0.0136598793034719,1,3,TRUE,202608250958,"primary",0.9,0,0.155619040395998,0.176655690103863,0.170562743098725,0.176865124596437,0.0933451634938898,-0.00486885494658774,0.279
"raw",0.466666666666667,-0.0210366497078653,1,3,TRUE,202608250958,"primary",0.9,0,0.155619040395998,0.176655690103863,0.170562743098725,0.176865124596437,0.0933451634938898,-0.00486885494658774,0.279
"cw",1,0.0109808567395977,0.792079207920792,3,FALSE,202608250959,"primary",0.6,0,0.149134149915855,0.134983565621484,0.163394918882074,0.152072163218218,0.0906080383563406,-0.0200705078512434,0.457000000000001
"gini",0.533333333333333,0.0108424556503488,0.792079207920792,3,FALSE,202608250959,"primary",0.6,0,0.149134149915855,0.134983565621484,0.163394918882074,0.152072163218218,0.0906080383563406,-0.0200705078512434,0.457000000000001
"oracle",0,-0.376323907934875,NA,NA,NA,202608250959,"primary",0.6,0,0.149134149915855,0.134983565621484,0.163394918882074,0.152072163218218,0.0906080383563406,-0.0200705078512434,0.457000000000001
"over",1,0.0130626337043765,0.792079207920792,3,FALSE,202608250959,"primary",0.6,0,0.149134149915855,0.134983565621484,0.163394918882074,0.152072163218218,0.0906080383563406,-0.0200705078512434,0.457000000000001
"raw",0.583333333333333,0.0141505842943711,0.792079207920792,3,FALSE,202608250959,"primary",0.6,0,0.149134149915855,0.134983565621484,0.163394918882074,0.152072163218218,0.0906080383563406,-0.0200705078512434,0.457000000000001
"cw",1,0.0170627265577085,1,3,TRUE,202608250960,"primary",0.9,0,0.189441780032198,0.197598796004354,0.159307667151052,0.144379695379003,0.113111715570217,-0.00651473572811306,0.375
"gini",0.383333333333333,-0.00906407615383006,1,3,TRUE,202608250960,"primary",0.9,0,0.189441780032198,0.197598796004354,0.159307667151052,0.144379695379003,0.113111715570217,-0.00651473572811306,0.375
"oracle",0,-0.296412437237438,NA,NA,NA,202608250960,"primary",0.9,0,0.189441780032198,0.197598796004354,0.159307667151052,0.144379695379003,0.113111715570217,-0.00651473572811306,0.375
"over",1,0.0202715137619872,1,3,TRUE,202608250960,"primary",0.9,0,0.189441780032198,0.197598796004354,0.159307667151052,0.144379695379003,0.113111715570217,-0.00651473572811306,0.375
"raw",0.383333333333333,-0.00815701597215671,1,3,TRUE,202608250960,"primary",0.9,0,0.189441780032198,0.197598796004354,0.159307667151052,0.144379695379003,0.113111715570217,-0.00651473572811306,0.375
"cw",1,0.0140288593431146,0.792079207920792,3,FALSE,202608250961,"primary",0.9,0,0.176193323148552,0.178154896805531,0.163662154490377,0.161971873236835,0.111942899980766,-0.0152564593388794,0.365000000000002
"gini",0.483333333333333,-0.0040088383724976,0.792079207920792,3,FALSE,202608250961,"primary",0.9,0,0.176193323148552,0.178154896805531,0.163662154490377,0.161971873236835,0.111942899980766,-0.0152564593388794,0.365000000000002
"oracle",0,-0.419898160781659,NA,NA,NA,202608250961,"primary",0.9,0,0.176193323148552,0.178154896805531,0.163662154490377,0.161971873236835,0.111942899980766,-0.0152564593388794,0.365000000000002
"over",1,0.016765151852043,0.792079207920792,3,FALSE,202608250961,"primary",0.9,0,0.176193323148552,0.178154896805531,0.163662154490377,0.161971873236835,0.111942899980766,-0.0152564593388794,0.365000000000002
"raw",0.483333333333333,-0.00196157365697969,0.792079207920792,3,FALSE,202608250961,"primary",0.9,0,0.176193323148552,0.178154896805531,0.163662154490377,0.161971873236835,0.111942899980766,-0.0152564593388794,0.365000000000002
"cw",1,0.0110389058670107,1,3,TRUE,202608250962,"primary",0.9,0,0.152045741797066,0.177692068009784,0.187752987356811,0.155829181110683,0.0933708439230951,-0.0128036664772262,0.300000000000001
"gini",0.366666666666667,-0.0267216832430399,1,3,TRUE,202608250962,"primary",0.9,0,0.152045741797066,0.177692068009784,0.187752987356811,0.155829181110683,0.0933708439230951,-0.0128036664772262,0.300000000000001
"oracle",0,-0.386491850507645,NA,NA,NA,202608250962,"primary",0.9,0,0.152045741797066,0.177692068009784,0.187752987356811,0.155829181110683,0.0933708439230951,-0.0128036664772262,0.300000000000001
"over",1,0.0134796414476812,1,3,TRUE,202608250962,"primary",0.9,0,0.152045741797066,0.177692068009784,0.187752987356811,0.155829181110683,0.0933708439230951,-0.0128036664772262,0.300000000000001
"raw",0.383333333333333,-0.0256463262127187,1,3,TRUE,202608250962,"primary",0.9,0,0.152045741797066,0.177692068009784,0.187752987356811,0.155829181110683,0.0933708439230951,-0.0128036664772262,0.300000000000001
"cw",1,0.010674152361529,1,3,TRUE,202608250963,"primary",0.9,0,0.156265950998786,0.178309908221735,0.18556384432383,0.174247235218825,0.0936468041331648,-0.00101849741836768,0.423999999999999
"gini",0.383333333333333,-0.0201021505064611,1,3,TRUE,202608250963,"primary",0.9,0,0.156265950998786,0.178309908221735,0.18556384432383,0.174247235218825,0.0936468041331648,-0.00101849741836768,0.423999999999999
"oracle",0,-0.422927905965828,NA,NA,NA,202608250963,"primary",0.9,0,0.156265950998786,0.178309908221735,0.18556384432383,0.174247235218825,0.0936468041331648,-0.00101849741836768,0.423999999999999
"over",1,0.0130982833164799,1,3,TRUE,202608250963,"primary",0.9,0,0.156265950998786,0.178309908221735,0.18556384432383,0.174247235218825,0.0936468041331648,-0.00101849741836768,0.423999999999999
"raw",0.45,-0.0220439572229494,1,3,TRUE,202608250963,"primary",0.9,0,0.156265950998786,0.178309908221735,0.18556384432383,0.174247235218825,0.0936468041331648,-0.00101849741836768,0.423999999999999
"cw",1,0.0112270367502449,0.792079207920792,3,FALSE,202608250964,"primary",0.6,0,0.15147919199421,0.193769813701729,0.166390886794847,0.154316121034962,0.0916147982308113,-0.0171373277380254,0.239999999999998
"gini",0.266666666666667,-0.038104390263234,0.792079207920792,3,FALSE,202608250964,"primary",0.6,0,0.15147919199421,0.193769813701729,0.166390886794847,0.154316121034962,0.0916147982308113,-0.0171373277380254,0.239999999999998
"oracle",0,-0.314690352293947,NA,NA,NA,202608250964,"primary",0.6,0,0.15147919199421,0.193769813701729,0.166390886794847,0.154316121034962,0.0916147982308113,-0.0171373277380254,0.239999999999998
"over",1,0.0135001907608291,0.792079207920792,3,FALSE,202608250964,"primary",0.6,0,0.15147919199421,0.193769813701729,0.166390886794847,0.154316121034962,0.0916147982308113,-0.0171373277380254,0.239999999999998
"raw",0.3,-0.0422906217075187,0.792079207920792,3,FALSE,202608250964,"primary",0.6,0,0.15147919199421,0.193769813701729,0.166390886794847,0.154316121034962,0.0916147982308113,-0.0171373277380254,0.239999999999998
"cw",1,0.0180197748664914,1,3,TRUE,202608250965,"primary",0.9,0,0.193094829106623,0.163260391981173,0.166333839138025,0.166528403987447,0.119086288138751,-0.00178288909118976,0.23
"gini",0.7,0.0252994353975876,1,3,TRUE,202608250965,"primary",0.9,0,0.193094829106623,0.163260391981173,0.166333839138025,0.166528403987447,0.119086288138751,-0.00178288909118976,0.23
"oracle",0,-0.325082793793244,NA,NA,NA,202608250965,"primary",0.9,0,0.193094829106623,0.163260391981173,0.166333839138025,0.166528403987447,0.119086288138751,-0.00178288909118976,0.23
"over",1,0.0216550779053303,1,3,TRUE,202608250965,"primary",0.9,0,0.193094829106623,0.163260391981173,0.166333839138025,0.166528403987447,0.119086288138751,-0.00178288909118976,0.23
"raw",0.666666666666667,0.0298344371254493,1,3,TRUE,202608250965,"primary",0.9,0,0.193094829106623,0.163260391981173,0.166333839138025,0.166528403987447,0.119086288138751,-0.00178288909118976,0.23
"cw",1,0.0189109385869393,1,3,TRUE,202608250966,"primary",0.9,0,0.20110542391885,0.197093691376221,0.162733941993301,0.16027019393471,0.121445663794814,0.00430973617772236,0.221
"gini",0.533333333333333,0.000767427582683528,1,3,TRUE,202608250966,"primary",0.9,0,0.20110542391885,0.197093691376221,0.162733941993301,0.16027019393471,0.121445663794814,0.00430973617772236,0.221
"oracle",0,-0.353344696277404,NA,NA,NA,202608250966,"primary",0.9,0,0.20110542391885,0.197093691376221,0.162733941993301,0.16027019393471,0.121445663794814,0.00430973617772236,0.221
"over",1,0.0227384557500554,1,3,TRUE,202608250966,"primary",0.9,0,0.20110542391885,0.197093691376221,0.162733941993301,0.16027019393471,0.121445663794814,0.00430973617772236,0.221
"raw",0.566666666666667,0.00401173254262965,1,3,TRUE,202608250966,"primary",0.9,0,0.20110542391885,0.197093691376221,0.162733941993301,0.16027019393471,0.121445663794814,0.00430973617772236,0.221
"cw",1,0.0100979755831861,1,3,TRUE,202608250967,"primary",0.9,0,0.140844495833127,0.176236528408881,0.170668511268877,0.166358874833636,0.0834450114055164,-0.0167300943148658,0.242999999999999
"gini",0.3,-0.0305433062768808,0.792079207920792,3,FALSE,202608250967,"primary",0.9,0,0.140844495833127,0.176236528408881,0.170668511268877,0.166358874833636,0.0834450114055164,-0.0167300943148658,0.242999999999999
"oracle",0,-0.398273091512066,NA,NA,NA,202608250967,"primary",0.9,0,0.140844495833127,0.176236528408881,0.170668511268877,0.166358874833636,0.0834450114055164,-0.0167300943148658,0.242999999999999
"over",1,0.0123803572372692,1,3,TRUE,202608250967,"primary",0.9,0,0.140844495833127,0.176236528408881,0.170668511268877,0.166358874833636,0.0834450114055164,-0.0167300943148658,0.242999999999999
"raw",0.316666666666667,-0.0353920325757542,0.792079207920792,3,FALSE,202608250967,"primary",0.9,0,0.140844495833127,0.176236528408881,0.170668511268877,0.166358874833636,0.0834450114055164,-0.0167300943148658,0.242999999999999
"cw",1,0.0138965996348524,1,3,TRUE,202608250968,"primary",0.9,0,0.170407672879775,0.174516764239705,0.179802035660383,0.163117255407198,0.103329747279543,-0.00395637139385795,0.466999999999999
"gini",0.633333333333333,-0.00798548699094082,1,3,TRUE,202608250968,"primary",0.9,0,0.170407672879775,0.174516764239705,0.179802035660383,0.163117255407198,0.103329747279543,-0.00395637139385795,0.466999999999999
"oracle",0,-0.411606728049338,NA,NA,NA,202608250968,"primary",0.9,0,0.170407672879775,0.174516764239705,0.179802035660383,0.163117255407198,0.103329747279543,-0.00395637139385795,0.466999999999999
"over",1,0.0169952459118977,1,3,TRUE,202608250968,"primary",0.9,0,0.170407672879775,0.174516764239705,0.179802035660383,0.163117255407198,0.103329747279543,-0.00395637139385795,0.466999999999999
"raw",0.666666666666667,-0.00410909135992998,1,3,TRUE,202608250968,"primary",0.9,0,0.170407672879775,0.174516764239705,0.179802035660383,0.163117255407198,0.103329747279543,-0.00395637139385795,0.466999999999999
"cw",1,0.0194946441138972,1,3,TRUE,202608250969,"primary",0.9,0,0.196630340705774,0.162633333312078,0.167240467322744,0.159602514446017,0.120371211619628,-0.0154863571925548,0.330000000000002
"gini",0.783333333333333,0.0265416081148522,1,3,TRUE,202608250969,"primary",0.9,0,0.196630340705774,0.162633333312078,0.167240467322744,0.159602514446017,0.120371211619628,-0.0154863571925548,0.330000000000002
"oracle",0,-0.283105650287753,NA,NA,NA,202608250969,"primary",0.9,0,0.196630340705774,0.162633333312078,0.167240467322744,0.159602514446017,0.120371211619628,-0.0154863571925548,0.330000000000002
"over",1,0.0235378867154841,1,3,TRUE,202608250969,"primary",0.9,0,0.196630340705774,0.162633333312078,0.167240467322744,0.159602514446017,0.120371211619628,-0.0154863571925548,0.330000000000002
"raw",0.816666666666667,0.0339970073936964,1,3,TRUE,202608250969,"primary",0.9,0,0.196630340705774,0.162633333312078,0.167240467322744,0.159602514446017,0.120371211619628,-0.0154863571925548,0.330000000000002
"cw",0.966666666666667,0.0158829116119977,0.792079207920792,3,FALSE,202608250970,"primary",0.6,0,0.178637412411378,0.215681829694056,0.174829950713719,0.164542087603804,0.108370938315663,-0.00636615166655649,0.366000000000003
"gini",0.383333333333333,-0.0334761415373413,0.792079207920792,3,FALSE,202608250970,"primary",0.6,0,0.178637412411378,0.215681829694056,0.174829950713719,0.164542087603804,0.108370938315663,-0.00636615166655649,0.366000000000003
"oracle",0,-0.383949951028036,NA,NA,NA,202608250970,"primary",0.6,0,0.178637412411378,0.215681829694056,0.174829950713719,0.164542087603804,0.108370938315663,-0.00636615166655649,0.366000000000003
"over",0.966666666666667,0.0193127419003804,0.792079207920792,3,FALSE,202608250970,"primary",0.6,0,0.178637412411378,0.215681829694056,0.174829950713719,0.164542087603804,0.108370938315663,-0.00636615166655649,0.366000000000003
"raw",0.433333333333333,-0.037044417282678,0.792079207920792,3,FALSE,202608250970,"primary",0.6,0,0.178637412411378,0.215681829694056,0.174829950713719,0.164542087603804,0.108370938315663,-0.00636615166655649,0.366000000000003
"cw",1,0.0204001142635206,1,3,TRUE,202608250971,"primary",0.9,0,0.206095415189306,0.182397239912229,0.175418902614421,0.155997845450177,0.129231165370294,0.00212704962953542,0.326000000000001
"gini",0.583333333333333,0.0159442591075074,1,3,TRUE,202608250971,"primary",0.9,0,0.206095415189306,0.182397239912229,0.175418902614421,0.155997845450177,0.129231165370294,0.00212704962953542,0.326000000000001
"oracle",0.0166666666666667,-0.267785424651593,NA,NA,NA,202608250971,"primary",0.9,0,0.206095415189306,0.182397239912229,0.175418902614421,0.155997845450177,0.129231165370294,0.00212704962953542,0.326000000000001
"over",1,0.0249331861149912,1,3,TRUE,202608250971,"primary",0.9,0,0.206095415189306,0.182397239912229,0.175418902614421,0.155997845450177,0.129231165370294,0.00212704962953542,0.326000000000001
"raw",0.6,0.0236981752770776,1,3,TRUE,202608250971,"primary",0.9,0,0.206095415189306,0.182397239912229,0.175418902614421,0.155997845450177,0.129231165370294,0.00212704962953542,0.326000000000001
"cw",1,0.0180706018289074,1,3,TRUE,202608250972,"primary",0.9,0,0.186318784675994,0.133071562927573,0.191890379276157,0.173114079915332,0.118193093352515,-0.00495197082220182,0.326000000000001
"gini",0.716666666666667,0.0393625192138006,1,3,TRUE,202608250972,"primary",0.9,0,0.186318784675994,0.133071562927573,0.191890379276157,0.173114079915332,0.118193093352515,-0.00495197082220182,0.326000000000001
"oracle",0,-0.336895350920636,NA,NA,NA,202608250972,"primary",0.9,0,0.186318784675994,0.133071562927573,0.191890379276157,0.173114079915332,0.118193093352515,-0.00495197082220182,0.326000000000001
"over",1,0.0224630373794404,1,3,TRUE,202608250972,"primary",0.9,0,0.186318784675994,0.133071562927573,0.191890379276157,0.173114079915332,0.118193093352515,-0.00495197082220182,0.326000000000001
"raw",0.75,0.0532472217484212,1,3,TRUE,202608250972,"primary",0.9,0,0.186318784675994,0.133071562927573,0.191890379276157,0.173114079915332,0.118193093352515,-0.00495197082220182,0.326000000000001
"cw",0.966666666666667,0.0113627985475992,1,3,TRUE,202608250973,"primary",0.9,0,0.171224429598683,0.150625857240297,0.189622887840981,0.17327703229155,0.103242579313264,0.0166674875060842,0.230999999999998
"gini",0.566666666666667,0.0138776193662488,1,3,TRUE,202608250973,"primary",0.9,0,0.171224429598683,0.150625857240297,0.189622887840981,0.17327703229155,0.103242579313264,0.0166674875060842,0.230999999999998
"oracle",0,-0.378565025675421,NA,NA,NA,202608250973,"primary",0.9,0,0.171224429598683,0.150625857240297,0.189622887840981,0.17327703229155,0.103242579313264,0.0166674875060842,0.230999999999998
"over",0.966666666666667,0.0141964793581263,1,3,TRUE,202608250973,"primary",0.9,0,0.171224429598683,0.150625857240297,0.189622887840981,0.17327703229155,0.103242579313264,0.0166674875060842,0.230999999999998
"raw",0.6,0.0205985723583859,1,3,TRUE,202608250973,"primary",0.9,0,0.171224429598683,0.150625857240297,0.189622887840981,0.17327703229155,0.103242579313264,0.0166674875060842,0.230999999999998
"cw",1,0.00638813575280315,0.392156862745098,2,FALSE,202608250974,"primary",0.4,0,0.123291831969402,0.117044740048913,0.186938698814983,0.176708261001176,0.0701204920874189,-0.0293426879872447,0.468999999999998
"gini",0.5,0.00187230269270258,0.392156862745098,2,FALSE,202608250974,"primary",0.4,0,0.123291831969402,0.117044740048913,0.186938698814983,0.176708261001176,0.0701204920874189,-0.0293426879872447,0.468999999999998
"oracle",0,-0.500277631282881,NA,NA,NA,202608250974,"primary",0.4,0,0.123291831969402,0.117044740048913,0.186938698814983,0.176708261001176,0.0701204920874189,-0.0293426879872447,0.468999999999998
"over",1,0.00792067205921004,0.392156862745098,2,FALSE,202608250974,"primary",0.4,0,0.123291831969402,0.117044740048913,0.186938698814983,0.176708261001176,0.0701204920874189,-0.0293426879872447,0.468999999999998
"raw",0.516666666666667,0.00624709192048932,0.392156862745098,2,FALSE,202608250974,"primary",0.4,0,0.123291831969402,0.117044740048913,0.186938698814983,0.176708261001176,0.0701204920874189,-0.0293426879872447,0.468999999999998
"cw",1,0.0249507640583187,1,3,TRUE,202608250975,"primary",0.9,0,0.220661280445176,0.176071849459606,0.159561729630415,0.170521212399651,0.131881167099593,-0.023615300095624,0.268000000000001
"gini",0.783333333333333,0.0406346066547159,1,3,TRUE,202608250975,"primary",0.9,0,0.220661280445176,0.176071849459606,0.159561729630415,0.170521212399651,0.131881167099593,-0.023615300095624,0.268000000000001
"oracle",0,-0.324360015833747,NA,NA,NA,202608250975,"primary",0.9,0,0.220661280445176,0.176071849459606,0.159561729630415,0.170521212399651,0.131881167099593,-0.023615300095624,0.268000000000001
"over",1,0.0298509412299401,1,3,TRUE,202608250975,"primary",0.9,0,0.220661280445176,0.176071849459606,0.159561729630415,0.170521212399651,0.131881167099593,-0.023615300095624,0.268000000000001
"raw",0.766666666666667,0.0445894309855701,1,3,TRUE,202608250975,"primary",0.9,0,0.220661280445176,0.176071849459606,0.159561729630415,0.170521212399651,0.131881167099593,-0.023615300095624,0.268000000000001
"cw",0.966666666666667,0.00780226444817843,0.792079207920792,3,FALSE,202608250976,"primary",0.6,0,0.141593558829843,0.162492575612355,0.162741950430236,0.185507075120563,0.0772722495045155,-0.00198912326783668,0.210000000000001
"gini",0.433333333333333,-0.0152571272188885,0.792079207920792,3,FALSE,202608250976,"primary",0.6,0,0.141593558829843,0.162492575612355,0.162741950430236,0.185507075120563,0.0772722495045155,-0.00198912326783668,0.210000000000001
"oracle",0,-0.396719864182325,NA,NA,NA,202608250976,"primary",0.6,0,0.141593558829843,0.162492575612355,0.162741950430236,0.185507075120563,0.0772722495045155,-0.00198912326783668,0.210000000000001
"over",0.966666666666667,0.00925491878430953,0.792079207920792,3,FALSE,202608250976,"primary",0.6,0,0.141593558829843,0.162492575612355,0.162741950430236,0.185507075120563,0.0772722495045155,-0.00198912326783668,0.210000000000001
"raw",0.4,-0.0208990167825122,0.792079207920792,3,FALSE,202608250976,"primary",0.6,0,0.141593558829843,0.162492575612355,0.162741950430236,0.185507075120563,0.0772722495045155,-0.00198912326783668,0.210000000000001
"cw",0.966666666666667,0.0102926810675706,1,3,TRUE,202608250977,"primary",0.8,0,0.161014614295037,0.158068937820876,0.172340298348827,0.176262691022367,0.0959960124464387,0.0169250166106004,0.306000000000001
"gini",0.616666666666667,0.00298271084506146,1,3,TRUE,202608250977,"primary",0.8,0,0.161014614295037,0.158068937820876,0.172340298348827,0.176262691022367,0.0959960124464387,0.0169250166106004,0.306000000000001
"oracle",0,-0.405335041514899,NA,NA,NA,202608250977,"primary",0.8,0,0.161014614295037,0.158068937820876,0.172340298348827,0.176262691022367,0.0959960124464387,0.0169250166106004,0.306000000000001
"over",0.966666666666667,0.0124560916031519,1,3,TRUE,202608250977,"primary",0.8,0,0.161014614295037,0.158068937820876,0.172340298348827,0.176262691022367,0.0959960124464387,0.0169250166106004,0.306000000000001
"raw",0.6,0.00294567647416077,1,3,TRUE,202608250977,"primary",0.8,0,0.161014614295037,0.158068937820876,0.172340298348827,0.176262691022367,0.0959960124464387,0.0169250166106004,0.306000000000001
"cw",0.6,0.00237459291330568,1,3,TRUE,202608250978,"primary",0.8,0,0.133208424077523,0.231427366536865,0.178613623153898,0.163368634114023,0.0805816771037045,0.0351516711128181,0.384
"gini",0.1,-0.0844149298949598,1,3,TRUE,202608250978,"primary",0.8,0,0.133208424077523,0.231427366536865,0.178613623153898,0.163368634114023,0.0805816771037045,0.0351516711128181,0.384
"oracle",0,-0.509525106941588,NA,NA,NA,202608250978,"primary",0.8,0,0.133208424077523,0.231427366536865,0.178613623153898,0.163368634114023,0.0805816771037045,0.0351516711128181,0.384
"over",0.6,0.00306301766801709,0.902777777777778,4,FALSE,202608250978,"primary",0.8,0,0.133208424077523,0.231427366536865,0.178613623153898,0.163368634114023,0.0805816771037045,0.0351516711128181,0.384
"raw",0.1,-0.098218942459342,1,3,TRUE,202608250978,"primary",0.8,0,0.133208424077523,0.231427366536865,0.178613623153898,0.163368634114023,0.0805816771037045,0.0351516711128181,0.384
"cw",0.983333333333333,0.013122089007912,0.902777777777778,4,FALSE,202608250979,"primary",0.6,0,0.175424525218452,0.208774226589192,0.188093663579388,0.171112749221471,0.102501519264282,-0.00195872519921585,0.265000000000001
"gini",0.3,-0.0314799537324475,0.792079207920792,3,FALSE,202608250979,"primary",0.6,0,0.175424525218452,0.208774226589192,0.188093663579388,0.171112749221471,0.102501519264282,-0.00195872519921585,0.265000000000001
"oracle",0,-0.404937551982257,NA,NA,NA,202608250979,"primary",0.6,0,0.175424525218452,0.208774226589192,0.188093663579388,0.171112749221471,0.102501519264282,-0.00195872519921585,0.265000000000001
"over",0.983333333333333,0.016209347778751,0.902777777777778,4,FALSE,202608250979,"primary",0.6,0,0.175424525218452,0.208774226589192,0.188093663579388,0.171112749221471,0.102501519264282,-0.00195872519921585,0.265000000000001
"raw",0.3,-0.0333497013707408,0.792079207920792,3,FALSE,202608250979,"primary",0.6,0,0.175424525218452,0.208774226589192,0.188093663579388,0.171112749221471,0.102501519264282,-0.00195872519921585,0.265000000000001
"cw",1,0.0109077533319804,1,3,TRUE,202608250980,"primary",0.9,0,0.153418417136402,0.181807797895708,0.160155176708215,0.169400778081434,0.0882746028841767,0.000708174652296116,0.274000000000001
"gini",0.466666666666667,-0.022535476631076,1,3,TRUE,202608250980,"primary",0.9,0,0.153418417136402,0.181807797895708,0.160155176708215,0.169400778081434,0.0882746028841767,0.000708174652296116,0.274000000000001
"oracle",0,-0.450367206931309,NA,NA,NA,202608250980,"primary",0.9,0,0.153418417136402,0.181807797895708,0.160155176708215,0.169400778081434,0.0882746028841767,0.000708174652296116,0.274000000000001
"over",1,0.0128311541724421,1,3,TRUE,202608250980,"primary",0.9,0,0.153418417136402,0.181807797895708,0.160155176708215,0.169400778081434,0.0882746028841767,0.000708174652296116,0.274000000000001
"raw",0.383333333333333,-0.0283893807593063,1,3,TRUE,202608250980,"primary",0.9,0,0.153418417136402,0.181807797895708,0.160155176708215,0.169400778081434,0.0882746028841767,0.000708174652296116,0.274000000000001
"cw",0.966666666666667,0.0126640593558457,1,3,TRUE,202608250981,"primary",0.9,0,0.171727027307167,0.161411245081223,0.196057800342066,0.166400470220385,0.106565653531739,0.00915718021118046,0.231000000000002
"gini",0.533333333333333,0.00326274059442574,1,3,TRUE,202608250981,"primary",0.9,0,0.171727027307167,0.161411245081223,0.196057800342066,0.166400470220385,0.106565653531739,0.00915718021118046,0.231000000000002
"oracle",0,-0.368459393474989,NA,NA,NA,202608250981,"primary",0.9,0,0.171727027307167,0.161411245081223,0.196057800342066,0.166400470220385,0.106565653531739,0.00915718021118046,0.231000000000002
"over",0.966666666666667,0.0160870118239103,1,3,TRUE,202608250981,"primary",0.9,0,0.171727027307167,0.161411245081223,0.196057800342066,0.166400470220385,0.106565653531739,0.00915718021118046,0.231000000000002
"raw",0.55,0.0103157822259438,1,3,TRUE,202608250981,"primary",0.9,0,0.171727027307167,0.161411245081223,0.196057800342066,0.166400470220385,0.106565653531739,0.00915718021118046,0.231000000000002
"cw",1,0.0141527800150534,1,3,TRUE,202608250982,"primary",0.9,0,0.180757936359472,0.185607372998722,0.169784785964651,0.168814567123256,0.110803253173144,-0.00396527334103176,0.339000000000002
"gini",0.466666666666667,-0.0041002263265385,0.774193548387097,4,FALSE,202608250982,"primary",0.9,0,0.180757936359472,0.185607372998722,0.169784785964651,0.168814567123256,0.110803253173144,-0.00396527334103176,0.339000000000002
"oracle",0,-0.373802690302329,NA,NA,NA,202608250982,"primary",0.9,0,0.180757936359472,0.185607372998722,0.169784785964651,0.168814567123256,0.110803253173144,-0.00396527334103176,0.339000000000002
"over",1,0.016968378390039,1,3,TRUE,202608250982,"primary",0.9,0,0.180757936359472,0.185607372998722,0.169784785964651,0.168814567123256,0.110803253173144,-0.00396527334103176,0.339000000000002
"raw",0.466666666666667,-0.00484943663925005,0.774193548387097,4,FALSE,202608250982,"primary",0.9,0,0.180757936359472,0.185607372998722,0.169784785964651,0.168814567123256,0.110803253173144,-0.00396527334103176,0.339000000000002
"cw",1,0.0199857006657576,1,3,TRUE,202608250983,"primary",0.9,0,0.197496339670137,0.179327977946001,0.173170092495668,0.173099619050204,0.122154020783475,-0.0121349256071033,0.274000000000001
"gini",0.733333333333333,0.0162379156319647,1,3,TRUE,202608250983,"primary",0.9,0,0.197496339670137,0.179327977946001,0.173170092495668,0.173099619050204,0.122154020783475,-0.0121349256071033,0.274000000000001
"oracle",0,-0.329676853325859,NA,NA,NA,202608250983,"primary",0.9,0,0.197496339670137,0.179327977946001,0.173170092495668,0.173099619050204,0.122154020783475,-0.0121349256071033,0.274000000000001
"over",1,0.0243262395216092,1,3,TRUE,202608250983,"primary",0.9,0,0.197496339670137,0.179327977946001,0.173170092495668,0.173099619050204,0.122154020783475,-0.0121349256071033,0.274000000000001
"raw",0.65,0.0181683617241361,1,3,TRUE,202608250983,"primary",0.9,0,0.197496339670137,0.179327977946001,0.173170092495668,0.173099619050204,0.122154020783475,-0.0121349256071033,0.274000000000001
"cw",0.983333333333333,0.00797254590844723,0.641025641025641,3,FALSE,202608250984,"primary",0.4,0,0.136465032659986,0.16627165788592,0.179955156248956,0.155828149708007,0.0802985479186734,0.00158997049562093,0.263999999999999
"gini",0.366666666666667,-0.0289904390158163,0.641025641025641,3,FALSE,202608250984,"primary",0.4,0,0.136465032659986,0.16627165788592,0.179955156248956,0.155828149708007,0.0802985479186734,0.00158997049562093,0.263999999999999
"oracle",0,-0.423449765683021,NA,NA,NA,202608250984,"primary",0.4,0,0.136465032659986,0.16627165788592,0.179955156248956,0.155828149708007,0.0802985479186734,0.00158997049562093,0.263999999999999
"over",0.966666666666667,0.00983138317488254,0.641025641025641,3,FALSE,202608250984,"primary",0.4,0,0.136465032659986,0.16627165788592,0.179955156248956,0.155828149708007,0.0802985479186734,0.00158997049562093,0.263999999999999
"raw",0.416666666666667,-0.0298066252259337,0.641025641025641,3,FALSE,202608250984,"primary",0.4,0,0.136465032659986,0.16627165788592,0.179955156248956,0.155828149708007,0.0802985479186734,0.00158997049562093,0.263999999999999
"cw",0.983333333333333,0.0119066977792923,0.792079207920792,3,FALSE,202608250985,"primary",0.6,0,0.169135192325907,0.210205243348531,0.198679885285946,0.169341276337752,0.102791509762857,0.00314250478762646,0.367999999999999
"gini",0.25,-0.0408479549460588,0.56957928802589,3,FALSE,202608250985,"primary",0.6,0,0.169135192325907,0.210205243348531,0.198679885285946,0.169341276337752,0.102791509762857,0.00314250478762646,0.367999999999999
"oracle",0,-0.427226228981615,NA,NA,NA,202608250985,"primary",0.6,0,0.169135192325907,0.210205243348531,0.198679885285946,0.169341276337752,0.102791509762857,0.00314250478762646,0.367999999999999
"over",0.983333333333333,0.0151083431615493,0.792079207920792,3,FALSE,202608250985,"primary",0.6,0,0.169135192325907,0.210205243348531,0.198679885285946,0.169341276337752,0.102791509762857,0.00314250478762646,0.367999999999999
"raw",0.266666666666667,-0.0410700510226246,0.56957928802589,3,FALSE,202608250985,"primary",0.6,0,0.169135192325907,0.210205243348531,0.198679885285946,0.169341276337752,0.102791509762857,0.00314250478762646,0.367999999999999
"cw",0.95,0.00693168587569318,1,3,TRUE,202608250986,"primary",0.9,0,0.127343002502633,0.174257279624161,0.177444860443987,0.173357739645991,0.0767866232682178,0.00269646879421215,0.286000000000001
"gini",0.333333333333333,-0.0398714329840882,1,3,TRUE,202608250986,"primary",0.9,0,0.127343002502633,0.174257279624161,0.177444860443987,0.173357739645991,0.0767866232682178,0.00269646879421215,0.286000000000001
"oracle",0,-0.399658224697387,NA,NA,NA,202608250986,"primary",0.9,0,0.127343002502633,0.174257279624161,0.177444860443987,0.173357739645991,0.0767866232682178,0.00269646879421215,0.286000000000001
"over",0.95,0.00856437924327482,1,3,TRUE,202608250986,"primary",0.9,0,0.127343002502633,0.174257279624161,0.177444860443987,0.173357739645991,0.0767866232682178,0.00269646879421215,0.286000000000001
"raw",0.316666666666667,-0.046914277121528,1,3,TRUE,202608250986,"primary",0.9,0,0.127343002502633,0.174257279624161,0.177444860443987,0.173357739645991,0.0767866232682178,0.00269646879421215,0.286000000000001
"cw",0.966666666666667,0.0130767285607056,1,3,TRUE,202608250987,"primary",0.9,0,0.175799276199386,0.168260160747239,0.182575734276708,0.168065763598892,0.106636261998277,0.0175475770874523,0.295000000000002
"gini",0.466666666666667,0.00212965322123532,1,3,TRUE,202608250987,"primary",0.9,0,0.175799276199386,0.168260160747239,0.182575734276708,0.168065763598892,0.106636261998277,0.0175475770874523,0.295000000000002
"oracle",0,-0.330223765787657,NA,NA,NA,202608250987,"primary",0.9,0,0.175799276199386,0.168260160747239,0.182575734276708,0.168065763598892,0.106636261998277,0.0175475770874523,0.295000000000002
"over",0.966666666666667,0.0163437939415383,1,3,TRUE,202608250987,"primary",0.9,0,0.175799276199386,0.168260160747239,0.182575734276708,0.168065763598892,0.106636261998277,0.0175475770874523,0.295000000000002
"raw",0.533333333333333,0.00753911545214697,1,3,TRUE,202608250987,"primary",0.9,0,0.175799276199386,0.168260160747239,0.182575734276708,0.168065763598892,0.106636261998277,0.0175475770874523,0.295000000000002
"cw",1,0.0145486736349714,1,3,TRUE,202608250988,"primary",0.9,0,0.173625207374029,0.184030430185104,0.176892739110648,0.176231368388719,0.102621188279395,-0.00753296262961006,0.279
"gini",0.433333333333333,-0.00851704206620374,1,3,TRUE,202608250988,"primary",0.9,0,0.173625207374029,0.184030430185104,0.176892739110648,0.176231368388719,0.102621188279395,-0.00753296262961006,0.279
"oracle",0,-0.373564318006211,NA,NA,NA,202608250988,"primary",0.9,0,0.173625207374029,0.184030430185104,0.176892739110648,0.176231368388719,0.102621188279395,-0.00753296262961006,0.279
"over",1,0.01770936119257,1,3,TRUE,202608250988,"primary",0.9,0,0.173625207374029,0.184030430185104,0.176892739110648,0.176231368388719,0.102621188279395,-0.00753296262961006,0.279
"raw",0.45,-0.0104052228110752,1,3,TRUE,202608250988,"primary",0.9,0,0.173625207374029,0.184030430185104,0.176892739110648,0.176231368388719,0.102621188279395,-0.00753296262961006,0.279
"cw",1,0.0320313349682376,1,3,TRUE,202608250989,"primary",0.9,0,0.261498712294218,0.158822343129641,0.158742685269794,0.170206377323842,0.159143474067609,0.0127837737192011,0.356999999999999
"gini",0.883333333333333,0.0891948672216124,1,3,TRUE,202608250989,"primary",0.9,0,0.261498712294218,0.158822343129641,0.158742685269794,0.170206377323842,0.159143474067609,0.0127837737192011,0.356999999999999
"oracle",0,-0.300963543919101,NA,NA,NA,202608250989,"primary",0.9,0,0.261498712294218,0.158822343129641,0.158742685269794,0.170206377323842,0.159143474067609,0.0127837737192011,0.356999999999999
"over",1,0.0379558280525372,1,3,TRUE,202608250989,"primary",0.9,0,0.261498712294218,0.158822343129641,0.158742685269794,0.170206377323842,0.159143474067609,0.0127837737192011,0.356999999999999
"raw",0.883333333333333,0.102676369164576,1,3,TRUE,202608250989,"primary",0.9,0,0.261498712294218,0.158822343129641,0.158742685269794,0.170206377323842,0.159143474067609,0.0127837737192011,0.356999999999999
"cw",0.983333333333333,0.00795664219277024,1,3,TRUE,202608250990,"primary",0.9,0,0.139517620173609,0.19161052534479,0.188073467333179,0.175077041720085,0.079354538949234,0.000947799762098596,0.321000000000002
"gini",0.316666666666667,-0.0461020254143256,1,3,TRUE,202608250990,"primary",0.9,0,0.139517620173609,0.19161052534479,0.188073467333179,0.175077041720085,0.079354538949234,0.000947799762098596,0.321000000000002
"oracle",0,-0.34925757643074,NA,NA,NA,202608250990,"primary",0.9,0,0.139517620173609,0.19161052534479,0.188073467333179,0.175077041720085,0.079354538949234,0.000947799762098596,0.321000000000002
"over",0.983333333333333,0.00975463627561412,1,3,TRUE,202608250990,"primary",0.9,0,0.139517620173609,0.19161052534479,0.188073467333179,0.175077041720085,0.079354538949234,0.000947799762098596,0.321000000000002
"raw",0.3,-0.052092905171181,1,3,TRUE,202608250990,"primary",0.9,0,0.139517620173609,0.19161052534479,0.188073467333179,0.175077041720085,0.079354538949234,0.000947799762098596,0.321000000000002
"cw",1,0.0102636339875456,1,3,TRUE,202608250991,"primary",0.9,0,0.146715513364663,0.179604839423301,0.175072065368867,0.166657779995222,0.0919544401764619,-0.00395449335533267,0.379999999999999
"gini",0.3,-0.0308321075800077,1,3,TRUE,202608250991,"primary",0.9,0,0.146715513364663,0.179604839423301,0.175072065368867,0.166657779995222,0.0919544401764619,-0.00395449335533267,0.379999999999999
"oracle",0,-0.354687529380615,NA,NA,NA,202608250991,"primary",0.9,0,0.146715513364663,0.179604839423301,0.175072065368867,0.166657779995222,0.0919544401764619,-0.00395449335533267,0.379999999999999
"over",1,0.012633287056122,1,3,TRUE,202608250991,"primary",0.9,0,0.146715513364663,0.179604839423301,0.175072065368867,0.166657779995222,0.0919544401764619,-0.00395449335533267,0.379999999999999
"raw",0.316666666666667,-0.0328893260586378,1,3,TRUE,202608250991,"primary",0.9,0,0.146715513364663,0.179604839423301,0.175072065368867,0.166657779995222,0.0919544401764619,-0.00395449335533267,0.379999999999999
"cw",1,0.0120783784573911,1,3,TRUE,202608250992,"primary",0.9,0,0.184412795531379,0.211572224103115,0.175524385763039,0.163698005971554,0.110625855702572,0.0260860795775069,0.284000000000002
"gini",0.35,-0.024104848663075,1,3,TRUE,202608250992,"primary",0.9,0,0.184412795531379,0.211572224103115,0.175524385763039,0.163698005971554,0.110625855702572,0.0260860795775069,0.284000000000002
"oracle",0,-0.427294878735706,NA,NA,NA,202608250992,"primary",0.9,0,0.184412795531379,0.211572224103115,0.175524385763039,0.163698005971554,0.110625855702572,0.0260860795775069,0.284000000000002
"over",0.966666666666667,0.0147414205957919,1,3,TRUE,202608250992,"primary",0.9,0,0.184412795531379,0.211572224103115,0.175524385763039,0.163698005971554,0.110625855702572,0.0260860795775069,0.284000000000002
"raw",0.383333333333333,-0.0271594285717365,1,3,TRUE,202608250992,"primary",0.9,0,0.184412795531379,0.211572224103115,0.175524385763039,0.163698005971554,0.110625855702572,0.0260860795775069,0.284000000000002
"cw",0.9,0.00559943154781035,0.792079207920792,3,FALSE,202608250993,"primary",0.5,0,0.124200427349122,0.206857370241487,0.173136580398543,0.154591847746938,0.0676142040388789,0.00506270905068167,0.437000000000001
"gini",0.15,-0.0738794219701652,0.792079207920792,3,FALSE,202608250993,"primary",0.5,0,0.124200427349122,0.206857370241487,0.173136580398543,0.154591847746938,0.0676142040388789,0.00506270905068167,0.437000000000001
"oracle",0,-0.509491299337505,NA,NA,NA,202608250993,"primary",0.5,0,0.124200427349122,0.206857370241487,0.173136580398543,0.154591847746938,0.0676142040388789,0.00506270905068167,0.437000000000001
"over",0.883333333333333,0.00685909201025595,0.792079207920792,3,FALSE,202608250993,"primary",0.5,0,0.124200427349122,0.206857370241487,0.173136580398543,0.154591847746938,0.0676142040388789,0.00506270905068167,0.437000000000001
"raw",0.15,-0.0826569428923649,0.792079207920792,3,FALSE,202608250993,"primary",0.5,0,0.124200427349122,0.206857370241487,0.173136580398543,0.154591847746938,0.0676142040388789,0.00506270905068167,0.437000000000001
"cw",0.983333333333333,0.0123416399775167,0.902777777777778,4,FALSE,202608250994,"primary",0.8,0,0.163686196064229,0.189381744339166,0.171263412008685,0.163329726411191,0.0960702050724754,0.00212932801711386,0.302999999999997
"gini",0.4,-0.023970308694561,0.792079207920792,3,FALSE,202608250994,"primary",0.8,0,0.163686196064229,0.189381744339166,0.171263412008685,0.163329726411191,0.0960702050724754,0.00212932801711386,0.302999999999997
"oracle",0,-0.429460530675366,NA,NA,NA,202608250994,"primary",0.8,0,0.163686196064229,0.189381744339166,0.171263412008685,0.163329726411191,0.0960702050724754,0.00212932801711386,0.302999999999997
"over",0.983333333333333,0.0149883338228083,0.902777777777778,4,FALSE,202608250994,"primary",0.8,0,0.163686196064229,0.189381744339166,0.171263412008685,0.163329726411191,0.0960702050724754,0.00212932801711386,0.302999999999997
"raw",0.416666666666667,-0.0256955482749371,0.792079207920792,3,FALSE,202608250994,"primary",0.8,0,0.163686196064229,0.189381744339166,0.171263412008685,0.163329726411191,0.0960702050724754,0.00212932801711386,0.302999999999997
"cw",1,0.0103117506424247,1,3,TRUE,202608250995,"primary",0.9,0,0.14565673462659,0.179764144714602,0.177650496376304,0.164259012896185,0.0913272771790844,-0.00695494732248045,0.384
"gini",0.366666666666667,-0.0320720963348366,1,3,TRUE,202608250995,"primary",0.9,0,0.14565673462659,0.179764144714602,0.177650496376304,0.164259012896185,0.0913272771790844,-0.00695494732248045,0.384
"oracle",0.05,-0.314687814978422,NA,NA,NA,202608250995,"primary",0.9,0,0.14565673462659,0.179764144714602,0.177650496376304,0.164259012896185,0.0913272771790844,-0.00695494732248045,0.384
"over",1,0.0125010506052339,1,3,TRUE,202608250995,"primary",0.9,0,0.14565673462659,0.179764144714602,0.177650496376304,0.164259012896185,0.0913272771790844,-0.00695494732248045,0.384
"raw",0.366666666666667,-0.0341074100880117,1,3,TRUE,202608250995,"primary",0.9,0,0.14565673462659,0.179764144714602,0.177650496376304,0.164259012896185,0.0913272771790844,-0.00695494732248045,0.384
"cw",1,0.0148163454955138,1,3,TRUE,202608250996,"primary",0.9,0,0.173255991937295,0.182812363876148,0.160574957763955,0.161302949352772,0.107180722614013,-0.0130139247538883,0.241000000000003
"gini",0.466666666666667,-0.00925109728484627,1,3,TRUE,202608250996,"primary",0.9,0,0.173255991937295,0.182812363876148,0.160574957763955,0.161302949352772,0.107180722614013,-0.0130139247538883,0.241000000000003
"oracle",0,-0.312544505049399,NA,NA,NA,202608250996,"primary",0.9,0,0.173255991937295,0.182812363876148,0.160574957763955,0.161302949352772,0.107180722614013,-0.0130139247538883,0.241000000000003
"over",1,0.017841811807127,1,3,TRUE,202608250996,"primary",0.9,0,0.173255991937295,0.182812363876148,0.160574957763955,0.161302949352772,0.107180722614013,-0.0130139247538883,0.241000000000003
"raw",0.466666666666667,-0.00955637193885286,1,3,TRUE,202608250996,"primary",0.9,0,0.173255991937295,0.182812363876148,0.160574957763955,0.161302949352772,0.107180722614013,-0.0130139247538883,0.241000000000003
"cw",1,0.01815336221908,1,3,TRUE,202608250997,"primary",0.9,0,0.19065725965894,0.152005245071791,0.144205364195875,0.175177857082646,0.11555668233451,-0.012446102141122,0.237000000000002
"gini",0.683333333333333,0.037407739293416,1,3,TRUE,202608250997,"primary",0.9,0,0.19065725965894,0.152005245071791,0.144205364195875,0.175177857082646,0.11555668233451,-0.012446102141122,0.237000000000002
"oracle",0,-0.431771515368647,NA,NA,NA,202608250997,"primary",0.9,0,0.19065725965894,0.152005245071791,0.144205364195875,0.175177857082646,0.11555668233451,-0.012446102141122,0.237000000000002
"over",1,0.0211963608063151,1,3,TRUE,202608250997,"primary",0.9,0,0.19065725965894,0.152005245071791,0.144205364195875,0.175177857082646,0.11555668233451,-0.012446102141122,0.237000000000002
"raw",0.633333333333333,0.0386520145871481,1,3,TRUE,202608250997,"primary",0.9,0,0.19065725965894,0.152005245071791,0.144205364195875,0.175177857082646,0.11555668233451,-0.012446102141122,0.237000000000002
"cw",1,0.0149156189916278,1,3,TRUE,202608250998,"primary",0.9,0,0.173878603279252,0.167508581887618,0.160220750164726,0.159388216872874,0.10584660568264,-0.00306087221170702,0.224999999999998
"gini",0.533333333333333,0.003669078408051,1,3,TRUE,202608250998,"primary",0.9,0,0.173878603279252,0.167508581887618,0.160220750164726,0.159388216872874,0.10584660568264,-0.00306087221170702,0.224999999999998
"oracle",0,-0.3955692925428,NA,NA,NA,202608250998,"primary",0.9,0,0.173878603279252,0.167508581887618,0.160220750164726,0.159388216872874,0.10584660568264,-0.00306087221170702,0.224999999999998
"over",1,0.017773348383491,1,3,TRUE,202608250998,"primary",0.9,0,0.173878603279252,0.167508581887618,0.160220750164726,0.159388216872874,0.10584660568264,-0.00306087221170702,0.224999999999998
"raw",0.533333333333333,0.00637002139163401,1,3,TRUE,202608250998,"primary",0.9,0,0.173878603279252,0.167508581887618,0.160220750164726,0.159388216872874,0.10584660568264,-0.00306087221170702,0.224999999999998
"cw",1,0.0183796639019498,1,3,TRUE,202608250999,"primary",0.9,0,0.200787007768219,0.15278625060167,0.187567708193453,0.192865300778718,0.121674893139314,-0.00460984441510634,0.227
"gini",0.7,0.0351424020050251,1,3,TRUE,202608250999,"primary",0.9,0,0.200787007768219,0.15278625060167,0.187567708193453,0.192865300778718,0.121674893139314,-0.00460984441510634,0.227
"oracle",0.0166666666666667,-0.273659064771389,NA,NA,NA,202608250999,"primary",0.9,0,0.200787007768219,0.15278625060167,0.187567708193453,0.192865300778718,0.121674893139314,-0.00460984441510634,0.227
"over",1,0.0230096724005244,1,3,TRUE,202608250999,"primary",0.9,0,0.200787007768219,0.15278625060167,0.187567708193453,0.192865300778718,0.121674893139314,-0.00460984441510634,0.227
"raw",0.7,0.0480007571665498,1,3,TRUE,202608250999,"primary",0.9,0,0.200787007768219,0.15278625060167,0.187567708193453,0.192865300778718,0.121674893139314,-0.00460984441510634,0.227
"cw",1,0.0166213507549952,1,3,TRUE,202608251000,"primary",0.9,0,0.181776415615716,0.147615474482048,0.181274691393293,0.165313144042091,0.11185505987777,-0.0225680819865305,0.48
"gini",0.683333333333333,0.0258673169026465,1,3,TRUE,202608251000,"primary",0.9,0,0.181776415615716,0.147615474482048,0.181274691393293,0.165313144042091,0.11185505987777,-0.0225680819865305,0.48
"oracle",0,-0.379986519203084,NA,NA,NA,202608251000,"primary",0.9,0,0.181776415615716,0.147615474482048,0.181274691393293,0.165313144042091,0.11185505987777,-0.0225680819865305,0.48
"over",1,0.020237406354938,1,3,TRUE,202608251000,"primary",0.9,0,0.181776415615716,0.147615474482048,0.181274691393293,0.165313144042091,0.11185505987777,-0.0225680819865305,0.48
"raw",0.666666666666667,0.0341609411336677,1,3,TRUE,202608251000,"primary",0.9,0,0.181776415615716,0.147615474482048,0.181274691393293,0.165313144042091,0.11185505987777,-0.0225680819865305,0.48
